timestamp,station,temperature_c,feels_like_c,humidity_pct,wind_speed_ms,wind_gust_ms,solar_irradiance_wm2,pressure_hpa
2024-01-01T00:00,Bharati Station,-2.0,-8.5,59,23.3,31.7,36.0,972.7
2024-01-01T01:00,Bharati Station,-2.3,-9.4,60,26.9,36.0,200.0,972.6
2024-01-01T02:00,Bharati Station,-2.1,-8.9,61,24.6,34.2,240.0,972.8
2024-01-01T03:00,Bharati Station,-1.8,-8.2,60,22.2,31.0,81.0,973.0
2024-01-01T04:00,Bharati Station,-1.5,-7.6,58,20.1,28.1,125.0,973.0
2024-01-01T05:00,Bharati Station,-1.3,-7.0,56,18.1,25.2,305.0,972.8
2024-01-01T06:00,Bharati Station,-1.2,-5.8,56,16.3,22.7,601.0,972.7
2024-01-01T07:00,Bharati Station,-1.1,-4.8,57,12.4,19.8,687.0,972.6
2024-01-01T08:00,Bharati Station,-1.1,-3.8,63,7.3,14.8,692.0,972.5
2024-01-01T09:00,Bharati Station,-0.7,-2.8,46,0.8,8.6,665.0,972.5
2024-01-01T10:00,Bharati Station,-1.1,-4.2,66,6.8,7.2,608.0,972.3
2024-01-01T11:00,Bharati Station,-1.2,-5.3,71,10.5,12.2,523.0,972.0
2024-01-01T12:00,Bharati Station,-1.3,-5.7,73,10.5,13.3,401.0,971.7
2024-01-01T13:00,Bharati Station,-1.4,-5.2,80,7.1,7.9,342.0,972.2
2024-01-01T14:00,Bharati Station,-1.4,-5.5,72,8.5,9.7,241.0,972.0
2024-01-01T15:00,Bharati Station,-1.5,-6.1,63,10.2,12.2,117.0,971.8
2024-01-01T16:00,Bharati Station,-1.7,-6.8,56,13.4,15.8,69.0,971.9
2024-01-01T17:00,Bharati Station,-1.8,-7.7,53,18.0,22.0,39.0,971.9
2024-01-01T18:00,Bharati Station,-2.3,-8.7,56,21.6,26.6,22.0,972.1
2024-01-01T19:00,Bharati Station,-2.5,-9.3,54,23.8,29.9,11.0,972.3
2024-01-01T20:00,Bharati Station,-2.7,-10.1,54,28.1,35.6,12.0,972.6
2024-01-01T21:00,Bharati Station,-2.9,-10.5,55,29.6,38.5,24.0,972.7
2024-01-01T22:00,Bharati Station,-3.0,-10.6,54,29.6,38.9,54.0,973.0
2024-01-01T23:00,Bharati Station,-3.1,-10.9,51,30.4,40.0,105.0,973.2
2024-01-02T00:00,Bharati Station,-3.1,-10.8,51,29.8,39.6,178.0,973.4
2024-01-02T01:00,Bharati Station,-3.1,-11.3,50,32.4,44.3,219.0,973.3
2024-01-02T02:00,Bharati Station,-2.9,-10.7,50,29.8,42.5,333.0,973.4
2024-01-02T03:00,Bharati Station,-2.7,-10.1,49,26.9,38.9,448.0,973.6
2024-01-02T04:00,Bharati Station,-2.5,-9.0,48,23.1,34.6,520.0,973.8
2024-01-02T05:00,Bharati Station,-2.3,-7.9,48,19.2,29.9,566.0,974.0
2024-01-02T06:00,Bharati Station,-2.2,-6.7,47,15.1,24.8,657.0,973.9
2024-01-02T07:00,Bharati Station,-2.0,-5.7,46,10.9,19.8,699.0,974.0
2024-01-02T08:00,Bharati Station,-1.9,-5.0,45,7.3,14.4,701.0,973.9
2024-01-02T09:00,Bharati Station,-1.8,-4.5,44,4.0,10.1,676.0,973.9
2024-01-02T10:00,Bharati Station,-1.8,-4.6,44,2.6,6.5,624.0,973.7
2024-01-02T11:00,Bharati Station,-1.7,-5.1,46,3.2,5.0,551.0,973.6
2024-01-02T12:00,Bharati Station,-1.6,-5.4,49,3.2,5.0,464.0,973.4
2024-01-02T13:00,Bharati Station,-1.6,-5.8,68,8.1,9.7,366.0,973.4
2024-01-02T14:00,Bharati Station,-1.8,-6.0,67,8.1,9.7,269.0,973.3
2024-01-02T15:00,Bharati Station,-2.1,-6.6,62,9.4,11.9,179.0,973.3
2024-01-02T16:00,Bharati Station,-2.2,-7.4,57,13.1,16.2,106.0,973.3
2024-01-02T17:00,Bharati Station,-2.4,-8.1,52,16.0,20.5,53.0,973.4
2024-01-02T18:00,Bharati Station,-2.8,-9.1,50,19.9,24.8,24.0,973.4
2024-01-02T19:00,Bharati Station,-3.1,-9.7,51,22.5,28.8,12.0,973.5
2024-01-02T20:00,Bharati Station,-3.4,-10.5,53,25.2,32.4,12.0,973.8
2024-01-02T21:00,Bharati Station,-3.6,-10.7,53,25.6,33.8,23.0,973.8
2024-01-02T22:00,Bharati Station,-3.8,-11.0,50,25.6,33.8,52.0,974.0
2024-01-02T23:00,Bharati Station,-3.8,-11.0,49,25.7,33.8,106.0,973.9
2024-01-03T00:00,Bharati Station,-3.8,-10.9,50,25.1,33.8,180.0,973.7
2024-01-03T01:00,Bharati Station,-3.8,-11.1,53,26.8,36.0,266.0,972.8
2024-01-03T02:00,Bharati Station,-3.5,-10.6,52,25.3,35.6,367.0,972.8
2024-01-03T03:00,Bharati Station,-3.2,-9.9,51,22.5,33.1,466.0,972.6
2024-01-03T04:00,Bharati Station,-2.9,-9.1,49,20.8,29.9,553.0,972.5
2024-01-03T05:00,Bharati Station,-2.7,-8.2,46,18.9,27.0,618.0,972.4
2024-01-03T06:00,Bharati Station,-2.5,-7.3,45,15.9,24.8,673.0,972.2
2024-01-03T07:00,Bharati Station,-2.3,-6.3,44,12.2,20.9,703.0,972.0
2024-01-03T08:00,Bharati Station,-2.2,-5.6,42,8.7,16.6,690.0,971.6
2024-01-03T09:00,Bharati Station,-2.1,-5.3,42,5.7,12.6,613.0,971.4
2024-01-03T10:00,Bharati Station,-2.0,-5.1,42,2.9,8.6,545.0,971.2
2024-01-03T11:00,Bharati Station,-2.1,-5.6,45,3.0,5.8,503.0,970.8
2024-01-03T12:00,Bharati Station,-2.1,-5.8,48,1.9,5.4,414.0,970.5
2024-01-03T13:00,Bharati Station,-2.0,-5.8,56,3.4,7.2,300.0,970.7
2024-01-03T14:00,Bharati Station,-2.2,-5.9,61,3.9,5.0,201.0,970.8
2024-01-03T15:00,Bharati Station,-2.4,-6.6,60,7.0,9.0,120.0,970.7
2024-01-03T16:00,Bharati Station,-2.5,-7.4,54,10.6,13.3,71.0,970.6
2024-01-03T17:00,Bharati Station,-2.8,-8.4,52,15.1,19.4,25.0,970.5
2024-01-03T18:00,Bharati Station,-3.2,-9.3,52,18.4,23.8,7.0,970.7
2024-01-03T19:00,Bharati Station,-3.4,-9.7,51,19.5,25.6,2.0,970.7
2024-01-03T20:00,Bharati Station,-3.6,-10.2,50,21.3,28.1,3.0,970.6
2024-01-03T21:00,Bharati Station,-3.8,-10.5,50,22.0,29.2,8.0,970.6
2024-01-03T22:00,Bharati Station,-4.1,-10.7,49,21.7,29.2,23.0,970.5
2024-01-03T23:00,Bharati Station,-4.2,-10.8,49,21.3,28.8,70.0,970.3
2024-01-04T00:00,Bharati Station,-4.2,-10.8,46,20.9,28.4,148.0,970.0
2024-01-04T01:00,Bharati Station,-3.6,-10.7,49,24.7,32.8,227.0,968.7
2024-01-04T02:00,Bharati Station,-3.4,-10.3,48,23.4,32.8,312.0,968.3
2024-01-04T03:00,Bharati Station,-3.1,-9.8,48,21.9,30.6,391.0,967.9
2024-01-04T04:00,Bharati Station,-2.9,-8.8,48,18.4,28.4,461.0,967.6
2024-01-04T05:00,Bharati Station,-2.6,-7.3,47,13.7,24.1,550.0,967.1
2024-01-04T06:00,Bharati Station,-2.4,-5.9,45,8.2,18.0,612.0,966.8
2024-01-04T07:00,Bharati Station,-2.3,-4.6,44,1.4,11.5,606.0,966.4
2024-01-04T08:00,Bharati Station,-2.2,-5.5,50,7.9,10.4,635.0,966.0
2024-01-04T09:00,Bharati Station,-1.9,-5.5,57,10.7,14.0,654.0,965.6
2024-01-04T10:00,Bharati Station,-1.6,-5.3,63,10.2,14.0,612.0,965.1
2024-01-04T11:00,Bharati Station,-1.4,-5.2,70,8.6,13.0,545.0,964.6
2024-01-04T12:00,Bharati Station,-1.3,-5.2,76,7.5,10.8,457.0,964.2
2024-01-04T13:00,Bharati Station,-1.6,-5.3,79,6.3,9.4,351.0,964.7
2024-01-04T14:00,Bharati Station,-1.6,-5.0,82,4.8,7.2,252.0,964.5
2024-01-04T15:00,Bharati Station,-1.6,-5.0,81,4.8,5.4,147.0,964.4
2024-01-04T16:00,Bharati Station,-1.5,-5.1,77,5.2,5.8,81.0,964.1
2024-01-04T17:00,Bharati Station,-1.7,-5.2,74,4.8,5.8,40.0,963.9
2024-01-04T18:00,Bharati Station,-1.7,-5.1,68,3.0,5.4,15.0,964.0
2024-01-04T19:00,Bharati Station,-1.4,-4.9,58,2.3,3.2,8.0,964.3
2024-01-04T20:00,Bharati Station,-1.6,-5.3,71,5.0,5.0,7.0,964.7
2024-01-04T21:00,Bharati Station,-1.2,-5.4,69,8.3,9.4,13.0,965.1
2024-01-04T22:00,Bharati Station,-0.8,-5.6,70,12.9,14.8,15.0,965.3
2024-01-04T23:00,Bharati Station,-0.6,-5.6,73,14.8,18.0,6.0,965.7
2024-01-05T00:00,Bharati Station,-0.5,-5.3,74,14.5,18.0,11.0,965.8
2024-01-05T01:00,Bharati Station,-0.8,-6.6,81,21.6,26.6,1.0,966.3
2024-01-05T02:00,Bharati Station,-0.5,-6.6,78,23.3,28.4,36.0,966.7
2024-01-05T03:00,Bharati Station,-0.4,-6.8,77,25.3,31.7,43.0,967.2
2024-01-05T04:00,Bharati Station,-0.5,-6.5,78,23.1,31.7,42.0,967.5
2024-01-05T05:00,Bharati Station,-0.4,-6.0,78,20.1,28.4,77.0,967.6
2024-01-05T06:00,Bharati Station,-0.3,-5.5,77,17.1,24.5,152.0,967.8
2024-01-05T07:00,Bharati Station,-0.3,-4.8,77,14.5,20.2,272.0,968.3
2024-01-05T08:00,Bharati Station,-0.2,-4.4,77,12.4,17.3,242.0,968.3
2024-01-05T09:00,Bharati Station,-0.1,-4.4,78,11.1,14.8,207.0,968.3
2024-01-05T10:00,Bharati Station,-0.3,-4.2,80,10.4,13.0,381.0,968.3
2024-01-05T11:00,Bharati Station,-0.5,-4.5,82,10.0,12.2,276.0,968.1
2024-01-05T12:00,Bharati Station,-0.6,-4.5,83,9.2,11.9,209.0,967.9
2024-01-05T13:00,Bharati Station,-0.9,-5.4,90,14.1,16.9,35.0,968.9
2024-01-05T14:00,Bharati Station,-0.9,-5.4,90,13.7,17.3,10.0,968.7
2024-01-05T15:00,Bharati Station,-1.1,-5.2,89,10.9,16.6,51.0,968.4
2024-01-05T16:00,Bharati Station,-1.0,-5.1,86,10.4,13.0,15.0,968.5
2024-01-05T17:00,Bharati Station,-0.7,-4.9,80,11.2,13.0,2.0,968.4
2024-01-05T18:00,Bharati Station,-0.4,-5.0,78,13.2,15.5,0.0,968.7
2024-01-05T19:00,Bharati Station,-0.5,-4.9,79,12.0,15.5,0.0,968.8
2024-01-05T20:00,Bharati Station,-0.8,-4.9,81,9.8,13.7,0.0,969.3
2024-01-05T21:00,Bharati Station,-1.0,-4.9,82,8.9,11.5,0.0,969.4
2024-01-05T22:00,Bharati Station,-1.1,-5.1,83,8.9,10.4,0.0,969.6
2024-01-05T23:00,Bharati Station,-1.3,-5.7,85,11.8,13.7,0.0,970.1
2024-01-06T00:00,Bharati Station,-1.3,-6.0,85,14.1,16.9,2.0,970.1
2024-01-06T01:00,Bharati Station,-1.3,-6.7,85,19.2,23.4,2.0,970.0
2024-01-06T02:00,Bharati Station,-1.1,-6.9,87,22.2,27.0,14.0,970.1
2024-01-06T03:00,Bharati Station,-1.1,-7.3,88,25.3,31.3,40.0,970.5
2024-01-06T04:00,Bharati Station,-1.0,-7.6,88,27.6,34.6,45.0,970.9
2024-01-06T05:00,Bharati Station,-1.0,-7.4,87,26.7,35.3,34.0,971.4
2024-01-06T06:00,Bharati Station,-0.8,-7.1,86,26.0,33.5,47.0,971.3
2024-01-06T07:00,Bharati Station,-0.8,-7.0,86,24.6,32.0,68.0,971.6
2024-01-06T08:00,Bharati Station,-0.7,-6.8,85,24.3,30.6,107.0,972.1
2024-01-06T09:00,Bharati Station,-0.8,-6.7,85,23.5,30.2,146.0,972.3
2024-01-06T10:00,Bharati Station,-0.7,-6.5,85,21.9,28.8,157.0,972.4
2024-01-06T11:00,Bharati Station,-0.8,-6.4,86,21.4,27.0,96.0,972.6
2024-01-06T12:00,Bharati Station,-0.9,-6.4,88,20.9,27.0,56.0,972.7
2024-01-06T13:00,Bharati Station,-1.0,-6.4,88,19.2,23.8,15.0,973.2
2024-01-06T14:00,Bharati Station,-1.0,-7.1,86,24.1,28.8,23.0,973.3
2024-01-06T15:00,Bharati Station,-1.0,-7.8,84,28.3,34.9,22.0,973.6
2024-01-06T16:00,Bharati Station,-1.2,-8.1,83,29.3,37.1,19.0,973.9
2024-01-06T17:00,Bharati Station,-1.3,-7.9,83,26.6,37.1,11.0,974.3
2024-01-06T18:00,Bharati Station,-1.5,-7.3,83,21.9,33.1,1.0,974.7
2024-01-06T19:00,Bharati Station,-1.6,-6.9,84,17.8,27.4,1.0,975.1
2024-01-06T20:00,Bharati Station,-1.7,-6.4,84,13.5,22.0,2.0,975.4
2024-01-06T21:00,Bharati Station,-1.8,-5.7,84,8.3,16.6,3.0,975.8
2024-01-06T22:00,Bharati Station,-2.1,-5.1,87,2.6,10.4,8.0,976.3
2024-01-06T23:00,Bharati Station,-2.2,-5.6,87,5.4,6.8,26.0,976.4
2024-01-07T00:00,Bharati Station,-2.1,-5.9,85,7.0,9.4,80.0,976.4
2024-01-07T01:00,Bharati Station,-1.8,-5.3,78,5.2,6.1,65.0,976.8
2024-01-07T02:00,Bharati Station,-1.6,-5.6,78,8.2,10.1,69.0,976.9
2024-01-07T03:00,Bharati Station,-1.4,-5.4,81,8.5,10.4,157.0,977.0
2024-01-07T04:00,Bharati Station,-1.2,-5.1,81,8.0,10.4,189.0,977.2
2024-01-07T05:00,Bharati Station,-1.2,-4.7,82,6.0,9.4,245.0,977.5
2024-01-07T06:00,Bharati Station,-1.0,-4.5,82,5.4,7.2,291.0,977.8
2024-01-07T07:00,Bharati Station,-1.0,-4.6,81,6.6,7.6,259.0,978.0
2024-01-07T08:00,Bharati Station,-0.9,-4.7,82,8.1,9.7,308.0,978.3
2024-01-07T09:00,Bharati Station,-1.0,-4.1,83,8.7,10.4,546.0,978.3
2024-01-07T10:00,Bharati Station,-1.0,-4.1,83,7.9,10.4,577.0,978.3
2024-01-07T11:00,Bharati Station,-1.1,-4.4,85,6.4,9.4,525.0,978.4
2024-01-07T12:00,Bharati Station,-1.3,-4.5,87,4.5,7.9,439.0,978.4
2024-01-07T13:00,Bharati Station,-1.6,-6.5,84,14.9,20.5,113.0,978.6
2024-01-07T14:00,Bharati Station,-1.7,-6.4,81,13.4,18.4,78.0,978.5
2024-01-07T15:00,Bharati Station,-2.0,-6.6,78,12.3,16.9,44.0,978.5
2024-01-07T16:00,Bharati Station,-2.5,-7.2,79,12.1,15.8,24.0,978.5
2024-01-07T17:00,Bharati Station,-3.7,-8.6,84,14.0,19.1,15.0,978.6
2024-01-07T18:00,Bharati Station,-4.4,-9.5,82,14.5,20.5,7.0,978.5
2024-01-07T19:00,Bharati Station,-4.0,-9.0,74,12.7,20.5,3.0,978.4
2024-01-07T20:00,Bharati Station,-3.9,-8.8,69,11.9,18.0,4.0,978.5
2024-01-07T21:00,Bharati Station,-4.3,-9.4,68,12.9,18.0,14.0,978.6
2024-01-07T22:00,Bharati Station,-4.3,-9.4,67,12.7,18.7,36.0,978.4
2024-01-07T23:00,Bharati Station,-3.5,-8.4,62,11.5,18.4,83.0,978.4
2024-01-08T00:00,Bharati Station,-2.9,-8.2,49,13.0,16.9,156.0,978.2
2024-01-08T01:00,Bharati Station,-2.9,-9.9,55,25.2,32.4,247.0,977.5
2024-01-08T02:00,Bharati Station,-2.8,-9.6,54,24.2,32.8,329.0,977.4
2024-01-08T03:00,Bharati Station,-2.6,-9.0,53,20.9,31.3,418.0,977.3
2024-01-08T04:00,Bharati Station,-2.5,-8.3,54,18.0,27.0,500.0,977.0
2024-01-08T05:00,Bharati Station,-2.4,-7.6,57,17.1,23.8,570.0,976.9
2024-01-08T06:00,Bharati Station,-2.3,-6.7,56,14.5,22.3,647.0,976.6
2024-01-08T07:00,Bharati Station,-2.0,-5.8,52,11.5,19.1,685.0,976.4
2024-01-08T08:00,Bharati Station,-1.8,-4.7,47,5.9,15.1,687.0,976.2
2024-01-08T09:00,Bharati Station,-1.6,-3.7,43,0.4,8.3,664.0,975.9
2024-01-08T10:00,Bharati Station,-1.6,-4.7,48,4.8,6.5,619.0,975.6
2024-01-08T11:00,Bharati Station,-1.6,-5.4,54,6.2,8.6,543.0,975.8
2024-01-08T12:00,Bharati Station,-1.5,-5.4,58,4.7,8.6,455.0,975.9
2024-01-08T13:00,Bharati Station,-1.6,-5.4,67,5.8,6.1,359.0,975.7
2024-01-08T14:00,Bharati Station,-1.4,-5.8,61,8.9,10.4,260.0,976.1
2024-01-08T15:00,Bharati Station,-1.6,-6.4,60,11.3,13.3,170.0,976.3
2024-01-08T16:00,Bharati Station,-2.3,-7.5,63,14.1,18.0,98.0,976.6
2024-01-08T17:00,Bharati Station,-2.4,-7.8,61,15.3,19.8,46.0,976.9
2024-01-08T18:00,Bharati Station,-1.9,-7.7,53,17.4,21.6,18.0,977.1
2024-01-08T19:00,Bharati Station,-2.0,-8.5,53,21.8,27.7,7.0,977.4
2024-01-08T20:00,Bharati Station,-2.2,-9.2,53,25.1,31.7,7.0,977.6
2024-01-08T21:00,Bharati Station,-2.2,-9.3,54,25.7,32.8,16.0,977.8
2024-01-08T22:00,Bharati Station,-2.2,-9.3,57,27.0,34.6,43.0,978.1
2024-01-08T23:00,Bharati Station,-2.1,-9.1,59,26.4,34.6,92.0,978.8
2024-01-09T00:00,Bharati Station,-1.9,-8.7,58,24.6,33.5,162.0,979.1
2024-01-09T01:00,Bharati Station,-1.8,-8.8,59,26.2,36.0,249.0,978.2
2024-01-09T02:00,Bharati Station,-1.5,-8.1,60,24.1,32.8,347.0,978.4
2024-01-09T03:00,Bharati Station,-1.1,-7.5,53,22.2,31.3,443.0,978.5
2024-01-09T04:00,Bharati Station,-0.8,-6.5,56,19.1,27.7,530.0,978.7
2024-01-09T05:00,Bharati Station,-0.7,-5.4,59,15.9,23.4,602.0,979.0
2024-01-09T06:00,Bharati Station,-0.6,-4.4,62,12.1,19.4,652.0,978.8
2024-01-09T07:00,Bharati Station,-0.6,-3.3,68,7.4,14.0,680.0,978.9
2024-01-09T08:00,Bharati Station,0.1,-2.0,51,1.9,8.6,682.0,979.0
2024-01-09T09:00,Bharati Station,-0.6,-3.0,72,5.2,5.4,657.0,978.9
2024-01-09T10:00,Bharati Station,-0.5,-3.4,72,6.1,6.8,607.0,979.0
2024-01-09T11:00,Bharati Station,-0.5,-3.6,72,4.8,6.8,535.0,979.1
2024-01-09T12:00,Bharati Station,-0.3,-3.8,68,4.3,5.4,446.0,979.0
2024-01-09T13:00,Bharati Station,-0.5,-4.1,69,5.6,6.1,325.0,979.6
2024-01-09T14:00,Bharati Station,-0.6,-4.6,68,8.2,9.0,185.0,979.4
2024-01-09T15:00,Bharati Station,-0.7,-5.0,65,9.3,10.8,83.0,979.3
2024-01-09T16:00,Bharati Station,-1.1,-5.8,60,11.2,13.3,25.0,978.9
2024-01-09T17:00,Bharati Station,-1.8,-6.8,61,12.7,16.2,12.0,978.7
2024-01-09T18:00,Bharati Station,-2.2,-7.4,61,13.8,18.0,1.0,978.4
2024-01-09T19:00,Bharati Station,-2.4,-7.5,59,13.4,18.4,0.0,978.4
2024-01-09T20:00,Bharati Station,-2.6,-7.7,59,13.0,18.0,0.0,978.2
2024-01-09T21:00,Bharati Station,-2.8,-7.9,59,12.6,17.6,0.0,978.1
2024-01-09T22:00,Bharati Station,-2.7,-7.6,57,11.8,16.9,5.0,978.1
2024-01-09T23:00,Bharati Station,-2.5,-7.5,54,11.6,16.2,31.0,978.1
2024-01-10T00:00,Bharati Station,-2.2,-7.5,51,13.3,17.3,103.0,978.0
2024-01-10T01:00,Bharati Station,-2.1,-8.5,52,21.2,27.0,179.0,977.0
2024-01-10T02:00,Bharati Station,-2.1,-8.5,52,21.3,27.4,305.0,976.6
2024-01-10T03:00,Bharati Station,-2.0,-8.4,52,21.6,28.1,413.0,976.4
2024-01-10T04:00,Bharati Station,-1.8,-7.9,51,20.3,27.7,510.0,976.4
2024-01-10T05:00,Bharati Station,-1.6,-7.2,50,19.3,25.9,591.0,976.4
2024-01-10T06:00,Bharati Station,-1.6,-6.7,51,18.5,24.8,643.0,976.0
2024-01-10T07:00,Bharati Station,-1.5,-6.5,52,18.4,23.4,670.0,975.8
2024-01-10T08:00,Bharati Station,-1.4,-6.4,55,19.2,24.1,667.0,975.5
2024-01-10T09:00,Bharati Station,-1.3,-6.6,57,20.3,25.6,634.0,975.1
2024-01-10T10:00,Bharati Station,-1.2,-6.7,62,19.8,25.6,562.0,974.8
2024-01-10T11:00,Bharati Station,-1.2,-6.6,67,18.2,25.2,495.0,974.7
2024-01-10T12:00,Bharati Station,-1.2,-6.4,71,15.6,23.0,406.0,974.4
2024-01-10T13:00,Bharati Station,-1.6,-5.1,81,5.4,11.5,341.0,974.4
2024-01-10T14:00,Bharati Station,-1.8,-5.0,80,2.6,6.5,248.0,974.0
2024-01-10T15:00,Bharati Station,-1.9,-4.9,79,1.5,3.6,154.0,973.6
2024-01-10T16:00,Bharati Station,-2.4,-5.8,80,4.0,5.4,89.0,973.3
2024-01-10T17:00,Bharati Station,-3.4,-7.7,76,9.0,12.2,31.0,973.3
2024-01-10T18:00,Bharati Station,-4.5,-9.6,70,13.0,18.4,10.0,972.8
2024-01-10T19:00,Bharati Station,-4.5,-9.7,67,13.6,19.4,2.0,972.6
2024-01-10T20:00,Bharati Station,-3.8,-9.2,58,14.5,20.2,0.0,972.8
2024-01-10T21:00,Bharati Station,-3.5,-9.4,50,17.3,22.7,0.0,972.7
2024-01-10T22:00,Bharati Station,-3.4,-9.6,52,19.1,25.6,3.0,972.9
2024-01-10T23:00,Bharati Station,-3.4,-9.9,49,20.6,27.4,10.0,972.7
2024-01-11T00:00,Bharati Station,-3.4,-10.0,48,21.7,28.8,20.0,972.5
2024-01-11T01:00,Bharati Station,-3.2,-10.6,49,26.8,35.3,20.0,972.2
2024-01-11T02:00,Bharati Station,-3.2,-10.4,50,26.1,35.6,67.0,972.0
2024-01-11T03:00,Bharati Station,-3.0,-10.1,50,25.3,34.9,105.0,972.3
2024-01-11T04:00,Bharati Station,-2.7,-9.4,49,22.7,33.5,176.0,972.4
2024-01-11T05:00,Bharati Station,-2.5,-8.8,48,20.1,29.9,212.0,972.5
2024-01-11T06:00,Bharati Station,-2.3,-8.5,49,19.5,26.6,234.0,972.5
2024-01-11T07:00,Bharati Station,-2.1,-8.1,52,19.3,25.6,244.0,972.9
2024-01-11T08:00,Bharati Station,-2.0,-8.1,59,20.0,25.6,181.0,973.1
2024-01-11T09:00,Bharati Station,-2.1,-8.0,64,19.3,25.9,103.0,973.2
2024-01-11T10:00,Bharati Station,-2.1,-7.7,61,17.3,25.2,94.0,973.4
2024-01-11T11:00,Bharati Station,-2.0,-7.3,58,14.6,22.3,41.0,973.6
2024-01-11T12:00,Bharati Station,-1.7,-7.0,58,14.1,19.1,3.0,973.6
2024-01-11T13:00,Bharati Station,-1.4,-6.8,63,16.6,20.9,8.0,973.2
2024-01-11T14:00,Bharati Station,-1.1,-6.5,70,17.8,21.6,2.0,973.2
2024-01-11T15:00,Bharati Station,-0.8,-7.4,74,26.6,31.7,0.0,973.3
2024-01-11T16:00,Bharati Station,-1.1,-8.6,83,33.3,41.8,0.0,973.8
2024-01-11T17:00,Bharati Station,-1.0,-8.5,89,33.8,43.6,0.0,974.3
2024-01-11T18:00,Bharati Station,-0.9,-8.2,89,33.3,43.2,0.0,974.8
2024-01-11T19:00,Bharati Station,-0.7,-8.0,89,33.0,42.1,0.0,975.0
2024-01-11T20:00,Bharati Station,-0.8,-8.6,89,36.7,46.4,0.0,975.7
2024-01-11T21:00,Bharati Station,-0.8,-8.9,88,38.6,49.7,0.0,976.0
2024-01-11T22:00,Bharati Station,-0.6,-8.7,86,38.5,49.7,0.0,976.7
2024-01-11T23:00,Bharati Station,-0.6,-8.8,85,39.0,50.0,0.0,977.3
2024-01-12T00:00,Bharati Station,-0.6,-9.1,84,40.6,51.8,1.0,977.6
2024-01-12T01:00,Bharati Station,-0.4,-9.2,89,43.5,56.5,1.0,977.0
2024-01-12T02:00,Bharati Station,-0.4,-8.9,90,41.6,55.8,0.0,977.6
2024-01-12T03:00,Bharati Station,-0.3,-8.7,91,41.1,53.6,6.0,978.4
2024-01-12T04:00,Bharati Station,-0.3,-8.7,91,41.3,52.9,3.0,979.1
2024-01-12T05:00,Bharati Station,-0.4,-9.0,89,42.4,55.4,0.0,979.9
2024-01-12T06:00,Bharati Station,-0.4,-8.7,88,40.3,54.7,7.0,980.5
2024-01-12T07:00,Bharati Station,-0.3,-8.8,88,41.3,52.9,11.0,981.0
2024-01-12T08:00,Bharati Station,-0.2,-8.2,86,37.4,52.9,15.0,981.3
2024-01-12T09:00,Bharati Station,-0.1,-7.7,83,34.8,47.9,43.0,981.5
2024-01-12T10:00,Bharati Station,-0.2,-7.4,84,32.5,43.9,46.0,981.7
2024-01-12T11:00,Bharati Station,-0.2,-7.0,84,29.4,41.4,61.0,981.9
2024-01-12T12:00,Bharati Station,-0.2,-6.5,83,26.1,36.7,15.0,981.8
2024-01-12T13:00,Bharati Station,-0.1,-5.6,83,20.5,26.3,44.0,981.6
2024-01-12T14:00,Bharati Station,-0.2,-5.7,84,20.5,25.6,25.0,981.6
2024-01-12T15:00,Bharati Station,-0.2,-5.5,83,18.6,25.2,20.0,981.4
2024-01-12T16:00,Bharati Station,-0.3,-5.1,82,15.5,22.7,2.0,981.2
2024-01-12T17:00,Bharati Station,-0.3,-5.0,80,13.9,18.7,0.0,980.8
2024-01-12T18:00,Bharati Station,-0.4,-5.0,76,13.0,16.9,0.0,980.6
2024-01-12T19:00,Bharati Station,-0.4,-5.4,67,14.4,16.9,0.0,980.2
2024-01-12T20:00,Bharati Station,-0.4,-5.8,61,16.6,20.2,0.0,979.7
2024-01-12T21:00,Bharati Station,-0.5,-5.7,61,15.1,20.5,0.0,979.2
2024-01-12T22:00,Bharati Station,-0.6,-5.5,60,12.9,18.4,0.0,978.5
2024-01-12T23:00,Bharati Station,-0.8,-5.5,59,11.4,15.8,4.0,977.9
2024-01-13T00:00,Bharati Station,-0.8,-5.4,59,10.3,13.7,13.0,976.9
2024-01-13T01:00,Bharati Station,-0.6,-5.8,63,14.9,22.3,48.0,975.3
2024-01-13T02:00,Bharati Station,-0.7,-4.7,70,8.0,18.0,102.0,974.4
2024-01-13T03:00,Bharati Station,-0.6,-3.9,70,3.2,9.0,128.0,973.3
2024-01-13T04:00,Bharati Station,-0.4,-4.4,68,7.6,8.6,128.0,972.2
2024-01-13T05:00,Bharati Station,-0.2,-4.7,69,11.6,13.3,288.0,971.0
2024-01-13T06:00,Bharati Station,-0.1,-4.3,72,13.2,15.5,401.0,970.0
2024-01-13T07:00,Bharati Station,0.1,-3.8,75,12.9,15.8,439.0,969.2
2024-01-13T08:00,Bharati Station,0.1,-3.1,78,9.7,15.5,474.0,968.4
2024-01-13T09:00,Bharati Station,0.0,-3.3,80,10.6,12.2,554.0,967.8
2024-01-13T10:00,Bharati Station,-0.2,-4.2,83,12.8,15.5,474.0,967.6
2024-01-13T11:00,Bharati Station,-0.4,-4.0,85,7.9,15.5,359.0,967.6
2024-01-13T12:00,Bharati Station,0.2,-2.6,78,1.1,9.4,266.0,967.9
2024-01-13T13:00,Bharati Station,-0.4,-5.3,86,16.4,19.1,275.0,968.0
2024-01-13T14:00,Bharati Station,-0.7,-5.8,90,18.4,22.3,225.0,968.8
2024-01-13T15:00,Bharati Station,-0.9,-6.8,90,23.5,28.4,139.0,969.9
2024-01-13T16:00,Bharati Station,-0.9,-7.6,88,28.8,36.0,61.0,971.2
2024-01-13T17:00,Bharati Station,-1.0,-8.2,86,31.8,40.7,13.0,972.1
2024-01-13T18:00,Bharati Station,-1.2,-8.9,82,34.6,45.0,5.0,973.3
2024-01-13T19:00,Bharati Station,-1.1,-9.0,80,35.4,46.1,1.0,974.5
2024-01-13T20:00,Bharati Station,-1.0,-8.9,77,35.9,46.8,1.0,975.6
2024-01-13T21:00,Bharati Station,-0.7,-8.7,75,35.6,47.2,4.0,976.6
2024-01-13T22:00,Bharati Station,-0.7,-8.9,81,38.2,47.9,20.0,977.7
2024-01-13T23:00,Bharati Station,-0.8,-9.6,83,42.9,56.2,50.0,978.4
2024-01-14T00:00,Bharati Station,-0.7,-9.1,86,39.9,56.2,63.0,979.1
2024-01-14T01:00,Bharati Station,-0.8,-9.3,84,40.3,51.8,38.0,979.1
2024-01-14T02:00,Bharati Station,-0.6,-8.9,76,38.5,53.3,24.0,979.3
2024-01-14T03:00,Bharati Station,-0.7,-9.3,71,39.0,51.1,82.0,979.5
2024-01-14T04:00,Bharati Station,-0.6,-9.1,72,38.7,51.5,150.0,979.8
2024-01-14T05:00,Bharati Station,-0.6,-9.0,77,39.5,52.6,91.0,979.7
2024-01-14T06:00,Bharati Station,-0.4,-8.5,78,37.8,51.1,46.0,979.4
2024-01-14T07:00,Bharati Station,-0.3,-8.3,77,36.7,51.1,7.0,978.9
2024-01-14T08:00,Bharati Station,-0.2,-7.6,78,32.9,46.8,7.0,978.3
2024-01-14T09:00,Bharati Station,-0.1,-7.2,78,30.4,41.4,10.0,977.5
2024-01-14T10:00,Bharati Station,0.1,-7.3,76,32.9,40.0,27.0,977.2
2024-01-14T11:00,Bharati Station,0.1,-8.2,76,39.3,48.6,17.0,976.8
2024-01-14T12:00,Bharati Station,0.2,-8.9,74,44.2,56.2,2.0,976.5
2024-01-14T13:00,Bharati Station,-0.2,-10.0,84,49.7,63.7,0.0,974.9
2024-01-14T14:00,Bharati Station,-0.1,-9.5,85,47.7,64.8,0.0,975.4
2024-01-14T15:00,Bharati Station,-0.0,-9.6,85,48.6,63.7,0.0,976.0
2024-01-14T16:00,Bharati Station,-0.1,-9.1,86,45.1,62.6,0.0,976.7
2024-01-14T17:00,Bharati Station,-0.3,-9.0,89,42.8,58.0,0.0,977.2
2024-01-14T18:00,Bharati Station,-0.3,-8.4,85,38.5,55.1,0.0,977.5
2024-01-14T19:00,Bharati Station,-0.4,-8.0,85,35.0,49.0,0.0,977.7
2024-01-14T20:00,Bharati Station,-0.5,-7.5,84,30.8,44.6,0.0,977.8
2024-01-14T21:00,Bharati Station,-0.5,-6.8,82,25.6,38.5,0.0,977.6
2024-01-14T22:00,Bharati Station,-0.4,-5.9,79,19.4,31.7,0.0,977.3
2024-01-14T23:00,Bharati Station,-0.3,-4.9,77,13.4,23.8,0.0,976.8
2024-01-15T00:00,Bharati Station,-0.3,-4.4,78,9.8,15.8,1.0,976.1
2024-01-15T01:00,Bharati Station,-0.4,-4.6,72,10.1,11.9,32.0,974.0
2024-01-15T02:00,Bharati Station,-0.3,-4.3,73,8.2,11.9,211.0,972.8
2024-01-15T03:00,Bharati Station,-0.1,-3.5,71,4.9,9.4,319.0,971.6
2024-01-15T04:00,Bharati Station,0.2,-4.2,68,10.9,11.9,443.0,970.7
2024-01-15T05:00,Bharati Station,0.1,-4.5,73,16.1,18.7,546.0,969.7
2024-01-15T06:00,Bharati Station,0.1,-4.4,73,18.0,22.0,617.0,968.7
2024-01-15T07:00,Bharati Station,0.2,-3.7,74,15.5,22.0,669.0,968.1
2024-01-15T08:00,Bharati Station,0.2,-3.2,76,12.7,18.7,674.0,967.6
2024-01-15T09:00,Bharati Station,0.3,-3.0,77,10.8,15.1,634.0,967.1
2024-01-15T10:00,Bharati Station,0.3,-3.0,78,9.2,12.6,586.0,966.9
2024-01-15T11:00,Bharati Station,0.2,-3.4,79,8.7,10.4,520.0,967.0
2024-01-15T12:00,Bharati Station,-0.1,-3.6,82,6.8,9.7,430.0,967.0
2024-01-15T13:00,Bharati Station,-0.4,-4.8,86,13.2,14.4,304.0,967.1
2024-01-15T14:00,Bharati Station,-0.4,-5.9,89,21.4,25.2,234.0,967.9
2024-01-15T15:00,Bharati Station,-0.5,-7.1,87,28.5,35.3,146.0,968.3
2024-01-15T16:00,Bharati Station,-0.7,-7.8,87,31.2,39.2,74.0,969.2
2024-01-15T17:00,Bharati Station,-0.8,-8.1,91,33.0,42.8,26.0,970.0
2024-01-15T18:00,Bharati Station,-0.7,-7.5,93,30.3,42.8,4.0,971.0
2024-01-15T19:00,Bharati Station,-0.6,-6.8,91,26.5,38.2,1.0,972.1
2024-01-15T20:00,Bharati Station,-0.6,-6.6,88,24.4,33.1,1.0,973.5
2024-01-15T21:00,Bharati Station,-0.5,-6.7,86,25.3,31.0,3.0,974.4
2024-01-15T22:00,Bharati Station,-0.5,-7.0,85,27.3,33.8,13.0,975.6
2024-01-15T23:00,Bharati Station,-0.4,-6.7,85,25.8,34.2,41.0,976.7
2024-01-16T00:00,Bharati Station,-0.4,-6.6,84,25.1,32.4,103.0,977.7
2024-01-16T01:00,Bharati Station,-0.5,-6.9,82,26.8,34.2,187.0,977.9
2024-01-16T02:00,Bharati Station,-0.4,-7.1,84,28.3,36.4,221.0,978.9
2024-01-16T03:00,Bharati Station,-0.2,-6.8,81,27.8,36.4,203.0,979.5
2024-01-16T04:00,Bharati Station,-0.1,-6.7,83,28.3,35.6,53.0,980.2
2024-01-16T05:00,Bharati Station,-0.2,-6.9,84,29.3,36.7,0.0,980.9
2024-01-16T06:00,Bharati Station,-0.3,-6.6,85,26.3,36.7,126.0,981.4
2024-01-16T07:00,Bharati Station,-0.3,-6.6,87,26.6,33.5,311.0,982.2
2024-01-16T08:00,Bharati Station,-0.3,-6.6,89,28.0,35.3,441.0,982.6
2024-01-16T09:00,Bharati Station,-0.3,-6.8,91,29.5,37.8,448.0,983.0
2024-01-16T10:00,Bharati Station,-0.3,-6.9,91,30.2,37.8,469.0,983.4
2024-01-16T11:00,Bharati Station,-0.3,-6.8,91,28.8,38.2,263.0,983.6
2024-01-16T12:00,Bharati Station,-0.3,-7.0,90,29.6,37.4,246.0,984.1
2024-01-16T13:00,Bharati Station,-0.2,-6.3,87,25.0,32.4,179.0,984.7
2024-01-16T14:00,Bharati Station,-0.3,-6.2,89,24.0,31.3,142.0,985.2
2024-01-16T15:00,Bharati Station,-0.5,-6.5,89,23.9,30.2,70.0,985.6
2024-01-16T16:00,Bharati Station,-0.6,-6.2,88,21.6,29.5,31.0,985.9
2024-01-16T17:00,Bharati Station,-0.9,-6.2,86,19.1,26.6,13.0,986.0
2024-01-16T18:00,Bharati Station,-1.0,-6.2,85,18.0,23.8,3.0,986.2
2024-01-16T19:00,Bharati Station,-1.0,-5.6,83,14.1,22.3,1.0,986.7
2024-01-16T20:00,Bharati Station,-1.2,-5.6,82,11.5,17.3,1.0,987.1
2024-01-16T21:00,Bharati Station,-0.9,-4.8,81,8.4,14.4,5.0,987.4
2024-01-16T22:00,Bharati Station,-1.1,-5.2,77,8.9,10.1,23.0,988.0
2024-01-16T23:00,Bharati Station,-2.3,-6.9,73,11.2,15.1,64.0,988.6
2024-01-17T00:00,Bharati Station,-2.0,-6.3,69,9.3,15.5,129.0,989.2
2024-01-17T01:00,Bharati Station,-1.5,-5.9,64,9.6,12.2,213.0,989.7
2024-01-17T02:00,Bharati Station,-1.5,-6.2,66,12.1,15.8,310.0,990.2
2024-01-17T03:00,Bharati Station,-1.4,-6.1,68,12.3,15.8,410.0,990.4
2024-01-17T04:00,Bharati Station,-1.3,-6.1,71,13.5,17.3,497.0,990.8
2024-01-17T05:00,Bharati Station,-1.0,-5.0,73,11.5,17.3,561.0,991.4
2024-01-17T06:00,Bharati Station,-0.7,-3.8,79,9.0,14.8,622.0,991.7
2024-01-17T07:00,Bharati Station,-0.5,-3.0,82,6.7,11.2,653.0,991.9
2024-01-17T08:00,Bharati Station,-0.5,-2.9,85,6.7,8.3,658.0,992.5
2024-01-17T09:00,Bharati Station,-0.6,-2.6,88,3.8,8.3,633.0,992.8
2024-01-17T10:00,Bharati Station,-0.6,-3.1,87,4.5,6.1,585.0,993.3
2024-01-17T11:00,Bharati Station,-0.6,-3.5,88,4.2,5.4,514.0,993.6
2024-01-17T12:00,Bharati Station,-0.6,-4.1,88,7.1,8.3,427.0,993.7
2024-01-17T13:00,Bharati Station,-0.8,-4.9,85,10.9,12.2,333.0,993.5
2024-01-17T14:00,Bharati Station,-0.6,-5.3,84,14.8,17.6,236.0,993.7
2024-01-17T15:00,Bharati Station,-0.6,-5.4,83,15.8,19.1,147.0,994.0
2024-01-17T16:00,Bharati Station,-0.7,-5.5,81,15.0,19.1,72.0,994.6
2024-01-17T17:00,Bharati Station,-0.8,-6.3,69,17.9,21.6,4.0,994.4
2024-01-17T18:00,Bharati Station,-0.9,-6.9,61,20.1,24.5,1.0,994.4
2024-01-17T19:00,Bharati Station,-1.0,-7.1,61,21.1,26.3,0.0,994.0
2024-01-17T20:00,Bharati Station,-0.9,-7.2,60,21.8,26.6,0.0,993.5
2024-01-17T21:00,Bharati Station,-0.7,-6.9,60,21.3,27.4,0.0,993.1
2024-01-17T22:00,Bharati Station,-0.6,-7.0,59,22.4,28.1,0.0,992.6
2024-01-17T23:00,Bharati Station,-1.0,-7.8,68,26.8,33.8,0.0,992.1
2024-01-18T00:00,Bharati Station,-1.5,-8.7,70,29.3,38.2,0.0,991.3
2024-01-18T01:00,Bharati Station,-1.4,-9.9,74,39.0,50.4,0.0,991.7
2024-01-18T02:00,Bharati Station,-1.8,-11.1,76,44.1,57.2,0.0,990.4
2024-01-18T03:00,Bharati Station,-2.1,-11.2,78,42.7,59.0,0.0,988.9
2024-01-18T04:00,Bharati Station,-2.1,-11.2,81,43.6,56.9,0.0,987.7
2024-01-18T05:00,Bharati Station,-1.9,-11.7,83,48.5,63.7,0.0,986.3
2024-01-18T06:00,Bharati Station,-1.7,-11.5,85,49.0,64.4,0.0,985.0
2024-01-18T07:00,Bharati Station,-1.4,-11.5,87,51.4,67.0,0.0,984.0
2024-01-18T08:00,Bharati Station,-1.4,-11.8,89,54.0,70.6,0.0,983.3
2024-01-18T09:00,Bharati Station,-1.3,-11.2,91,50.5,70.9,1.0,982.9
2024-01-18T10:00,Bharati Station,-1.2,-10.6,92,47.4,67.3,2.0,982.5
2024-01-18T11:00,Bharati Station,-0.8,-9.8,92,45.5,62.6,0.0,982.2
2024-01-18T12:00,Bharati Station,-0.4,-7.9,95,35.8,59.4,0.0,981.9
2024-01-18T13:00,Bharati Station,-0.3,-7.1,90,30.1,40.7,2.0,983.3
2024-01-18T14:00,Bharati Station,-0.4,-7.2,88,29.8,38.2,1.0,983.7
2024-01-18T15:00,Bharati Station,-0.4,-7.2,89,30.0,38.5,0.0,984.0
2024-01-18T16:00,Bharati Station,-0.4,-7.1,88,28.8,38.2,0.0,984.3
2024-01-18T17:00,Bharati Station,-0.6,-6.9,87,26.0,36.4,0.0,984.6
2024-01-18T18:00,Bharati Station,-1.2,-6.5,87,19.2,32.8,0.0,985.2
2024-01-18T19:00,Bharati Station,-1.8,-6.6,89,15.1,24.1,0.0,985.8
2024-01-18T20:00,Bharati Station,-2.0,-6.5,88,12.3,19.8,0.0,986.6
2024-01-18T21:00,Bharati Station,-2.1,-6.1,87,9.0,16.6,0.0,987.1
2024-01-18T22:00,Bharati Station,-2.1,-6.0,86,8.0,13.0,0.0,987.3
2024-01-18T23:00,Bharati Station,-2.0,-5.9,84,8.1,11.9,0.0,987.5
2024-01-19T00:00,Bharati Station,-1.9,-5.8,83,7.6,11.5,0.0,987.6
2024-01-19T01:00,Bharati Station,-1.5,-5.9,87,12.1,15.8,75.0,987.7
2024-01-19T02:00,Bharati Station,-1.3,-6.3,87,16.1,20.2,30.0,987.8
2024-01-19T03:00,Bharati Station,-1.2,-6.6,87,19.6,24.5,0.0,987.9
2024-01-19T04:00,Bharati Station,-0.9,-6.3,85,19.4,24.8,40.0,987.8
2024-01-19T05:00,Bharati Station,-0.7,-5.8,83,16.9,24.1,240.0,987.8
2024-01-19T06:00,Bharati Station,-0.5,-5.4,84,16.1,20.9,143.0,987.4
2024-01-19T07:00,Bharati Station,-0.6,-5.5,87,18.2,22.0,351.0,987.2
2024-01-19T08:00,Bharati Station,-0.5,-6.1,87,21.4,25.9,111.0,986.8
2024-01-19T09:00,Bharati Station,-0.5,-6.2,86,22.3,28.1,102.0,986.7
2024-01-19T10:00,Bharati Station,-0.3,-5.6,87,19.6,27.7,313.0,986.6
2024-01-19T11:00,Bharati Station,-0.1,-5.2,82,18.0,24.1,291.0,986.4
2024-01-19T12:00,Bharati Station,-0.1,-5.3,81,18.5,23.0,153.0,986.0
2024-01-19T13:00,Bharati Station,-0.2,-4.7,85,13.3,19.8,22.0,986.0
2024-01-19T14:00,Bharati Station,-0.1,-4.3,84,11.7,16.2,0.0,985.6
2024-01-19T15:00,Bharati Station,-0.4,-4.0,86,7.9,13.7,42.0,985.3
2024-01-19T16:00,Bharati Station,-0.6,-3.8,86,4.3,9.0,50.0,985.1
2024-01-19T17:00,Bharati Station,-0.9,-4.9,80,8.9,9.7,21.0,984.8
2024-01-19T18:00,Bharati Station,-1.8,-6.7,67,13.1,16.9,4.0,984.8
2024-01-19T19:00,Bharati Station,-1.9,-7.4,56,16.1,20.5,0.0,984.6
2024-01-19T20:00,Bharati Station,-1.9,-7.6,57,16.7,21.6,0.0,984.3
2024-01-19T21:00,Bharati Station,-2.0,-7.8,57,17.4,22.3,3.0,984.3
2024-01-19T22:00,Bharati Station,-2.2,-8.1,57,17.9,23.8,19.0,984.0
2024-01-19T23:00,Bharati Station,-1.9,-7.5,58,16.5,23.8,48.0,983.9
2024-01-20T00:00,Bharati Station,-1.0,-6.1,62,14.6,21.6,24.0,983.4
2024-01-20T01:00,Bharati Station,-0.5,-6.7,66,22.7,27.0,0.0,982.7
2024-01-20T02:00,Bharati Station,-0.4,-6.8,68,23.9,31.3,0.0,982.5
2024-01-20T03:00,Bharati Station,-0.3,-6.7,70,24.2,29.9,1.0,982.0
2024-01-20T04:00,Bharati Station,-0.4,-7.1,74,27.2,34.2,4.0,981.8
2024-01-20T05:00,Bharati Station,-0.7,-7.3,82,27.4,34.9,3.0,981.5
2024-01-20T06:00,Bharati Station,-0.7,-7.6,85,30.1,37.4,2.0,981.4
2024-01-20T07:00,Bharati Station,-0.6,-7.5,87,30.7,38.9,4.0,981.4
2024-01-20T08:00,Bharati Station,-0.5,-7.3,88,30.1,39.2,3.0,981.3
2024-01-20T09:00,Bharati Station,-0.4,-7.2,88,29.9,38.2,2.0,981.5
2024-01-20T10:00,Bharati Station,-0.4,-7.1,89,29.5,37.8,1.0,981.5
2024-01-20T11:00,Bharati Station,-0.3,-7.0,89,29.5,37.4,3.0,981.7
2024-01-20T12:00,Bharati Station,-0.4,-7.1,89,29.5,36.7,0.0,981.5
2024-01-20T13:00,Bharati Station,-0.4,-6.4,88,24.5,33.8,2.0,981.1
2024-01-20T14:00,Bharati Station,-0.2,-6.0,85,23.1,30.6,0.0,980.8
2024-01-20T15:00,Bharati Station,-0.1,-6.3,84,25.2,30.6,0.0,980.7
2024-01-20T16:00,Bharati Station,-0.4,-7.5,89,32.5,40.7,0.0,980.7
2024-01-20T17:00,Bharati Station,-0.4,-7.6,93,33.5,42.5,0.0,981.0
2024-01-20T18:00,Bharati Station,-0.4,-7.5,93,32.8,42.8,0.0,981.3
2024-01-20T19:00,Bharati Station,-0.5,-7.6,93,32.6,41.8,0.0,981.5
2024-01-20T20:00,Bharati Station,-0.4,-7.5,93,32.4,42.1,0.0,981.8
2024-01-20T21:00,Bharati Station,-0.4,-7.5,91,32.3,40.7,0.0,982.1
2024-01-20T22:00,Bharati Station,-0.5,-7.7,92,32.8,41.4,0.0,982.4
2024-01-20T23:00,Bharati Station,-0.5,-7.6,92,32.5,41.4,0.0,982.6
2024-01-21T00:00,Bharati Station,-0.5,-7.7,91,33.2,42.1,0.0,982.7
2024-01-21T01:00,Bharati Station,-0.6,-7.9,92,33.5,42.5,0.0,982.0
2024-01-21T02:00,Bharati Station,-0.6,-8.1,92,35.1,44.6,0.0,982.3
2024-01-21T03:00,Bharati Station,-0.6,-7.9,92,33.9,44.3,0.0,982.6
2024-01-21T04:00,Bharati Station,-0.5,-7.3,93,30.6,42.5,0.0,982.7
2024-01-21T05:00,Bharati Station,-0.4,-7.1,93,29.5,38.5,0.0,982.8
2024-01-21T06:00,Bharati Station,-0.5,-7.1,92,29.5,37.8,0.0,982.9
2024-01-21T07:00,Bharati Station,-0.4,-6.7,91,27.0,37.1,0.0,983.3
2024-01-21T08:00,Bharati Station,-0.4,-6.5,91,25.1,33.8,0.0,983.2
2024-01-21T09:00,Bharati Station,-0.3,-6.2,90,23.9,31.3,0.0,983.4
2024-01-21T10:00,Bharati Station,-0.3,-5.7,89,20.2,29.5,4.0,983.3
2024-01-21T11:00,Bharati Station,-0.2,-5.3,87,17.7,24.8,8.0,983.1
2024-01-21T12:00,Bharati Station,-0.1,-4.8,84,15.1,21.6,23.0,982.7
2024-01-21T13:00,Bharati Station,-0.1,-5.1,84,16.8,23.0,4.0,982.0
2024-01-21T14:00,Bharati Station,-0.2,-4.7,84,13.5,20.5,3.0,981.6
2024-01-21T15:00,Bharati Station,-0.4,-4.2,86,9.1,16.2,8.0,981.4
2024-01-21T16:00,Bharati Station,-0.6,-3.7,88,4.7,10.8,0.0,981.2
2024-01-21T17:00,Bharati Station,-0.6,-4.0,86,6.1,6.1,0.0,980.7
2024-01-21T18:00,Bharati Station,-0.7,-4.9,82,10.4,12.2,0.0,980.4
2024-01-21T19:00,Bharati Station,-1.7,-6.2,76,10.9,14.8,0.0,979.9
2024-01-21T20:00,Bharati Station,-2.2,-7.0,67,12.5,16.6,0.0,979.8
2024-01-21T21:00,Bharati Station,-2.0,-6.9,60,12.1,16.9,0.0,979.7
2024-01-21T22:00,Bharati Station,-1.9,-6.8,56,11.5,16.6,3.0,979.8
2024-01-21T23:00,Bharati Station,-1.8,-6.6,53,10.4,15.5,13.0,979.9
2024-01-22T00:00,Bharati Station,-1.6,-6.2,53,8.9,14.0,40.0,979.7
2024-01-22T01:00,Bharati Station,-1.9,-6.7,47,10.1,13.3,77.0,979.1
2024-01-22T02:00,Bharati Station,-1.7,-6.9,46,12.2,15.8,174.0,979.2
2024-01-22T03:00,Bharati Station,-1.5,-7.2,49,16.0,20.2,218.0,979.2
2024-01-22T04:00,Bharati Station,-1.3,-7.6,51,20.3,25.2,334.0,979.1
2024-01-22T05:00,Bharati Station,-1.2,-7.4,48,20.0,25.9,362.0,979.2
2024-01-22T06:00,Bharati Station,-1.2,-7.0,49,18.9,25.2,389.0,979.3
2024-01-22T07:00,Bharati Station,-1.4,-6.8,53,17.6,24.1,414.0,979.5
2024-01-22T08:00,Bharati Station,-1.4,-6.3,57,15.5,22.3,446.0,979.6
2024-01-22T09:00,Bharati Station,-1.3,-6.1,56,14.6,20.2,463.0,979.8
2024-01-22T10:00,Bharati Station,-1.2,-6.2,54,13.8,18.7,439.0,980.1
2024-01-22T11:00,Bharati Station,-1.1,-6.3,53,14.0,18.0,372.0,980.3
2024-01-22T12:00,Bharati Station,-1.0,-6.4,53,14.7,18.4,325.0,980.6
2024-01-22T13:00,Bharati Station,-1.3,-6.9,61,17.4,22.7,106.0,981.7
2024-01-22T14:00,Bharati Station,-1.3,-6.9,64,17.4,22.3,89.0,982.1
2024-01-22T15:00,Bharati Station,-1.4,-6.9,65,17.2,22.0,61.0,982.6
2024-01-22T16:00,Bharati Station,-1.5,-7.1,66,17.8,23.0,30.0,983.1
2024-01-22T17:00,Bharati Station,-1.8,-7.1,69,16.2,22.7,4.0,983.5
2024-01-22T18:00,Bharati Station,-2.0,-7.4,68,16.2,21.2,0.0,984.1
2024-01-22T19:00,Bharati Station,-2.2,-7.6,67,15.8,21.6,0.0,984.7
2024-01-22T20:00,Bharati Station,-2.4,-7.6,66,14.8,20.9,0.0,985.3
2024-01-22T21:00,Bharati Station,-2.5,-7.7,64,14.1,19.8,0.0,985.8
2024-01-22T22:00,Bharati Station,-2.4,-7.6,64,14.3,19.1,2.0,986.7
2024-01-22T23:00,Bharati Station,-2.4,-7.7,63,14.9,20.2,10.0,987.4
2024-01-23T00:00,Bharati Station,-2.4,-7.9,61,16.1,21.2,30.0,988.1
2024-01-23T01:00,Bharati Station,-1.9,-7.9,64,20.0,25.6,11.0,988.0
2024-01-23T02:00,Bharati Station,-1.7,-8.2,64,23.5,30.2,32.0,988.5
2024-01-23T03:00,Bharati Station,-1.5,-8.0,65,23.7,31.0,46.0,989.2
2024-01-23T04:00,Bharati Station,-1.4,-7.8,68,23.7,31.0,44.0,989.9
2024-01-23T05:00,Bharati Station,-1.3,-7.7,70,24.0,30.2,46.0,990.8
2024-01-23T06:00,Bharati Station,-1.2,-7.6,72,24.3,31.0,70.0,991.1
2024-01-23T07:00,Bharati Station,-1.1,-7.3,72,23.2,31.0,45.0,991.7
2024-01-23T08:00,Bharati Station,-1.0,-7.0,71,21.6,29.5,37.0,992.0
2024-01-23T09:00,Bharati Station,-0.9,-6.8,69,20.7,27.7,42.0,992.7
2024-01-23T10:00,Bharati Station,-0.8,-6.6,68,19.8,26.3,62.0,993.2
2024-01-23T11:00,Bharati Station,-0.7,-6.2,68,17.9,24.8,50.0,993.7
2024-01-23T12:00,Bharati Station,-0.7,-5.8,69,15.8,22.3,73.0,993.9
2024-01-23T13:00,Bharati Station,-0.7,-4.9,70,9.4,15.5,15.0,994.4
2024-01-23T14:00,Bharati Station,-0.7,-4.5,72,7.2,11.2,8.0,994.4
2024-01-23T15:00,Bharati Station,-0.7,-4.3,77,6.1,9.0,2.0,994.4
2024-01-23T16:00,Bharati Station,-0.8,-4.1,79,4.3,7.6,0.0,994.6
2024-01-23T17:00,Bharati Station,-0.7,-3.8,72,1.5,5.0,0.0,994.8
2024-01-23T18:00,Bharati Station,-0.9,-4.3,74,4.3,4.7,0.0,995.2
2024-01-23T19:00,Bharati Station,-1.0,-4.9,68,6.3,8.3,0.0,995.5
2024-01-23T20:00,Bharati Station,-1.1,-4.9,69,6.6,9.0,0.0,995.7
2024-01-23T21:00,Bharati Station,-0.9,-4.6,70,5.7,8.6,0.0,995.9
2024-01-23T22:00,Bharati Station,-0.6,-4.3,74,6.0,7.2,0.0,996.3
2024-01-23T23:00,Bharati Station,-0.4,-4.4,74,8.3,9.7,0.0,996.3
2024-01-24T00:00,Bharati Station,-0.2,-4.8,75,13.1,14.8,0.0,996.2
2024-01-24T01:00,Bharati Station,-0.3,-3.8,78,5.9,8.6,0.0,995.9
2024-01-24T02:00,Bharati Station,-0.2,-3.4,82,4.5,6.8,3.0,995.8
2024-01-24T03:00,Bharati Station,-0.3,-4.1,82,8.8,9.7,0.0,996.0
2024-01-24T04:00,Bharati Station,-0.3,-4.6,88,12.7,14.8,0.0,995.8
2024-01-24T05:00,Bharati Station,0.1,-4.8,87,17.0,20.2,2.0,995.6
2024-01-24T06:00,Bharati Station,0.1,-4.9,88,18.1,22.0,0.0,995.5
2024-01-24T07:00,Bharati Station,-0.0,-5.3,90,19.8,24.1,1.0,995.5
2024-01-24T08:00,Bharati Station,0.0,-5.5,89,21.4,26.3,0.0,995.3
2024-01-24T09:00,Bharati Station,-0.0,-6.1,89,25.5,31.0,29.0,995.0
2024-01-24T10:00,Bharati Station,-0.1,-6.3,90,26.0,33.5,26.0,994.8
2024-01-24T11:00,Bharati Station,-0.1,-6.1,90,24.9,32.8,49.0,994.6
2024-01-24T12:00,Bharati Station,-0.1,-5.7,89,22.6,31.0,37.0,994.4
2024-01-24T13:00,Bharati Station,-0.1,-5.5,88,20.3,29.2,10.0,994.3
2024-01-24T14:00,Bharati Station,0.0,-4.6,86,15.4,24.8,5.0,993.8
2024-01-24T15:00,Bharati Station,0.2,-4.1,85,12.8,18.7,1.0,993.4
2024-01-24T16:00,Bharati Station,0.6,-4.3,81,16.3,19.1,0.0,993.0
2024-01-24T17:00,Bharati Station,0.4,-4.4,82,16.3,20.9,0.0,992.7
2024-01-24T18:00,Bharati Station,0.2,-3.9,84,11.4,19.4,0.0,992.5
2024-01-24T19:00,Bharati Station,-0.0,-3.8,86,8.9,13.7,0.0,992.3
2024-01-24T20:00,Bharati Station,0.1,-3.8,82,9.9,11.5,0.0,991.4
2024-01-24T21:00,Bharati Station,0.3,-3.9,76,11.2,13.0,0.0,990.9
2024-01-24T22:00,Bharati Station,0.8,-4.5,65,17.3,19.4,0.0,990.9
2024-01-24T23:00,Bharati Station,1.1,-5.4,59,24.3,29.2,0.0,990.3
2024-01-25T00:00,Bharati Station,1.1,-5.4,57,24.8,31.3,0.0,990.0
2024-01-25T01:00,Bharati Station,0.9,-5.7,58,25.1,31.3,1.0,989.8
2024-01-25T02:00,Bharati Station,1.1,-5.1,57,22.5,31.3,2.0,989.3
2024-01-25T03:00,Bharati Station,1.3,-4.5,57,19.8,27.7,7.0,988.8
2024-01-25T04:00,Bharati Station,1.4,-4.1,58,17.5,23.8,7.0,988.6
2024-01-25T05:00,Bharati Station,1.2,-3.7,61,14.1,20.9,13.0,988.3
2024-01-25T06:00,Bharati Station,1.0,-3.2,67,10.0,16.6,8.0,987.9
2024-01-25T07:00,Bharati Station,1.9,-1.6,51,3.3,11.2,16.0,987.6
2024-01-25T08:00,Bharati Station,0.5,-2.9,75,5.4,5.8,43.0,987.3
2024-01-25T09:00,Bharati Station,0.6,-3.2,73,8.0,9.0,39.0,987.1
2024-01-25T10:00,Bharati Station,0.6,-3.0,76,7.2,9.0,22.0,987.1
2024-01-25T11:00,Bharati Station,0.8,-2.8,74,6.6,7.9,7.0,987.0
2024-01-25T12:00,Bharati Station,1.1,-2.6,70,7.7,8.6,7.0,986.9
2024-01-25T13:00,Bharati Station,0.7,-3.3,72,8.8,9.0,0.0,988.0
2024-01-25T14:00,Bharati Station,0.8,-4.0,71,14.6,16.9,0.0,987.7
2024-01-25T15:00,Bharati Station,1.0,-3.5,74,13.3,18.0,0.0,987.3
2024-01-25T16:00,Bharati Station,1.3,-3.5,65,14.1,15.5,0.0,987.0
2024-01-25T17:00,Bharati Station,1.8,-4.2,57,21.3,25.2,0.0,987.0
2024-01-25T18:00,Bharati Station,1.7,-4.8,54,24.1,29.2,0.0,986.9
2024-01-25T19:00,Bharati Station,1.8,-5.1,51,26.3,32.4,0.0,986.9
2024-01-25T20:00,Bharati Station,1.8,-5.0,50,25.7,32.8,0.0,987.0
2024-01-25T21:00,Bharati Station,1.8,-4.9,50,25.3,31.7,0.0,986.9
2024-01-25T22:00,Bharati Station,1.9,-4.7,49,24.6,31.3,0.0,987.1
2024-01-25T23:00,Bharati Station,2.0,-4.6,49,24.6,30.2,0.0,987.1
2024-01-26T00:00,Bharati Station,2.0,-4.5,49,23.8,29.9,1.0,987.0
2024-01-26T01:00,Bharati Station,1.4,-5.3,51,24.9,31.7,6.0,987.4
2024-01-26T02:00,Bharati Station,1.3,-4.7,52,20.2,31.0,22.0,987.2
2024-01-26T03:00,Bharati Station,1.4,-4.2,53,17.7,24.5,36.0,986.8
2024-01-26T04:00,Bharati Station,1.5,-3.8,55,16.0,20.9,24.0,986.7
2024-01-26T05:00,Bharati Station,1.5,-3.5,58,14.7,18.7,42.0,986.7
2024-01-26T06:00,Bharati Station,1.4,-3.0,63,11.3,17.3,65.0,986.5
2024-01-26T07:00,Bharati Station,1.6,-2.2,62,7.1,12.6,150.0,986.3
2024-01-26T08:00,Bharati Station,1.8,-1.9,62,7.3,7.9,295.0,986.1
2024-01-26T09:00,Bharati Station,1.7,-2.8,63,12.0,13.3,290.0,985.6
2024-01-26T10:00,Bharati Station,1.6,-2.7,69,11.2,14.0,290.0,985.2
2024-01-26T11:00,Bharati Station,1.6,-2.2,69,8.4,12.6,244.0,985.1
2024-01-26T12:00,Bharati Station,1.8,-2.6,65,11.6,12.6,255.0,984.9
2024-01-26T13:00,Bharati Station,0.5,-3.3,76,8.6,18.7,195.0,985.9
2024-01-26T14:00,Bharati Station,1.6,-1.6,60,2.9,9.4,156.0,985.7
2024-01-26T15:00,Bharati Station,0.3,-3.2,71,5.9,6.5,94.0,985.4
2024-01-26T16:00,Bharati Station,0.1,-3.5,66,5.4,6.5,33.0,985.4
2024-01-26T17:00,Bharati Station,-0.1,-4.1,64,7.1,7.2,8.0,985.4
2024-01-26T18:00,Bharati Station,0.7,-5.1,48,17.7,19.4,0.0,985.2
2024-01-26T19:00,Bharati Station,0.9,-6.3,46,27.4,32.8,0.0,985.2
2024-01-26T20:00,Bharati Station,0.8,-6.7,46,29.2,37.8,0.0,985.2
2024-01-26T21:00,Bharati Station,0.7,-6.4,45,25.9,37.1,0.0,985.3
2024-01-26T22:00,Bharati Station,0.5,-6.4,44,24.8,32.8,7.0,985.3
2024-01-26T23:00,Bharati Station,0.5,-6.3,44,23.8,31.3,36.0,985.0
2024-01-27T00:00,Bharati Station,0.5,-6.0,45,22.3,29.5,94.0,984.6
2024-01-27T01:00,Bharati Station,-0.0,-6.2,52,20.4,34.2,176.0,985.0
2024-01-27T02:00,Bharati Station,-0.1,-5.9,52,17.6,24.8,247.0,984.7
2024-01-27T03:00,Bharati Station,0.1,-5.6,50,17.1,21.6,309.0,984.3
2024-01-27T04:00,Bharati Station,0.5,-5.3,50,18.0,21.6,417.0,983.8
2024-01-27T05:00,Bharati Station,0.8,-5.1,50,20.2,24.5,512.0,983.3
2024-01-27T06:00,Bharati Station,1.0,-4.7,50,21.5,26.3,576.0,982.8
2024-01-27T07:00,Bharati Station,1.2,-4.1,50,20.7,26.3,626.0,982.3
2024-01-27T08:00,Bharati Station,1.4,-3.8,51,19.6,25.2,634.0,981.8
2024-01-27T09:00,Bharati Station,1.5,-3.5,52,17.9,23.8,611.0,981.5
2024-01-27T10:00,Bharati Station,1.4,-3.5,53,15.9,21.2,561.0,981.0
2024-01-27T11:00,Bharati Station,1.5,-4.1,49,17.7,20.5,490.0,980.5
2024-01-27T12:00,Bharati Station,1.4,-4.8,46,20.3,24.1,403.0,979.8
2024-01-27T13:00,Bharati Station,0.7,-6.3,44,25.4,36.0,307.0,979.7
2024-01-27T14:00,Bharati Station,0.3,-6.3,42,22.5,31.7,210.0,979.0
2024-01-27T15:00,Bharati Station,0.1,-6.0,40,18.4,28.4,122.0,977.6
2024-01-27T16:00,Bharati Station,0.0,-7.0,36,24.5,28.8,54.0,976.0
2024-01-27T17:00,Bharati Station,-0.2,-9.5,38,40.4,52.6,13.0,974.2
2024-01-27T18:00,Bharati Station,-0.1,-11.3,39,53.6,70.9,0.0,972.7
2024-01-27T19:00,Bharati Station,0.2,-12.2,39,61.2,82.4,0.0,972.0
2024-01-27T20:00,Bharati Station,0.5,-12.1,40,62.8,84.6,0.0,971.6
2024-01-27T21:00,Bharati Station,0.8,-11.7,40,62.8,85.7,0.0,971.6
2024-01-27T22:00,Bharati Station,1.1,-10.8,40,58.8,84.2,7.0,971.7
2024-01-27T23:00,Bharati Station,1.4,-10.3,40,57.2,79.6,37.0,971.8
2024-01-28T00:00,Bharati Station,1.7,-9.6,40,55.3,77.4,96.0,971.9
2024-01-28T01:00,Bharati Station,1.9,-8.6,41,49.5,72.4,176.0,971.4
2024-01-28T02:00,Bharati Station,2.7,-7.1,40,45.0,65.9,269.0,971.8
2024-01-28T03:00,Bharati Station,3.0,-6.0,41,40.4,58.7,367.0,972.5
2024-01-28T04:00,Bharati Station,3.5,-5.5,42,39.8,51.8,453.0,973.1
2024-01-28T05:00,Bharati Station,3.6,-4.7,43,37.3,50.4,532.0,973.6
2024-01-28T06:00,Bharati Station,3.6,-3.7,45,32.6,47.2,587.0,974.3
2024-01-28T07:00,Bharati Station,3.6,-3.2,46,30.2,40.7,618.0,975.0
2024-01-28T08:00,Bharati Station,3.5,-2.8,47,27.4,37.4,622.0,975.9
2024-01-28T09:00,Bharati Station,3.3,-2.6,49,23.8,33.8,597.0,976.8
2024-01-28T10:00,Bharati Station,2.6,-2.2,56,15.8,28.4,551.0,977.6
2024-01-28T11:00,Bharati Station,3.1,-2.9,51,21.1,23.0,436.0,978.7
2024-01-28T12:00,Bharati Station,2.9,-4.6,44,30.2,42.1,381.0,979.8
2024-01-28T13:00,Bharati Station,2.6,-5.5,42,33.4,42.5,297.0,980.4
2024-01-28T14:00,Bharati Station,1.8,-6.2,44,32.6,42.5,201.0,981.6
2024-01-28T15:00,Bharati Station,1.2,-6.8,45,32.8,41.8,114.0,982.7
2024-01-28T16:00,Bharati Station,0.5,-7.4,45,32.2,41.8,47.0,983.4
2024-01-28T17:00,Bharati Station,0.3,-8.6,44,38.0,48.6,10.0,983.7
2024-01-28T18:00,Bharati Station,0.0,-8.9,43,38.3,50.4,0.0,984.1
2024-01-28T19:00,Bharati Station,-0.4,-9.8,44,41.6,54.4,0.0,984.2
2024-01-28T20:00,Bharati Station,-0.4,-9.6,44,39.7,54.7,0.0,984.6
2024-01-28T21:00,Bharati Station,-0.4,-9.7,44,40.3,52.9,0.0,984.9
2024-01-28T22:00,Bharati Station,-0.5,-9.3,45,37.1,52.9,5.0,985.5
2024-01-28T23:00,Bharati Station,-0.5,-8.3,46,30.3,48.2,31.0,985.7
2024-01-29T00:00,Bharati Station,-0.4,-8.6,47,33.2,41.4,85.0,985.9
2024-01-29T01:00,Bharati Station,0.1,-8.7,48,38.2,49.0,142.0,985.6
2024-01-29T02:00,Bharati Station,0.4,-7.9,47,34.9,49.3,168.0,985.9
2024-01-29T03:00,Bharati Station,0.5,-7.4,48,32.2,45.0,256.0,986.3
2024-01-29T04:00,Bharati Station,0.7,-6.8,48,29.5,40.7,419.0,986.3
2024-01-29T05:00,Bharati Station,1.1,-5.5,49,24.7,37.1,501.0,986.2
2024-01-29T06:00,Bharati Station,1.2,-4.1,53,19.1,30.6,543.0,986.1
2024-01-29T07:00,Bharati Station,1.0,-3.2,62,11.7,22.7,410.0,986.2
2024-01-29T08:00,Bharati Station,2.5,-0.4,43,2.5,13.3,505.0,986.3
2024-01-29T09:00,Bharati Station,0.9,-2.6,66,8.9,8.3,533.0,986.1
2024-01-29T10:00,Bharati Station,1.2,-3.6,62,14.8,16.9,478.0,985.7
2024-01-29T11:00,Bharati Station,1.3,-4.1,63,18.3,21.2,447.0,985.4
2024-01-29T12:00,Bharati Station,1.0,-4.3,67,18.0,22.7,380.0,984.9
2024-01-29T13:00,Bharati Station,0.9,-4.2,67,15.7,22.7,281.0,984.7
2024-01-29T14:00,Bharati Station,0.8,-3.9,65,13.0,18.4,183.0,984.9
2024-01-29T15:00,Bharati Station,1.3,-3.8,58,15.3,17.3,91.0,985.0
2024-01-29T16:00,Bharati Station,1.7,-4.0,52,18.0,20.9,36.0,985.0
2024-01-29T17:00,Bharati Station,1.7,-4.8,48,23.2,27.4,7.0,984.7
2024-01-29T18:00,Bharati Station,1.5,-5.9,46,29.1,35.6,0.0,984.7
2024-01-29T19:00,Bharati Station,1.4,-6.5,45,32.0,40.7,0.0,984.4
2024-01-29T20:00,Bharati Station,1.2,-6.9,45,33.6,42.8,0.0,984.2
2024-01-29T21:00,Bharati Station,1.1,-7.0,46,33.5,44.3,0.0,984.2
2024-01-29T22:00,Bharati Station,1.0,-6.5,46,29.7,43.2,3.0,984.3
2024-01-29T23:00,Bharati Station,0.9,-6.2,46,27.1,38.2,29.0,984.4
2024-01-30T00:00,Bharati Station,0.9,-6.0,47,25.8,34.2,83.0,984.5
2024-01-30T01:00,Bharati Station,1.3,-5.9,50,28.1,43.2,133.0,984.2
2024-01-30T02:00,Bharati Station,1.4,-5.2,50,23.8,35.3,252.0,984.3
2024-01-30T03:00,Bharati Station,1.6,-4.9,53,23.7,29.5,349.0,984.5
2024-01-30T04:00,Bharati Station,1.5,-4.4,57,20.8,29.2,437.0,984.6
2024-01-30T05:00,Bharati Station,1.6,-3.9,60,18.8,25.2,510.0,984.9
2024-01-30T06:00,Bharati Station,1.8,-3.3,61,19.0,22.3,566.0,985.0
2024-01-30T07:00,Bharati Station,1.8,-3.0,63,18.7,22.3,596.0,985.1
2024-01-30T08:00,Bharati Station,1.8,-2.7,66,16.7,22.0,599.0,985.3
2024-01-30T09:00,Bharati Station,1.7,-2.6,68,14.8,19.4,575.0,985.4
2024-01-30T10:00,Bharati Station,1.5,-2.6,70,12.1,17.3,526.0,985.6
2024-01-30T11:00,Bharati Station,1.5,-2.5,71,9.4,13.7,456.0,985.6
2024-01-30T12:00,Bharati Station,1.7,-2.2,68,8.8,10.4,368.0,985.5
2024-01-30T13:00,Bharati Station,1.3,-3.3,70,13.7,15.1,274.0,986.0
2024-01-30T14:00,Bharati Station,1.2,-3.5,67,14.0,16.2,180.0,986.2
2024-01-30T15:00,Bharati Station,1.0,-3.7,64,13.6,15.8,98.0,986.4
2024-01-30T16:00,Bharati Station,0.7,-4.3,61,14.6,16.9,37.0,986.4
2024-01-30T17:00,Bharati Station,0.5,-4.9,60,16.7,19.8,7.0,986.6
2024-01-30T18:00,Bharati Station,0.7,-4.8,58,17.9,21.2,0.0,986.9
2024-01-30T19:00,Bharati Station,0.8,-4.9,57,19.1,22.7,0.0,987.2
2024-01-30T20:00,Bharati Station,0.8,-5.2,56,20.5,24.5,0.0,987.6
2024-01-30T21:00,Bharati Station,0.7,-5.2,57,19.8,24.5,0.0,988.0
2024-01-30T22:00,Bharati Station,0.6,-5.3,57,19.9,24.1,2.0,988.8
2024-01-30T23:00,Bharati Station,0.5,-5.5,57,20.6,24.8,23.0,989.4
2024-01-31T00:00,Bharati Station,0.5,-5.7,56,22.1,27.0,48.0,989.8
2024-01-31T01:00,Bharati Station,0.8,-5.6,58,23.4,28.8,64.0,989.6
2024-01-31T02:00,Bharati Station,0.8,-5.4,59,22.0,29.2,108.0,989.9
2024-01-31T03:00,Bharati Station,0.8,-5.0,60,19.9,27.0,86.0,990.4
2024-01-31T04:00,Bharati Station,0.9,-5.1,61,21.1,25.2,116.0,990.4
2024-01-31T05:00,Bharati Station,1.0,-5.0,62,21.7,26.3,295.0,990.6
2024-01-31T06:00,Bharati Station,1.0,-4.8,63,21.6,26.3,409.0,990.6
2024-01-31T07:00,Bharati Station,0.9,-4.6,65,21.2,26.3,470.0,990.7
2024-01-31T08:00,Bharati Station,0.8,-4.6,68,20.0,25.6,407.0,990.7
2024-01-31T09:00,Bharati Station,0.6,-4.6,72,18.3,23.8,419.0,990.9
2024-01-31T10:00,Bharati Station,0.3,-4.8,76,17.1,22.0,436.0,991.1
2024-01-31T11:00,Bharati Station,0.2,-5.1,78,18.2,21.6,403.0,991.1
2024-01-31T12:00,Bharati Station,0.2,-5.1,77,18.5,22.7,300.0,991.0
2024-01-31T13:00,Bharati Station,0.3,-5.2,78,20.0,24.5,148.0,991.4
2024-01-31T14:00,Bharati Station,0.2,-5.2,78,19.2,24.1,133.0,991.9
2024-01-31T15:00,Bharati Station,0.1,-5.3,80,19.1,23.4,22.0,992.1
2024-01-31T16:00,Bharati Station,0.0,-5.4,79,19.4,23.4,4.0,992.1
2024-01-31T17:00,Bharati Station,-0.0,-5.6,77,20.4,24.8,0.0,992.2
2024-01-31T18:00,Bharati Station,-0.0,-5.7,77,21.0,25.6,0.0,992.2
2024-01-31T19:00,Bharati Station,-0.1,-5.7,78,20.7,25.6,0.0,992.5
2024-01-31T20:00,Bharati Station,-0.2,-5.6,78,19.1,25.6,0.0,992.6
2024-01-31T21:00,Bharati Station,-0.3,-5.7,77,18.5,23.4,0.0,992.7
2024-01-31T22:00,Bharati Station,-0.4,-5.8,75,18.4,23.0,0.0,992.7
2024-01-31T23:00,Bharati Station,-0.5,-5.7,76,17.2,22.3,0.0,992.5
2024-02-01T00:00,Bharati Station,-0.6,-5.7,76,16.8,21.2,0.0,992.5
2024-02-01T01:00,Bharati Station,-1.3,-6.5,81,16.9,20.2,39.0,993.0
2024-02-01T02:00,Bharati Station,-1.3,-6.7,77,18.2,22.3,127.0,992.8
2024-02-01T03:00,Bharati Station,-1.3,-6.7,77,17.6,22.7,319.0,992.3
2024-02-01T04:00,Bharati Station,-1.2,-6.3,77,15.8,22.0,410.0,992.0
2024-02-01T05:00,Bharati Station,-1.2,-5.8,78,12.5,19.4,462.0,991.7
2024-02-01T06:00,Bharati Station,-1.2,-5.0,78,10.2,15.5,522.0,991.3
2024-02-01T07:00,Bharati Station,-1.1,-4.5,78,8.9,12.6,577.0,990.9
2024-02-01T08:00,Bharati Station,-1.1,-4.2,78,7.8,10.8,599.0,990.2
2024-02-01T09:00,Bharati Station,-0.9,-4.1,76,7.0,9.4,575.0,989.6
2024-02-01T10:00,Bharati Station,-1.0,-4.3,79,4.8,8.3,456.0,989.2
2024-02-01T11:00,Bharati Station,-0.9,-4.0,76,2.9,5.4,395.0,988.7
2024-02-01T12:00,Bharati Station,-0.9,-4.2,76,3.5,4.0,280.0,988.3
2024-02-01T13:00,Bharati Station,-0.7,-4.0,79,4.6,6.5,210.0,988.1
2024-02-01T14:00,Bharati Station,-0.6,-3.9,72,3.7,5.4,97.0,987.7
2024-02-01T15:00,Bharati Station,-0.9,-4.4,77,5.3,5.4,36.0,987.4
2024-02-01T16:00,Bharati Station,-0.9,-4.6,77,6.4,7.2,4.0,987.2
2024-02-01T17:00,Bharati Station,-1.0,-5.2,68,8.7,9.7,0.0,986.7
2024-02-01T18:00,Bharati Station,-1.5,-6.3,64,11.9,14.8,0.0,986.5
2024-02-01T19:00,Bharati Station,-1.9,-7.0,65,13.8,17.6,0.0,986.2
2024-02-01T20:00,Bharati Station,-2.0,-7.2,64,14.1,18.4,0.0,986.0
2024-02-01T21:00,Bharati Station,-2.4,-7.5,66,14.2,19.1,0.0,985.7
2024-02-01T22:00,Bharati Station,-2.7,-7.8,68,13.7,19.1,0.0,985.6
2024-02-01T23:00,Bharati Station,-3.0,-8.1,69,13.8,18.7,0.0,985.0
2024-02-02T00:00,Bharati Station,-2.9,-7.8,71,12.9,19.1,1.0,984.4
2024-02-02T01:00,Bharati Station,-2.5,-6.8,73,9.2,15.5,10.0,983.6
2024-02-02T02:00,Bharati Station,-2.0,-6.0,73,7.6,13.3,26.0,983.2
2024-02-02T03:00,Bharati Station,-1.4,-5.7,61,8.1,11.2,53.0,983.0
2024-02-02T04:00,Bharati Station,-1.1,-5.4,62,8.8,11.5,32.0,983.0
2024-02-02T05:00,Bharati Station,-1.0,-5.7,66,11.8,14.8,11.0,982.8
2024-02-02T06:00,Bharati Station,-1.2,-6.0,71,13.2,16.9,9.0,982.4
2024-02-02T07:00,Bharati Station,-1.2,-5.7,76,11.7,16.9,5.0,982.2
2024-02-02T08:00,Bharati Station,-1.2,-5.5,80,11.2,15.1,25.0,982.0
2024-02-02T09:00,Bharati Station,-1.2,-5.7,79,11.9,15.5,60.0,981.9
2024-02-02T10:00,Bharati Station,-1.2,-5.9,76,12.7,16.2,163.0,981.7
2024-02-02T11:00,Bharati Station,-1.3,-6.0,72,12.8,16.9,179.0,981.4
2024-02-02T12:00,Bharati Station,-1.3,-5.8,71,10.9,16.6,160.0,981.0
2024-02-02T13:00,Bharati Station,-0.8,-5.3,72,11.9,14.4,92.0,979.9
2024-02-02T14:00,Bharati Station,-0.8,-5.1,73,10.2,14.8,24.0,979.8
2024-02-02T15:00,Bharati Station,-0.9,-4.8,73,7.5,12.2,3.0,979.4
2024-02-02T16:00,Bharati Station,-1.2,-5.2,77,8.4,10.8,0.0,979.2
2024-02-02T17:00,Bharati Station,-1.4,-5.5,81,9.2,13.0,0.0,979.0
2024-02-02T18:00,Bharati Station,-0.9,-6.5,77,19.6,22.3,0.0,979.1
2024-02-02T19:00,Bharati Station,-1.0,-7.0,70,21.4,28.1,0.0,979.1
2024-02-02T20:00,Bharati Station,-1.1,-7.4,65,23.0,28.4,0.0,979.2
2024-02-02T21:00,Bharati Station,-1.0,-7.5,63,24.1,29.9,0.0,979.1
2024-02-02T22:00,Bharati Station,-1.0,-7.8,61,25.4,32.4,0.0,979.1
2024-02-02T23:00,Bharati Station,-1.2,-8.1,62,26.1,33.8,0.0,979.2
2024-02-03T00:00,Bharati Station,-1.4,-8.3,63,26.6,33.8,5.0,979.3
2024-02-03T01:00,Bharati Station,-1.2,-7.6,68,23.8,30.2,0.0,978.0
2024-02-03T02:00,Bharati Station,-1.0,-7.6,69,25.3,31.7,0.0,978.1
2024-02-03T03:00,Bharati Station,-0.7,-7.9,66,29.6,36.7,3.0,978.0
2024-02-03T04:00,Bharati Station,-0.6,-7.8,65,28.8,37.8,13.0,978.2
2024-02-03T05:00,Bharati Station,-0.5,-7.7,65,29.3,36.7,19.0,978.4
2024-02-03T06:00,Bharati Station,-0.5,-7.8,67,30.0,37.4,30.0,978.4
2024-02-03T07:00,Bharati Station,-0.6,-7.8,69,29.6,38.2,32.0,978.7
2024-02-03T08:00,Bharati Station,-0.6,-7.7,69,28.7,37.4,85.0,978.8
2024-02-03T09:00,Bharati Station,-0.5,-7.5,67,28.3,36.7,52.0,978.8
2024-02-03T10:00,Bharati Station,-0.4,-7.2,67,27.2,35.6,64.0,979.0
2024-02-03T11:00,Bharati Station,-0.4,-6.9,68,24.9,34.2,57.0,978.9
2024-02-03T12:00,Bharati Station,-0.4,-6.6,69,23.4,31.3,26.0,979.1
2024-02-03T13:00,Bharati Station,-0.5,-5.4,78,15.2,18.4,2.0,977.7
2024-02-03T14:00,Bharati Station,-0.2,-5.8,75,19.5,23.0,0.0,977.8
2024-02-03T15:00,Bharati Station,-0.3,-6.3,74,22.4,27.7,0.0,978.1
2024-02-03T16:00,Bharati Station,-0.3,-6.3,70,21.8,27.7,0.0,978.5
2024-02-03T17:00,Bharati Station,-0.4,-6.3,68,20.5,27.0,0.0,978.8
2024-02-03T18:00,Bharati Station,-0.5,-6.3,67,20.1,25.6,0.0,979.1
2024-02-03T19:00,Bharati Station,-0.7,-6.7,65,21.0,25.9,0.0,979.3
2024-02-03T20:00,Bharati Station,-1.0,-6.9,64,19.9,26.3,0.0,979.6
2024-02-03T21:00,Bharati Station,-1.1,-7.0,63,19.4,24.8,0.0,979.9
2024-02-03T22:00,Bharati Station,-1.2,-7.0,62,19.1,24.8,0.0,980.1
2024-02-03T23:00,Bharati Station,-1.2,-7.1,61,19.1,24.1,0.0,980.3
2024-02-04T00:00,Bharati Station,-1.3,-7.1,60,18.7,24.1,9.0,980.4
2024-02-04T01:00,Bharati Station,-1.3,-8.0,53,23.8,29.2,16.0,980.5
2024-02-04T02:00,Bharati Station,-1.4,-7.8,55,21.5,31.3,60.0,980.4
2024-02-04T03:00,Bharati Station,-1.5,-7.8,54,21.0,27.4,149.0,980.5
2024-02-04T04:00,Bharati Station,-1.5,-7.9,52,21.5,27.4,163.0,980.5
2024-02-04T05:00,Bharati Station,-1.5,-8.1,51,23.0,29.2,398.0,980.4
2024-02-04T06:00,Bharati Station,-1.4,-7.8,52,22.8,29.9,491.0,980.3
2024-02-04T07:00,Bharati Station,-1.3,-7.3,52,21.7,29.2,515.0,980.3
2024-02-04T08:00,Bharati Station,-1.2,-6.9,52,19.9,27.7,567.0,980.2
2024-02-04T09:00,Bharati Station,-1.1,-6.3,52,16.1,25.2,556.0,980.2
2024-02-04T10:00,Bharati Station,-1.1,-6.0,54,12.7,20.5,506.0,980.1
2024-02-04T11:00,Bharati Station,-1.1,-5.8,55,10.9,16.6,432.0,979.8
2024-02-04T12:00,Bharati Station,-1.1,-5.8,56,10.5,14.0,354.0,979.7
2024-02-04T13:00,Bharati Station,-1.6,-7.2,60,16.7,20.9,249.0,979.3
2024-02-04T14:00,Bharati Station,-1.9,-8.1,60,20.6,25.9,162.0,979.6
2024-02-04T15:00,Bharati Station,-2.2,-8.7,63,22.7,29.2,82.0,979.8
2024-02-04T16:00,Bharati Station,-2.5,-9.1,61,23.8,31.0,24.0,979.9
2024-02-04T17:00,Bharati Station,-2.8,-9.6,58,24.1,32.0,1.0,980.1
2024-02-04T18:00,Bharati Station,-3.1,-10.0,56,24.5,33.1,0.0,980.3
2024-02-04T19:00,Bharati Station,-3.3,-9.9,56,22.3,32.8,0.0,980.6
2024-02-04T20:00,Bharati Station,-3.4,-10.0,55,22.3,29.9,0.0,981.1
2024-02-04T21:00,Bharati Station,-3.5,-10.0,57,21.7,29.9,0.0,981.4
2024-02-04T22:00,Bharati Station,-3.4,-9.7,57,20.6,29.2,0.0,981.8
2024-02-04T23:00,Bharati Station,-3.3,-9.8,57,21.3,28.4,6.0,982.1
2024-02-05T00:00,Bharati Station,-3.3,-9.9,55,22.8,29.9,37.0,982.3
2024-02-05T01:00,Bharati Station,-3.6,-10.7,56,25.9,34.6,49.0,982.0
2024-02-05T02:00,Bharati Station,-3.3,-10.4,55,25.6,34.9,155.0,982.1
2024-02-05T03:00,Bharati Station,-3.0,-9.9,56,24.7,33.8,291.0,982.1
2024-02-05T04:00,Bharati Station,-2.5,-9.1,52,22.5,32.8,370.0,982.2
2024-02-05T05:00,Bharati Station,-2.0,-8.6,52,22.6,29.5,406.0,982.3
2024-02-05T06:00,Bharati Station,-1.8,-8.2,52,21.5,29.5,148.0,982.4
2024-02-05T07:00,Bharati Station,-1.6,-7.6,56,18.9,28.1,202.0,982.6
2024-02-05T08:00,Bharati Station,-1.3,-6.9,55,15.9,24.5,229.0,982.7
2024-02-05T09:00,Bharati Station,-1.1,-6.2,56,13.4,20.5,124.0,982.8
2024-02-05T10:00,Bharati Station,-0.9,-5.8,58,12.4,17.3,58.0,982.9
2024-02-05T11:00,Bharati Station,-0.8,-6.0,60,15.1,18.4,53.0,982.9
2024-02-05T12:00,Bharati Station,-0.7,-6.4,59,18.4,22.7,18.0,982.9
2024-02-05T13:00,Bharati Station,-0.8,-5.6,60,12.0,19.1,11.0,982.9
2024-02-05T14:00,Bharati Station,-1.0,-5.8,64,12.3,15.5,29.0,983.0
2024-02-05T15:00,Bharati Station,-1.3,-7.2,59,19.1,23.0,18.0,983.1
2024-02-05T16:00,Bharati Station,-1.4,-7.7,61,21.6,27.7,1.0,983.3
2024-02-05T17:00,Bharati Station,-1.5,-7.9,59,22.3,28.4,0.0,983.3
2024-02-05T18:00,Bharati Station,-1.8,-8.4,59,23.4,30.2,0.0,983.7
2024-02-05T19:00,Bharati Station,-2.0,-8.6,59,23.8,31.0,0.0,984.2
2024-02-05T20:00,Bharati Station,-2.1,-8.9,57,24.1,31.7,0.0,984.4
2024-02-05T21:00,Bharati Station,-2.4,-9.2,59,24.5,32.4,0.0,984.8
2024-02-05T22:00,Bharati Station,-2.6,-9.4,59,24.8,32.4,0.0,984.9
2024-02-05T23:00,Bharati Station,-2.8,-9.6,58,24.5,33.1,2.0,985.1
2024-02-06T00:00,Bharati Station,-2.9,-9.6,56,23.8,32.4,24.0,985.3
2024-02-06T01:00,Bharati Station,-2.1,-9.1,53,25.6,32.8,11.0,984.5
2024-02-06T02:00,Bharati Station,-2.3,-9.2,55,25.1,34.2,41.0,984.9
2024-02-06T03:00,Bharati Station,-2.1,-9.0,50,24.4,33.5,90.0,985.0
2024-02-06T04:00,Bharati Station,-2.2,-8.8,52,22.5,32.4,276.0,985.0
2024-02-06T05:00,Bharati Station,-2.1,-8.5,50,21.1,29.5,317.0,985.0
2024-02-06T06:00,Bharati Station,-1.9,-8.0,49,19.8,27.7,424.0,985.0
2024-02-06T07:00,Bharati Station,-1.8,-7.4,50,17.1,25.9,488.0,985.1
2024-02-06T08:00,Bharati Station,-1.8,-6.8,49,14.8,22.7,555.0,985.1
2024-02-06T09:00,Bharati Station,-1.8,-6.6,50,12.1,19.8,496.0,985.0
2024-02-06T10:00,Bharati Station,-1.8,-6.4,52,9.3,16.6,488.0,985.1
2024-02-06T11:00,Bharati Station,-1.8,-6.2,54,7.4,13.3,417.0,985.2
2024-02-06T12:00,Bharati Station,-1.8,-5.9,55,6.2,11.2,335.0,985.1
2024-02-06T13:00,Bharati Station,-1.9,-6.3,59,8.8,13.0,241.0,984.3
2024-02-06T14:00,Bharati Station,-2.3,-6.7,64,9.0,13.0,149.0,984.3
2024-02-06T15:00,Bharati Station,-3.4,-7.8,75,9.5,14.4,70.0,984.1
2024-02-06T16:00,Bharati Station,-4.2,-8.9,76,10.9,16.6,18.0,984.2
2024-02-06T17:00,Bharati Station,-4.1,-8.9,73,11.6,17.3,0.0,984.4
2024-02-06T18:00,Bharati Station,-3.8,-8.8,70,12.4,18.0,0.0,984.5
2024-02-06T19:00,Bharati Station,-3.7,-8.9,67,13.4,18.7,0.0,984.8
2024-02-06T20:00,Bharati Station,-3.7,-9.2,56,14.8,20.5,0.0,985.0
2024-02-06T21:00,Bharati Station,-3.6,-9.2,57,15.5,21.6,0.0,985.2
2024-02-06T22:00,Bharati Station,-3.6,-9.3,56,15.9,22.3,0.0,985.5
2024-02-06T23:00,Bharati Station,-3.8,-9.6,56,17.0,23.4,3.0,985.9
2024-02-07T00:00,Bharati Station,-3.7,-9.8,57,18.4,24.8,27.0,986.1
2024-02-07T01:00,Bharati Station,-3.0,-9.8,56,24.3,32.0,51.0,985.5
2024-02-07T02:00,Bharati Station,-2.9,-10.0,57,26.2,34.6,84.0,985.7
2024-02-07T03:00,Bharati Station,-2.7,-9.8,55,26.0,34.9,68.0,985.9
2024-02-07T04:00,Bharati Station,-2.5,-9.6,54,25.5,34.6,36.0,986.2
2024-02-07T05:00,Bharati Station,-2.4,-9.1,52,23.6,33.8,74.0,986.4
2024-02-07T06:00,Bharati Station,-2.2,-8.6,51,20.6,31.3,228.0,986.6
2024-02-07T07:00,Bharati Station,-2.1,-7.7,51,17.1,27.4,440.0,986.9
2024-02-07T08:00,Bharati Station,-2.1,-7.1,52,14.5,23.0,483.0,987.2
2024-02-07T09:00,Bharati Station,-2.1,-7.2,54,12.8,19.4,416.0,987.5
2024-02-07T10:00,Bharati Station,-2.0,-7.0,56,11.7,17.6,410.0,987.7
2024-02-07T11:00,Bharati Station,-2.0,-6.8,56,11.2,16.6,208.0,987.9
2024-02-07T12:00,Bharati Station,-1.9,-6.6,56,10.3,15.5,103.0,988.2
2024-02-07T13:00,Bharati Station,-1.8,-6.5,60,11.0,15.5,77.0,988.1
2024-02-07T14:00,Bharati Station,-1.8,-6.5,63,10.8,15.5,14.0,988.5
2024-02-07T15:00,Bharati Station,-1.8,-6.3,65,10.0,15.1,3.0,988.8
2024-02-07T16:00,Bharati Station,-1.7,-6.3,67,10.8,14.8,1.0,989.0
2024-02-07T17:00,Bharati Station,-1.8,-6.5,71,12.6,16.9,0.0,989.3
2024-02-07T18:00,Bharati Station,-2.0,-6.8,71,13.0,17.6,0.0,989.7
2024-02-07T19:00,Bharati Station,-2.0,-7.2,67,15.4,20.5,0.0,990.2
2024-02-07T20:00,Bharati Station,-2.0,-7.8,63,18.5,24.1,0.0,990.5
2024-02-07T21:00,Bharati Station,-2.0,-8.1,60,20.3,26.6,0.0,990.8
2024-02-07T22:00,Bharati Station,-2.0,-8.3,58,21.3,27.7,0.0,991.1
2024-02-07T23:00,Bharati Station,-2.2,-8.5,57,21.3,28.4,0.0,991.3
2024-02-08T00:00,Bharati Station,-2.6,-8.5,57,18.0,28.1,0.0,991.7
2024-02-08T01:00,Bharati Station,-3.1,-7.8,56,9.4,15.8,9.0,991.6
2024-02-08T02:00,Bharati Station,-2.8,-7.5,54,9.4,14.4,14.0,991.7
2024-02-08T03:00,Bharati Station,-2.6,-7.3,52,9.1,14.4,42.0,992.0
2024-02-08T04:00,Bharati Station,-2.4,-7.0,53,9.0,14.0,68.0,992.2
2024-02-08T05:00,Bharati Station,-2.2,-6.7,54,8.1,13.7,244.0,992.1
2024-02-08T06:00,Bharati Station,-2.1,-6.1,53,5.2,12.2,295.0,992.3
2024-02-08T07:00,Bharati Station,-2.0,-5.3,50,0.8,9.0,408.0,992.5
2024-02-08T08:00,Bharati Station,-1.9,-5.8,52,6.5,9.4,488.0,992.6
2024-02-08T09:00,Bharati Station,-1.9,-6.2,57,10.0,14.0,524.0,992.9
2024-02-08T10:00,Bharati Station,-1.9,-6.8,61,12.0,16.9,485.0,993.0
2024-02-08T11:00,Bharati Station,-2.0,-7.0,61,12.8,17.6,417.0,993.0
2024-02-08T12:00,Bharati Station,-2.4,-7.2,68,12.1,18.0,332.0,992.9
2024-02-08T13:00,Bharati Station,-2.8,-7.2,80,10.5,16.9,239.0,992.8
2024-02-08T14:00,Bharati Station,-3.8,-8.5,79,12.1,17.3,147.0,992.8
2024-02-08T15:00,Bharati Station,-4.8,-9.9,77,14.0,20.2,68.0,993.0
2024-02-08T16:00,Bharati Station,-5.6,-11.3,69,16.6,23.4,17.0,993.0
2024-02-08T17:00,Bharati Station,-6.5,-12.5,67,18.1,26.3,0.0,993.1
2024-02-08T18:00,Bharati Station,-7.2,-13.3,68,18.8,27.7,0.0,993.2
2024-02-08T19:00,Bharati Station,-7.7,-13.7,71,17.8,27.4,0.0,993.2
2024-02-08T20:00,Bharati Station,-8.1,-14.0,78,17.1,26.3,0.0,993.1
2024-02-08T21:00,Bharati Station,-8.5,-14.2,81,16.1,25.6,0.0,992.8
2024-02-08T22:00,Bharati Station,-9.0,-14.7,79,15.6,24.5,0.0,992.6
2024-02-08T23:00,Bharati Station,-9.3,-15.0,77,15.6,24.8,7.0,992.3
2024-02-09T00:00,Bharati Station,-9.5,-14.9,67,12.6,24.5,47.0,992.2
2024-02-09T01:00,Bharati Station,-9.9,-15.2,73,12.3,23.4,122.0,991.3
2024-02-09T02:00,Bharati Station,-9.5,-15.0,78,14.6,23.4,214.0,990.5
2024-02-09T03:00,Bharati Station,-8.6,-13.9,71,12.5,23.4,311.0,990.0
2024-02-09T04:00,Bharati Station,-7.9,-12.5,64,7.7,20.5,400.0,989.5
2024-02-09T05:00,Bharati Station,-7.2,-11.6,58,5.8,14.8,455.0,989.2
2024-02-09T06:00,Bharati Station,-6.5,-10.4,54,4.9,12.2,523.0,988.6
2024-02-09T07:00,Bharati Station,-5.5,-9.4,51,5.8,11.5,520.0,988.0
2024-02-09T08:00,Bharati Station,-4.8,-8.5,53,5.6,11.5,545.0,987.5
2024-02-09T09:00,Bharati Station,-4.3,-8.1,57,5.7,11.2,541.0,987.0
2024-02-09T10:00,Bharati Station,-3.9,-8.1,54,6.2,11.2,492.0,986.5
2024-02-09T11:00,Bharati Station,-3.7,-8.0,58,6.3,11.2,416.0,985.6
2024-02-09T12:00,Bharati Station,-3.8,-8.3,54,7.5,12.6,328.0,984.7
2024-02-09T13:00,Bharati Station,-3.9,-8.8,50,9.5,14.8,242.0,983.7
2024-02-09T14:00,Bharati Station,-4.4,-9.4,49,10.4,15.8,149.0,983.4
2024-02-09T15:00,Bharati Station,-5.0,-10.0,48,10.0,16.2,68.0,983.2
2024-02-09T16:00,Bharati Station,-5.6,-10.9,47,11.8,17.6,15.0,983.3
2024-02-09T17:00,Bharati Station,-6.1,-12.0,41,15.4,22.7,0.0,982.8
2024-02-09T18:00,Bharati Station,-6.6,-13.0,42,18.9,27.0,0.0,982.4
2024-02-09T19:00,Bharati Station,-6.8,-13.7,43,21.9,31.3,0.0,981.9
2024-02-09T20:00,Bharati Station,-6.9,-13.8,42,21.7,31.3,0.0,981.7
2024-02-09T21:00,Bharati Station,-6.9,-13.6,42,20.2,31.3,0.0,981.6
2024-02-09T22:00,Bharati Station,-7.1,-12.7,39,13.0,29.2,0.0,981.6
2024-02-09T23:00,Bharati Station,-7.3,-11.9,34,4.8,20.2,6.0,981.6
2024-02-10T00:00,Bharati Station,-7.6,-11.9,33,3.1,10.8,46.0,981.6
2024-02-10T01:00,Bharati Station,-7.3,-12.4,36,8.9,15.1,120.0,981.3
2024-02-10T02:00,Bharati Station,-7.3,-12.3,41,8.8,15.8,213.0,981.1
2024-02-10T03:00,Bharati Station,-7.1,-11.7,43,6.1,15.5,310.0,980.8
2024-02-10T04:00,Bharati Station,-6.8,-11.1,45,4.3,12.6,400.0,980.7
2024-02-10T05:00,Bharati Station,-6.5,-10.7,38,3.3,10.1,463.0,980.2
2024-02-10T06:00,Bharati Station,-6.0,-9.8,39,2.8,8.6,507.0,979.8
2024-02-10T07:00,Bharati Station,-5.3,-9.1,39,4.1,9.4,545.0,979.5
2024-02-10T08:00,Bharati Station,-4.7,-8.7,37,5.2,10.4,537.0,979.6
2024-02-10T09:00,Bharati Station,-4.2,-8.2,36,4.5,10.4,516.0,979.5
2024-02-10T10:00,Bharati Station,-3.9,-8.0,37,3.1,9.4,476.0,979.5
2024-02-10T11:00,Bharati Station,-3.9,-8.0,39,3.3,7.6,419.0,979.5
2024-02-10T12:00,Bharati Station,-4.0,-8.4,40,5.8,10.1,330.0,979.2
2024-02-10T13:00,Bharati Station,-4.1,-8.8,47,8.4,13.0,232.0,978.9
2024-02-10T14:00,Bharati Station,-4.3,-9.3,47,10.1,15.1,141.0,979.2
2024-02-10T15:00,Bharati Station,-4.8,-10.0,49,11.7,17.3,62.0,979.4
2024-02-10T16:00,Bharati Station,-5.4,-11.0,56,14.5,20.9,13.0,979.5
2024-02-10T17:00,Bharati Station,-5.8,-11.8,54,17.0,24.1,0.0,979.5
2024-02-10T18:00,Bharati Station,-5.8,-12.1,49,18.7,26.3,0.0,979.8
2024-02-10T19:00,Bharati Station,-5.7,-12.3,49,20.6,28.4,0.0,980.1
2024-02-10T20:00,Bharati Station,-5.8,-12.6,49,22.3,30.6,0.0,980.6
2024-02-10T21:00,Bharati Station,-5.9,-13.3,47,26.2,35.6,0.0,981.2
2024-02-10T22:00,Bharati Station,-6.0,-13.8,50,29.0,39.6,0.0,981.6
2024-02-10T23:00,Bharati Station,-6.1,-13.9,50,29.1,40.3,4.0,981.8
2024-02-11T00:00,Bharati Station,-6.0,-14.0,49,30.2,41.4,40.0,982.0
2024-02-11T01:00,Bharati Station,-6.1,-14.1,48,30.0,41.0,109.0,982.3
2024-02-11T02:00,Bharati Station,-5.9,-14.0,46,30.7,42.1,196.0,982.5
2024-02-11T03:00,Bharati Station,-5.9,-14.1,46,31.4,42.8,289.0,982.9
2024-02-11T04:00,Bharati Station,-5.8,-14.0,45,31.3,43.2,323.0,983.3
2024-02-11T05:00,Bharati Station,-5.6,-13.6,47,30.0,42.8,446.0,983.8
2024-02-11T06:00,Bharati Station,-5.4,-13.0,48,29.1,41.0,507.0,984.2
2024-02-11T07:00,Bharati Station,-5.2,-12.4,48,27.9,39.2,556.0,984.5
2024-02-11T08:00,Bharati Station,-5.0,-12.0,48,26.1,37.8,568.0,985.0
2024-02-11T09:00,Bharati Station,-4.8,-11.9,47,26.0,35.6,523.0,985.2
2024-02-11T10:00,Bharati Station,-4.6,-12.0,48,26.6,36.0,446.0,985.4
2024-02-11T11:00,Bharati Station,-4.4,-11.9,52,27.6,36.7,293.0,985.6
2024-02-11T12:00,Bharati Station,-4.4,-11.8,53,27.6,37.4,117.0,985.4
2024-02-11T13:00,Bharati Station,-4.3,-11.6,55,26.6,35.6,142.0,985.3
2024-02-11T14:00,Bharati Station,-4.4,-11.9,56,28.0,37.4,102.0,985.4
2024-02-11T15:00,Bharati Station,-4.7,-12.4,56,29.0,38.5,40.0,985.7
2024-02-11T16:00,Bharati Station,-5.0,-12.8,54,30.2,40.7,8.0,985.5
2024-02-11T17:00,Bharati Station,-5.1,-13.1,52,31.0,41.8,0.0,985.0
2024-02-11T18:00,Bharati Station,-5.0,-13.1,50,31.0,42.1,0.0,984.2
2024-02-11T19:00,Bharati Station,-4.9,-12.9,49,30.3,41.8,0.0,983.9
2024-02-11T20:00,Bharati Station,-4.6,-12.6,49,30.5,40.7,0.0,983.5
2024-02-11T21:00,Bharati Station,-4.3,-12.5,49,32.2,42.5,0.0,982.7
2024-02-11T22:00,Bharati Station,-4.0,-12.2,49,32.0,43.2,0.0,981.3
2024-02-11T23:00,Bharati Station,-3.6,-11.3,49,28.9,42.5,0.0,980.3
2024-02-12T00:00,Bharati Station,-3.1,-10.7,49,28.2,38.2,0.0,978.4
2024-02-12T01:00,Bharati Station,-2.8,-10.3,47,27.6,42.1,0.0,976.3
2024-02-12T02:00,Bharati Station,-2.5,-9.1,50,22.2,36.0,0.0,974.2
2024-02-12T03:00,Bharati Station,-2.3,-8.1,52,17.1,28.8,0.0,973.3
2024-02-12T04:00,Bharati Station,-2.1,-7.2,52,12.4,22.3,1.0,972.6
2024-02-12T05:00,Bharati Station,-2.2,-6.8,53,9.4,16.6,0.0,972.2
2024-02-12T06:00,Bharati Station,-2.2,-9.3,66,27.6,31.3,0.0,970.2
2024-02-12T07:00,Bharati Station,-1.4,-11.2,66,46.5,58.0,0.0,968.3
2024-02-12T08:00,Bharati Station,-1.2,-11.5,66,49.8,64.8,1.0,967.0
2024-02-12T09:00,Bharati Station,-0.8,-10.7,64,47.1,64.8,0.0,965.9
2024-02-12T10:00,Bharati Station,-0.5,-10.9,62,50.9,65.9,0.0,965.0
2024-02-12T11:00,Bharati Station,-0.4,-10.7,62,50.4,66.2,0.0,964.2
2024-02-12T12:00,Bharati Station,-0.4,-10.7,62,50.3,65.2,0.0,963.6
2024-02-12T13:00,Bharati Station,-0.3,-10.9,59,51.5,73.4,0.0,962.8
2024-02-12T14:00,Bharati Station,-0.5,-10.7,59,49.5,67.0,0.0,962.7
2024-02-12T15:00,Bharati Station,-0.5,-10.8,58,49.6,64.1,0.0,962.9
2024-02-12T16:00,Bharati Station,-0.7,-10.8,59,48.5,64.1,0.0,962.8
2024-02-12T17:00,Bharati Station,-0.7,-10.6,58,46.9,62.6,0.0,962.7
2024-02-12T18:00,Bharati Station,-0.5,-10.0,56,43.6,60.5,0.0,962.8
2024-02-12T19:00,Bharati Station,-0.3,-9.4,55,41.1,55.8,0.0,962.9
2024-02-12T20:00,Bharati Station,-0.4,-9.9,53,43.5,56.2,0.0,963.2
2024-02-12T21:00,Bharati Station,-0.5,-9.7,53,41.3,56.2,0.0,963.4
2024-02-12T22:00,Bharati Station,-0.2,-9.7,54,43.7,55.8,0.0,963.4
2024-02-12T23:00,Bharati Station,0.3,-9.6,51,45.9,59.0,0.0,963.6
2024-02-13T00:00,Bharati Station,0.4,-10.3,50,51.6,66.2,0.0,963.5
2024-02-13T01:00,Bharati Station,0.4,-10.9,50,56.2,78.1,2.0,963.1
2024-02-13T02:00,Bharati Station,0.7,-10.5,50,55.3,74.2,3.0,963.8
2024-02-13T03:00,Bharati Station,1.0,-10.3,50,56.1,74.2,26.0,964.2
2024-02-13T04:00,Bharati Station,1.2,-9.6,51,52.5,73.4,53.0,964.9
2024-02-13T05:00,Bharati Station,1.3,-9.2,51,51.1,68.4,25.0,965.4
2024-02-13T06:00,Bharati Station,1.5,-8.7,52,48.9,65.9,29.0,966.0
2024-02-13T07:00,Bharati Station,1.6,-8.5,52,48.7,63.0,29.0,966.5
2024-02-13T08:00,Bharati Station,1.6,-8.7,52,50.3,65.2,10.0,966.9
2024-02-13T09:00,Bharati Station,1.8,-8.2,52,47.6,64.8,27.0,967.4
2024-02-13T10:00,Bharati Station,1.7,-7.9,52,45.1,61.2,19.0,968.2
2024-02-13T11:00,Bharati Station,1.7,-7.7,53,43.8,57.6,10.0,968.8
2024-02-13T12:00,Bharati Station,1.5,-7.5,54,41.8,56.2,7.0,969.1
2024-02-13T13:00,Bharati Station,1.5,-8.7,53,49.8,68.4,8.0,969.0
2024-02-13T14:00,Bharati Station,1.5,-8.4,53,47.3,64.8,2.0,969.3
2024-02-13T15:00,Bharati Station,1.4,-8.8,52,49.3,63.4,1.0,969.9
2024-02-13T16:00,Bharati Station,1.2,-8.8,53,48.3,64.1,0.0,970.9
2024-02-13T17:00,Bharati Station,1.0,-8.7,54,45.7,61.9,0.0,971.6
2024-02-13T18:00,Bharati Station,0.8,-8.8,54,44.4,58.7,0.0,972.2
2024-02-13T19:00,Bharati Station,0.6,-8.5,54,41.8,56.5,0.0,972.8
2024-02-13T20:00,Bharati Station,0.6,-8.5,53,41.2,53.3,0.0,973.4
2024-02-13T21:00,Bharati Station,0.5,-8.5,52,40.4,52.9,0.0,973.9
2024-02-13T22:00,Bharati Station,0.4,-8.2,52,38.1,51.5,0.0,974.4
2024-02-13T23:00,Bharati Station,0.4,-8.4,52,38.7,49.3,0.0,974.6
2024-02-14T00:00,Bharati Station,0.2,-8.7,54,39.8,51.1,0.0,974.9
2024-02-14T01:00,Bharati Station,0.1,-9.5,57,44.6,57.2,0.0,974.2
2024-02-14T02:00,Bharati Station,-0.0,-9.9,53,46.2,59.4,2.0,974.7
2024-02-14T03:00,Bharati Station,-0.1,-9.9,52,46.0,60.5,5.0,975.2
2024-02-14T04:00,Bharati Station,-0.1,-9.4,53,42.7,59.8,67.0,975.6
2024-02-14T05:00,Bharati Station,-0.0,-8.5,55,36.9,54.7,193.0,975.8
2024-02-14T06:00,Bharati Station,0.1,-7.4,56,30.2,46.8,326.0,976.2
2024-02-14T07:00,Bharati Station,0.1,-6.1,59,23.1,37.4,446.0,976.3
2024-02-14T08:00,Bharati Station,0.1,-5.0,64,16.1,28.1,421.0,976.5
2024-02-14T09:00,Bharati Station,-0.1,-4.5,69,11.3,19.1,364.0,976.4
2024-02-14T10:00,Bharati Station,-0.1,-4.3,70,9.3,13.0,302.0,976.4
2024-02-14T11:00,Bharati Station,-0.1,-4.1,69,8.7,10.4,215.0,976.1
2024-02-14T12:00,Bharati Station,-0.1,-4.5,65,10.3,11.9,203.0,975.6
2024-02-14T13:00,Bharati Station,-0.6,-4.9,64,9.2,10.8,129.0,975.0
2024-02-14T14:00,Bharati Station,-0.8,-5.3,60,9.4,11.2,65.0,974.7
2024-02-14T15:00,Bharati Station,-1.2,-6.1,56,12.2,14.4,34.0,974.7
2024-02-14T16:00,Bharati Station,-2.6,-8.0,62,15.3,19.8,4.0,974.5
2024-02-14T17:00,Bharati Station,-4.0,-9.6,68,16.5,22.7,0.0,974.0
2024-02-14T18:00,Bharati Station,-4.8,-10.5,70,17.5,24.1,0.0,973.8
2024-02-14T19:00,Bharati Station,-5.4,-11.3,73,18.2,25.6,0.0,973.7
2024-02-14T20:00,Bharati Station,-5.7,-11.6,75,17.9,25.9,0.0,973.5
2024-02-14T21:00,Bharati Station,-5.9,-11.6,75,17.1,25.6,0.0,973.3
2024-02-14T22:00,Bharati Station,-6.2,-12.0,75,17.7,24.8,0.0,973.1
2024-02-14T23:00,Bharati Station,-6.2,-12.0,74,17.4,25.2,1.0,973.1
2024-02-15T00:00,Bharati Station,-5.8,-11.4,70,16.0,24.8,25.0,972.8
2024-02-15T01:00,Bharati Station,-3.7,-9.8,53,18.7,24.5,86.0,972.7
2024-02-15T02:00,Bharati Station,-3.4,-9.7,53,19.5,26.3,170.0,972.5
2024-02-15T03:00,Bharati Station,-3.2,-9.3,50,18.5,25.9,263.0,972.4
2024-02-15T04:00,Bharati Station,-3.1,-9.2,49,18.8,24.8,352.0,972.7
2024-02-15T05:00,Bharati Station,-2.9,-9.3,48,20.0,26.3,426.0,972.7
2024-02-15T06:00,Bharati Station,-2.7,-9.1,47,20.3,27.0,484.0,972.7
2024-02-15T07:00,Bharati Station,-2.6,-8.6,47,18.8,26.6,516.0,972.5
2024-02-15T08:00,Bharati Station,-2.5,-8.3,47,17.7,24.8,520.0,972.5
2024-02-15T09:00,Bharati Station,-2.5,-8.4,48,17.1,23.4,497.0,972.4
2024-02-15T10:00,Bharati Station,-2.6,-8.5,51,17.4,22.7,448.0,972.3
2024-02-15T11:00,Bharati Station,-2.6,-8.6,54,18.6,24.1,378.0,972.4
2024-02-15T12:00,Bharati Station,-2.8,-8.8,57,19.0,25.2,292.0,972.2
2024-02-15T13:00,Bharati Station,-2.8,-9.6,62,24.9,33.1,123.0,972.3
2024-02-15T14:00,Bharati Station,-3.2,-10.2,63,25.8,34.2,36.0,972.5
2024-02-15T15:00,Bharati Station,-3.6,-11.0,57,27.4,36.0,7.0,973.0
2024-02-15T16:00,Bharati Station,-4.0,-11.8,55,30.3,40.3,1.0,973.5
2024-02-15T17:00,Bharati Station,-4.3,-12.0,53,29.2,40.3,0.0,973.7
2024-02-15T18:00,Bharati Station,-4.7,-12.2,51,27.8,39.2,0.0,974.1
2024-02-15T19:00,Bharati Station,-5.0,-13.0,51,30.4,40.7,0.0,974.3
2024-02-15T20:00,Bharati Station,-5.2,-13.4,51,32.3,43.6,0.0,974.6
2024-02-15T21:00,Bharati Station,-5.4,-13.7,51,33.0,44.6,0.0,975.1
2024-02-15T22:00,Bharati Station,-5.7,-14.1,51,33.0,45.0,0.0,975.7
2024-02-15T23:00,Bharati Station,-5.9,-14.3,52,33.0,45.0,0.0,976.0
2024-02-16T00:00,Bharati Station,-6.0,-14.3,51,32.2,45.0,9.0,976.4
2024-02-16T01:00,Bharati Station,-6.5,-15.2,55,35.2,49.0,34.0,977.2
2024-02-16T02:00,Bharati Station,-6.5,-15.0,53,33.8,47.9,81.0,977.5
2024-02-16T03:00,Bharati Station,-6.3,-14.7,51,33.0,46.1,153.0,977.6
2024-02-16T04:00,Bharati Station,-6.1,-14.2,49,30.9,44.6,196.0,978.0
2024-02-16T05:00,Bharati Station,-5.9,-13.8,48,29.3,42.1,301.0,978.4
2024-02-16T06:00,Bharati Station,-5.8,-13.4,48,27.3,39.6,471.0,978.6
2024-02-16T07:00,Bharati Station,-5.7,-12.8,47,24.9,37.1,516.0,978.8
2024-02-16T08:00,Bharati Station,-5.6,-12.3,46,22.2,34.2,503.0,979.0
2024-02-16T09:00,Bharati Station,-5.5,-11.8,46,18.9,30.6,496.0,979.1
2024-02-16T10:00,Bharati Station,-5.5,-11.4,47,16.2,26.6,449.0,979.4
2024-02-16T11:00,Bharati Station,-5.5,-11.1,47,13.4,23.4,375.0,979.2
2024-02-16T12:00,Bharati Station,-5.6,-11.0,48,12.6,20.2,288.0,979.3
2024-02-16T13:00,Bharati Station,-5.5,-10.7,52,11.9,19.8,197.0,979.6
2024-02-16T14:00,Bharati Station,-5.8,-11.2,58,12.8,19.1,106.0,979.7
2024-02-16T15:00,Bharati Station,-6.7,-12.1,84,15.3,22.3,34.0,979.9
2024-02-16T16:00,Bharati Station,-7.3,-13.0,87,17.4,25.2,2.0,980.1
2024-02-16T17:00,Bharati Station,-7.1,-12.9,76,17.1,25.6,0.0,980.4
2024-02-16T18:00,Bharati Station,-6.8,-13.1,51,18.6,26.6,0.0,980.8
2024-02-16T19:00,Bharati Station,-6.8,-13.5,50,21.3,29.9,0.0,981.0
2024-02-16T20:00,Bharati Station,-7.1,-14.0,52,22.7,32.0,0.0,981.1
2024-02-16T21:00,Bharati Station,-7.2,-14.0,54,22.0,32.0,0.0,981.3
2024-02-16T22:00,Bharati Station,-7.3,-14.1,54,22.0,31.7,0.0,981.5
2024-02-16T23:00,Bharati Station,-7.4,-14.2,55,22.0,31.3,0.0,981.7
2024-02-17T00:00,Bharati Station,-7.5,-14.3,54,22.0,31.3,18.0,981.8
2024-02-17T01:00,Bharati Station,-7.4,-14.3,56,22.5,32.4,77.0,980.8
2024-02-17T02:00,Bharati Station,-7.3,-14.1,56,21.7,32.0,160.0,981.0
2024-02-17T03:00,Bharati Station,-7.2,-13.6,55,19.9,31.0,252.0,981.1
2024-02-17T04:00,Bharati Station,-6.9,-13.1,54,17.7,28.8,346.0,981.3
2024-02-17T05:00,Bharati Station,-6.7,-12.8,54,17.3,25.9,428.0,981.3
2024-02-17T06:00,Bharati Station,-6.3,-12.1,52,15.9,25.2,487.0,981.2
2024-02-17T07:00,Bharati Station,-5.9,-11.2,49,13.1,23.4,520.0,981.0
2024-02-17T08:00,Bharati Station,-5.6,-10.7,47,11.7,20.2,519.0,980.8
2024-02-17T09:00,Bharati Station,-5.3,-10.7,50,12.4,18.7,462.0,980.4
2024-02-17T10:00,Bharati Station,-5.1,-10.4,55,13.0,19.4,403.0,980.4
2024-02-17T11:00,Bharati Station,-4.9,-10.2,57,12.9,19.4,346.0,980.0
2024-02-17T12:00,Bharati Station,-4.8,-9.8,61,11.3,19.1,273.0,979.7
2024-02-17T13:00,Bharati Station,-4.8,-10.3,68,15.3,23.4,131.0,979.5
2024-02-17T14:00,Bharati Station,-4.7,-9.9,69,13.8,22.3,23.0,979.6
2024-02-17T15:00,Bharati Station,-4.6,-9.7,70,12.9,20.9,4.0,979.7
2024-02-17T16:00,Bharati Station,-4.5,-9.6,70,13.0,19.4,0.0,979.9
2024-02-17T17:00,Bharati Station,-4.6,-10.0,71,15.2,22.0,0.0,980.0
2024-02-17T18:00,Bharati Station,-4.5,-10.1,70,16.2,23.4,0.0,980.2
2024-02-17T19:00,Bharati Station,-4.7,-10.4,68,17.3,24.5,0.0,980.2
2024-02-17T20:00,Bharati Station,-4.8,-10.6,66,17.1,25.2,0.0,980.2
2024-02-17T21:00,Bharati Station,-4.7,-10.6,62,17.5,24.8,0.0,980.3
2024-02-17T22:00,Bharati Station,-4.7,-10.5,58,16.6,25.2,0.0,980.4
2024-02-17T23:00,Bharati Station,-5.0,-10.7,55,15.5,24.1,0.0,980.5
2024-02-18T00:00,Bharati Station,-5.3,-10.8,54,13.8,22.7,0.0,980.7
2024-02-18T01:00,Bharati Station,-5.3,-10.8,60,13.9,20.9,7.0,979.9
2024-02-18T02:00,Bharati Station,-5.3,-11.0,58,15.8,23.0,30.0,980.1
2024-02-18T03:00,Bharati Station,-5.2,-11.4,52,18.6,26.3,61.0,980.2
2024-02-18T04:00,Bharati Station,-5.0,-11.5,50,20.9,29.2,120.0,980.5
2024-02-18T05:00,Bharati Station,-4.8,-11.5,54,22.2,31.0,166.0,980.6
2024-02-18T06:00,Bharati Station,-4.7,-11.4,59,23.1,32.0,80.0,980.6
2024-02-18T07:00,Bharati Station,-4.5,-11.4,62,24.7,33.5,96.0,980.8
2024-02-18T08:00,Bharati Station,-4.4,-11.3,64,24.5,33.5,156.0,980.8
2024-02-18T09:00,Bharati Station,-4.4,-11.2,64,24.3,33.5,129.0,980.7
2024-02-18T10:00,Bharati Station,-4.4,-11.1,64,23.9,33.1,86.0,980.9
2024-02-18T11:00,Bharati Station,-4.5,-11.2,63,23.7,32.8,47.0,980.9
2024-02-18T12:00,Bharati Station,-4.7,-11.5,61,23.6,32.8,31.0,980.7
2024-02-18T13:00,Bharati Station,-4.4,-10.6,62,19.9,27.7,17.0,980.6
2024-02-18T14:00,Bharati Station,-4.7,-11.3,62,22.3,30.2,11.0,980.4
2024-02-18T15:00,Bharati Station,-5.2,-12.4,63,26.7,36.0,3.0,980.2
2024-02-18T16:00,Bharati Station,-5.3,-13.0,64,30.0,41.0,0.0,980.2
2024-02-18T17:00,Bharati Station,-5.4,-13.5,65,32.7,44.6,0.0,979.7
2024-02-18T18:00,Bharati Station,-5.6,-14.0,65,34.6,47.5,0.0,979.3
2024-02-18T19:00,Bharati Station,-5.8,-14.3,61,34.8,47.9,0.0,979.3
2024-02-18T20:00,Bharati Station,-5.8,-14.4,60,35.4,49.0,0.0,979.2
2024-02-18T21:00,Bharati Station,-5.7,-14.5,61,36.8,49.7,0.0,978.9
2024-02-18T22:00,Bharati Station,-5.8,-14.8,64,38.8,52.6,0.0,978.8
2024-02-18T23:00,Bharati Station,-5.7,-14.9,68,40.2,54.4,0.0,978.6
2024-02-19T00:00,Bharati Station,-5.6,-14.9,68,40.9,54.7,0.0,978.5
2024-02-19T01:00,Bharati Station,-5.2,-13.5,62,34.4,46.1,0.0,977.8
2024-02-19T02:00,Bharati Station,-5.2,-14.0,65,37.8,50.0,3.0,977.6
2024-02-19T03:00,Bharati Station,-5.3,-14.4,67,39.5,53.6,1.0,977.4
2024-02-19T04:00,Bharati Station,-5.4,-13.8,73,35.6,53.6,0.0,977.3
2024-02-19T05:00,Bharati Station,-5.8,-11.7,82,19.0,47.9,0.0,977.3
2024-02-19T06:00,Bharati Station,-6.4,-11.0,82,10.1,27.4,0.0,977.3
2024-02-19T07:00,Bharati Station,-6.5,-10.9,81,7.9,17.3,0.0,977.2
2024-02-19T08:00,Bharati Station,-6.8,-11.9,80,12.9,19.4,0.0,977.2
2024-02-19T09:00,Bharati Station,-7.2,-11.9,75,9.4,21.6,0.0,977.2
2024-02-19T10:00,Bharati Station,-7.0,-11.6,74,9.0,16.9,117.0,977.2
2024-02-19T11:00,Bharati Station,-6.6,-11.6,69,11.1,19.1,152.0,977.0
2024-02-19T12:00,Bharati Station,-6.9,-10.8,65,3.6,18.4,107.0,976.7
2024-02-19T13:00,Bharati Station,-5.7,-10.2,75,8.9,15.5,0.0,975.2
2024-02-19T14:00,Bharati Station,-5.4,-10.3,80,12.6,18.0,0.0,974.7
2024-02-19T15:00,Bharati Station,-4.9,-11.3,82,22.7,29.9,0.0,974.2
2024-02-19T16:00,Bharati Station,-4.6,-12.7,73,34.0,44.3,0.0,973.5
2024-02-19T17:00,Bharati Station,-4.7,-13.1,70,35.7,47.9,0.0,972.7
2024-02-19T18:00,Bharati Station,-4.8,-13.2,72,35.9,48.6,0.0,972.3
2024-02-19T19:00,Bharati Station,-4.7,-13.2,70,35.9,49.3,0.0,972.2
2024-02-19T20:00,Bharati Station,-4.5,-12.9,67,34.9,48.2,0.0,972.2
2024-02-19T21:00,Bharati Station,-4.6,-12.6,68,32.3,46.1,0.0,971.9
2024-02-19T22:00,Bharati Station,-4.4,-12.4,67,32.6,43.2,0.0,971.7
2024-02-19T23:00,Bharati Station,-4.2,-12.9,63,37.6,49.3,0.0,971.6
2024-02-20T00:00,Bharati Station,-4.3,-13.4,64,40.1,52.9,0.0,971.3
2024-02-20T01:00,Bharati Station,-4.2,-13.0,68,38.3,50.4,0.0,970.7
2024-02-20T02:00,Bharati Station,-4.1,-12.9,65,38.2,51.1,1.0,970.5
2024-02-20T03:00,Bharati Station,-3.9,-12.9,61,39.7,52.6,6.0,970.2
2024-02-20T04:00,Bharati Station,-3.7,-12.8,60,39.6,52.9,6.0,969.9
2024-02-20T05:00,Bharati Station,-3.6,-12.6,60,38.8,52.2,3.0,969.7
2024-02-20T06:00,Bharati Station,-3.4,-12.4,59,39.1,51.5,5.0,969.4
2024-02-20T07:00,Bharati Station,-3.3,-12.2,60,38.5,51.5,12.0,969.1
2024-02-20T08:00,Bharati Station,-3.1,-11.9,61,38.4,50.8,11.0,968.7
2024-02-20T09:00,Bharati Station,-3.0,-11.7,61,37.8,50.4,10.0,968.6
2024-02-20T10:00,Bharati Station,-3.0,-11.6,62,37.3,49.3,6.0,968.6
2024-02-20T11:00,Bharati Station,-2.9,-11.7,61,38.4,50.0,1.0,968.3
2024-02-20T12:00,Bharati Station,-2.8,-11.4,60,36.5,50.0,1.0,968.3
2024-02-20T13:00,Bharati Station,-3.1,-9.9,73,26.0,38.5,1.0,967.5
2024-02-20T14:00,Bharati Station,-3.3,-10.3,72,26.8,35.3,0.0,967.6
2024-02-20T15:00,Bharati Station,-3.2,-10.7,70,30.8,40.0,0.0,967.8
2024-02-20T16:00,Bharati Station,-3.1,-11.3,67,34.8,45.4,0.0,967.8
2024-02-20T17:00,Bharati Station,-3.1,-11.4,64,35.0,46.1,0.0,967.8
2024-02-20T18:00,Bharati Station,-3.2,-11.3,61,33.2,45.7,0.0,967.7
2024-02-20T19:00,Bharati Station,-3.2,-10.9,59,30.3,43.6,0.0,968.0
2024-02-20T20:00,Bharati Station,-3.4,-10.5,56,26.2,39.6,0.0,968.2
2024-02-20T21:00,Bharati Station,-3.6,-10.1,51,21.1,34.9,0.0,968.6
2024-02-20T22:00,Bharati Station,-3.7,-9.6,43,15.9,28.4,0.0,968.9
2024-02-20T23:00,Bharati Station,-4.0,-9.4,48,13.0,22.7,0.0,969.1
2024-02-21T00:00,Bharati Station,-4.8,-10.1,56,12.8,19.1,0.0,969.1
2024-02-21T01:00,Bharati Station,-5.1,-10.3,57,12.6,19.4,0.0,968.2
2024-02-21T02:00,Bharati Station,-5.1,-10.0,54,10.1,19.1,8.0,968.1
2024-02-21T03:00,Bharati Station,-5.0,-10.2,52,11.3,17.6,54.0,967.9
2024-02-21T04:00,Bharati Station,-5.1,-10.2,51,11.1,18.0,133.0,967.7
2024-02-21T05:00,Bharati Station,-5.0,-10.0,48,9.9,17.6,160.0,967.3
2024-02-21T06:00,Bharati Station,-4.7,-9.5,43,8.1,15.8,206.0,967.0
2024-02-21T07:00,Bharati Station,-4.2,-9.3,38,9.5,14.8,243.0,967.1
2024-02-21T08:00,Bharati Station,-4.1,-9.8,41,13.8,19.8,363.0,967.1
2024-02-21T09:00,Bharati Station,-3.8,-9.4,39,13.0,20.9,331.0,966.7
2024-02-21T10:00,Bharati Station,-3.8,-9.1,38,10.9,19.1,239.0,966.3
2024-02-21T11:00,Bharati Station,-4.0,-10.2,41,17.7,24.1,237.0,965.7
2024-02-21T12:00,Bharati Station,-4.2,-10.6,43,19.4,26.6,221.0,964.8
2024-02-21T13:00,Bharati Station,-3.4,-9.3,42,16.0,23.8,17.0,964.2
2024-02-21T14:00,Bharati Station,-3.7,-9.3,40,13.7,22.3,3.0,964.0
2024-02-21T15:00,Bharati Station,-4.3,-10.4,40,16.9,22.7,0.0,963.8
2024-02-21T16:00,Bharati Station,-4.8,-12.1,43,25.4,32.8,0.0,963.5
2024-02-21T17:00,Bharati Station,-4.8,-13.2,49,33.1,44.3,0.0,962.7
2024-02-21T18:00,Bharati Station,-4.6,-12.1,50,27.6,44.6,0.0,962.3
2024-02-21T19:00,Bharati Station,-4.3,-10.8,51,20.7,37.4,0.0,962.1
2024-02-21T20:00,Bharati Station,-4.2,-10.3,51,18.1,28.8,0.0,961.8
2024-02-21T21:00,Bharati Station,-3.7,-10.3,51,21.7,28.8,0.0,961.6
2024-02-21T22:00,Bharati Station,-3.3,-10.5,52,26.3,34.6,0.0,961.5
2024-02-21T23:00,Bharati Station,-2.9,-10.5,55,28.9,37.8,0.0,961.5
2024-02-22T00:00,Bharati Station,-2.6,-10.1,55,29.3,38.5,0.0,961.3
2024-02-22T01:00,Bharati Station,-2.8,-10.6,57,31.0,42.8,1.0,961.2
2024-02-22T02:00,Bharati Station,-2.6,-9.8,57,27.0,41.0,17.0,961.1
2024-02-22T03:00,Bharati Station,-2.3,-9.1,58,24.5,35.3,41.0,961.4
2024-02-22T04:00,Bharati Station,-2.2,-8.6,60,22.3,32.0,40.0,961.8
2024-02-22T05:00,Bharati Station,-1.9,-8.3,61,22.5,28.8,46.0,962.2
2024-02-22T06:00,Bharati Station,-1.3,-8.0,62,24.6,31.3,35.0,962.4
2024-02-22T07:00,Bharati Station,-1.2,-8.1,65,27.0,34.9,26.0,962.9
2024-02-22T08:00,Bharati Station,-1.1,-7.9,68,26.4,34.9,0.0,963.1
2024-02-22T09:00,Bharati Station,-0.8,-7.6,67,26.6,34.6,3.0,963.5
2024-02-22T10:00,Bharati Station,-0.5,-6.9,66,24.2,33.8,1.0,963.8
2024-02-22T11:00,Bharati Station,-0.2,-6.5,64,22.9,30.6,9.0,963.9
2024-02-22T12:00,Bharati Station,-0.1,-6.8,62,25.6,31.7,6.0,964.0
2024-02-22T13:00,Bharati Station,-0.8,-9.4,62,38.2,50.8,0.0,964.6
2024-02-22T14:00,Bharati Station,-0.9,-8.7,63,33.3,50.0,0.0,965.2
2024-02-22T15:00,Bharati Station,-0.9,-8.3,61,30.4,43.2,0.0,965.6
2024-02-22T16:00,Bharati Station,-0.8,-8.4,60,31.7,40.3,0.0,966.1
2024-02-22T17:00,Bharati Station,-0.7,-8.9,59,34.6,43.6,0.0,966.5
2024-02-22T18:00,Bharati Station,-0.7,-9.4,56,37.7,49.0,0.0,966.7
2024-02-22T19:00,Bharati Station,-0.7,-9.2,56,36.7,49.3,0.0,967.1
2024-02-22T20:00,Bharati Station,-0.7,-9.1,55,36.4,48.2,0.0,967.6
2024-02-22T21:00,Bharati Station,-0.6,-9.1,53,36.2,47.5,0.0,968.1
2024-02-22T22:00,Bharati Station,-0.7,-9.3,53,37.0,49.0,0.0,968.3
2024-02-22T23:00,Bharati Station,-0.9,-8.9,58,33.4,47.9,0.0,968.6
2024-02-23T00:00,Bharati Station,-1.1,-9.0,61,33.3,42.5,1.0,968.7
2024-02-23T01:00,Bharati Station,-1.4,-11.3,48,45.1,61.2,13.0,968.7
2024-02-23T02:00,Bharati Station,-1.2,-10.3,48,39.8,60.5,18.0,968.7
2024-02-23T03:00,Bharati Station,-1.0,-9.3,51,34.6,52.2,154.0,968.8
2024-02-23T04:00,Bharati Station,-0.7,-8.3,54,30.5,44.6,219.0,969.1
2024-02-23T05:00,Bharati Station,-0.5,-7.4,58,26.3,38.5,218.0,969.3
2024-02-23T06:00,Bharati Station,-0.3,-6.6,59,22.9,33.1,113.0,969.6
2024-02-23T07:00,Bharati Station,-0.1,-6.5,59,23.2,28.8,137.0,969.8
2024-02-23T08:00,Bharati Station,0.1,-6.6,58,25.5,31.7,144.0,969.8
2024-02-23T09:00,Bharati Station,0.1,-6.5,58,24.9,32.4,241.0,969.9
2024-02-23T10:00,Bharati Station,0.1,-6.0,58,21.0,30.6,228.0,969.7
2024-02-23T11:00,Bharati Station,0.0,-5.6,57,18.1,25.9,241.0,969.3
2024-02-23T12:00,Bharati Station,-0.1,-5.9,56,18.7,23.0,169.0,969.4
2024-02-23T13:00,Bharati Station,-1.0,-7.8,62,25.3,33.8,58.0,969.5
2024-02-23T14:00,Bharati Station,-1.2,-7.6,66,23.3,31.7,50.0,970.3
2024-02-23T15:00,Bharati Station,-1.5,-7.5,68,20.3,28.8,4.0,971.4
2024-02-23T16:00,Bharati Station,-1.7,-7.3,65,18.0,25.9,0.0,972.3
2024-02-23T17:00,Bharati Station,-1.4,-6.6,63,15.1,23.4,0.0,972.8
2024-02-23T18:00,Bharati Station,-1.1,-6.5,64,16.6,19.8,0.0,973.3
2024-02-23T19:00,Bharati Station,-1.0,-7.0,66,21.4,25.6,0.0,973.9
2024-02-23T20:00,Bharati Station,-0.8,-7.1,62,22.7,29.5,0.0,974.5
2024-02-23T21:00,Bharati Station,-0.8,-6.7,62,20.0,28.4,0.0,974.9
2024-02-23T22:00,Bharati Station,-0.6,-7.0,64,23.6,28.4,0.0,975.4
2024-02-23T23:00,Bharati Station,-0.3,-7.5,64,28.8,34.6,0.0,976.1
2024-02-24T00:00,Bharati Station,-0.2,-9.5,52,41.7,52.9,0.0,976.8
2024-02-24T01:00,Bharati Station,-1.1,-11.0,49,45.3,60.5,4.0,977.2
2024-02-24T02:00,Bharati Station,-1.3,-10.5,49,40.6,60.8,4.0,977.8
2024-02-24T03:00,Bharati Station,-1.2,-9.6,49,35.3,54.0,2.0,978.3
2024-02-24T04:00,Bharati Station,-1.4,-9.0,56,30.2,46.1,7.0,978.5
2024-02-24T05:00,Bharati Station,-1.5,-8.7,57,27.2,38.5,156.0,979.0
2024-02-24T06:00,Bharati Station,-1.4,-8.5,56,26.7,34.6,205.0,979.3
2024-02-24T07:00,Bharati Station,-1.3,-8.4,53,26.6,34.2,306.0,979.6
2024-02-24T08:00,Bharati Station,-1.2,-8.0,54,24.5,33.8,283.0,979.8
2024-02-24T09:00,Bharati Station,-1.3,-7.8,54,22.1,31.0,329.0,980.1
2024-02-24T10:00,Bharati Station,-1.5,-7.3,56,18.4,28.1,336.0,980.2
2024-02-24T11:00,Bharati Station,-1.5,-6.9,55,15.0,23.4,269.0,980.3
2024-02-24T12:00,Bharati Station,-1.8,-6.9,53,12.9,19.4,231.0,980.3
2024-02-24T13:00,Bharati Station,-2.1,-7.9,53,17.1,22.7,148.0,980.2
2024-02-24T14:00,Bharati Station,-2.8,-8.3,58,15.6,22.3,62.0,980.2
2024-02-24T15:00,Bharati Station,-4.5,-10.2,69,16.9,23.4,11.0,980.3
2024-02-24T16:00,Bharati Station,-5.4,-11.3,68,17.9,25.6,0.0,980.2
2024-02-24T17:00,Bharati Station,-5.2,-11.0,60,16.4,25.6,0.0,980.1
2024-02-24T18:00,Bharati Station,-5.6,-11.1,64,15.1,23.4,0.0,980.1
2024-02-24T19:00,Bharati Station,-6.1,-11.6,70,14.8,22.0,0.0,980.1
2024-02-24T20:00,Bharati Station,-6.5,-12.0,72,15.0,22.3,0.0,980.1
2024-02-24T21:00,Bharati Station,-6.8,-12.4,70,15.3,22.7,0.0,980.1
2024-02-24T22:00,Bharati Station,-7.0,-12.5,71,15.1,22.7,0.0,980.0
2024-02-24T23:00,Bharati Station,-7.0,-12.7,69,15.6,23.0,0.0,979.9
2024-02-25T00:00,Bharati Station,-7.1,-12.7,67,14.9,23.0,4.0,979.8
2024-02-25T01:00,Bharati Station,-7.1,-12.8,52,14.3,23.0,45.0,979.3
2024-02-25T02:00,Bharati Station,-7.1,-12.7,53,13.3,21.6,123.0,979.0
2024-02-25T03:00,Bharati Station,-6.9,-12.2,51,12.1,20.5,214.0,978.6
2024-02-25T04:00,Bharati Station,-6.5,-11.9,46,11.9,19.1,303.0,978.1
2024-02-25T05:00,Bharati Station,-6.1,-11.9,42,14.6,21.2,381.0,977.4
2024-02-25T06:00,Bharati Station,-5.8,-12.0,43,17.8,25.2,438.0,976.8
2024-02-25T07:00,Bharati Station,-5.7,-12.4,44,20.4,28.4,470.0,976.2
2024-02-25T08:00,Bharati Station,-5.7,-12.5,51,21.9,30.2,473.0,975.5
2024-02-25T09:00,Bharati Station,-5.5,-12.2,55,22.4,31.0,448.0,974.9
2024-02-25T10:00,Bharati Station,-5.3,-12.0,57,22.6,31.0,398.0,974.2
2024-02-25T11:00,Bharati Station,-5.3,-12.4,57,24.9,33.5,237.0,973.5
2024-02-25T12:00,Bharati Station,-5.5,-12.8,57,26.8,36.7,91.0,972.6
2024-02-25T13:00,Bharati Station,-5.9,-13.3,60,26.9,37.1,55.0,971.4
2024-02-25T14:00,Bharati Station,-6.4,-14.0,57,28.1,38.2,36.0,970.7
2024-02-25T15:00,Bharati Station,-6.7,-14.4,55,28.5,39.2,7.0,970.1
2024-02-25T16:00,Bharati Station,-7.0,-14.6,52,27.4,38.9,0.0,969.7
2024-02-25T17:00,Bharati Station,-7.2,-14.9,52,28.1,38.9,0.0,969.2
2024-02-25T18:00,Bharati Station,-7.4,-15.1,52,28.1,39.2,0.0,968.7
2024-02-25T19:00,Bharati Station,-7.6,-15.1,51,26.0,39.2,0.0,968.3
2024-02-25T20:00,Bharati Station,-7.8,-15.4,52,27.0,37.4,0.0,967.9
2024-02-25T21:00,Bharati Station,-7.8,-15.8,53,30.0,41.0,0.0,967.7
2024-02-25T22:00,Bharati Station,-7.9,-16.2,54,31.5,43.6,0.0,967.6
2024-02-25T23:00,Bharati Station,-7.9,-15.9,54,30.1,43.6,0.0,967.7
2024-02-26T00:00,Bharati Station,-8.0,-15.8,53,28.4,41.8,3.0,967.9
2024-02-26T01:00,Bharati Station,-8.4,-15.3,52,22.1,35.3,41.0,967.2
2024-02-26T02:00,Bharati Station,-8.6,-14.7,56,17.3,31.7,59.0,967.5
2024-02-26T03:00,Bharati Station,-8.3,-14.2,57,15.7,25.9,35.0,967.9
2024-02-26T04:00,Bharati Station,-7.7,-13.6,51,15.4,24.1,29.0,968.1
2024-02-26T05:00,Bharati Station,-6.9,-12.8,47,15.2,23.4,184.0,968.5
2024-02-26T06:00,Bharati Station,-6.6,-12.4,45,15.0,22.7,278.0,968.6
2024-02-26T07:00,Bharati Station,-6.3,-11.9,44,12.8,22.7,363.0,969.1
2024-02-26T08:00,Bharati Station,-6.3,-11.2,43,8.7,19.8,368.0,969.6
2024-02-26T09:00,Bharati Station,-6.3,-10.8,43,5.5,14.8,391.0,970.0
2024-02-26T10:00,Bharati Station,-6.2,-10.6,42,4.4,11.2,385.0,970.5
2024-02-26T11:00,Bharati Station,-6.4,-11.1,43,6.8,12.2,312.0,971.0
2024-02-26T12:00,Bharati Station,-6.6,-11.3,48,7.6,13.3,227.0,971.4
2024-02-26T13:00,Bharati Station,-7.1,-11.7,55,7.2,15.8,132.0,971.7
2024-02-26T14:00,Bharati Station,-7.4,-12.2,58,8.8,14.8,54.0,972.9
2024-02-26T15:00,Bharati Station,-7.6,-13.1,59,13.4,20.2,4.0,973.6
2024-02-26T16:00,Bharati Station,-7.8,-13.9,57,17.3,25.2,0.0,974.1
2024-02-26T17:00,Bharati Station,-8.1,-14.4,59,19.1,27.7,0.0,974.4
2024-02-26T18:00,Bharati Station,-8.4,-14.5,70,18.4,28.1,0.0,974.9
2024-02-26T19:00,Bharati Station,-8.5,-15.0,60,19.5,28.8,0.0,975.0
2024-02-26T20:00,Bharati Station,-8.6,-15.4,60,22.3,31.7,0.0,975.3
2024-02-26T21:00,Bharati Station,-8.5,-15.4,60,22.3,33.1,0.0,975.5
2024-02-26T22:00,Bharati Station,-8.4,-15.1,59,21.0,32.4,0.0,975.7
2024-02-26T23:00,Bharati Station,-8.4,-15.4,57,22.8,32.4,0.0,975.9
2024-02-27T00:00,Bharati Station,-8.4,-15.7,56,25.7,36.0,0.0,975.9
2024-02-27T01:00,Bharati Station,-8.1,-16.3,54,31.3,43.6,3.0,975.4
2024-02-27T02:00,Bharati Station,-8.0,-16.3,54,32.3,45.4,0.0,975.0
2024-02-27T03:00,Bharati Station,-7.9,-16.3,56,33.3,46.1,52.0,974.6
2024-02-27T04:00,Bharati Station,-7.6,-16.0,59,33.2,46.1,124.0,974.1
2024-02-27T05:00,Bharati Station,-7.3,-16.3,62,37.6,51.1,15.0,973.6
2024-02-27T06:00,Bharati Station,-6.8,-16.3,63,41.8,57.2,21.0,973.2
2024-02-27T07:00,Bharati Station,-6.6,-15.5,66,37.2,57.2,84.0,973.1
2024-02-27T08:00,Bharati Station,-6.7,-14.7,68,31.8,50.8,23.0,972.9
2024-02-27T09:00,Bharati Station,-6.5,-14.5,65,31.4,43.6,0.0,972.4
2024-02-27T10:00,Bharati Station,-6.3,-14.6,59,32.9,44.6,0.0,971.8
2024-02-27T11:00,Bharati Station,-6.6,-14.7,55,31.3,44.6,4.0,971.2
2024-02-27T12:00,Bharati Station,-6.9,-14.5,51,27.0,43.2,18.0,970.7
2024-02-27T13:00,Bharati Station,-7.2,-12.7,65,14.6,21.2,0.0,969.6
2024-02-27T14:00,Bharati Station,-7.6,-13.7,51,16.6,24.8,5.0,969.5
2024-02-27T15:00,Bharati Station,-8.4,-14.9,50,19.1,27.7,1.0,969.5
2024-02-27T16:00,Bharati Station,-8.4,-15.4,47,22.4,32.0,0.0,969.4
2024-02-27T17:00,Bharati Station,-8.6,-15.7,49,23.8,34.6,0.0,969.4
2024-02-27T18:00,Bharati Station,-8.8,-16.0,50,23.8,34.6,0.0,969.4
2024-02-27T19:00,Bharati Station,-9.3,-16.5,51,24.1,34.6,0.0,969.5
2024-02-27T20:00,Bharati Station,-9.6,-16.7,55,23.2,34.9,0.0,969.7
2024-02-27T21:00,Bharati Station,-9.8,-16.7,51,21.6,33.5,0.0,969.8
2024-02-27T22:00,Bharati Station,-10.2,-16.9,57,20.5,31.7,0.0,969.8
2024-02-27T23:00,Bharati Station,-10.6,-17.2,59,19.8,30.2,0.0,970.2
2024-02-28T00:00,Bharati Station,-11.0,-17.4,61,19.0,29.5,1.0,970.3
2024-02-28T01:00,Bharati Station,-11.4,-17.5,79,17.9,28.1,21.0,969.0
2024-02-28T02:00,Bharati Station,-10.8,-17.2,60,18.3,28.1,86.0,969.3
2024-02-28T03:00,Bharati Station,-10.3,-17.1,47,20.5,29.9,193.0,969.4
2024-02-28T04:00,Bharati Station,-9.9,-17.2,46,24.0,34.2,275.0,969.7
2024-02-28T05:00,Bharati Station,-9.6,-17.1,46,25.3,36.7,318.0,969.9
2024-02-28T06:00,Bharati Station,-9.4,-17.0,45,26.1,37.4,349.0,969.9
2024-02-28T07:00,Bharati Station,-9.1,-16.7,45,25.8,37.4,391.0,969.9
2024-02-28T08:00,Bharati Station,-9.0,-16.6,47,26.4,37.4,397.0,969.9
2024-02-28T09:00,Bharati Station,-8.8,-16.8,50,29.3,40.7,371.0,969.9
2024-02-28T10:00,Bharati Station,-8.6,-16.8,52,31.1,43.6,353.0,969.7
2024-02-28T11:00,Bharati Station,-8.7,-16.8,56,31.1,43.6,263.0,969.5
2024-02-28T12:00,Bharati Station,-8.7,-17.1,60,33.1,45.7,141.0,969.2
2024-02-28T13:00,Bharati Station,-8.8,-18.1,54,38.5,53.6,8.0,969.7
2024-02-28T14:00,Bharati Station,-9.3,-18.4,54,37.6,53.6,25.0,969.5
2024-02-28T15:00,Bharati Station,-9.6,-18.7,55,37.1,52.6,1.0,969.8
2024-02-28T16:00,Bharati Station,-9.9,-18.8,55,35.5,51.8,0.0,969.8
2024-02-28T17:00,Bharati Station,-10.2,-18.9,56,34.6,50.0,0.0,969.7
2024-02-28T18:00,Bharati Station,-10.4,-19.2,57,34.6,49.0,0.0,969.8
2024-02-28T19:00,Bharati Station,-10.6,-19.1,58,33.0,48.6,0.0,969.6
2024-02-28T20:00,Bharati Station,-10.9,-19.0,57,30.4,46.4,0.0,969.8
2024-02-28T21:00,Bharati Station,-11.0,-18.8,56,28.0,43.2,0.0,970.0
2024-02-28T22:00,Bharati Station,-11.2,-18.7,56,25.8,40.3,0.0,970.1
2024-02-28T23:00,Bharati Station,-11.3,-18.6,58,24.6,37.8,0.0,970.2
2024-02-29T00:00,Bharati Station,-11.5,-18.7,61,23.6,36.4,0.0,970.4
2024-02-29T01:00,Bharati Station,-9.2,-16.2,62,23.7,34.2,7.0,969.1
2024-02-29T02:00,Bharati Station,-8.7,-15.5,61,22.3,34.6,15.0,969.2
2024-02-29T03:00,Bharati Station,-8.5,-16.1,61,27.2,37.4,24.0,969.4
2024-02-29T04:00,Bharati Station,-8.3,-16.4,58,30.7,42.5,30.0,969.5
2024-02-29T05:00,Bharati Station,-8.3,-16.4,54,30.1,42.8,245.0,969.6
2024-02-29T06:00,Bharati Station,-8.3,-16.2,53,29.4,42.1,321.0,969.8
2024-02-29T07:00,Bharati Station,-8.2,-16.2,51,29.8,41.8,287.0,969.9
2024-02-29T08:00,Bharati Station,-8.1,-15.9,51,28.8,41.4,277.0,969.8
2024-02-29T09:00,Bharati Station,-8.1,-15.9,51,28.7,40.7,232.0,969.8
2024-02-29T10:00,Bharati Station,-8.1,-15.8,52,27.5,40.0,260.0,969.9
2024-02-29T11:00,Bharati Station,-8.4,-15.7,53,25.2,38.5,231.0,969.5
2024-02-29T12:00,Bharati Station,-8.7,-15.6,52,22.0,35.6,183.0,969.2
2024-02-29T13:00,Bharati Station,-8.7,-14.7,59,16.4,25.6,102.0,967.2
2024-02-29T14:00,Bharati Station,-9.3,-15.3,82,18.1,26.6,22.0,967.3
2024-02-29T15:00,Bharati Station,-9.5,-16.1,63,21.0,30.6,1.0,967.4
2024-02-29T16:00,Bharati Station,-9.3,-16.2,61,22.7,32.8,0.0,967.6
2024-02-29T17:00,Bharati Station,-9.5,-16.7,63,24.6,35.3,0.0,967.4
2024-02-29T18:00,Bharati Station,-9.9,-17.1,65,25.0,36.0,0.0,967.6
2024-02-29T19:00,Bharati Station,-10.2,-17.4,66,24.5,36.0,0.0,967.7
2024-02-29T20:00,Bharati Station,-10.5,-17.7,68,24.6,35.6,0.0,967.7
2024-02-29T21:00,Bharati Station,-10.8,-17.9,68,23.7,35.6,0.0,967.5
2024-02-29T22:00,Bharati Station,-11.0,-17.9,67,22.8,34.6,0.0,967.4
2024-02-29T23:00,Bharati Station,-11.2,-18.1,67,22.6,33.8,0.0,967.4
2024-03-01T00:00,Bharati Station,-11.2,-18.1,67,21.8,33.5,0.0,967.5
2024-03-01T01:00,Bharati Station,-8.7,-16.3,58,27.7,38.9,18.0,966.1
2024-03-01T02:00,Bharati Station,-8.5,-16.5,58,30.3,41.8,71.0,966.2
2024-03-01T03:00,Bharati Station,-8.3,-16.4,59,31.1,43.6,137.0,966.3
2024-03-01T04:00,Bharati Station,-8.1,-16.2,59,31.0,43.6,250.0,966.5
2024-03-01T05:00,Bharati Station,-7.7,-15.6,57,29.6,43.2,330.0,966.6
2024-03-01T06:00,Bharati Station,-7.3,-15.2,55,29.5,41.4,374.0,967.1
2024-03-01T07:00,Bharati Station,-7.1,-15.0,53,29.4,41.0,417.0,967.4
2024-03-01T08:00,Bharati Station,-7.0,-14.8,51,28.7,41.0,398.0,967.7
2024-03-01T09:00,Bharati Station,-7.0,-14.7,51,27.9,40.0,393.0,968.0
2024-03-01T10:00,Bharati Station,-7.0,-14.6,51,27.2,38.9,358.0,968.0
2024-03-01T11:00,Bharati Station,-7.1,-14.7,53,27.1,38.2,284.0,968.1
2024-03-01T12:00,Bharati Station,-7.2,-14.9,55,28.1,38.9,201.0,968.1
2024-03-01T13:00,Bharati Station,-7.3,-14.0,52,21.3,30.2,85.0,967.9
2024-03-01T14:00,Bharati Station,-7.7,-15.0,55,25.0,34.6,25.0,968.5
2024-03-01T15:00,Bharati Station,-7.9,-15.3,59,26.6,37.4,1.0,969.1
2024-03-01T16:00,Bharati Station,-7.8,-15.4,60,27.7,38.9,0.0,969.8
2024-03-01T17:00,Bharati Station,-7.8,-15.5,61,28.8,40.7,0.0,970.5
2024-03-01T18:00,Bharati Station,-7.5,-15.6,62,31.4,43.2,0.0,970.9
2024-03-01T19:00,Bharati Station,-7.4,-15.6,59,32.1,44.3,0.0,971.4
2024-03-01T20:00,Bharati Station,-7.6,-16.1,57,33.5,46.4,0.0,972.1
2024-03-01T21:00,Bharati Station,-7.8,-16.3,59,33.5,46.8,0.0,972.5
2024-03-01T22:00,Bharati Station,-8.0,-16.5,59,33.8,47.2,0.0,972.6
2024-03-01T23:00,Bharati Station,-8.0,-16.7,58,34.9,48.2,0.0,973.3
2024-03-02T00:00,Bharati Station,-8.3,-17.1,58,36.0,50.0,0.0,973.9
2024-03-02T01:00,Bharati Station,-7.5,-16.4,60,36.5,50.4,18.0,974.2
2024-03-02T02:00,Bharati Station,-7.2,-16.2,58,37.6,50.8,75.0,975.0
2024-03-02T03:00,Bharati Station,-7.3,-16.8,56,40.7,55.4,84.0,975.5
2024-03-02T04:00,Bharati Station,-7.3,-16.6,57,38.9,55.8,85.0,975.9
2024-03-02T05:00,Bharati Station,-7.2,-16.3,55,37.4,53.6,164.0,976.5
2024-03-02T06:00,Bharati Station,-6.9,-15.5,54,34.6,51.5,398.0,977.1
2024-03-02T07:00,Bharati Station,-6.6,-14.4,55,29.5,47.2,435.0,977.2
2024-03-02T08:00,Bharati Station,-6.1,-13.3,55,24.9,40.7,419.0,977.4
2024-03-02T09:00,Bharati Station,-5.9,-12.6,54,21.9,34.9,380.0,977.5
2024-03-02T10:00,Bharati Station,-5.8,-12.1,53,18.9,30.6,334.0,977.5
2024-03-02T11:00,Bharati Station,-6.0,-12.0,55,17.2,27.4,264.0,977.2
2024-03-02T12:00,Bharati Station,-5.9,-11.5,57,14.7,24.8,54.0,976.9
2024-03-02T13:00,Bharati Station,-4.0,-10.2,58,19.3,26.3,0.0,976.2
2024-03-02T14:00,Bharati Station,-3.7,-9.9,59,20.1,28.4,0.0,976.2
2024-03-02T15:00,Bharati Station,-3.8,-9.4,58,15.3,27.4,0.0,976.1
2024-03-02T16:00,Bharati Station,-4.0,-9.4,57,14.1,21.2,0.0,976.0
2024-03-02T17:00,Bharati Station,-3.7,-9.0,60,13.9,20.2,0.0,975.9
2024-03-02T18:00,Bharati Station,-3.3,-8.9,59,16.2,21.2,0.0,975.8
2024-03-02T19:00,Bharati Station,-3.1,-9.8,59,23.4,29.5,0.0,975.5
2024-03-02T20:00,Bharati Station,-3.2,-10.2,59,25.6,33.8,0.0,975.4
2024-03-02T21:00,Bharati Station,-3.3,-10.3,60,25.7,34.6,0.0,975.3
2024-03-02T22:00,Bharati Station,-3.5,-10.4,60,25.1,34.9,0.0,974.8
2024-03-02T23:00,Bharati Station,-3.5,-10.3,58,23.7,33.5,0.0,974.5
2024-03-03T00:00,Bharati Station,-3.7,-10.5,55,23.1,31.7,0.0,973.9
2024-03-03T01:00,Bharati Station,-3.3,-10.3,56,25.7,37.4,0.0,972.8
2024-03-03T02:00,Bharati Station,-3.3,-9.9,53,22.2,33.8,1.0,972.1
2024-03-03T03:00,Bharati Station,-3.5,-9.7,49,19.2,29.5,9.0,971.0
2024-03-03T04:00,Bharati Station,-3.4,-9.3,47,16.5,26.3,13.0,969.9
2024-03-03T05:00,Bharati Station,-3.2,-9.0,47,15.5,23.0,15.0,969.3
2024-03-03T06:00,Bharati Station,-2.9,-8.3,48,13.6,21.6,14.0,968.2
2024-03-03T07:00,Bharati Station,-2.4,-7.9,50,14.6,19.4,25.0,967.2
2024-03-03T08:00,Bharati Station,-2.1,-7.7,56,16.4,21.2,34.0,966.3
2024-03-03T09:00,Bharati Station,-2.0,-8.3,60,21.2,26.6,22.0,965.6
2024-03-03T10:00,Bharati Station,-1.9,-8.3,59,22.3,28.4,18.0,964.9
2024-03-03T11:00,Bharati Station,-1.7,-8.7,60,26.9,33.8,7.0,964.3
2024-03-03T12:00,Bharati Station,-1.6,-9.0,56,28.7,37.1,1.0,963.7
2024-03-03T13:00,Bharati Station,-2.7,-11.3,56,36.2,53.3,0.0,963.6
2024-03-03T14:00,Bharati Station,-2.6,-10.5,57,31.6,49.0,0.0,963.1
2024-03-03T15:00,Bharati Station,-2.3,-10.2,51,31.7,41.8,0.0,962.4
2024-03-03T16:00,Bharati Station,-2.0,-10.1,48,32.4,43.2,0.0,962.1
2024-03-03T17:00,Bharati Station,-2.1,-10.3,50,33.6,45.7,0.0,961.8
2024-03-03T18:00,Bharati Station,-2.0,-11.0,50,38.6,50.0,0.0,961.6
2024-03-03T19:00,Bharati Station,-1.9,-11.6,49,43.3,56.9,0.0,961.5
2024-03-03T20:00,Bharati Station,-1.9,-11.7,49,43.9,58.3,0.0,961.5
2024-03-03T21:00,Bharati Station,-1.9,-11.3,50,41.4,58.7,0.0,961.7
2024-03-03T22:00,Bharati Station,-1.8,-10.9,53,39.6,55.4,0.0,962.2
2024-03-03T23:00,Bharati Station,-1.8,-10.7,54,39.1,52.2,0.0,962.6
2024-03-04T00:00,Bharati Station,-1.7,-10.6,54,39.0,51.5,0.0,962.8
2024-03-04T01:00,Bharati Station,-2.3,-12.8,49,49.3,70.2,0.0,962.8
2024-03-04T02:00,Bharati Station,-2.0,-11.3,51,40.6,66.6,0.0,963.0
2024-03-04T03:00,Bharati Station,-1.9,-11.4,50,42.0,56.2,1.0,963.4
2024-03-04T04:00,Bharati Station,-1.8,-11.0,49,40.1,55.4,7.0,963.5
2024-03-04T05:00,Bharati Station,-1.6,-10.7,46,38.8,51.1,21.0,964.1
2024-03-04T06:00,Bharati Station,-1.6,-9.8,52,33.7,50.4,124.0,964.1
2024-03-04T07:00,Bharati Station,-1.6,-9.9,52,34.2,47.2,177.0,964.0
2024-03-04T08:00,Bharati Station,-1.7,-10.2,51,35.3,48.2,279.0,964.0
2024-03-04T09:00,Bharati Station,-1.8,-10.2,53,34.8,46.4,328.0,963.9
2024-03-04T10:00,Bharati Station,-1.8,-9.7,54,31.4,45.4,319.0,963.6
2024-03-04T11:00,Bharati Station,-1.8,-9.2,53,28.5,43.6,257.0,963.7
2024-03-04T12:00,Bharati Station,-1.9,-9.5,54,30.1,42.1,171.0,963.4
2024-03-04T13:00,Bharati Station,-2.3,-11.2,50,38.2,47.9,68.0,963.6
2024-03-04T14:00,Bharati Station,-2.5,-10.8,52,34.0,51.5,9.0,963.4
2024-03-04T15:00,Bharati Station,-2.7,-11.1,53,35.1,46.1,0.0,962.7
2024-03-04T16:00,Bharati Station,-2.5,-11.0,53,35.5,47.2,0.0,962.4
2024-03-04T17:00,Bharati Station,-1.9,-11.4,54,42.7,53.6,0.0,961.9
2024-03-04T18:00,Bharati Station,-1.2,-11.0,46,44.3,55.1,0.0,961.7
2024-03-04T19:00,Bharati Station,-1.1,-9.6,48,35.4,60.8,0.0,961.8
2024-03-04T20:00,Bharati Station,-1.1,-9.2,51,33.7,57.2,0.0,962.2
2024-03-04T21:00,Bharati Station,-0.9,-9.1,54,33.9,45.7,0.0,962.2
2024-03-04T22:00,Bharati Station,-0.8,-8.9,56,33.8,43.9,0.0,962.9
2024-03-04T23:00,Bharati Station,-0.8,-9.3,54,36.2,46.1,0.0,963.2
2024-03-05T00:00,Bharati Station,-0.8,-9.4,52,36.7,47.5,0.0,963.5
2024-03-05T01:00,Bharati Station,-1.7,-11.4,55,44.4,61.9,1.0,962.8
2024-03-05T02:00,Bharati Station,-1.5,-10.1,54,37.1,59.0,3.0,962.9
2024-03-05T03:00,Bharati Station,-1.3,-9.7,52,34.8,48.2,8.0,962.8
2024-03-05T04:00,Bharati Station,-1.2,-9.7,50,35.6,45.4,57.0,962.7
2024-03-05T05:00,Bharati Station,-1.0,-9.6,49,36.3,47.5,157.0,962.6
2024-03-05T06:00,Bharati Station,-0.6,-8.5,50,31.7,47.5,240.0,962.6
2024-03-05T07:00,Bharati Station,-0.3,-7.8,52,29.2,41.8,232.0,962.8
2024-03-05T08:00,Bharati Station,-0.3,-6.8,56,23.8,36.7,32.0,962.9
2024-03-05T09:00,Bharati Station,-0.4,-7.4,59,27.6,36.0,57.0,962.7
2024-03-05T10:00,Bharati Station,-0.3,-7.0,58,25.2,34.6,57.0,962.8
2024-03-05T11:00,Bharati Station,-0.2,-7.7,55,30.4,37.8,24.0,962.8
2024-03-05T12:00,Bharati Station,-0.3,-8.0,54,31.7,40.3,14.0,962.7
2024-03-05T13:00,Bharati Station,-1.1,-8.8,60,31.9,43.9,12.0,961.7
2024-03-05T14:00,Bharati Station,-1.1,-9.3,59,34.5,45.0,2.0,961.5
2024-03-05T15:00,Bharati Station,-1.1,-9.4,58,35.0,45.0,0.0,961.6
2024-03-05T16:00,Bharati Station,-1.1,-9.6,57,37.2,47.9,0.0,961.6
2024-03-05T17:00,Bharati Station,-1.2,-9.9,58,38.4,51.1,0.0,961.7
2024-03-05T18:00,Bharati Station,-1.3,-9.8,58,36.8,50.8,0.0,961.9
2024-03-05T19:00,Bharati Station,-1.3,-10.0,56,38.0,49.3,0.0,962.2
2024-03-05T20:00,Bharati Station,-1.4,-10.7,54,41.7,54.0,0.0,962.5
2024-03-05T21:00,Bharati Station,-1.6,-10.9,53,41.6,55.1,0.0,962.7
2024-03-05T22:00,Bharati Station,-1.8,-11.1,53,41.4,57.2,0.0,962.8
2024-03-05T23:00,Bharati Station,-1.9,-11.1,53,40.2,56.5,0.0,963.2
2024-03-06T00:00,Bharati Station,-2.2,-10.8,57,37.4,55.1,0.0,963.4
2024-03-06T01:00,Bharati Station,-2.8,-11.6,57,37.9,54.4,0.0,962.1
2024-03-06T02:00,Bharati Station,-2.7,-11.0,57,34.9,50.4,3.0,962.2
2024-03-06T03:00,Bharati Station,-2.7,-11.0,56,34.0,46.1,5.0,962.5
2024-03-06T04:00,Bharati Station,-2.7,-10.9,58,34.0,44.6,22.0,962.6
2024-03-06T05:00,Bharati Station,-2.7,-11.0,59,34.7,45.0,13.0,962.7
2024-03-06T06:00,Bharati Station,-2.6,-11.1,58,35.6,46.8,43.0,962.7
2024-03-06T07:00,Bharati Station,-2.5,-11.0,56,35.5,47.5,22.0,962.9
2024-03-06T08:00,Bharati Station,-2.5,-10.9,57,35.8,47.9,24.0,963.1
2024-03-06T09:00,Bharati Station,-2.3,-10.8,56,35.9,47.5,36.0,963.1
2024-03-06T10:00,Bharati Station,-2.3,-10.6,57,34.6,48.2,8.0,963.5
2024-03-06T11:00,Bharati Station,-2.3,-10.3,57,32.7,45.4,1.0,964.0
2024-03-06T12:00,Bharati Station,-2.3,-10.2,56,32.1,43.2,1.0,964.1
2024-03-06T13:00,Bharati Station,-3.0,-11.0,58,32.3,43.6,11.0,964.5
2024-03-06T14:00,Bharati Station,-3.3,-11.3,59,32.3,42.5,1.0,964.8
2024-03-06T15:00,Bharati Station,-3.6,-11.4,59,31.4,42.5,0.0,965.2
2024-03-06T16:00,Bharati Station,-3.7,-11.6,60,31.6,42.1,0.0,965.7
2024-03-06T17:00,Bharati Station,-3.8,-11.6,62,31.2,41.8,0.0,966.2
2024-03-06T18:00,Bharati Station,-3.8,-11.6,62,31.1,41.8,0.0,966.6
2024-03-06T19:00,Bharati Station,-3.7,-11.3,61,30.1,41.8,0.0,967.2
2024-03-06T20:00,Bharati Station,-3.7,-11.1,61,28.6,40.3,0.0,968.0
2024-03-06T21:00,Bharati Station,-3.7,-11.0,61,27.5,38.2,0.0,968.6
2024-03-06T22:00,Bharati Station,-3.7,-11.0,62,27.5,36.7,0.0,969.2
2024-03-06T23:00,Bharati Station,-3.7,-10.9,61,27.1,36.4,0.0,970.0
2024-03-07T00:00,Bharati Station,-3.8,-11.0,61,27.1,36.0,0.0,970.5
2024-03-07T01:00,Bharati Station,-4.0,-10.8,60,23.9,36.4,1.0,970.8
2024-03-07T02:00,Bharati Station,-4.0,-10.3,60,20.5,32.0,8.0,971.3
2024-03-07T03:00,Bharati Station,-3.8,-10.0,59,19.7,28.1,4.0,972.0
2024-03-07T04:00,Bharati Station,-3.6,-9.7,60,19.2,27.0,15.0,972.4
2024-03-07T05:00,Bharati Station,-3.2,-9.6,64,22.5,29.5,7.0,972.8
2024-03-07T06:00,Bharati Station,-2.5,-10.0,61,29.8,38.2,3.0,973.1
2024-03-07T07:00,Bharati Station,-2.4,-9.9,64,29.9,40.3,53.0,973.8
2024-03-07T08:00,Bharati Station,-2.5,-9.5,70,27.7,39.6,15.0,974.3
2024-03-07T09:00,Bharati Station,-2.5,-9.5,71,27.6,36.4,0.0,974.5
2024-03-07T10:00,Bharati Station,-2.5,-9.8,70,29.3,38.2,9.0,974.7
2024-03-07T11:00,Bharati Station,-2.6,-10.9,80,37.7,47.9,1.0,975.0
2024-03-07T12:00,Bharati Station,-2.5,-11.1,87,39.9,51.8,0.0,975.0
2024-03-07T13:00,Bharati Station,-3.0,-12.1,85,43.1,55.8,0.0,975.4
2024-03-07T14:00,Bharati Station,-2.9,-12.5,88,46.8,62.3,1.0,975.9
2024-03-07T15:00,Bharati Station,-3.2,-13.1,89,49.3,65.2,0.0,976.5
2024-03-07T16:00,Bharati Station,-3.3,-12.6,87,44.8,66.2,0.0,977.2
2024-03-07T17:00,Bharati Station,-3.3,-12.3,83,42.1,60.5,0.0,977.7
2024-03-07T18:00,Bharati Station,-3.7,-12.1,79,37.6,55.8,0.0,978.2
2024-03-07T19:00,Bharati Station,-3.9,-12.6,66,37.8,50.0,0.0,978.5
2024-03-07T20:00,Bharati Station,-4.0,-12.8,57,37.5,50.8,0.0,978.8
2024-03-07T21:00,Bharati Station,-4.2,-12.8,55,35.4,50.4,0.0,979.1
2024-03-07T22:00,Bharati Station,-4.5,-13.0,55,34.8,47.5,0.0,979.1
2024-03-07T23:00,Bharati Station,-4.5,-12.9,56,34.2,46.4,0.0,978.9
2024-03-08T00:00,Bharati Station,-4.6,-13.0,55,34.2,46.1,0.0,978.6
2024-03-08T01:00,Bharati Station,-5.2,-13.2,55,30.7,44.3,0.0,979.6
2024-03-08T02:00,Bharati Station,-5.4,-13.1,54,29.0,41.8,4.0,979.5
2024-03-08T03:00,Bharati Station,-5.4,-12.8,50,26.3,39.6,25.0,979.4
2024-03-08T04:00,Bharati Station,-5.4,-12.3,47,23.1,36.4,56.0,979.5
2024-03-08T05:00,Bharati Station,-5.4,-12.2,45,22.0,32.0,152.0,979.7
2024-03-08T06:00,Bharati Station,-5.3,-11.7,44,19.4,30.2,130.0,979.6
2024-03-08T07:00,Bharati Station,-5.1,-11.2,43,17.2,27.4,118.0,979.7
2024-03-08T08:00,Bharati Station,-4.9,-10.7,43,14.9,24.5,162.0,979.9
2024-03-08T09:00,Bharati Station,-5.0,-10.4,42,12.1,21.6,250.0,980.0
2024-03-08T10:00,Bharati Station,-5.3,-10.5,42,10.9,18.4,261.0,980.1
2024-03-08T11:00,Bharati Station,-5.6,-10.9,49,11.8,18.0,137.0,980.3
2024-03-08T12:00,Bharati Station,-6.0,-11.4,50,12.3,18.7,102.0,980.3
2024-03-08T13:00,Bharati Station,-7.3,-12.9,80,16.0,23.4,59.0,980.0
2024-03-08T14:00,Bharati Station,-7.8,-13.7,74,17.1,25.2,15.0,980.3
2024-03-08T15:00,Bharati Station,-8.3,-14.3,64,17.4,26.3,0.0,980.7
2024-03-08T16:00,Bharati Station,-8.7,-14.9,63,18.0,26.6,0.0,980.7
2024-03-08T17:00,Bharati Station,-8.9,-15.2,62,18.2,27.4,0.0,980.7
2024-03-08T18:00,Bharati Station,-9.1,-15.3,54,17.1,27.4,0.0,980.7
2024-03-08T19:00,Bharati Station,-9.3,-15.1,57,15.0,25.9,0.0,981.0
2024-03-08T20:00,Bharati Station,-9.6,-15.3,58,14.0,23.4,0.0,981.6
2024-03-08T21:00,Bharati Station,-9.8,-15.5,68,15.0,23.4,0.0,981.7
2024-03-08T22:00,Bharati Station,-10.1,-15.8,71,14.6,24.1,0.0,981.9
2024-03-08T23:00,Bharati Station,-10.3,-16.0,74,14.3,23.0,0.0,982.3
2024-03-09T00:00,Bharati Station,-10.6,-16.3,76,15.1,23.8,0.0,982.4
2024-03-09T01:00,Bharati Station,-11.4,-17.0,77,14.3,27.0,6.0,982.2
2024-03-09T02:00,Bharati Station,-11.3,-17.0,64,13.6,23.4,34.0,982.5
2024-03-09T03:00,Bharati Station,-10.9,-16.5,59,13.0,22.7,73.0,982.8
2024-03-09T04:00,Bharati Station,-10.4,-15.8,59,11.5,21.6,218.0,982.9
2024-03-09T05:00,Bharati Station,-10.0,-15.1,58,9.7,19.4,298.0,982.9
2024-03-09T06:00,Bharati Station,-9.6,-14.5,58,8.4,17.3,353.0,982.9
2024-03-09T07:00,Bharati Station,-8.9,-14.0,47,9.1,16.2,383.0,983.1
2024-03-09T08:00,Bharati Station,-8.5,-14.1,41,12.3,19.4,385.0,983.4
2024-03-09T09:00,Bharati Station,-8.5,-14.6,47,15.8,24.1,359.0,983.5
2024-03-09T10:00,Bharati Station,-8.7,-14.8,53,16.9,25.6,307.0,983.8
2024-03-09T11:00,Bharati Station,-8.7,-14.7,55,16.6,25.9,235.0,983.8
2024-03-09T12:00,Bharati Station,-8.7,-14.8,59,16.9,25.6,153.0,983.8
2024-03-09T13:00,Bharati Station,-9.1,-15.3,61,17.3,25.9,70.0,983.8
2024-03-09T14:00,Bharati Station,-9.6,-16.1,60,19.1,28.1,11.0,984.1
2024-03-09T15:00,Bharati Station,-9.7,-16.2,66,20.1,29.2,0.0,984.4
2024-03-09T16:00,Bharati Station,-9.8,-16.1,81,19.3,29.5,0.0,984.4
2024-03-09T17:00,Bharati Station,-10.1,-16.5,82,19.8,29.5,0.0,984.6
2024-03-09T18:00,Bharati Station,-10.6,-17.1,87,20.9,30.6,0.0,984.5
2024-03-09T19:00,Bharati Station,-10.9,-17.3,93,20.2,30.6,0.0,984.5
2024-03-09T20:00,Bharati Station,-11.2,-17.4,98,19.1,30.2,0.0,984.8
2024-03-09T21:00,Bharati Station,-11.5,-17.5,100,18.1,28.8,0.0,985.3
2024-03-09T22:00,Bharati Station,-11.7,-17.8,100,18.4,27.7,0.0,985.5
2024-03-09T23:00,Bharati Station,-11.8,-17.8,100,17.9,28.1,0.0,985.6
2024-03-10T00:00,Bharati Station,-12.5,-18.6,100,18.2,28.4,0.0,985.8
2024-03-10T01:00,Bharati Station,-12.9,-18.9,94,17.6,27.4,2.0,985.3
2024-03-10T02:00,Bharati Station,-12.7,-18.8,95,17.4,28.1,41.0,985.3
2024-03-10T03:00,Bharati Station,-11.7,-17.6,88,16.0,27.4,110.0,985.5
2024-03-10T04:00,Bharati Station,-10.7,-16.4,66,13.9,25.2,127.0,985.4
2024-03-10T05:00,Bharati Station,-9.9,-15.2,57,11.5,22.7,176.0,985.7
2024-03-10T06:00,Bharati Station,-9.3,-14.6,46,10.9,19.4,197.0,985.8
2024-03-10T07:00,Bharati Station,-8.9,-14.2,44,10.3,18.7,189.0,985.6
2024-03-10T08:00,Bharati Station,-8.6,-13.7,43,9.0,18.0,309.0,985.6
2024-03-10T09:00,Bharati Station,-8.3,-13.2,43,8.0,16.2,258.0,985.4
2024-03-10T10:00,Bharati Station,-8.0,-12.9,45,8.0,14.8,184.0,985.3
2024-03-10T11:00,Bharati Station,-7.8,-12.7,48,8.3,14.8,107.0,984.9
2024-03-10T12:00,Bharati Station,-7.6,-12.7,52,10.1,16.6,62.0,984.4
2024-03-10T13:00,Bharati Station,-7.9,-13.4,52,12.2,19.4,47.0,984.7
2024-03-10T14:00,Bharati Station,-7.9,-13.5,53,13.8,21.2,4.0,984.7
2024-03-10T15:00,Bharati Station,-7.9,-13.6,52,14.4,22.3,0.0,984.7
2024-03-10T16:00,Bharati Station,-7.8,-13.5,51,14.4,22.3,0.0,984.7
2024-03-10T17:00,Bharati Station,-7.7,-13.6,51,15.8,23.4,0.0,984.6
2024-03-10T18:00,Bharati Station,-7.5,-13.6,50,16.6,24.8,0.0,984.6
2024-03-10T19:00,Bharati Station,-7.4,-13.4,49,16.3,24.8,0.0,984.6
2024-03-10T20:00,Bharati Station,-7.4,-13.6,50,17.7,25.6,0.0,984.6
2024-03-10T21:00,Bharati Station,-7.4,-13.8,49,18.7,27.0,0.0,984.6
2024-03-10T22:00,Bharati Station,-7.4,-13.6,48,17.7,27.4,0.0,984.7
2024-03-10T23:00,Bharati Station,-7.2,-13.1,46,15.2,25.9,0.0,984.4
2024-03-11T00:00,Bharati Station,-6.9,-12.6,46,13.7,22.7,0.0,984.1
2024-03-11T01:00,Bharati Station,-7.0,-12.2,45,10.4,17.6,0.0,980.5
2024-03-11T02:00,Bharati Station,-5.8,-12.9,46,23.8,30.2,0.0,981.2
2024-03-11T03:00,Bharati Station,-6.0,-14.3,56,32.8,44.6,0.0,981.7
2024-03-11T04:00,Bharati Station,-5.5,-12.4,59,23.9,44.6,4.0,982.5
2024-03-11T05:00,Bharati Station,-5.4,-11.8,58,20.5,33.1,7.0,982.9
2024-03-11T06:00,Bharati Station,-5.3,-11.1,52,16.0,28.4,19.0,983.1
2024-03-11T07:00,Bharati Station,-5.2,-10.1,46,9.5,23.0,66.0,983.1
2024-03-11T08:00,Bharati Station,-5.2,-9.9,50,7.8,15.5,104.0,982.7
2024-03-11T09:00,Bharati Station,-5.1,-9.6,53,6.8,13.3,34.0,982.6
2024-03-11T10:00,Bharati Station,-4.9,-9.4,50,6.4,12.2,9.0,982.4
2024-03-11T11:00,Bharati Station,-4.8,-9.3,52,6.9,11.9,1.0,982.2
2024-03-11T12:00,Bharati Station,-4.6,-9.0,56,6.8,11.9,0.0,982.0
2024-03-11T13:00,Bharati Station,-4.2,-8.8,56,8.1,13.3,0.0,981.9
2024-03-11T14:00,Bharati Station,-4.3,-9.1,57,9.7,14.4,0.0,981.8
2024-03-11T15:00,Bharati Station,-4.7,-10.2,64,15.0,20.9,0.0,981.9
2024-03-11T16:00,Bharati Station,-4.7,-10.6,66,17.7,24.5,0.0,982.0
2024-03-11T17:00,Bharati Station,-4.6,-10.7,66,19.5,26.6,0.0,981.9
2024-03-11T18:00,Bharati Station,-4.6,-10.8,67,20.1,27.7,0.0,981.8
2024-03-11T19:00,Bharati Station,-4.4,-10.6,65,20.3,27.7,0.0,981.7
2024-03-11T20:00,Bharati Station,-4.0,-10.3,63,20.6,27.7,0.0,981.3
2024-03-11T21:00,Bharati Station,-3.7,-9.9,61,19.8,27.7,0.0,981.2
2024-03-11T22:00,Bharati Station,-3.6,-9.7,61,19.5,26.6,0.0,981.1
2024-03-11T23:00,Bharati Station,-3.4,-9.5,61,19.1,26.6,0.0,980.9
2024-03-12T00:00,Bharati Station,-3.0,-9.2,59,20.3,27.0,0.0,980.4
2024-03-12T01:00,Bharati Station,-3.3,-9.7,68,22.3,33.5,0.0,979.5
2024-03-12T02:00,Bharati Station,-3.2,-9.4,68,21.2,29.9,0.0,979.2
2024-03-12T03:00,Bharati Station,-2.5,-9.7,65,27.6,36.0,1.0,979.0
2024-03-12T04:00,Bharati Station,-2.4,-9.0,64,23.4,36.0,0.0,979.1
2024-03-12T05:00,Bharati Station,-2.2,-8.1,65,19.1,30.6,2.0,979.1
2024-03-12T06:00,Bharati Station,-2.1,-7.3,66,14.7,25.2,1.0,979.0
2024-03-12T07:00,Bharati Station,-2.0,-6.5,67,9.8,19.4,1.0,979.0
2024-03-12T08:00,Bharati Station,-1.7,-6.0,66,8.6,13.0,5.0,978.4
2024-03-12T09:00,Bharati Station,-1.3,-5.5,66,8.1,10.8,10.0,978.2
2024-03-12T10:00,Bharati Station,-1.2,-5.7,65,10.2,12.2,6.0,977.7
2024-03-12T11:00,Bharati Station,-1.0,-6.2,63,14.4,17.3,13.0,977.6
2024-03-12T12:00,Bharati Station,-1.0,-6.8,60,18.7,22.7,1.0,977.3
2024-03-12T13:00,Bharati Station,-1.2,-7.9,59,24.5,33.1,2.0,977.2
2024-03-12T14:00,Bharati Station,-1.4,-7.8,61,23.0,31.7,0.0,977.2
2024-03-12T15:00,Bharati Station,-1.4,-7.7,59,21.7,29.5,0.0,977.3
2024-03-12T16:00,Bharati Station,-1.5,-8.1,57,23.8,29.5,0.0,977.3
2024-03-12T17:00,Bharati Station,-1.6,-9.2,54,29.9,37.8,0.0,977.0
2024-03-12T18:00,Bharati Station,-1.5,-9.2,56,30.4,40.3,0.0,977.1
2024-03-12T19:00,Bharati Station,-1.6,-8.7,60,27.2,39.2,0.0,977.2
2024-03-12T20:00,Bharati Station,-1.7,-8.4,62,24.9,34.9,0.0,977.1
2024-03-12T21:00,Bharati Station,-1.6,-8.8,61,28.1,35.6,0.0,977.0
2024-03-12T22:00,Bharati Station,-1.7,-8.6,63,26.4,36.4,0.0,977.0
2024-03-12T23:00,Bharati Station,-1.6,-8.5,62,25.9,34.2,0.0,977.3
2024-03-13T00:00,Bharati Station,-1.4,-8.5,60,27.5,34.6,0.0,976.9
2024-03-13T01:00,Bharati Station,-1.6,-10.8,60,41.5,54.4,0.0,976.2
2024-03-13T02:00,Bharati Station,-1.6,-11.1,60,43.4,59.4,0.0,976.5
2024-03-13T03:00,Bharati Station,-1.5,-10.6,62,40.8,58.0,0.0,977.4
2024-03-13T04:00,Bharati Station,-1.5,-11.0,65,44.2,57.2,0.0,978.7
2024-03-13T05:00,Bharati Station,-1.6,-11.9,64,49.5,65.5,0.0,980.2
2024-03-13T06:00,Bharati Station,-1.8,-11.1,64,42.8,66.6,0.0,981.8
2024-03-13T07:00,Bharati Station,-1.7,-10.5,62,38.8,56.9,1.0,982.8
2024-03-13T08:00,Bharati Station,-1.8,-9.8,63,33.4,51.1,17.0,983.6
2024-03-13T09:00,Bharati Station,-1.8,-9.0,65,28.1,43.6,18.0,984.4
2024-03-13T10:00,Bharati Station,-2.0,-8.5,67,23.8,36.4,11.0,985.2
2024-03-13T11:00,Bharati Station,-2.2,-8.0,69,19.3,31.3,5.0,985.9
2024-03-13T12:00,Bharati Station,-2.2,-7.7,67,16.9,24.8,9.0,986.2
2024-03-13T13:00,Bharati Station,-2.2,-7.6,67,15.8,20.2,1.0,986.8
2024-03-13T14:00,Bharati Station,-2.5,-8.6,61,20.2,25.6,0.0,987.2
2024-03-13T15:00,Bharati Station,-3.1,-9.6,63,22.8,29.9,0.0,987.3
2024-03-13T16:00,Bharati Station,-3.3,-9.5,62,20.5,29.9,0.0,987.5
2024-03-13T17:00,Bharati Station,-3.5,-9.5,59,18.9,27.0,0.0,987.8
2024-03-13T18:00,Bharati Station,-3.6,-9.8,58,19.4,25.6,0.0,987.9
2024-03-13T19:00,Bharati Station,-3.8,-10.2,58,20.6,27.7,0.0,987.8
2024-03-13T20:00,Bharati Station,-4.0,-10.5,58,21.7,29.2,0.0,988.0
2024-03-13T21:00,Bharati Station,-4.1,-10.5,58,20.6,28.8,0.0,988.0
2024-03-13T22:00,Bharati Station,-4.3,-10.5,58,19.8,27.7,0.0,988.0
2024-03-13T23:00,Bharati Station,-4.5,-10.7,59,19.1,27.0,0.0,988.2
2024-03-14T00:00,Bharati Station,-4.7,-10.8,59,18.7,26.3,0.0,988.1
2024-03-14T01:00,Bharati Station,-4.8,-11.7,60,24.4,35.3,0.0,988.0
2024-03-14T02:00,Bharati Station,-4.8,-11.7,53,23.2,33.5,0.0,987.8
2024-03-14T03:00,Bharati Station,-5.0,-11.8,50,22.4,32.4,4.0,987.6
2024-03-14T04:00,Bharati Station,-5.3,-11.8,51,20.3,31.3,32.0,987.3
2024-03-14T05:00,Bharati Station,-5.4,-11.6,52,18.6,28.8,42.0,987.1
2024-03-14T06:00,Bharati Station,-5.4,-11.2,54,16.3,26.6,42.0,986.7
2024-03-14T07:00,Bharati Station,-5.4,-11.1,57,15.6,23.8,86.0,986.3
2024-03-14T08:00,Bharati Station,-5.4,-10.9,59,14.7,22.7,126.0,986.2
2024-03-14T09:00,Bharati Station,-5.3,-10.8,58,14.3,21.6,136.0,986.1
2024-03-14T10:00,Bharati Station,-5.3,-10.5,57,12.2,20.9,60.0,985.9
2024-03-14T11:00,Bharati Station,-5.3,-10.3,54,10.7,18.7,40.0,985.7
2024-03-14T12:00,Bharati Station,-5.6,-10.5,57,10.0,16.9,19.0,985.4
2024-03-14T13:00,Bharati Station,-5.8,-12.1,55,19.4,27.4,3.0,984.9
2024-03-14T14:00,Bharati Station,-6.2,-12.7,54,20.2,28.8,0.0,984.6
2024-03-14T15:00,Bharati Station,-6.5,-13.0,51,19.8,29.2,0.0,984.5
2024-03-14T16:00,Bharati Station,-6.8,-13.6,51,22.3,31.7,0.0,984.4
2024-03-14T17:00,Bharati Station,-6.9,-14.0,49,23.8,33.1,0.0,984.3
2024-03-14T18:00,Bharati Station,-7.3,-14.6,50,25.2,35.3,0.0,984.1
2024-03-14T19:00,Bharati Station,-7.7,-15.0,53,25.6,36.4,0.0,984.1
2024-03-14T20:00,Bharati Station,-7.8,-15.1,53,25.4,36.0,0.0,984.2
2024-03-14T21:00,Bharati Station,-7.8,-15.3,53,26.4,37.1,0.0,984.5
2024-03-14T22:00,Bharati Station,-7.9,-15.6,52,27.8,38.5,0.0,984.6
2024-03-14T23:00,Bharati Station,-8.0,-15.8,53,28.6,40.3,0.0,984.8
2024-03-15T00:00,Bharati Station,-8.1,-15.9,52,28.9,40.3,0.0,984.8
2024-03-15T01:00,Bharati Station,-8.4,-16.9,55,33.3,46.4,0.0,985.0
2024-03-15T02:00,Bharati Station,-8.5,-16.9,55,32.7,46.4,7.0,985.2
2024-03-15T03:00,Bharati Station,-8.6,-16.9,54,31.6,45.7,36.0,985.1
2024-03-15T04:00,Bharati Station,-8.6,-16.7,52,30.4,44.3,90.0,985.0
2024-03-15T05:00,Bharati Station,-8.5,-16.4,52,28.9,42.8,132.0,984.9
2024-03-15T06:00,Bharati Station,-8.4,-16.1,52,27.4,41.0,198.0,984.8
2024-03-15T07:00,Bharati Station,-8.3,-15.7,53,25.1,38.9,286.0,984.8
2024-03-15T08:00,Bharati Station,-8.3,-15.2,53,22.5,36.0,317.0,984.8
2024-03-15T09:00,Bharati Station,-8.3,-14.9,53,20.4,32.4,289.0,984.9
2024-03-15T10:00,Bharati Station,-8.3,-14.7,54,18.4,29.9,231.0,985.1
2024-03-15T11:00,Bharati Station,-8.4,-14.6,53,17.3,27.7,177.0,985.1
2024-03-15T12:00,Bharati Station,-8.5,-14.5,54,16.2,26.3,100.0,985.1
2024-03-15T13:00,Bharati Station,-9.0,-15.2,55,17.3,26.3,36.0,985.4
2024-03-15T14:00,Bharati Station,-9.2,-15.3,54,16.6,26.3,1.0,985.6
2024-03-15T15:00,Bharati Station,-9.4,-15.5,52,16.5,25.9,0.0,985.6
2024-03-15T16:00,Bharati Station,-9.5,-15.8,50,18.0,27.0,0.0,985.6
2024-03-15T17:00,Bharati Station,-9.6,-16.2,52,20.2,29.9,0.0,985.5
2024-03-15T18:00,Bharati Station,-9.5,-16.4,53,21.3,31.3,0.0,985.6
2024-03-15T19:00,Bharati Station,-9.5,-16.5,52,22.1,32.4,0.0,986.0
2024-03-15T20:00,Bharati Station,-9.6,-16.8,53,24.0,34.6,0.0,986.4
2024-03-15T21:00,Bharati Station,-9.7,-17.2,53,26.2,37.4,0.0,986.7
2024-03-15T22:00,Bharati Station,-9.9,-17.5,53,26.5,38.2,0.0,987.0
2024-03-15T23:00,Bharati Station,-10.0,-17.5,55,26.4,38.9,0.0,987.4
2024-03-16T00:00,Bharati Station,-10.1,-17.7,52,26.3,38.2,0.0,987.6
2024-03-16T01:00,Bharati Station,-10.8,-18.9,58,30.4,45.0,0.0,986.9
2024-03-16T02:00,Bharati Station,-10.7,-18.7,56,28.9,43.6,25.0,987.3
2024-03-16T03:00,Bharati Station,-10.7,-18.3,56,26.8,41.8,90.0,987.7
2024-03-16T04:00,Bharati Station,-10.6,-17.9,56,24.8,38.9,166.0,988.0
2024-03-16T05:00,Bharati Station,-10.4,-17.5,56,23.2,36.7,240.0,988.3
2024-03-16T06:00,Bharati Station,-10.2,-16.9,54,20.4,34.6,295.0,988.6
2024-03-16T07:00,Bharati Station,-10.0,-16.3,53,17.7,31.3,326.0,989.0
2024-03-16T08:00,Bharati Station,-9.9,-15.9,51,15.5,27.7,327.0,989.1
2024-03-16T09:00,Bharati Station,-9.8,-15.6,48,14.1,25.2,299.0,989.4
2024-03-16T10:00,Bharati Station,-9.7,-15.4,47,13.1,23.4,248.0,989.7
2024-03-16T11:00,Bharati Station,-9.8,-15.3,47,12.1,21.6,180.0,990.1
2024-03-16T12:00,Bharati Station,-9.9,-15.4,50,11.9,20.5,103.0,990.2
2024-03-16T13:00,Bharati Station,-10.3,-16.7,57,18.4,27.7,33.0,990.0
2024-03-16T14:00,Bharati Station,-10.5,-17.2,57,20.5,31.3,1.0,990.4
2024-03-16T15:00,Bharati Station,-10.7,-17.4,54,20.2,31.3,0.0,990.8
2024-03-16T16:00,Bharati Station,-10.8,-17.6,52,20.9,31.3,0.0,991.1
2024-03-16T17:00,Bharati Station,-11.0,-18.0,53,22.1,33.5,0.0,991.3
2024-03-16T18:00,Bharati Station,-11.2,-18.2,54,22.6,34.2,0.0,991.7
2024-03-16T19:00,Bharati Station,-11.1,-18.2,54,22.4,34.6,0.0,992.2
2024-03-16T20:00,Bharati Station,-11.1,-18.0,51,21.3,33.5,0.0,992.5
2024-03-16T21:00,Bharati Station,-11.2,-18.0,51,20.5,32.4,0.0,992.8
2024-03-16T22:00,Bharati Station,-11.3,-18.2,51,21.7,32.8,0.0,992.9
2024-03-16T23:00,Bharati Station,-11.4,-18.5,54,23.2,34.9,0.0,993.2
2024-03-17T00:00,Bharati Station,-11.4,-18.8,54,24.7,36.4,0.0,993.3
2024-03-17T01:00,Bharati Station,-12.3,-20.4,58,29.8,44.3,0.0,992.2
2024-03-17T02:00,Bharati Station,-13.4,-21.2,57,27.1,43.6,25.0,992.4
2024-03-17T03:00,Bharati Station,-13.4,-20.6,57,23.5,36.0,91.0,992.6
2024-03-17T04:00,Bharati Station,-13.1,-20.2,55,22.3,31.3,170.0,992.5
2024-03-17T05:00,Bharati Station,-12.7,-19.5,55,20.7,30.2,240.0,992.5
2024-03-17T06:00,Bharati Station,-12.2,-18.9,54,19.4,27.7,293.0,992.1
2024-03-17T07:00,Bharati Station,-11.8,-18.1,54,17.6,26.3,300.0,991.6
2024-03-17T08:00,Bharati Station,-11.6,-17.5,55,14.8,23.8,325.0,991.1
2024-03-17T09:00,Bharati Station,-11.5,-17.1,56,12.7,19.8,236.0,990.4
2024-03-17T10:00,Bharati Station,-11.4,-17.0,57,12.2,16.9,148.0,989.6
2024-03-17T11:00,Bharati Station,-11.2,-17.0,56,14.5,19.1,70.0,988.4
2024-03-17T12:00,Bharati Station,-10.7,-17.0,55,17.4,22.0,9.0,987.5
2024-03-17T13:00,Bharati Station,-9.6,-15.6,56,15.8,27.0,2.0,986.6
2024-03-17T14:00,Bharati Station,-9.4,-15.0,51,13.0,25.2,0.0,985.4
2024-03-17T15:00,Bharati Station,-8.8,-15.0,50,17.4,25.9,0.0,984.2
2024-03-17T16:00,Bharati Station,-8.2,-14.9,53,21.3,30.6,0.0,983.1
2024-03-17T17:00,Bharati Station,-7.5,-14.7,56,24.8,34.9,0.0,981.8
2024-03-17T18:00,Bharati Station,-6.8,-14.3,56,27.0,37.8,0.0,980.7
2024-03-17T19:00,Bharati Station,-6.2,-13.6,57,26.8,38.9,0.0,979.7
2024-03-17T20:00,Bharati Station,-5.9,-12.7,60,23.5,37.1,0.0,978.6
2024-03-17T21:00,Bharati Station,-5.4,-12.0,61,22.1,32.8,0.0,977.6
2024-03-17T22:00,Bharati Station,-5.2,-12.1,62,24.5,33.8,0.0,976.9
2024-03-17T23:00,Bharati Station,-4.9,-11.9,63,25.3,34.2,0.0,976.2
2024-03-18T00:00,Bharati Station,-4.5,-12.0,57,28.0,38.5,0.0,975.4
2024-03-18T01:00,Bharati Station,-5.7,-13.8,61,31.8,42.1,0.0,973.4
2024-03-18T02:00,Bharati Station,-5.4,-13.0,63,29.0,43.2,0.0,972.9
2024-03-18T03:00,Bharati Station,-5.2,-12.7,64,28.7,38.9,1.0,972.4
2024-03-18T04:00,Bharati Station,-4.8,-12.6,64,30.3,40.0,10.0,972.1
2024-03-18T05:00,Bharati Station,-4.5,-11.9,64,28.1,40.3,34.0,971.9
2024-03-18T06:00,Bharati Station,-4.3,-11.4,65,26.0,37.8,41.0,971.7
2024-03-18T07:00,Bharati Station,-3.4,-10.2,64,24.9,34.6,36.0,970.9
2024-03-18T08:00,Bharati Station,-3.2,-10.1,63,25.4,34.9,106.0,970.4
2024-03-18T09:00,Bharati Station,-3.1,-9.8,63,24.0,34.9,115.0,969.8
2024-03-18T10:00,Bharati Station,-2.8,-9.4,61,23.4,32.8,51.0,969.4
2024-03-18T11:00,Bharati Station,-2.8,-9.4,60,23.2,31.3,17.0,969.2
2024-03-18T12:00,Bharati Station,-2.8,-9.3,60,22.8,31.0,11.0,968.9
2024-03-18T13:00,Bharati Station,-4.2,-11.1,64,25.1,36.0,2.0,968.4
2024-03-18T14:00,Bharati Station,-4.5,-11.2,65,23.1,33.1,0.0,968.3
2024-03-18T15:00,Bharati Station,-4.7,-11.2,67,22.7,30.2,0.0,968.2
2024-03-18T16:00,Bharati Station,-4.3,-11.3,64,25.3,32.8,0.0,968.2
2024-03-18T17:00,Bharati Station,-3.1,-10.4,60,27.5,36.7,0.0,968.3
2024-03-18T18:00,Bharati Station,-3.0,-10.7,58,30.4,40.7,0.0,968.4
2024-03-18T19:00,Bharati Station,-3.0,-11.0,57,32.4,43.9,0.0,968.5
2024-03-18T20:00,Bharati Station,-3.1,-11.1,57,32.2,43.9,0.0,968.6
2024-03-18T21:00,Bharati Station,-3.2,-11.1,56,31.4,43.6,0.0,968.6
2024-03-18T22:00,Bharati Station,-3.4,-11.0,56,29.5,42.1,0.0,969.0
2024-03-18T23:00,Bharati Station,-3.4,-10.8,55,28.1,40.0,0.0,969.2
2024-03-19T00:00,Bharati Station,-3.5,-10.8,55,27.0,38.2,0.0,969.4
2024-03-19T01:00,Bharati Station,-4.1,-12.2,54,32.1,44.6,0.0,969.1
2024-03-19T02:00,Bharati Station,-4.5,-12.4,53,30.6,43.9,16.0,969.5
2024-03-19T03:00,Bharati Station,-4.5,-12.2,53,29.3,42.1,64.0,969.8
2024-03-19T04:00,Bharati Station,-4.3,-11.6,52,26.3,40.0,113.0,969.8
2024-03-19T05:00,Bharati Station,-4.0,-10.8,51,23.4,36.0,190.0,970.0
2024-03-19T06:00,Bharati Station,-3.4,-10.0,52,22.1,32.4,224.0,970.3
2024-03-19T07:00,Bharati Station,-3.1,-9.5,53,20.8,30.2,262.0,970.3
2024-03-19T08:00,Bharati Station,-3.0,-9.3,54,20.3,28.1,253.0,970.1
2024-03-19T09:00,Bharati Station,-2.8,-9.1,55,20.7,28.4,232.0,970.3
2024-03-19T10:00,Bharati Station,-2.8,-9.1,56,20.7,28.1,206.0,970.6
2024-03-19T11:00,Bharati Station,-2.9,-9.3,56,21.0,27.7,149.0,970.8
2024-03-19T12:00,Bharati Station,-3.0,-9.6,55,22.3,29.9,61.0,971.1
2024-03-19T13:00,Bharati Station,-3.5,-10.5,54,24.8,34.6,7.0,970.2
2024-03-19T14:00,Bharati Station,-3.8,-10.7,54,24.3,33.8,0.0,970.6
2024-03-19T15:00,Bharati Station,-4.1,-10.9,53,23.2,32.8,0.0,970.7
2024-03-19T16:00,Bharati Station,-4.2,-11.2,53,24.4,32.8,0.0,970.9
2024-03-19T17:00,Bharati Station,-4.1,-11.3,56,26.1,35.3,0.0,971.3
2024-03-19T18:00,Bharati Station,-3.9,-11.0,59,26.1,35.6,0.0,971.5
2024-03-19T19:00,Bharati Station,-3.9,-10.9,63,26.1,36.0,0.0,971.8
2024-03-19T20:00,Bharati Station,-3.7,-10.7,66,26.1,35.6,0.0,972.3
2024-03-19T21:00,Bharati Station,-3.4,-10.5,68,27.2,36.7,0.0,972.9
2024-03-19T22:00,Bharati Station,-3.1,-10.2,69,27.4,37.1,0.0,973.4
2024-03-19T23:00,Bharati Station,-2.9,-10.5,67,31.3,41.4,0.0,973.7
2024-03-20T00:00,Bharati Station,-3.0,-10.8,67,31.9,43.6,0.0,974.3
2024-03-20T01:00,Bharati Station,-3.3,-11.0,64,31.0,41.4,0.0,973.8
2024-03-20T02:00,Bharati Station,-3.6,-11.3,72,31.6,43.2,0.0,974.7
2024-03-20T03:00,Bharati Station,-3.6,-11.5,72,33.0,44.3,0.0,975.1
2024-03-20T04:00,Bharati Station,-3.3,-11.6,68,35.2,47.9,2.0,975.6
2024-03-20T05:00,Bharati Station,-3.2,-11.6,68,35.9,49.0,1.0,976.2
2024-03-20T06:00,Bharati Station,-3.2,-11.2,67,33.8,48.2,4.0,976.7
2024-03-20T07:00,Bharati Station,-3.1,-10.8,65,31.7,46.1,1.0,977.1
2024-03-20T08:00,Bharati Station,-3.0,-10.7,65,31.0,42.8,6.0,977.4
2024-03-20T09:00,Bharati Station,-2.9,-10.5,63,30.4,42.1,10.0,977.6
2024-03-20T10:00,Bharati Station,-2.7,-10.4,59,31.0,41.8,10.0,978.0
2024-03-20T11:00,Bharati Station,-2.6,-10.3,58,30.5,41.8,2.0,978.5
2024-03-20T12:00,Bharati Station,-2.7,-10.3,57,29.4,41.4,7.0,978.9
2024-03-20T13:00,Bharati Station,-3.1,-10.5,58,28.3,38.2,1.0,979.1
2024-03-20T14:00,Bharati Station,-3.3,-10.8,61,29.0,39.6,0.0,979.4
2024-03-20T15:00,Bharati Station,-3.6,-11.0,62,28.6,39.2,0.0,979.6
2024-03-20T16:00,Bharati Station,-3.1,-10.7,62,30.1,40.3,0.0,979.9
2024-03-20T17:00,Bharati Station,-2.8,-10.8,62,32.9,43.6,0.0,980.3
2024-03-20T18:00,Bharati Station,-2.9,-11.1,63,34.4,46.4,0.0,980.8
2024-03-20T19:00,Bharati Station,-3.1,-11.4,62,34.8,46.8,0.0,981.2
2024-03-20T20:00,Bharati Station,-3.2,-11.5,61,34.7,47.5,0.0,981.7
2024-03-20T21:00,Bharati Station,-3.3,-11.4,60,33.4,46.8,0.0,982.1
2024-03-20T22:00,Bharati Station,-3.3,-11.4,59,32.7,45.4,0.0,982.5
2024-03-20T23:00,Bharati Station,-3.4,-11.4,58,32.8,44.3,0.0,982.7
2024-03-21T00:00,Bharati Station,-3.5,-11.5,58,32.0,44.3,0.0,983.0
2024-03-21T01:00,Bharati Station,-4.0,-12.0,60,32.3,47.9,0.0,982.6
2024-03-21T02:00,Bharati Station,-4.2,-11.6,65,28.5,44.3,0.0,982.7
2024-03-21T03:00,Bharati Station,-4.1,-11.2,67,27.1,40.7,1.0,982.8
2024-03-21T04:00,Bharati Station,-4.1,-11.1,66,25.7,36.7,25.0,983.0
2024-03-21T05:00,Bharati Station,-4.1,-10.3,64,19.9,34.6,74.0,983.2
2024-03-21T06:00,Bharati Station,-4.1,-9.1,59,11.4,27.4,114.0,983.4
2024-03-21T07:00,Bharati Station,-4.1,-8.8,49,8.3,16.9,101.0,983.3
2024-03-21T08:00,Bharati Station,-4.2,-8.8,44,7.0,13.3,24.0,983.2
2024-03-21T09:00,Bharati Station,-4.7,-9.2,48,6.6,12.2,226.0,983.1
2024-03-21T10:00,Bharati Station,-5.4,-10.4,51,9.6,15.1,201.0,983.2
2024-03-21T11:00,Bharati Station,-6.0,-11.2,51,11.4,18.0,141.0,983.0
2024-03-21T12:00,Bharati Station,-6.4,-11.6,60,11.7,18.4,72.0,982.7
2024-03-21T13:00,Bharati Station,-6.2,-12.0,46,14.5,21.6,15.0,982.6
2024-03-21T14:00,Bharati Station,-6.8,-13.0,48,17.7,25.6,0.0,982.7
2024-03-21T15:00,Bharati Station,-7.4,-13.9,49,19.3,28.4,0.0,982.7
2024-03-21T16:00,Bharati Station,-7.8,-14.9,50,23.3,33.5,0.0,982.7
2024-03-21T17:00,Bharati Station,-8.2,-15.4,49,24.1,35.3,0.0,982.6
2024-03-21T18:00,Bharati Station,-8.6,-15.9,49,24.8,36.4,0.0,982.5
2024-03-21T19:00,Bharati Station,-8.9,-16.4,48,25.3,37.1,0.0,982.5
2024-03-21T20:00,Bharati Station,-9.2,-16.7,47,25.3,37.1,0.0,982.6
2024-03-21T21:00,Bharati Station,-9.5,-17.0,48,26.0,37.8,0.0,982.6
2024-03-21T22:00,Bharati Station,-9.7,-17.1,48,25.0,38.2,0.0,982.8
2024-03-21T23:00,Bharati Station,-10.0,-17.2,48,23.6,36.7,0.0,983.0
2024-03-22T00:00,Bharati Station,-10.2,-17.3,47,22.5,35.3,0.0,983.1
2024-03-22T01:00,Bharati Station,-11.5,-18.8,51,23.9,37.4,0.0,983.3
2024-03-22T02:00,Bharati Station,-11.5,-18.3,52,20.5,36.0,11.0,983.2
2024-03-22T03:00,Bharati Station,-11.3,-17.8,49,18.4,31.7,65.0,983.3
2024-03-22T04:00,Bharati Station,-11.1,-17.7,49,19.1,29.9,138.0,983.2
2024-03-22T05:00,Bharati Station,-11.0,-17.7,50,20.3,30.6,207.0,983.2
2024-03-22T06:00,Bharati Station,-10.8,-17.8,50,21.7,33.1,215.0,983.2
2024-03-22T07:00,Bharati Station,-10.7,-17.7,51,22.2,33.8,258.0,983.4
2024-03-22T08:00,Bharati Station,-10.5,-17.5,53,22.1,33.8,262.0,983.6
2024-03-22T09:00,Bharati Station,-10.4,-17.3,53,21.5,33.5,244.0,983.6
2024-03-22T10:00,Bharati Station,-10.4,-17.1,53,20.3,32.8,179.0,983.7
2024-03-22T11:00,Bharati Station,-10.6,-17.4,54,20.8,31.7,106.0,984.0
2024-03-22T12:00,Bharati Station,-10.8,-17.5,55,20.6,31.7,35.0,984.1
2024-03-22T13:00,Bharati Station,-12.0,-18.8,60,20.9,32.4,9.0,985.5
2024-03-22T14:00,Bharati Station,-12.1,-18.8,60,19.9,32.8,0.0,985.9
2024-03-22T15:00,Bharati Station,-12.2,-18.7,58,19.1,31.3,0.0,986.3
2024-03-22T16:00,Bharati Station,-12.4,-18.7,59,17.2,30.2,0.0,986.6
2024-03-22T17:00,Bharati Station,-12.6,-18.9,58,17.1,28.1,0.0,986.8
2024-03-22T18:00,Bharati Station,-12.9,-19.2,59,17.3,28.4,0.0,987.0
2024-03-22T19:00,Bharati Station,-12.9,-19.2,58,17.0,28.1,0.0,987.0
2024-03-22T20:00,Bharati Station,-12.8,-19.3,58,18.6,29.5,0.0,987.1
2024-03-22T21:00,Bharati Station,-12.7,-19.4,59,19.6,31.0,0.0,987.0
2024-03-22T22:00,Bharati Station,-12.7,-19.3,61,19.2,30.6,0.0,987.4
2024-03-22T23:00,Bharati Station,-12.9,-19.5,62,19.4,30.6,0.0,987.6
2024-03-23T00:00,Bharati Station,-12.9,-19.7,63,20.5,31.7,0.0,987.6
2024-03-23T01:00,Bharati Station,-12.9,-20.3,59,24.6,37.1,0.0,987.3
2024-03-23T02:00,Bharati Station,-13.1,-20.2,58,22.7,37.1,6.0,987.4
2024-03-23T03:00,Bharati Station,-13.2,-20.0,59,20.5,34.9,51.0,987.5
2024-03-23T04:00,Bharati Station,-13.1,-19.8,61,20.4,32.0,118.0,987.4
2024-03-23T05:00,Bharati Station,-12.8,-19.4,60,19.5,31.7,199.0,987.4
2024-03-23T06:00,Bharati Station,-12.4,-19.0,61,19.4,30.6,226.0,987.6
2024-03-23T07:00,Bharati Station,-12.1,-18.8,56,20.3,31.7,219.0,987.3
2024-03-23T08:00,Bharati Station,-11.8,-18.1,54,17.7,31.3,191.0,986.8
2024-03-23T09:00,Bharati Station,-11.8,-17.8,58,15.4,28.1,190.0,986.5
2024-03-23T10:00,Bharati Station,-12.1,-17.8,63,13.7,25.6,137.0,986.2
2024-03-23T11:00,Bharati Station,-12.6,-17.9,100,12.7,23.0,114.0,986.1
2024-03-23T12:00,Bharati Station,-13.2,-18.6,98,13.5,23.0,49.0,986.3
2024-03-23T13:00,Bharati Station,-13.2,-18.8,75,13.1,23.4,3.0,986.0
2024-03-23T14:00,Bharati Station,-13.5,-19.2,91,14.6,24.5,0.0,986.0
2024-03-23T15:00,Bharati Station,-13.9,-19.7,100,15.1,25.6,0.0,985.9
2024-03-23T16:00,Bharati Station,-14.4,-20.1,99,14.2,25.6,0.0,985.5
2024-03-23T17:00,Bharati Station,-15.2,-21.0,99,15.0,25.9,0.0,984.9
2024-03-23T18:00,Bharati Station,-15.7,-21.5,99,15.0,26.3,0.0,984.2
2024-03-23T19:00,Bharati Station,-15.7,-21.6,99,15.1,26.3,0.0,983.8
2024-03-23T20:00,Bharati Station,-15.8,-21.6,100,15.3,26.3,0.0,983.5
2024-03-23T21:00,Bharati Station,-16.0,-22.0,100,16.1,27.4,0.0,983.0
2024-03-23T22:00,Bharati Station,-16.1,-22.0,100,15.8,27.4,0.0,982.3
2024-03-23T23:00,Bharati Station,-16.0,-22.0,100,16.1,27.4,0.0,981.8
2024-03-24T00:00,Bharati Station,-15.8,-21.7,100,15.5,27.4,0.0,981.2
2024-03-24T01:00,Bharati Station,-14.5,-20.8,67,17.3,27.7,0.0,978.8
2024-03-24T02:00,Bharati Station,-13.6,-20.4,61,20.4,32.4,4.0,977.8
2024-03-24T03:00,Bharati Station,-13.2,-19.6,59,18.0,32.4,26.0,977.0
2024-03-24T04:00,Bharati Station,-12.8,-18.8,58,14.8,29.2,86.0,976.4
2024-03-24T05:00,Bharati Station,-12.4,-18.3,55,14.5,25.2,89.0,975.7
2024-03-24T06:00,Bharati Station,-12.2,-18.1,55,14.8,24.8,170.0,975.0
2024-03-24T07:00,Bharati Station,-12.0,-18.2,56,16.2,26.3,226.0,974.2
2024-03-24T08:00,Bharati Station,-11.5,-17.7,55,16.6,27.0,230.0,973.1
2024-03-24T09:00,Bharati Station,-11.1,-16.9,58,14.1,26.6,189.0,972.2
2024-03-24T10:00,Bharati Station,-11.1,-16.6,56,11.9,23.8,113.0,971.3
2024-03-24T11:00,Bharati Station,-11.4,-16.7,59,11.2,20.9,64.0,970.6
2024-03-24T12:00,Bharati Station,-11.6,-17.1,80,13.2,22.3,21.0,969.9
2024-03-24T13:00,Bharati Station,-9.8,-15.7,62,15.5,24.8,0.0,969.2
2024-03-24T14:00,Bharati Station,-9.8,-15.5,62,14.4,24.8,0.0,969.0
2024-03-24T15:00,Bharati Station,-10.2,-15.8,63,13.1,23.4,0.0,968.6
2024-03-24T16:00,Bharati Station,-11.2,-17.0,64,14.3,23.4,0.0,968.3
2024-03-24T17:00,Bharati Station,-11.9,-17.9,76,16.6,26.3,0.0,967.9
2024-03-24T18:00,Bharati Station,-12.4,-18.6,76,17.6,28.1,0.0,967.4
2024-03-24T19:00,Bharati Station,-12.9,-19.2,75,17.8,28.4,0.0,967.2
2024-03-24T20:00,Bharati Station,-13.3,-19.6,75,17.8,29.2,0.0,966.9
2024-03-24T21:00,Bharati Station,-13.6,-19.8,77,17.3,29.2,0.0,966.8
2024-03-24T22:00,Bharati Station,-14.0,-20.2,78,17.6,29.2,0.0,966.6
2024-03-24T23:00,Bharati Station,-14.3,-20.5,78,17.6,29.2,0.0,966.6
2024-03-25T00:00,Bharati Station,-14.6,-21.0,80,18.3,30.2,0.0,966.4
2024-03-25T01:00,Bharati Station,-10.9,-16.5,65,13.1,22.0,0.0,965.6
2024-03-25T02:00,Bharati Station,-10.9,-16.8,59,14.9,24.1,0.0,965.8
2024-03-25T03:00,Bharati Station,-11.0,-17.0,58,15.9,25.9,3.0,965.8
2024-03-25T04:00,Bharati Station,-11.0,-17.0,57,15.8,26.3,14.0,965.8
2024-03-25T05:00,Bharati Station,-10.9,-16.8,56,14.5,25.9,89.0,965.7
2024-03-25T06:00,Bharati Station,-11.1,-16.6,58,12.0,24.1,117.0,965.8
2024-03-25T07:00,Bharati Station,-11.2,-16.6,55,11.0,21.2,79.0,965.8
2024-03-25T08:00,Bharati Station,-11.3,-16.7,59,11.5,20.5,116.0,965.8
2024-03-25T09:00,Bharati Station,-11.3,-16.8,60,11.8,21.2,113.0,965.7
2024-03-25T10:00,Bharati Station,-11.2,-16.8,58,12.6,21.6,105.0,965.7
2024-03-25T11:00,Bharati Station,-11.2,-16.9,58,13.4,22.7,52.0,965.7
2024-03-25T12:00,Bharati Station,-11.1,-16.9,58,14.3,23.8,10.0,965.7
2024-03-25T13:00,Bharati Station,-12.3,-17.8,64,12.4,22.0,4.0,965.5
2024-03-25T14:00,Bharati Station,-11.7,-17.2,63,12.3,22.0,0.0,965.9
2024-03-25T15:00,Bharati Station,-10.9,-17.0,58,16.2,25.2,0.0,966.1
2024-03-25T16:00,Bharati Station,-10.2,-17.1,58,21.8,32.0,0.0,966.5
2024-03-25T17:00,Bharati Station,-10.1,-17.1,62,23.4,34.6,0.0,967.1
2024-03-25T18:00,Bharati Station,-9.9,-16.9,63,22.9,34.6,0.0,967.6
2024-03-25T19:00,Bharati Station,-9.5,-16.1,65,20.8,34.2,0.0,968.1
2024-03-25T20:00,Bharati Station,-9.1,-15.4,66,19.0,31.3,0.0,968.5
2024-03-25T21:00,Bharati Station,-8.5,-14.7,64,17.9,29.2,0.0,968.8
2024-03-25T22:00,Bharati Station,-8.2,-14.3,64,17.5,27.0,0.0,969.2
2024-03-25T23:00,Bharati Station,-8.0,-14.3,61,18.7,27.7,0.0,969.8
2024-03-26T00:00,Bharati Station,-8.1,-14.4,59,19.1,28.8,0.0,970.4
2024-03-26T01:00,Bharati Station,-7.2,-15.2,58,30.7,43.6,0.0,970.1
2024-03-26T02:00,Bharati Station,-6.6,-14.5,54,29.5,43.2,0.0,970.7
2024-03-26T03:00,Bharati Station,-6.2,-13.9,53,28.7,41.4,0.0,971.3
2024-03-26T04:00,Bharati Station,-5.9,-13.3,53,26.6,40.3,5.0,972.1
2024-03-26T05:00,Bharati Station,-5.6,-12.8,54,24.9,37.4,13.0,972.6
2024-03-26T06:00,Bharati Station,-5.2,-12.3,57,24.6,35.3,4.0,973.4
2024-03-26T07:00,Bharati Station,-5.0,-12.1,57,25.2,35.3,1.0,974.0
2024-03-26T08:00,Bharati Station,-4.9,-11.7,64,23.8,35.6,10.0,974.7
2024-03-26T09:00,Bharati Station,-4.7,-11.6,65,25.2,34.6,9.0,975.4
2024-03-26T10:00,Bharati Station,-4.5,-11.7,65,27.0,36.0,8.0,976.2
2024-03-26T11:00,Bharati Station,-4.5,-11.9,66,28.1,37.8,4.0,977.0
2024-03-26T12:00,Bharati Station,-4.5,-11.7,65,27.4,37.8,1.0,977.7
2024-03-26T13:00,Bharati Station,-5.2,-13.3,65,32.7,51.8,0.0,979.0
2024-03-26T14:00,Bharati Station,-5.0,-12.8,58,30.1,47.2,0.0,980.1
2024-03-26T15:00,Bharati Station,-4.8,-12.6,55,29.7,41.8,0.0,980.9
2024-03-26T16:00,Bharati Station,-4.8,-12.5,54,28.7,41.0,0.0,981.8
2024-03-26T17:00,Bharati Station,-4.9,-12.5,55,28.9,40.3,0.0,982.3
2024-03-26T18:00,Bharati Station,-5.1,-12.8,56,29.1,40.3,0.0,983.0
2024-03-26T19:00,Bharati Station,-5.0,-12.6,57,28.5,40.7,0.0,983.6
2024-03-26T20:00,Bharati Station,-5.1,-12.5,56,27.6,39.2,0.0,984.2
2024-03-26T21:00,Bharati Station,-5.1,-12.7,55,28.4,39.6,0.0,984.9
2024-03-26T22:00,Bharati Station,-5.1,-12.7,54,28.2,39.6,0.0,985.6
2024-03-26T23:00,Bharati Station,-5.2,-12.5,61,27.4,39.6,0.0,986.1
2024-03-27T00:00,Bharati Station,-5.4,-12.9,61,28.4,42.5,0.0,986.2
2024-03-27T01:00,Bharati Station,-5.9,-14.5,53,35.3,51.8,0.0,986.0
2024-03-27T02:00,Bharati Station,-5.8,-14.0,52,32.2,48.6,0.0,986.3
2024-03-27T03:00,Bharati Station,-5.7,-13.1,52,26.0,44.6,5.0,986.6
2024-03-27T04:00,Bharati Station,-5.9,-12.5,55,21.2,36.4,27.0,987.0
2024-03-27T05:00,Bharati Station,-5.9,-11.8,54,16.4,30.2,124.0,987.6
2024-03-27T06:00,Bharati Station,-5.6,-11.7,49,17.4,24.8,110.0,988.1
2024-03-27T07:00,Bharati Station,-5.6,-11.8,49,18.0,25.9,207.0,988.3
2024-03-27T08:00,Bharati Station,-5.7,-11.9,50,18.0,26.6,221.0,988.3
2024-03-27T09:00,Bharati Station,-5.8,-11.6,52,15.3,25.9,211.0,988.8
2024-03-27T10:00,Bharati Station,-6.0,-11.6,51,14.0,22.7,162.0,989.1
2024-03-27T11:00,Bharati Station,-6.8,-12.2,63,13.7,21.2,98.0,989.4
2024-03-27T12:00,Bharati Station,-7.9,-13.4,72,14.4,22.3,35.0,989.7
2024-03-27T13:00,Bharati Station,-7.0,-13.3,55,19.1,28.1,1.0,989.6
2024-03-27T14:00,Bharati Station,-7.2,-13.3,53,17.2,28.1,0.0,990.0
2024-03-27T15:00,Bharati Station,-7.7,-13.7,53,16.2,25.6,0.0,990.0
2024-03-27T16:00,Bharati Station,-8.4,-14.2,65,15.1,24.5,0.0,990.1
2024-03-27T17:00,Bharati Station,-9.0,-14.4,74,13.3,23.8,0.0,990.3
2024-03-27T18:00,Bharati Station,-9.5,-14.8,82,13.4,22.3,0.0,990.1
2024-03-27T19:00,Bharati Station,-9.7,-14.9,84,12.3,22.3,0.0,989.9
2024-03-27T20:00,Bharati Station,-9.8,-15.0,85,12.0,20.9,0.0,990.0
2024-03-27T21:00,Bharati Station,-10.0,-15.1,85,11.8,20.9,0.0,990.0
2024-03-27T22:00,Bharati Station,-9.9,-15.2,81,12.2,20.9,0.0,989.9
2024-03-27T23:00,Bharati Station,-10.0,-15.2,82,12.5,20.9,0.0,989.8
2024-03-28T00:00,Bharati Station,-10.3,-15.6,83,12.5,21.2,0.0,989.4
2024-03-28T01:00,Bharati Station,-13.0,-18.8,82,14.8,19.8,0.0,988.6
2024-03-28T02:00,Bharati Station,-13.4,-19.3,81,15.3,20.2,2.0,988.4
2024-03-28T03:00,Bharati Station,-13.6,-19.4,86,14.5,20.2,27.0,987.9
2024-03-28T04:00,Bharati Station,-13.3,-18.8,87,13.2,19.4,83.0,987.5
2024-03-28T05:00,Bharati Station,-13.0,-18.2,87,11.5,17.6,112.0,986.8
2024-03-28T06:00,Bharati Station,-12.7,-17.6,86,9.2,15.5,156.0,985.5
2024-03-28T07:00,Bharati Station,-12.3,-16.8,85,6.9,12.2,224.0,984.8
2024-03-28T08:00,Bharati Station,-12.3,-16.7,85,6.3,9.4,235.0,984.0
2024-03-28T09:00,Bharati Station,-12.5,-16.9,86,5.8,7.9,211.0,983.3
2024-03-28T10:00,Bharati Station,-11.6,-15.9,84,5.4,13.3,163.0,982.7
2024-03-28T11:00,Bharati Station,-11.8,-16.2,86,5.8,13.3,99.0,981.9
2024-03-28T12:00,Bharati Station,-12.3,-17.0,89,8.4,16.6,34.0,981.2
2024-03-28T13:00,Bharati Station,-14.1,-19.5,84,12.0,15.5,2.0,980.9
2024-03-28T14:00,Bharati Station,-14.5,-20.2,86,14.0,18.4,0.0,980.3
2024-03-28T15:00,Bharati Station,-15.1,-20.8,92,14.3,19.4,0.0,979.4
2024-03-28T16:00,Bharati Station,-15.6,-21.4,94,14.5,20.2,0.0,978.5
2024-03-28T17:00,Bharati Station,-15.5,-21.2,94,13.7,20.2,0.0,977.9
2024-03-28T18:00,Bharati Station,-15.2,-20.7,93,12.7,19.1,0.0,977.1
2024-03-28T19:00,Bharati Station,-15.0,-20.5,94,12.7,17.3,0.0,976.6
2024-03-28T20:00,Bharati Station,-15.1,-20.5,94,12.2,17.3,0.0,976.0
2024-03-28T21:00,Bharati Station,-15.2,-20.6,94,12.0,16.6,0.0,975.4
2024-03-28T22:00,Bharati Station,-15.1,-20.5,94,12.2,16.6,0.0,974.9
2024-03-28T23:00,Bharati Station,-15.0,-20.4,95,12.5,16.9,0.0,974.6
2024-03-29T00:00,Bharati Station,-15.0,-20.5,95,13.3,17.6,0.0,974.1
2024-03-29T01:00,Bharati Station,-11.8,-17.8,55,15.4,25.2,0.0,973.8
2024-03-29T02:00,Bharati Station,-11.8,-17.6,60,13.6,25.2,0.0,973.3
2024-03-29T03:00,Bharati Station,-12.5,-18.1,65,12.7,23.0,6.0,972.7
2024-03-29T04:00,Bharati Station,-12.9,-18.3,71,11.6,22.3,18.0,972.1
2024-03-29T05:00,Bharati Station,-12.5,-17.8,70,11.2,21.2,39.0,971.6
2024-03-29T06:00,Bharati Station,-11.9,-17.9,49,14.3,23.4,29.0,971.3
2024-03-29T07:00,Bharati Station,-11.7,-17.9,48,16.3,26.6,48.0,971.0
2024-03-29T08:00,Bharati Station,-11.7,-18.0,47,16.9,27.7,51.0,970.7
2024-03-29T09:00,Bharati Station,-11.7,-18.0,49,17.1,27.7,48.0,970.5
2024-03-29T10:00,Bharati Station,-11.7,-17.8,50,15.8,27.7,80.0,970.1
2024-03-29T11:00,Bharati Station,-11.7,-17.7,51,14.8,25.9,61.0,970.1
2024-03-29T12:00,Bharati Station,-11.8,-17.7,52,14.5,24.8,18.0,970.1
2024-03-29T13:00,Bharati Station,-12.4,-17.7,49,10.0,21.2,0.0,970.5
2024-03-29T14:00,Bharati Station,-12.6,-17.8,52,9.7,19.1,0.0,970.7
2024-03-29T15:00,Bharati Station,-12.8,-18.3,55,11.3,20.5,0.0,971.3
2024-03-29T16:00,Bharati Station,-13.2,-18.9,58,13.4,23.4,0.0,971.6
2024-03-29T17:00,Bharati Station,-13.8,-19.6,69,13.9,24.5,0.0,971.8
2024-03-29T18:00,Bharati Station,-14.2,-20.1,63,14.5,24.8,0.0,971.9
2024-03-29T19:00,Bharati Station,-14.1,-20.0,62,14.1,24.8,0.0,972.3
2024-03-29T20:00,Bharati Station,-13.9,-19.9,62,14.6,24.8,0.0,972.5
2024-03-29T21:00,Bharati Station,-14.0,-20.0,66,14.9,25.2,0.0,972.9
2024-03-29T22:00,Bharati Station,-14.3,-20.2,90,15.1,25.9,0.0,973.4
2024-03-29T23:00,Bharati Station,-14.5,-20.5,92,16.2,27.0,0.0,973.8
2024-03-30T00:00,Bharati Station,-14.5,-20.6,86,16.3,27.7,0.0,974.0
2024-03-30T01:00,Bharati Station,-16.3,-22.7,59,17.0,22.3,0.0,973.6
2024-03-30T02:00,Bharati Station,-16.4,-23.0,58,18.7,24.8,0.0,974.0
2024-03-30T03:00,Bharati Station,-16.4,-23.1,61,19.1,25.9,22.0,974.3
2024-03-30T04:00,Bharati Station,-16.3,-22.8,61,17.9,25.6,89.0,974.8
2024-03-30T05:00,Bharati Station,-16.1,-22.6,59,17.7,23.8,132.0,975.0
2024-03-30T06:00,Bharati Station,-15.8,-22.4,60,18.2,24.5,143.0,975.4
2024-03-30T07:00,Bharati Station,-15.4,-22.1,59,19.1,25.9,178.0,975.7
2024-03-30T08:00,Bharati Station,-15.3,-22.2,57,20.2,27.0,213.0,975.9
2024-03-30T09:00,Bharati Station,-15.3,-22.3,55,21.3,28.4,190.0,976.3
2024-03-30T10:00,Bharati Station,-15.4,-22.4,54,21.3,28.8,144.0,976.4
2024-03-30T11:00,Bharati Station,-15.6,-22.7,55,21.7,29.2,75.0,976.6
2024-03-30T12:00,Bharati Station,-15.8,-23.1,55,23.6,31.3,18.0,976.5
2024-03-30T13:00,Bharati Station,-16.6,-23.0,67,17.0,22.7,1.0,976.4
2024-03-30T14:00,Bharati Station,-16.6,-23.1,59,17.7,23.4,0.0,976.7
2024-03-30T15:00,Bharati Station,-16.7,-23.2,63,17.8,23.8,0.0,976.8
2024-03-30T16:00,Bharati Station,-16.5,-22.9,79,18.2,24.8,0.0,977.1
2024-03-30T17:00,Bharati Station,-16.2,-23.0,68,20.2,27.0,0.0,977.2
2024-03-30T18:00,Bharati Station,-15.6,-22.6,67,21.8,28.8,0.0,977.3
2024-03-30T19:00,Bharati Station,-15.5,-22.7,69,23.2,31.0,0.0,977.4
2024-03-30T20:00,Bharati Station,-15.5,-22.7,68,22.7,31.3,0.0,977.2
2024-03-30T21:00,Bharati Station,-15.7,-22.8,65,22.5,31.0,0.0,977.2
2024-03-30T22:00,Bharati Station,-15.7,-22.7,63,21.5,30.6,0.0,976.8
2024-03-30T23:00,Bharati Station,-15.7,-22.4,64,19.1,29.2,0.0,976.9
2024-03-31T00:00,Bharati Station,-15.7,-22.3,65,18.4,25.9,0.0,976.9
2024-03-31T01:00,Bharati Station,-16.1,-22.8,66,20.0,26.6,0.0,976.3
2024-03-31T02:00,Bharati Station,-16.2,-23.1,65,20.9,28.4,0.0,976.5
2024-03-31T03:00,Bharati Station,-16.0,-22.8,65,20.2,28.1,8.0,976.6
2024-03-31T04:00,Bharati Station,-15.8,-22.5,66,19.1,27.0,37.0,976.5
2024-03-31T05:00,Bharati Station,-15.4,-22.0,66,19.1,25.6,76.0,976.5
2024-03-31T06:00,Bharati Station,-15.2,-22.0,63,20.2,27.0,69.0,976.7
2024-03-31T07:00,Bharati Station,-15.2,-22.2,61,22.0,29.5,79.0,976.7
2024-03-31T08:00,Bharati Station,-15.0,-22.2,63,22.7,30.6,116.0,976.6
2024-03-31T09:00,Bharati Station,-15.0,-22.0,65,21.7,30.2,104.0,977.0
2024-03-31T10:00,Bharati Station,-15.0,-21.9,67,21.3,29.5,48.0,977.2
2024-03-31T11:00,Bharati Station,-15.3,-21.9,72,19.0,28.8,30.0,977.2
2024-03-31T12:00,Bharati Station,-15.8,-22.1,77,17.2,25.6,7.0,977.2
2024-03-31T13:00,Bharati Station,-16.2,-23.6,66,24.3,32.4,0.0,977.2
2024-03-31T14:00,Bharati Station,-16.4,-24.1,65,26.3,34.9,0.0,977.5
2024-03-31T15:00,Bharati Station,-16.7,-24.3,63,25.2,35.3,0.0,977.4
2024-03-31T16:00,Bharati Station,-17.3,-24.5,63,22.6,33.8,0.0,977.3
2024-03-31T17:00,Bharati Station,-17.8,-24.7,62,20.4,30.2,0.0,977.3
2024-03-31T18:00,Bharati Station,-17.9,-24.8,61,19.9,27.4,0.0,977.1
2024-03-31T19:00,Bharati Station,-18.0,-25.0,59,20.9,27.7,0.0,976.7
2024-03-31T20:00,Bharati Station,-18.0,-24.8,61,19.5,28.1,0.0,976.1
2024-03-31T21:00,Bharati Station,-17.9,-24.6,59,18.4,25.9,0.0,975.7
2024-03-31T22:00,Bharati Station,-18.0,-24.5,55,17.7,24.5,0.0,975.1
2024-03-31T23:00,Bharati Station,-18.1,-24.6,56,17.0,24.1,0.0,974.4
2024-04-01T00:00,Bharati Station,-18.3,-24.6,59,16.0,22.7,0.0,973.8
2024-04-01T01:00,Bharati Station,-18.3,-25.4,56,21.3,28.4,0.0,972.4
2024-04-01T02:00,Bharati Station,-18.2,-25.1,60,20.3,28.8,0.0,971.9
2024-04-01T03:00,Bharati Station,-18.1,-24.6,59,17.3,27.0,21.0,971.5
2024-04-01T04:00,Bharati Station,-17.8,-24.0,58,15.5,22.7,60.0,970.9
2024-04-01T05:00,Bharati Station,-17.5,-23.4,58,13.0,19.8,117.0,970.2
2024-04-01T06:00,Bharati Station,-17.5,-22.8,61,9.5,16.9,187.0,969.4
2024-04-01T07:00,Bharati Station,-16.9,-21.6,61,5.1,12.2,184.0,969.0
2024-04-01T08:00,Bharati Station,-16.5,-21.1,55,4.7,6.5,163.0,968.3
2024-04-01T09:00,Bharati Station,-16.6,-21.3,62,5.5,7.2,104.0,968.2
2024-04-01T10:00,Bharati Station,-16.6,-21.3,63,5.6,7.6,65.0,967.8
2024-04-01T11:00,Bharati Station,-16.5,-21.2,61,5.6,7.6,11.0,967.6
2024-04-01T12:00,Bharati Station,-15.5,-20.0,58,4.4,7.2,2.0,967.3
2024-04-01T13:00,Bharati Station,-17.5,-22.7,70,8.9,11.5,0.0,966.7
2024-04-01T14:00,Bharati Station,-16.8,-21.7,69,7.0,11.2,0.0,966.5
2024-04-01T15:00,Bharati Station,-14.7,-19.0,58,2.7,8.6,0.0,966.5
2024-04-01T16:00,Bharati Station,-14.7,-18.7,63,1.5,4.0,0.0,966.6
2024-04-01T17:00,Bharati Station,-14.7,-18.9,67,2.5,3.6,0.0,966.7
2024-04-01T18:00,Bharati Station,-14.8,-19.0,72,3.1,4.3,0.0,966.6
2024-04-01T19:00,Bharati Station,-14.9,-19.1,75,2.6,4.0,0.0,966.6
2024-04-01T20:00,Bharati Station,-15.1,-19.4,79,4.0,4.7,0.0,966.5
2024-04-01T21:00,Bharati Station,-16.6,-21.8,86,9.5,11.5,0.0,966.7
2024-04-01T22:00,Bharati Station,-16.5,-21.9,87,10.8,14.8,0.0,966.6
2024-04-01T23:00,Bharati Station,-16.5,-21.6,86,9.0,14.0,0.0,966.4
2024-04-02T00:00,Bharati Station,-16.6,-21.4,86,7.6,11.5,0.0,966.1
2024-04-02T01:00,Bharati Station,-16.9,-21.5,88,6.1,10.4,0.0,965.6
2024-04-02T02:00,Bharati Station,-16.9,-21.8,88,7.7,9.7,0.0,965.7
2024-04-02T03:00,Bharati Station,-16.8,-21.6,87,7.1,10.8,0.0,965.5
2024-04-02T04:00,Bharati Station,-16.4,-20.9,86,5.6,9.4,1.0,965.2
2024-04-02T05:00,Bharati Station,-16.0,-20.5,86,5.1,7.9,6.0,965.2
2024-04-02T06:00,Bharati Station,-15.5,-19.9,87,4.4,6.5,24.0,965.0
2024-04-02T07:00,Bharati Station,-14.8,-19.6,88,7.9,10.1,19.0,964.6
2024-04-02T08:00,Bharati Station,-14.4,-19.1,88,6.9,10.4,4.0,964.3
2024-04-02T09:00,Bharati Station,-14.4,-19.0,89,6.9,9.4,1.0,964.1
2024-04-02T10:00,Bharati Station,-14.0,-18.6,88,6.7,9.0,0.0,964.0
2024-04-02T11:00,Bharati Station,-13.7,-18.7,83,9.1,12.2,1.0,963.9
2024-04-02T12:00,Bharati Station,-12.8,-19.1,81,18.3,23.0,0.0,963.6
2024-04-02T13:00,Bharati Station,-15.0,-20.6,89,12.9,16.9,0.0,963.9
2024-04-02T14:00,Bharati Station,-14.3,-20.1,90,14.8,19.4,0.0,963.9
2024-04-02T15:00,Bharati Station,-13.1,-19.6,81,19.4,24.5,0.0,963.7
2024-04-02T16:00,Bharati Station,-11.9,-19.4,79,27.0,34.9,0.0,963.4
2024-04-02T17:00,Bharati Station,-11.5,-19.6,73,31.0,41.0,0.0,963.4
2024-04-02T18:00,Bharati Station,-11.5,-19.7,75,31.6,42.5,0.0,963.0
2024-04-02T19:00,Bharati Station,-11.2,-19.8,77,34.7,46.4,0.0,962.7
2024-04-02T20:00,Bharati Station,-10.9,-19.8,79,36.5,49.0,0.0,962.2
2024-04-02T21:00,Bharati Station,-10.7,-19.6,81,37.0,49.3,0.0,962.0
2024-04-02T22:00,Bharati Station,-10.7,-19.7,83,38.0,50.4,0.0,961.8
2024-04-02T23:00,Bharati Station,-10.5,-19.4,83,37.2,50.8,0.0,961.8
2024-04-03T00:00,Bharati Station,-10.3,-19.1,82,36.4,49.7,0.0,961.7
2024-04-03T01:00,Bharati Station,-10.9,-19.0,79,31.6,40.7,0.0,962.3
2024-04-03T02:00,Bharati Station,-11.0,-19.2,78,32.4,44.3,0.0,962.4
2024-04-03T03:00,Bharati Station,-10.9,-18.6,76,28.4,42.8,0.0,962.4
2024-04-03T04:00,Bharati Station,-10.7,-18.4,75,28.4,37.8,0.0,962.3
2024-04-03T05:00,Bharati Station,-10.5,-18.2,76,28.6,37.8,0.0,962.3
2024-04-03T06:00,Bharati Station,-10.2,-18.2,78,30.6,40.3,0.0,962.3
2024-04-03T07:00,Bharati Station,-10.0,-18.1,81,32.3,42.5,0.0,962.2
2024-04-03T08:00,Bharati Station,-9.8,-18.0,82,33.2,44.3,0.0,962.1
2024-04-03T09:00,Bharati Station,-9.7,-18.1,83,34.7,45.4,0.0,962.0
2024-04-03T10:00,Bharati Station,-9.6,-18.4,84,36.7,48.2,0.0,962.1
2024-04-03T11:00,Bharati Station,-9.5,-18.4,85,37.9,50.0,0.0,962.4
2024-04-03T12:00,Bharati Station,-9.6,-17.8,86,33.6,49.7,0.0,962.6
2024-04-03T13:00,Bharati Station,-10.8,-17.2,87,19.9,33.1,0.0,962.9
2024-04-03T14:00,Bharati Station,-10.5,-17.7,85,25.7,33.1,0.0,963.2
2024-04-03T15:00,Bharati Station,-10.0,-18.2,81,32.1,42.5,0.0,963.5
2024-04-03T16:00,Bharati Station,-10.0,-18.3,83,33.6,43.6,0.0,963.8
2024-04-03T17:00,Bharati Station,-9.9,-18.4,81,35.1,46.4,0.0,964.4
2024-04-03T18:00,Bharati Station,-11.6,-19.1,82,27.1,46.4,0.0,965.1
2024-04-03T19:00,Bharati Station,-14.2,-20.3,87,16.6,36.4,0.0,965.9
2024-04-03T20:00,Bharati Station,-15.0,-20.7,88,13.9,24.1,0.0,966.6
2024-04-03T21:00,Bharati Station,-15.4,-21.4,88,15.7,22.7,0.0,967.1
2024-04-03T22:00,Bharati Station,-16.2,-22.6,86,18.2,26.3,0.0,968.0
2024-04-03T23:00,Bharati Station,-16.9,-23.5,85,19.1,27.0,0.0,968.8
2024-04-04T00:00,Bharati Station,-17.5,-24.1,84,19.0,27.4,0.0,969.6
2024-04-04T01:00,Bharati Station,-16.3,-23.5,86,23.8,33.8,0.0,969.2
2024-04-04T02:00,Bharati Station,-17.1,-24.2,86,22.7,32.4,0.0,970.1
2024-04-04T03:00,Bharati Station,-17.8,-24.5,85,19.8,30.6,2.0,970.9
2024-04-04T04:00,Bharati Station,-18.3,-24.8,85,18.7,27.7,15.0,971.5
2024-04-04T05:00,Bharati Station,-18.6,-25.3,84,20.0,27.7,61.0,972.3
2024-04-04T06:00,Bharati Station,-18.9,-25.8,85,20.8,28.4,110.0,972.7
2024-04-04T07:00,Bharati Station,-19.3,-26.2,85,20.3,29.2,138.0,973.4
2024-04-04T08:00,Bharati Station,-19.6,-26.3,84,19.3,28.4,135.0,973.9
2024-04-04T09:00,Bharati Station,-19.9,-26.4,83,17.6,27.0,128.0,974.5
2024-04-04T10:00,Bharati Station,-20.1,-26.4,82,16.3,24.8,90.0,975.0
2024-04-04T11:00,Bharati Station,-20.3,-26.4,82,14.7,23.0,39.0,975.4
2024-04-04T12:00,Bharati Station,-20.5,-26.5,82,14.6,20.5,6.0,975.7
2024-04-04T13:00,Bharati Station,-19.9,-26.5,81,18.1,28.4,0.0,976.1
2024-04-04T14:00,Bharati Station,-20.0,-26.1,82,15.6,24.1,0.0,976.3
2024-04-04T15:00,Bharati Station,-20.1,-26.0,83,13.7,20.9,0.0,976.4
2024-04-04T16:00,Bharati Station,-20.3,-25.9,83,11.1,18.0,0.0,976.4
2024-04-04T17:00,Bharati Station,-20.5,-25.7,84,8.7,14.8,0.0,976.5
2024-04-04T18:00,Bharati Station,-20.9,-25.5,84,4.8,10.8,0.0,976.3
2024-04-04T19:00,Bharati Station,-20.0,-24.2,86,2.2,6.1,0.0,976.2
2024-04-04T20:00,Bharati Station,-19.9,-24.1,87,2.1,2.9,0.0,976.0
2024-04-04T21:00,Bharati Station,-19.8,-24.2,86,3.2,4.0,0.0,975.8
2024-04-04T22:00,Bharati Station,-20.6,-25.2,85,5.2,5.8,0.0,975.8
2024-04-04T23:00,Bharati Station,-21.2,-26.2,84,7.7,9.0,0.0,975.7
2024-04-05T00:00,Bharati Station,-21.0,-26.1,81,7.7,9.7,0.0,975.5
2024-04-05T01:00,Bharati Station,-18.4,-22.4,83,1.1,1.8,0.0,975.0
2024-04-05T02:00,Bharati Station,-18.3,-22.2,82,0.5,1.8,0.0,974.8
2024-04-05T03:00,Bharati Station,-18.2,-22.8,67,4.3,4.7,7.0,974.3
2024-04-05T04:00,Bharati Station,-20.3,-25.5,62,8.7,10.1,48.0,973.8
2024-04-05T05:00,Bharati Station,-20.0,-25.5,56,10.3,12.2,118.0,973.4
2024-04-05T06:00,Bharati Station,-19.6,-24.7,56,7.8,12.6,165.0,973.1
2024-04-05T07:00,Bharati Station,-18.6,-23.5,48,5.6,9.4,189.0,972.8
2024-04-05T08:00,Bharati Station,-17.9,-22.6,41,4.7,6.8,189.0,972.8
2024-04-05T09:00,Bharati Station,-18.0,-22.8,42,5.1,6.1,164.0,972.8
2024-04-05T10:00,Bharati Station,-18.3,-23.1,46,5.2,6.5,117.0,972.9
2024-04-05T11:00,Bharati Station,-19.4,-24.4,56,6.9,8.3,59.0,973.0
2024-04-05T12:00,Bharati Station,-20.7,-26.2,64,10.6,11.9,11.0,973.1
2024-04-05T13:00,Bharati Station,-21.0,-27.0,78,14.2,19.4,0.0,973.7
2024-04-05T14:00,Bharati Station,-21.1,-27.2,65,14.5,18.4,0.0,974.0
2024-04-05T15:00,Bharati Station,-21.1,-27.2,63,14.4,18.0,0.0,974.3
2024-04-05T16:00,Bharati Station,-20.9,-27.1,53,15.2,18.4,0.0,974.7
2024-04-05T17:00,Bharati Station,-20.6,-27.0,50,16.2,20.2,0.0,975.3
2024-04-05T18:00,Bharati Station,-20.6,-27.0,58,16.4,21.6,0.0,975.9
2024-04-05T19:00,Bharati Station,-20.4,-26.9,62,17.2,22.0,0.0,976.6
2024-04-05T20:00,Bharati Station,-20.0,-27.1,59,21.4,25.9,0.0,977.2
2024-04-05T21:00,Bharati Station,-19.6,-27.1,53,23.7,31.0,0.0,977.9
2024-04-05T22:00,Bharati Station,-19.7,-27.0,53,22.5,31.0,0.0,978.6
2024-04-05T23:00,Bharati Station,-19.7,-27.0,50,22.1,29.5,0.0,979.1
2024-04-06T00:00,Bharati Station,-20.1,-27.1,60,20.6,28.4,0.0,979.8
2024-04-06T01:00,Bharati Station,-20.9,-28.0,57,21.6,27.7,0.0,981.0
2024-04-06T02:00,Bharati Station,-20.8,-28.1,60,22.9,29.5,0.0,981.5
2024-04-06T03:00,Bharati Station,-20.8,-28.0,61,21.9,30.2,5.0,981.9
2024-04-06T04:00,Bharati Station,-21.0,-27.6,67,18.1,28.8,51.0,982.4
2024-04-06T05:00,Bharati Station,-21.0,-27.3,76,16.2,23.0,110.0,983.2
2024-04-06T06:00,Bharati Station,-20.7,-27.1,66,16.6,21.6,159.0,983.4
2024-04-06T07:00,Bharati Station,-20.2,-26.8,59,17.5,22.7,174.0,983.5
2024-04-06T08:00,Bharati Station,-20.1,-26.7,61,17.8,23.0,174.0,983.3
2024-04-06T09:00,Bharati Station,-20.1,-26.4,60,16.3,23.0,145.0,983.0
2024-04-06T10:00,Bharati Station,-20.2,-26.4,64,14.8,20.9,104.0,983.0
2024-04-06T11:00,Bharati Station,-20.6,-26.6,64,14.3,19.1,48.0,982.8
2024-04-06T12:00,Bharati Station,-21.0,-27.2,64,15.5,19.4,6.0,982.7
2024-04-06T13:00,Bharati Station,-21.4,-27.5,79,14.4,18.0,0.0,982.4
2024-04-06T14:00,Bharati Station,-21.3,-27.5,85,15.5,19.8,0.0,982.1
2024-04-06T15:00,Bharati Station,-21.0,-27.2,79,15.7,20.2,0.0,981.8
2024-04-06T16:00,Bharati Station,-20.6,-26.9,59,16.1,20.5,0.0,981.7
2024-04-06T17:00,Bharati Station,-20.7,-26.9,77,15.8,20.5,0.0,981.4
2024-04-06T18:00,Bharati Station,-20.7,-26.8,82,14.8,20.2,0.0,981.0
2024-04-06T19:00,Bharati Station,-20.5,-26.5,81,14.2,19.1,0.0,980.7
2024-04-06T20:00,Bharati Station,-20.3,-26.3,66,14.1,18.0,0.0,980.2
2024-04-06T21:00,Bharati Station,-20.5,-26.3,65,12.1,17.6,0.0,979.7
2024-04-06T22:00,Bharati Station,-20.6,-26.1,69,10.9,14.8,0.0,979.4
2024-04-06T23:00,Bharati Station,-20.7,-26.2,65,10.2,13.7,0.0,979.0
2024-04-07T00:00,Bharati Station,-20.8,-26.0,68,8.3,12.6,0.0,978.5
2024-04-07T01:00,Bharati Station,-20.5,-25.4,66,6.6,10.8,0.0,978.3
2024-04-07T02:00,Bharati Station,-19.6,-24.4,68,5.4,8.3,0.0,978.0
2024-04-07T03:00,Bharati Station,-19.2,-23.8,76,5.2,7.2,1.0,977.7
2024-04-07T04:00,Bharati Station,-18.2,-22.7,63,3.8,6.5,6.0,977.7
2024-04-07T05:00,Bharati Station,-18.6,-23.3,64,5.2,5.8,12.0,977.7
2024-04-07T06:00,Bharati Station,-19.3,-24.7,70,9.9,11.5,14.0,976.9
2024-04-07T07:00,Bharati Station,-18.7,-24.4,71,12.3,15.5,18.0,976.3
2024-04-07T08:00,Bharati Station,-18.4,-24.3,74,13.8,17.3,27.0,975.6
2024-04-07T09:00,Bharati Station,-18.3,-24.4,75,15.0,19.4,18.0,975.1
2024-04-07T10:00,Bharati Station,-18.4,-24.5,78,15.7,20.5,8.0,974.6
2024-04-07T11:00,Bharati Station,-18.4,-24.5,80,15.9,20.9,0.0,974.2
2024-04-07T12:00,Bharati Station,-18.4,-24.8,83,17.1,22.3,0.0,973.6
2024-04-07T13:00,Bharati Station,-20.4,-26.9,83,18.1,25.2,0.0,974.1
2024-04-07T14:00,Bharati Station,-20.4,-26.6,82,15.3,24.8,0.0,974.2
2024-04-07T15:00,Bharati Station,-20.2,-26.1,81,13.7,20.9,0.0,974.1
2024-04-07T16:00,Bharati Station,-20.3,-26.4,82,15.1,20.5,0.0,974.1
2024-04-07T17:00,Bharati Station,-20.7,-27.1,82,16.9,23.4,0.0,974.2
2024-04-07T18:00,Bharati Station,-21.1,-27.1,82,14.5,23.4,0.0,974.2
2024-04-07T19:00,Bharati Station,-21.4,-27.6,83,15.0,21.6,0.0,974.4
2024-04-07T20:00,Bharati Station,-22.0,-28.2,81,15.8,22.7,0.0,974.5
2024-04-07T21:00,Bharati Station,-22.5,-28.6,81,14.1,23.0,0.0,974.9
2024-04-07T22:00,Bharati Station,-23.1,-29.1,81,13.8,21.2,0.0,975.5
2024-04-07T23:00,Bharati Station,-23.7,-29.6,80,13.0,20.5,0.0,976.1
2024-04-08T00:00,Bharati Station,-24.5,-30.3,79,12.0,19.8,0.0,976.9
2024-04-08T01:00,Bharati Station,-25.6,-31.1,79,9.7,19.4,0.0,978.0
2024-04-08T02:00,Bharati Station,-26.1,-31.5,79,8.9,15.8,0.0,978.8
2024-04-08T03:00,Bharati Station,-26.4,-31.7,78,8.4,14.4,3.0,979.7
2024-04-08T04:00,Bharati Station,-26.8,-32.5,78,11.5,17.6,31.0,981.1
2024-04-08T05:00,Bharati Station,-27.0,-31.9,78,5.9,17.6,72.0,982.6
2024-04-08T06:00,Bharati Station,-26.6,-31.7,78,7.2,11.9,122.0,983.7
2024-04-08T07:00,Bharati Station,-26.1,-31.6,79,9.6,14.8,146.0,984.7
2024-04-08T08:00,Bharati Station,-25.6,-31.3,79,11.5,16.6,151.0,985.8
2024-04-08T09:00,Bharati Station,-25.2,-31.4,81,14.8,20.2,134.0,986.6
2024-04-08T10:00,Bharati Station,-24.8,-31.3,83,16.9,22.7,86.0,987.2
2024-04-08T11:00,Bharati Station,-24.5,-31.3,82,18.8,24.8,31.0,987.6
2024-04-08T12:00,Bharati Station,-24.3,-30.8,82,17.4,25.2,3.0,988.0
2024-04-08T13:00,Bharati Station,-23.4,-29.6,77,15.5,24.5,0.0,986.9
2024-04-08T14:00,Bharati Station,-23.3,-29.1,75,12.0,19.4,0.0,986.5
2024-04-08T15:00,Bharati Station,-23.2,-28.5,73,8.4,15.1,0.0,986.6
2024-04-08T16:00,Bharati Station,-21.2,-26.1,63,6.2,10.4,0.0,986.2
2024-04-08T17:00,Bharati Station,-19.4,-24.1,55,5.2,9.0,0.0,985.3
2024-04-08T18:00,Bharati Station,-17.1,-21.5,52,3.0,6.8,0.0,984.0
2024-04-08T19:00,Bharati Station,-15.8,-20.2,56,3.8,4.7,0.0,982.2
2024-04-08T20:00,Bharati Station,-17.4,-23.2,68,12.6,13.0,0.0,980.2
2024-04-08T21:00,Bharati Station,-14.3,-21.6,67,24.5,29.2,0.0,978.0
2024-04-08T22:00,Bharati Station,-12.3,-20.5,62,30.7,39.6,0.0,975.4
2024-04-08T23:00,Bharati Station,-10.6,-19.6,62,36.2,46.8,0.0,973.4
2024-04-09T00:00,Bharati Station,-9.6,-18.5,65,36.3,49.0,0.0,971.2
2024-04-09T01:00,Bharati Station,-8.9,-18.1,71,38.9,61.6,0.0,967.4
2024-04-09T02:00,Bharati Station,-8.8,-16.4,74,28.4,51.1,0.0,965.9
2024-04-09T03:00,Bharati Station,-7.9,-16.7,73,36.9,46.8,0.0,964.4
2024-04-09T04:00,Bharati Station,-7.2,-17.1,75,45.2,58.3,0.0,963.0
2024-04-09T05:00,Bharati Station,-7.0,-18.2,78,54.1,69.8,0.0,961.9
2024-04-09T06:00,Bharati Station,-6.9,-19.2,80,61.9,80.3,0.0,960.6
2024-04-09T07:00,Bharati Station,-7.0,-20.1,82,68.0,88.9,0.0,960.0
2024-04-09T08:00,Bharati Station,-7.2,-20.8,83,70.7,94.0,0.0,959.5
2024-04-09T09:00,Bharati Station,-7.6,-21.0,84,69.6,93.6,0.0,959.8
2024-04-09T10:00,Bharati Station,-8.3,-21.7,87,69.4,93.2,38.0,959.8
2024-04-09T11:00,Bharati Station,-10.7,-21.6,88,51.1,91.8,1.0,960.5
2024-04-09T12:00,Bharati Station,-13.9,-24.8,85,49.6,68.8,0.0,962.0
2024-04-09T13:00,Bharati Station,-13.6,-24.6,86,50.6,70.2,0.0,962.5
2024-04-09T14:00,Bharati Station,-15.1,-25.6,85,46.5,68.0,0.0,964.6
2024-04-09T15:00,Bharati Station,-15.8,-24.5,82,34.0,61.9,0.0,966.4
2024-04-09T16:00,Bharati Station,-17.0,-24.8,82,27.6,45.7,0.0,968.4
2024-04-09T17:00,Bharati Station,-18.0,-25.0,80,22.0,37.8,0.0,970.1
2024-04-09T18:00,Bharati Station,-18.6,-24.6,79,14.5,31.0,0.0,971.0
2024-04-09T19:00,Bharati Station,-18.6,-24.3,78,12.7,21.2,0.0,971.5
2024-04-09T20:00,Bharati Station,-18.6,-24.9,79,16.5,22.0,0.0,972.1
2024-04-09T21:00,Bharati Station,-18.6,-25.0,79,17.6,23.4,0.0,972.7
2024-04-09T22:00,Bharati Station,-18.5,-25.0,76,18.1,23.4,0.0,972.8
2024-04-09T23:00,Bharati Station,-18.3,-24.5,80,16.1,23.4,0.0,973.8
2024-04-10T00:00,Bharati Station,-18.4,-24.8,81,17.1,21.6,0.0,974.0
2024-04-10T01:00,Bharati Station,-17.2,-24.2,70,21.7,28.8,0.0,972.4
2024-04-10T02:00,Bharati Station,-17.1,-24.4,76,23.9,31.0,0.0,973.1
2024-04-10T03:00,Bharati Station,-16.5,-23.8,73,23.9,31.0,0.0,973.2
2024-04-10T04:00,Bharati Station,-14.9,-22.5,67,26.1,33.8,1.0,973.2
2024-04-10T05:00,Bharati Station,-13.5,-21.5,63,28.8,37.8,1.0,973.4
2024-04-10T06:00,Bharati Station,-12.0,-20.4,62,32.3,41.4,0.0,973.6
2024-04-10T07:00,Bharati Station,-10.6,-19.7,61,36.9,48.2,0.0,973.8
2024-04-10T08:00,Bharati Station,-10.3,-19.2,62,36.0,48.2,14.0,974.0
2024-04-10T09:00,Bharati Station,-10.2,-18.7,68,33.4,47.2,6.0,974.5
2024-04-10T10:00,Bharati Station,-10.1,-18.2,68,31.1,43.6,3.0,975.1
2024-04-10T11:00,Bharati Station,-10.5,-17.6,73,24.2,40.3,0.0,976.2
2024-04-10T12:00,Bharati Station,-11.0,-17.7,80,21.5,31.0,0.0,976.9
2024-04-10T13:00,Bharati Station,-11.7,-17.4,85,14.6,24.8,0.0,977.3
2024-04-10T14:00,Bharati Station,-12.7,-17.6,88,9.4,18.4,0.0,978.9
2024-04-10T15:00,Bharati Station,-13.1,-18.2,86,10.1,13.0,0.0,980.3
2024-04-10T16:00,Bharati Station,-13.8,-19.2,83,11.5,15.5,0.0,981.7
2024-04-10T17:00,Bharati Station,-14.2,-19.4,80,10.8,15.8,0.0,983.0
2024-04-10T18:00,Bharati Station,-14.5,-20.0,81,12.0,15.8,0.0,983.7
2024-04-10T19:00,Bharati Station,-15.2,-20.9,82,13.6,19.1,0.0,984.8
2024-04-10T20:00,Bharati Station,-15.5,-21.1,83,12.7,19.1,0.0,986.0
2024-04-10T21:00,Bharati Station,-15.6,-21.5,84,15.3,20.5,0.0,987.1
2024-04-10T22:00,Bharati Station,-15.9,-22.1,85,16.9,22.7,0.0,988.4
2024-04-10T23:00,Bharati Station,-16.4,-22.7,86,17.3,22.7,0.0,989.4
2024-04-11T00:00,Bharati Station,-16.9,-23.0,86,15.6,22.7,0.0,990.2
2024-04-11T01:00,Bharati Station,-15.7,-20.7,87,8.7,10.4,0.0,989.5
2024-04-11T02:00,Bharati Station,-16.1,-20.9,86,7.4,10.8,0.0,990.4
2024-04-11T03:00,Bharati Station,-14.8,-18.9,85,2.9,8.3,0.0,991.3
2024-04-11T04:00,Bharati Station,-15.4,-19.6,89,3.5,4.0,7.0,992.3
2024-04-11T05:00,Bharati Station,-16.3,-21.0,87,6.2,7.2,40.0,993.2
2024-04-11T06:00,Bharati Station,-16.3,-20.5,86,2.9,7.2,55.0,993.9
2024-04-11T07:00,Bharati Station,-16.3,-20.4,87,2.4,3.6,83.0,994.3
2024-04-11T08:00,Bharati Station,-16.5,-20.6,87,2.9,3.2,62.0,994.5
2024-04-11T09:00,Bharati Station,-16.6,-21.3,86,6.2,7.2,52.0,995.1
2024-04-11T10:00,Bharati Station,-16.9,-21.7,85,7.1,9.7,27.0,995.6
2024-04-11T11:00,Bharati Station,-17.1,-22.0,81,7.3,10.1,8.0,995.8
2024-04-11T12:00,Bharati Station,-17.4,-22.3,75,7.3,9.7,0.0,995.6
2024-04-11T13:00,Bharati Station,-18.0,-23.6,65,11.4,14.8,0.0,994.6
2024-04-11T14:00,Bharati Station,-18.9,-24.4,66,10.2,14.4,0.0,994.6
2024-04-11T15:00,Bharati Station,-19.6,-25.0,66,9.7,13.0,0.0,994.7
2024-04-11T16:00,Bharati Station,-20.0,-25.4,66,9.4,11.9,0.0,994.6
2024-04-11T17:00,Bharati Station,-20.2,-25.7,64,10.5,13.0,0.0,994.3
2024-04-11T18:00,Bharati Station,-20.6,-26.1,65,10.0,13.3,0.0,993.8
2024-04-11T19:00,Bharati Station,-20.9,-26.1,67,8.7,12.6,0.0,993.7
2024-04-11T20:00,Bharati Station,-21.1,-26.6,66,9.9,12.2,0.0,993.4
2024-04-11T21:00,Bharati Station,-21.6,-27.2,66,11.2,14.4,0.0,992.7
2024-04-11T22:00,Bharati Station,-21.9,-27.5,66,10.7,14.4,0.0,992.2
2024-04-11T23:00,Bharati Station,-22.1,-27.7,65,10.8,13.7,0.0,992.0
2024-04-12T00:00,Bharati Station,-22.4,-28.0,65,10.8,13.7,0.0,991.7
2024-04-12T01:00,Bharati Station,-23.6,-29.1,84,10.8,15.8,0.0,990.1
2024-04-12T02:00,Bharati Station,-23.3,-28.9,84,10.9,14.4,0.0,989.7
2024-04-12T03:00,Bharati Station,-23.2,-28.8,87,11.6,15.1,1.0,989.0
2024-04-12T04:00,Bharati Station,-22.7,-28.2,78,10.6,15.1,33.0,988.4
2024-04-12T05:00,Bharati Station,-22.0,-27.0,68,6.8,13.0,82.0,988.1
2024-04-12T06:00,Bharati Station,-21.1,-26.1,62,6.9,8.3,125.0,987.9
2024-04-12T07:00,Bharati Station,-20.2,-25.1,62,6.6,8.6,147.0,987.6
2024-04-12T08:00,Bharati Station,-19.7,-24.7,64,6.8,8.3,145.0,987.4
2024-04-12T09:00,Bharati Station,-19.8,-24.9,63,7.2,9.0,120.0,987.6
2024-04-12T10:00,Bharati Station,-20.1,-25.1,83,7.6,9.0,76.0,988.0
2024-04-12T11:00,Bharati Station,-21.5,-27.1,87,11.3,13.3,27.0,988.2
2024-04-12T12:00,Bharati Station,-22.0,-28.1,85,14.9,18.0,1.0,988.3
2024-04-12T13:00,Bharati Station,-22.7,-28.4,76,11.9,14.8,0.0,988.7
2024-04-12T14:00,Bharati Station,-23.0,-28.8,79,12.7,15.5,0.0,989.0
2024-04-12T15:00,Bharati Station,-23.1,-29.1,83,13.4,16.2,0.0,989.1
2024-04-12T16:00,Bharati Station,-23.2,-29.2,83,13.7,16.9,0.0,989.2
2024-04-12T17:00,Bharati Station,-23.2,-29.1,82,13.2,16.9,0.0,989.5
2024-04-12T18:00,Bharati Station,-23.2,-29.2,83,14.2,17.3,0.0,989.5
2024-04-12T19:00,Bharati Station,-23.1,-29.3,81,14.8,18.4,0.0,989.6
2024-04-12T20:00,Bharati Station,-23.1,-29.2,81,14.8,18.4,0.0,990.0
2024-04-12T21:00,Bharati Station,-23.0,-29.2,79,15.3,19.1,0.0,990.5
2024-04-12T22:00,Bharati Station,-23.0,-29.3,79,15.5,19.4,0.0,990.9
2024-04-12T23:00,Bharati Station,-22.9,-29.0,79,14.6,19.1,0.0,991.7
2024-04-13T00:00,Bharati Station,-22.5,-28.7,77,15.0,18.7,0.0,992.2
2024-04-13T01:00,Bharati Station,-22.4,-28.0,73,10.9,18.4,0.0,990.8
2024-04-13T02:00,Bharati Station,-20.7,-25.7,64,6.8,13.7,0.0,991.7
2024-04-13T03:00,Bharati Station,-18.9,-23.7,61,5.7,8.6,1.0,992.4
2024-04-13T04:00,Bharati Station,-19.5,-24.4,65,6.3,7.9,30.0,993.0
2024-04-13T05:00,Bharati Station,-20.3,-25.4,62,7.5,9.7,78.0,993.7
2024-04-13T06:00,Bharati Station,-20.1,-25.3,55,8.2,9.7,119.0,994.2
2024-04-13T07:00,Bharati Station,-20.9,-26.8,63,13.0,16.2,141.0,994.3
2024-04-13T08:00,Bharati Station,-20.7,-26.1,79,10.4,15.8,139.0,994.8
2024-04-13T09:00,Bharati Station,-20.8,-26.4,81,11.1,14.4,111.0,995.4
2024-04-13T10:00,Bharati Station,-20.7,-26.7,81,14.0,16.9,69.0,996.0
2024-04-13T11:00,Bharati Station,-20.7,-27.1,79,16.8,21.2,23.0,996.2
2024-04-13T12:00,Bharati Station,-20.6,-27.2,76,18.6,23.4,0.0,996.2
2024-04-13T13:00,Bharati Station,-20.7,-26.9,68,15.1,19.4,0.0,995.1
2024-04-13T14:00,Bharati Station,-20.7,-27.0,71,16.0,19.8,0.0,995.6
2024-04-13T15:00,Bharati Station,-20.7,-27.0,70,16.1,19.8,0.0,995.9
2024-04-13T16:00,Bharati Station,-20.7,-26.9,73,15.3,20.2,0.0,996.1
2024-04-13T17:00,Bharati Station,-20.5,-26.6,73,14.8,19.8,0.0,996.0
2024-04-13T18:00,Bharati Station,-20.5,-26.4,76,13.2,18.4,0.0,995.7
2024-04-13T19:00,Bharati Station,-20.1,-25.9,74,13.0,16.6,0.0,995.4
2024-04-13T20:00,Bharati Station,-17.7,-22.7,73,8.0,16.2,0.0,995.2
2024-04-13T21:00,Bharati Station,-15.0,-19.5,65,5.1,9.7,0.0,995.3
2024-04-13T22:00,Bharati Station,-14.6,-18.9,62,2.7,6.8,0.0,995.0
2024-04-13T23:00,Bharati Station,-14.3,-18.3,71,2.1,3.6,0.0,995.2
2024-04-14T00:00,Bharati Station,-13.9,-18.5,65,5.2,6.5,0.0,995.2
2024-04-14T01:00,Bharati Station,-13.4,-17.6,74,3.0,6.1,0.0,994.2
2024-04-14T02:00,Bharati Station,-13.1,-17.2,71,2.6,4.7,0.0,994.1
2024-04-14T03:00,Bharati Station,-12.8,-17.1,65,3.9,4.7,0.0,993.7
2024-04-14T04:00,Bharati Station,-12.6,-16.9,56,3.8,5.8,0.0,993.6
2024-04-14T05:00,Bharati Station,-12.3,-16.5,51,2.4,5.0,3.0,993.1
2024-04-14T06:00,Bharati Station,-12.0,-16.0,49,1.1,3.6,14.0,992.8
2024-04-14T07:00,Bharati Station,-11.8,-15.9,47,1.8,2.5,14.0,992.5
2024-04-14T08:00,Bharati Station,-11.5,-15.9,44,3.6,4.7,26.0,992.2
2024-04-14T09:00,Bharati Station,-13.0,-17.9,44,7.2,8.6,35.0,992.1
2024-04-14T10:00,Bharati Station,-16.1,-21.8,55,12.1,14.8,19.0,991.9
2024-04-14T11:00,Bharati Station,-16.0,-22.3,55,16.0,19.4,5.0,992.0
2024-04-14T12:00,Bharati Station,-16.2,-22.7,58,18.1,22.3,0.0,991.9
2024-04-14T13:00,Bharati Station,-15.6,-22.6,60,21.3,27.4,0.0,992.3
2024-04-14T14:00,Bharati Station,-16.2,-22.7,57,18.0,27.0,0.0,992.4
2024-04-14T15:00,Bharati Station,-17.2,-23.2,63,14.3,22.7,0.0,992.1
2024-04-14T16:00,Bharati Station,-17.9,-23.8,69,13.6,18.0,0.0,991.8
2024-04-14T17:00,Bharati Station,-18.4,-24.1,72,12.5,17.3,0.0,991.5
2024-04-14T18:00,Bharati Station,-18.6,-24.3,69,11.7,15.8,0.0,991.1
2024-04-14T19:00,Bharati Station,-18.8,-24.5,58,11.8,14.8,0.0,990.7
2024-04-14T20:00,Bharati Station,-18.8,-24.5,55,11.5,14.8,0.0,990.4
2024-04-14T21:00,Bharati Station,-18.5,-24.0,53,10.7,14.8,0.0,990.1
2024-04-14T22:00,Bharati Station,-18.4,-23.9,56,10.6,13.7,0.0,990.1
2024-04-14T23:00,Bharati Station,-18.5,-24.0,63,10.6,13.7,0.0,990.1
2024-04-15T00:00,Bharati Station,-19.0,-24.6,62,11.7,14.8,0.0,989.9
2024-04-15T01:00,Bharati Station,-18.8,-25.3,59,16.8,20.5,0.0,989.0
2024-04-15T02:00,Bharati Station,-19.0,-25.3,59,15.8,21.6,0.0,988.8
2024-04-15T03:00,Bharati Station,-19.4,-25.1,58,12.0,19.8,0.0,988.4
2024-04-15T04:00,Bharati Station,-18.4,-23.9,53,10.7,15.1,23.0,988.2
2024-04-15T05:00,Bharati Station,-17.6,-23.1,51,10.5,13.7,67.0,987.8
2024-04-15T06:00,Bharati Station,-17.6,-23.1,52,10.9,13.7,106.0,987.5
2024-04-15T07:00,Bharati Station,-17.5,-23.1,52,11.4,14.0,127.0,987.0
2024-04-15T08:00,Bharati Station,-16.9,-22.4,51,10.5,14.0,125.0,986.6
2024-04-15T09:00,Bharati Station,-16.3,-21.6,48,9.5,13.0,101.0,986.2
2024-04-15T10:00,Bharati Station,-17.1,-22.6,51,10.5,13.0,59.0,985.9
2024-04-15T11:00,Bharati Station,-18.8,-24.7,59,13.0,15.8,17.0,985.5
2024-04-15T12:00,Bharati Station,-18.7,-25.2,56,17.1,20.9,0.0,985.1
2024-04-15T13:00,Bharati Station,-17.5,-24.8,47,22.2,29.2,0.0,984.0
2024-04-15T14:00,Bharati Station,-17.6,-24.7,48,20.9,28.4,0.0,983.8
2024-04-15T15:00,Bharati Station,-18.4,-24.8,54,16.6,26.6,0.0,983.7
2024-04-15T16:00,Bharati Station,-19.0,-25.2,53,14.8,21.2,0.0,983.4
2024-04-15T17:00,Bharati Station,-19.3,-25.5,51,14.6,18.4,0.0,983.1
2024-04-15T18:00,Bharati Station,-19.8,-25.8,58,13.7,18.0,0.0,982.7
2024-04-15T19:00,Bharati Station,-20.0,-25.7,55,11.9,16.9,0.0,982.3
2024-04-15T20:00,Bharati Station,-19.5,-25.2,51,11.0,15.1,0.0,981.9
2024-04-15T21:00,Bharati Station,-19.5,-25.2,50,11.2,14.4,0.0,981.6
2024-04-15T22:00,Bharati Station,-19.9,-25.7,52,11.8,14.8,0.0,981.4
2024-04-15T23:00,Bharati Station,-19.8,-25.5,51,11.4,14.8,0.0,981.3
2024-04-16T00:00,Bharati Station,-19.1,-24.6,49,10.3,14.4,0.0,981.2
2024-04-16T01:00,Bharati Station,-19.0,-26.2,57,22.3,28.1,0.0,979.5
2024-04-16T02:00,Bharati Station,-18.8,-25.8,58,21.1,28.1,0.0,979.2
2024-04-16T03:00,Bharati Station,-18.9,-25.7,57,18.8,26.6,0.0,978.9
2024-04-16T04:00,Bharati Station,-18.9,-25.5,57,18.0,23.4,20.0,978.6
2024-04-16T05:00,Bharati Station,-17.3,-24.9,60,24.8,29.9,63.0,978.5
2024-04-16T06:00,Bharati Station,-15.8,-24.5,49,32.1,42.1,102.0,978.9
2024-04-16T07:00,Bharati Station,-15.3,-23.9,47,31.8,42.8,123.0,979.1
2024-04-16T08:00,Bharati Station,-15.0,-24.2,46,35.9,46.8,120.0,979.0
2024-04-16T09:00,Bharati Station,-15.1,-24.5,48,37.4,50.0,96.0,979.1
2024-04-16T10:00,Bharati Station,-15.4,-24.5,49,35.4,50.0,55.0,979.5
2024-04-16T11:00,Bharati Station,-15.7,-24.7,49,34.4,46.8,14.0,980.1
2024-04-16T12:00,Bharati Station,-16.0,-24.8,50,33.1,45.7,0.0,980.6
2024-04-16T13:00,Bharati Station,-16.5,-25.2,62,33.1,49.0,0.0,979.8
2024-04-16T14:00,Bharati Station,-16.5,-24.9,62,31.1,42.8,0.0,980.2
2024-04-16T15:00,Bharati Station,-16.4,-24.8,62,30.4,40.0,0.0,980.4
2024-04-16T16:00,Bharati Station,-16.4,-24.7,62,30.1,39.6,0.0,980.6
2024-04-16T17:00,Bharati Station,-16.5,-24.7,63,29.9,39.6,0.0,980.4
2024-04-16T18:00,Bharati Station,-16.5,-24.5,63,28.3,38.5,0.0,980.6
2024-04-16T19:00,Bharati Station,-16.6,-24.6,63,28.1,36.7,0.0,981.0
2024-04-16T20:00,Bharati Station,-16.6,-24.7,64,28.5,36.7,0.0,980.9
2024-04-16T21:00,Bharati Station,-16.7,-24.8,64,28.8,37.1,0.0,981.3
2024-04-16T22:00,Bharati Station,-16.5,-24.6,64,28.6,37.4,0.0,981.1
2024-04-16T23:00,Bharati Station,-16.4,-24.5,64,28.6,37.1,0.0,981.3
2024-04-17T00:00,Bharati Station,-16.2,-24.2,64,28.6,37.1,0.0,981.4
2024-04-17T01:00,Bharati Station,-16.1,-24.3,65,29.2,41.0,0.0,980.8
2024-04-17T02:00,Bharati Station,-15.6,-23.8,61,29.5,38.9,0.0,981.3
2024-04-17T03:00,Bharati Station,-15.3,-23.2,64,27.9,38.5,0.0,981.8
2024-04-17T04:00,Bharati Station,-15.1,-22.7,65,26.0,36.4,0.0,982.1
2024-04-17T05:00,Bharati Station,-14.8,-22.3,63,25.0,34.2,0.0,982.2
2024-04-17T06:00,Bharati Station,-14.5,-22.1,54,25.9,34.9,2.0,982.3
2024-04-17T07:00,Bharati Station,-14.3,-21.9,53,25.1,34.9,3.0,982.2
2024-04-17T08:00,Bharati Station,-14.2,-21.5,57,23.5,33.5,2.0,982.1
2024-04-17T09:00,Bharati Station,-14.4,-21.2,63,20.9,30.6,5.0,981.8
2024-04-17T10:00,Bharati Station,-14.6,-21.2,61,18.9,27.0,1.0,981.5
2024-04-17T11:00,Bharati Station,-14.7,-21.2,61,18.2,24.5,0.0,981.3
2024-04-17T12:00,Bharati Station,-15.0,-21.2,61,16.5,23.4,0.0,981.2
2024-04-17T13:00,Bharati Station,-14.5,-20.8,64,17.3,25.9,0.0,980.9
2024-04-17T14:00,Bharati Station,-14.3,-20.6,63,16.6,22.0,0.0,980.7
2024-04-17T15:00,Bharati Station,-14.2,-20.6,62,17.5,22.3,0.0,980.5
2024-04-17T16:00,Bharati Station,-14.0,-20.6,62,19.5,24.8,0.0,980.4
2024-04-17T17:00,Bharati Station,-13.7,-20.4,61,20.3,26.3,0.0,980.2
2024-04-17T18:00,Bharati Station,-13.5,-20.1,62,19.2,26.3,0.0,979.9
2024-04-17T19:00,Bharati Station,-13.5,-19.8,66,17.3,24.5,0.0,979.5
2024-04-17T20:00,Bharati Station,-13.6,-19.4,64,13.8,22.0,0.0,979.1
2024-04-17T21:00,Bharati Station,-13.7,-18.7,65,8.4,16.9,0.0,978.9
2024-04-17T22:00,Bharati Station,-13.5,-18.4,63,7.8,10.4,0.0,978.4
2024-04-17T23:00,Bharati Station,-14.4,-19.8,76,11.6,13.7,0.0,978.0
2024-04-18T00:00,Bharati Station,-14.6,-20.2,78,13.2,16.6,0.0,977.7
2024-04-18T01:00,Bharati Station,-14.8,-20.1,66,10.2,12.6,0.0,977.7
2024-04-18T02:00,Bharati Station,-14.4,-19.7,62,10.2,13.7,0.0,977.4
2024-04-18T03:00,Bharati Station,-12.8,-17.7,55,7.6,12.6,0.0,977.0
2024-04-18T04:00,Bharati Station,-15.3,-20.6,73,10.4,12.6,13.0,976.5
2024-04-18T05:00,Bharati Station,-16.3,-21.7,79,10.9,13.7,50.0,976.2
2024-04-18T06:00,Bharati Station,-16.1,-21.4,79,10.5,13.7,88.0,976.0
2024-04-18T07:00,Bharati Station,-16.0,-21.4,79,11.4,14.0,109.0,975.9
2024-04-18T08:00,Bharati Station,-15.5,-21.4,70,13.9,17.3,104.0,976.0
2024-04-18T09:00,Bharati Station,-15.7,-21.2,67,11.9,17.3,81.0,976.4
2024-04-18T10:00,Bharati Station,-12.5,-17.2,63,6.9,14.8,41.0,976.8
2024-04-18T11:00,Bharati Station,-10.6,-14.7,62,2.7,8.6,7.0,977.1
2024-04-18T12:00,Bharati Station,-10.6,-14.5,75,2.5,4.0,0.0,977.4
2024-04-18T13:00,Bharati Station,-10.7,-14.6,78,2.9,3.6,0.0,977.6
2024-04-18T14:00,Bharati Station,-10.7,-14.4,86,2.1,4.0,0.0,978.0
2024-04-18T15:00,Bharati Station,-10.5,-14.4,91,3.2,4.0,0.0,978.1
2024-04-18T16:00,Bharati Station,-10.2,-14.0,92,3.0,4.0,0.0,978.5
2024-04-18T17:00,Bharati Station,-10.1,-13.6,94,1.5,3.6,0.0,979.1
2024-04-18T18:00,Bharati Station,-9.8,-13.4,91,2.3,2.9,0.0,979.1
2024-04-18T19:00,Bharati Station,-10.6,-15.1,83,6.9,7.9,0.0,979.2
2024-04-18T20:00,Bharati Station,-12.4,-17.5,72,9.4,11.9,0.0,979.2
2024-04-18T21:00,Bharati Station,-12.8,-18.0,71,10.5,13.0,0.0,979.6
2024-04-18T22:00,Bharati Station,-13.0,-18.2,78,10.2,13.0,0.0,979.7
2024-04-18T23:00,Bharati Station,-13.3,-18.6,80,11.8,14.8,0.0,979.9
2024-04-19T00:00,Bharati Station,-13.1,-18.7,71,12.9,15.8,0.0,980.1
2024-04-19T01:00,Bharati Station,-12.9,-18.7,79,14.5,19.1,0.0,980.0
2024-04-19T02:00,Bharati Station,-13.5,-19.1,78,13.7,18.0,0.0,980.3
2024-04-19T03:00,Bharati Station,-12.4,-18.1,75,14.4,18.0,0.0,980.6
2024-04-19T04:00,Bharati Station,-12.0,-17.8,77,14.9,18.4,1.0,980.5
2024-04-19T05:00,Bharati Station,-12.1,-17.9,78,15.0,18.7,12.0,980.7
2024-04-19T06:00,Bharati Station,-13.1,-18.9,79,14.5,18.7,64.0,980.6
2024-04-19T07:00,Bharati Station,-13.9,-19.4,77,12.3,18.4,85.0,980.2
2024-04-19T08:00,Bharati Station,-13.4,-18.3,77,8.2,15.5,76.0,979.9
2024-04-19T09:00,Bharati Station,-10.1,-14.2,74,3.7,10.4,38.0,980.1
2024-04-19T10:00,Bharati Station,-9.8,-13.8,67,3.2,5.0,6.0,980.1
2024-04-19T11:00,Bharati Station,-13.0,-18.0,79,8.9,10.4,0.0,980.0
2024-04-19T12:00,Bharati Station,-13.3,-18.7,81,12.0,14.4,0.0,979.9
2024-04-19T13:00,Bharati Station,-14.0,-19.1,81,10.0,14.4,0.0,979.1
2024-04-19T14:00,Bharati Station,-13.7,-19.1,83,12.1,14.8,0.0,979.1
2024-04-19T15:00,Bharati Station,-13.3,-18.9,86,13.4,16.9,0.0,979.1
2024-04-19T16:00,Bharati Station,-13.3,-19.1,90,15.0,19.1,0.0,978.9
2024-04-19T17:00,Bharati Station,-13.7,-19.6,90,15.7,21.2,0.0,978.7
2024-04-19T18:00,Bharati Station,-13.9,-19.4,90,12.9,20.9,0.0,978.2
2024-04-19T19:00,Bharati Station,-14.8,-21.0,89,17.0,22.7,0.0,978.1
2024-04-19T20:00,Bharati Station,-15.7,-21.4,88,14.0,23.4,0.0,978.1
2024-04-19T21:00,Bharati Station,-16.1,-21.6,87,12.6,19.4,0.0,978.2
2024-04-19T22:00,Bharati Station,-17.0,-22.7,86,13.3,19.4,0.0,978.4
2024-04-19T23:00,Bharati Station,-17.9,-23.4,85,11.7,19.4,0.0,978.4
2024-04-20T00:00,Bharati Station,-18.5,-23.8,85,10.5,17.6,0.0,978.5
2024-04-20T01:00,Bharati Station,-16.3,-21.1,87,7.2,16.6,0.0,978.2
2024-04-20T02:00,Bharati Station,-16.2,-21.1,87,7.7,10.8,0.0,978.3
2024-04-20T03:00,Bharati Station,-16.6,-21.5,86,8.2,11.9,0.0,978.5
2024-04-20T04:00,Bharati Station,-17.0,-22.1,86,9.2,14.8,0.0,978.8
2024-04-20T05:00,Bharati Station,-16.9,-21.9,86,8.2,14.0,0.0,979.4
2024-04-20T06:00,Bharati Station,-16.9,-22.0,86,9.1,14.0,0.0,979.5
2024-04-20T07:00,Bharati Station,-17.1,-22.2,86,9.1,14.8,2.0,980.0
2024-04-20T08:00,Bharati Station,-17.2,-22.3,87,9.1,14.0,4.0,980.1
2024-04-20T09:00,Bharati Station,-17.4,-22.9,87,11.9,16.9,1.0,980.6
2024-04-20T10:00,Bharati Station,-17.9,-23.6,86,12.6,18.4,7.0,981.5
2024-04-20T11:00,Bharati Station,-18.5,-24.2,86,12.9,18.0,2.0,982.0
2024-04-20T12:00,Bharati Station,-19.1,-25.1,86,14.8,19.8,0.0,982.5
2024-04-20T13:00,Bharati Station,-18.6,-24.5,88,14.5,19.4,0.0,983.1
2024-04-20T14:00,Bharati Station,-18.8,-24.8,89,15.0,20.9,0.0,983.6
2024-04-20T15:00,Bharati Station,-18.8,-24.7,87,14.2,20.2,0.0,983.7
2024-04-20T16:00,Bharati Station,-18.8,-24.6,85,13.8,19.1,0.0,984.3
2024-04-20T17:00,Bharati Station,-18.8,-24.1,85,9.7,18.4,0.0,984.4
2024-04-20T18:00,Bharati Station,-18.6,-23.5,85,7.2,12.6,0.0,984.1
2024-04-20T19:00,Bharati Station,-18.8,-23.4,84,5.4,9.0,0.0,984.5
2024-04-20T20:00,Bharati Station,-18.5,-22.9,85,4.1,6.8,0.0,984.8
2024-04-20T21:00,Bharati Station,-17.1,-21.1,86,1.9,5.4,0.0,984.7
2024-04-20T22:00,Bharati Station,-16.3,-20.4,87,2.5,3.2,0.0,984.4
2024-04-20T23:00,Bharati Station,-15.6,-19.9,86,3.7,5.0,0.0,984.4
2024-04-21T00:00,Bharati Station,-15.5,-20.1,75,5.4,6.8,0.0,984.3
2024-04-21T01:00,Bharati Station,-15.5,-19.7,88,3.6,9.7,0.0,984.0
2024-04-21T02:00,Bharati Station,-17.0,-21.8,88,6.6,8.3,0.0,983.7
2024-04-21T03:00,Bharati Station,-16.7,-21.3,88,6.0,8.3,0.0,983.4
2024-04-21T04:00,Bharati Station,-17.0,-21.8,82,7.1,9.0,0.0,982.0
2024-04-21T05:00,Bharati Station,-17.1,-22.4,75,9.7,11.5,3.0,981.4
2024-04-21T06:00,Bharati Station,-16.4,-22.2,67,13.6,16.6,7.0,980.8
2024-04-21T07:00,Bharati Station,-15.8,-21.5,64,12.7,17.6,6.0,980.1
2024-04-21T08:00,Bharati Station,-15.0,-20.3,60,9.4,15.8,3.0,978.5
2024-04-21T09:00,Bharati Station,-12.5,-17.4,51,7.1,11.5,1.0,977.0
2024-04-21T10:00,Bharati Station,-10.0,-14.6,38,4.8,9.0,0.0,975.8
2024-04-21T11:00,Bharati Station,-10.9,-15.9,43,7.4,9.4,0.0,974.4
2024-04-21T12:00,Bharati Station,-11.2,-16.3,49,8.5,10.8,0.0,973.3
2024-04-21T13:00,Bharati Station,-12.0,-17.2,55,9.8,13.0,0.0,971.3
2024-04-21T14:00,Bharati Station,-10.5,-15.4,56,8.4,12.2,0.0,970.5
2024-04-21T15:00,Bharati Station,-10.2,-15.2,54,8.7,10.8,0.0,969.4
2024-04-21T16:00,Bharati Station,-10.4,-15.5,58,9.9,11.9,0.0,968.6
2024-04-21T17:00,Bharati Station,-11.3,-17.1,65,14.5,16.2,0.0,967.7
2024-04-21T18:00,Bharati Station,-9.3,-16.2,60,22.3,27.7,0.0,966.7
2024-04-21T19:00,Bharati Station,-8.6,-15.6,61,23.4,30.6,0.0,966.0
2024-04-21T20:00,Bharati Station,-8.2,-15.2,61,23.6,30.6,0.0,965.4
2024-04-21T21:00,Bharati Station,-8.0,-15.1,60,23.9,31.0,0.0,965.0
2024-04-21T22:00,Bharati Station,-7.6,-14.7,59,24.7,32.0,0.0,964.7
2024-04-21T23:00,Bharati Station,-7.4,-14.6,58,25.3,33.5,0.0,964.3
2024-04-22T00:00,Bharati Station,-7.7,-15.0,59,25.5,33.8,0.0,964.1
2024-04-22T01:00,Bharati Station,-8.4,-13.0,77,8.0,17.6,0.0,963.6
2024-04-22T02:00,Bharati Station,-8.7,-14.6,72,16.9,20.9,0.0,964.2
2024-04-22T03:00,Bharati Station,-9.2,-14.9,66,14.5,21.2,0.0,964.4
2024-04-22T04:00,Bharati Station,-8.3,-15.0,59,21.1,25.2,0.0,964.5
2024-04-22T05:00,Bharati Station,-8.6,-15.8,58,24.6,32.4,22.0,964.7
2024-04-22T06:00,Bharati Station,-8.3,-15.4,59,24.1,32.0,57.0,965.1
2024-04-22T07:00,Bharati Station,-8.4,-15.3,61,22.4,31.7,76.0,965.4
2024-04-22T08:00,Bharati Station,-8.7,-15.4,62,21.4,29.2,79.0,966.1
2024-04-22T09:00,Bharati Station,-8.9,-15.6,63,21.0,27.7,59.0,966.8
2024-04-22T10:00,Bharati Station,-9.4,-15.8,64,18.8,27.0,26.0,967.6
2024-04-22T11:00,Bharati Station,-10.0,-16.2,64,17.2,24.1,2.0,968.2
2024-04-22T12:00,Bharati Station,-10.3,-16.5,66,17.7,22.0,0.0,968.7
2024-04-22T13:00,Bharati Station,-9.4,-16.6,68,25.1,32.4,0.0,969.1
2024-04-22T14:00,Bharati Station,-8.6,-16.4,59,28.7,37.8,0.0,970.0
2024-04-22T15:00,Bharati Station,-9.0,-16.7,55,27.5,38.2,0.0,970.4
2024-04-22T16:00,Bharati Station,-9.8,-17.0,55,23.8,36.7,0.0,970.8
2024-04-22T17:00,Bharati Station,-10.1,-17.0,62,22.4,30.6,0.0,971.2
2024-04-22T18:00,Bharati Station,-10.5,-17.4,64,22.7,29.5,0.0,971.4
2024-04-22T19:00,Bharati Station,-10.7,-17.7,65,23.1,29.9,0.0,971.6
2024-04-22T20:00,Bharati Station,-10.8,-17.9,64,23.5,30.2,0.0,972.1
2024-04-22T21:00,Bharati Station,-10.9,-18.3,64,25.2,32.4,0.0,972.3
2024-04-22T22:00,Bharati Station,-11.0,-18.5,64,26.7,34.6,0.0,972.8
2024-04-22T23:00,Bharati Station,-11.0,-18.5,63,25.9,34.6,0.0,973.2
2024-04-23T00:00,Bharati Station,-11.1,-18.3,63,24.1,33.8,0.0,973.6
2024-04-23T01:00,Bharati Station,-10.9,-18.4,62,26.3,42.8,0.0,974.3
2024-04-23T02:00,Bharati Station,-10.6,-17.5,62,22.4,35.3,0.0,974.2
2024-04-23T03:00,Bharati Station,-10.5,-16.8,69,18.4,28.4,0.0,974.2
2024-04-23T04:00,Bharati Station,-10.4,-16.3,66,15.5,23.8,0.0,974.0
2024-04-23T05:00,Bharati Station,-10.6,-15.9,66,11.9,19.8,0.0,974.0
2024-04-23T06:00,Bharati Station,-10.6,-15.8,67,10.6,15.1,1.0,973.8
2024-04-23T07:00,Bharati Station,-10.6,-15.9,68,11.4,14.0,2.0,973.5
2024-04-23T08:00,Bharati Station,-10.5,-15.8,66,11.1,14.4,3.0,973.0
2024-04-23T09:00,Bharati Station,-10.7,-16.0,64,11.6,14.4,1.0,972.4
2024-04-23T10:00,Bharati Station,-11.1,-16.3,65,10.8,14.4,1.0,972.0
2024-04-23T11:00,Bharati Station,-11.1,-16.1,63,9.0,13.3,0.0,971.7
2024-04-23T12:00,Bharati Station,-11.2,-16.3,65,9.7,11.9,0.0,971.1
2024-04-23T13:00,Bharati Station,-9.4,-15.6,67,18.0,24.5,0.0,969.6
2024-04-23T14:00,Bharati Station,-9.2,-15.2,70,16.7,23.4,0.0,969.3
2024-04-23T15:00,Bharati Station,-8.5,-14.8,67,19.1,24.1,0.0,969.2
2024-04-23T16:00,Bharati Station,-7.6,-14.6,61,23.9,30.6,0.0,969.0
2024-04-23T17:00,Bharati Station,-7.9,-14.3,65,20.3,31.0,0.0,968.6
2024-04-23T18:00,Bharati Station,-7.0,-14.8,64,29.5,37.8,0.0,968.0
2024-04-23T19:00,Bharati Station,-6.6,-14.4,65,30.3,41.4,0.0,967.9
2024-04-23T20:00,Bharati Station,-6.9,-13.9,71,25.2,40.3,0.0,967.9
2024-04-23T21:00,Bharati Station,-6.5,-14.3,70,30.6,40.0,0.0,968.0
2024-04-23T22:00,Bharati Station,-6.5,-14.1,71,29.5,42.1,0.0,968.4
2024-04-23T23:00,Bharati Station,-6.5,-13.9,71,27.8,39.2,0.0,968.9
2024-04-24T00:00,Bharati Station,-6.5,-13.7,73,26.2,36.7,0.0,969.1
2024-04-24T01:00,Bharati Station,-7.1,-14.7,74,28.7,38.5,0.0,969.0
2024-04-24T02:00,Bharati Station,-6.9,-14.2,70,27.1,38.5,0.0,969.3
2024-04-24T03:00,Bharati Station,-7.0,-13.8,70,23.6,36.0,0.0,969.7
2024-04-24T04:00,Bharati Station,-7.2,-13.8,69,21.9,31.0,0.0,969.9
2024-04-24T05:00,Bharati Station,-6.8,-13.5,63,22.2,29.2,1.0,970.0
2024-04-24T06:00,Bharati Station,-7.0,-13.7,60,22.2,29.2,6.0,969.9
2024-04-24T07:00,Bharati Station,-7.2,-13.8,58,21.0,28.8,21.0,969.8
2024-04-24T08:00,Bharati Station,-8.0,-14.4,58,19.4,27.4,49.0,969.8
2024-04-24T09:00,Bharati Station,-8.6,-14.8,60,18.0,25.2,46.0,969.8
2024-04-24T10:00,Bharati Station,-9.1,-15.3,61,17.3,22.7,17.0,969.9
2024-04-24T11:00,Bharati Station,-9.9,-15.8,64,15.3,21.6,1.0,970.0
2024-04-24T12:00,Bharati Station,-10.5,-16.2,65,14.6,18.7,0.0,970.0
2024-04-24T13:00,Bharati Station,-9.6,-15.2,73,14.3,25.9,0.0,970.0
2024-04-24T14:00,Bharati Station,-9.2,-13.7,71,6.8,18.0,0.0,970.4
2024-04-24T15:00,Bharati Station,-8.5,-12.8,68,5.1,8.6,0.0,970.6
2024-04-24T16:00,Bharati Station,-11.0,-15.8,72,8.1,9.7,0.0,970.5
2024-04-24T17:00,Bharati Station,-12.1,-17.3,72,10.2,12.2,0.0,970.5
2024-04-24T18:00,Bharati Station,-12.4,-17.8,71,12.2,15.1,0.0,970.6
2024-04-24T19:00,Bharati Station,-12.6,-17.7,72,9.9,15.1,0.0,971.1
2024-04-24T20:00,Bharati Station,-11.4,-16.3,66,8.4,12.6,0.0,971.5
2024-04-24T21:00,Bharati Station,-11.9,-17.0,64,10.0,12.2,0.0,971.9
2024-04-24T22:00,Bharati Station,-12.7,-18.3,65,13.1,15.5,0.0,972.2
2024-04-24T23:00,Bharati Station,-12.7,-18.5,63,13.7,17.3,0.0,972.7
2024-04-25T00:00,Bharati Station,-11.8,-16.7,63,8.3,16.9,0.0,973.3
2024-04-25T01:00,Bharati Station,-12.5,-18.5,67,15.5,19.1,0.0,974.4
2024-04-25T02:00,Bharati Station,-12.5,-18.3,68,14.2,19.4,0.0,975.0
2024-04-25T03:00,Bharati Station,-13.0,-18.6,66,12.8,18.0,0.0,975.5
2024-04-25T04:00,Bharati Station,-13.6,-19.0,72,11.3,15.8,0.0,975.6
2024-04-25T05:00,Bharati Station,-13.8,-19.5,70,13.6,16.2,10.0,975.8
2024-04-25T06:00,Bharati Station,-13.0,-19.4,59,17.9,24.1,22.0,976.1
2024-04-25T07:00,Bharati Station,-13.0,-19.4,62,18.4,23.8,35.0,976.5
2024-04-25T08:00,Bharati Station,-13.1,-19.3,73,16.8,23.8,12.0,977.1
2024-04-25T09:00,Bharati Station,-13.3,-19.5,80,17.6,22.7,6.0,977.4
2024-04-25T10:00,Bharati Station,-13.5,-20.1,71,20.1,26.6,1.0,977.9
2024-04-25T11:00,Bharati Station,-13.5,-20.4,71,21.4,28.1,0.0,978.2
2024-04-25T12:00,Bharati Station,-13.8,-20.5,74,20.3,28.8,0.0,978.5
2024-04-25T13:00,Bharati Station,-13.7,-21.1,58,24.4,33.5,0.0,978.5
2024-04-25T14:00,Bharati Station,-14.0,-20.8,61,20.2,32.8,0.0,978.7
2024-04-25T15:00,Bharati Station,-15.0,-20.8,76,14.0,27.0,0.0,979.0
2024-04-25T16:00,Bharati Station,-15.9,-21.3,82,11.3,18.4,0.0,978.8
2024-04-25T17:00,Bharati Station,-16.2,-21.6,82,10.7,14.4,0.0,978.6
2024-04-25T18:00,Bharati Station,-16.4,-21.8,78,10.9,13.7,0.0,978.5
2024-04-25T19:00,Bharati Station,-16.3,-21.7,74,10.4,13.7,0.0,978.4
2024-04-25T20:00,Bharati Station,-16.3,-21.8,68,10.8,13.3,0.0,978.3
2024-04-25T21:00,Bharati Station,-16.2,-21.9,62,12.1,14.8,0.0,978.5
2024-04-25T22:00,Bharati Station,-16.7,-22.0,60,9.7,14.8,0.0,978.7
2024-04-25T23:00,Bharati Station,-16.3,-21.4,57,8.6,12.2,0.0,979.3
2024-04-26T00:00,Bharati Station,-16.4,-21.6,57,8.6,10.8,0.0,979.7
2024-04-26T01:00,Bharati Station,-17.0,-23.1,63,14.8,23.8,0.0,980.6
2024-04-26T02:00,Bharati Station,-17.3,-23.1,60,12.6,18.4,0.0,980.9
2024-04-26T03:00,Bharati Station,-17.6,-23.2,58,11.5,15.5,0.0,981.5
2024-04-26T04:00,Bharati Station,-17.7,-23.5,57,12.5,15.1,1.0,982.1
2024-04-26T05:00,Bharati Station,-17.5,-23.4,56,13.7,16.9,21.0,982.4
2024-04-26T06:00,Bharati Station,-17.2,-23.2,56,14.5,18.0,49.0,982.7
2024-04-26T07:00,Bharati Station,-16.8,-23.0,56,15.2,19.8,65.0,983.4
2024-04-26T08:00,Bharati Station,-16.8,-22.9,56,14.7,19.4,63.0,984.0
2024-04-26T09:00,Bharati Station,-17.2,-23.1,58,13.6,18.4,43.0,984.7
2024-04-26T10:00,Bharati Station,-17.7,-23.6,69,13.5,16.9,14.0,985.2
2024-04-26T11:00,Bharati Station,-18.2,-24.2,74,14.4,18.0,0.0,985.8
2024-04-26T12:00,Bharati Station,-18.7,-24.7,78,14.2,18.0,0.0,986.3
2024-04-26T13:00,Bharati Station,-18.7,-24.8,75,15.3,19.8,0.0,986.3
2024-04-26T14:00,Bharati Station,-19.0,-25.1,78,15.3,19.4,0.0,986.7
2024-04-26T15:00,Bharati Station,-19.3,-25.5,82,15.8,20.2,0.0,986.7
2024-04-26T16:00,Bharati Station,-19.8,-26.1,85,16.5,21.6,0.0,986.7
2024-04-26T17:00,Bharati Station,-20.1,-26.4,86,16.0,22.0,0.0,986.5
2024-04-26T18:00,Bharati Station,-20.4,-26.5,87,15.3,21.2,0.0,986.5
2024-04-26T19:00,Bharati Station,-20.1,-25.9,83,13.2,20.5,0.0,986.6
2024-04-26T20:00,Bharati Station,-19.8,-25.4,79,11.5,17.3,0.0,986.5
2024-04-26T21:00,Bharati Station,-19.8,-25.2,78,10.5,14.8,0.0,986.2
2024-04-26T22:00,Bharati Station,-19.6,-24.9,77,9.7,13.3,0.0,985.9
2024-04-26T23:00,Bharati Station,-19.4,-24.8,78,10.0,12.6,0.0,985.5
2024-04-27T00:00,Bharati Station,-19.4,-24.5,79,8.2,12.6,0.0,985.1
2024-04-27T01:00,Bharati Station,-19.2,-24.0,82,6.4,12.2,0.0,984.0
2024-04-27T02:00,Bharati Station,-19.5,-24.4,83,6.6,9.0,0.0,983.5
2024-04-27T03:00,Bharati Station,-19.5,-24.3,87,6.9,9.0,0.0,983.1
2024-04-27T04:00,Bharati Station,-18.9,-23.6,84,6.3,8.6,0.0,982.6
2024-04-27T05:00,Bharati Station,-17.9,-22.4,88,5.2,7.9,11.0,982.1
2024-04-27T06:00,Bharati Station,-18.4,-23.1,89,6.1,7.9,32.0,981.5
2024-04-27T07:00,Bharati Station,-17.1,-21.4,87,4.1,7.9,49.0,981.0
2024-04-27T08:00,Bharati Station,-16.8,-21.1,89,3.3,5.4,45.0,980.5
2024-04-27T09:00,Bharati Station,-18.2,-23.0,79,6.9,8.6,34.0,980.0
2024-04-27T10:00,Bharati Station,-16.2,-20.8,63,4.5,9.0,8.0,979.6
2024-04-27T11:00,Bharati Station,-16.2,-20.4,60,2.5,5.8,0.0,979.2
2024-04-27T12:00,Bharati Station,-16.1,-20.3,60,1.8,3.6,0.0,978.7
2024-04-27T13:00,Bharati Station,-16.9,-21.7,71,6.5,8.6,0.0,978.6
2024-04-27T14:00,Bharati Station,-16.5,-21.1,82,5.7,8.3,0.0,978.3
2024-04-27T15:00,Bharati Station,-16.8,-21.2,90,4.5,7.6,0.0,978.1
2024-04-27T16:00,Bharati Station,-17.0,-21.3,91,4.0,5.8,0.0,977.7
2024-04-27T17:00,Bharati Station,-16.9,-21.0,89,2.3,5.0,0.0,977.7
2024-04-27T18:00,Bharati Station,-16.7,-20.6,89,1.5,2.9,0.0,977.6
2024-04-27T19:00,Bharati Station,-16.7,-20.7,89,1.8,2.5,0.0,977.4
2024-04-27T20:00,Bharati Station,-16.6,-20.7,89,2.3,3.2,0.0,977.4
2024-04-27T21:00,Bharati Station,-16.6,-20.9,89,3.7,4.7,0.0,977.3
2024-04-27T22:00,Bharati Station,-17.3,-22.0,90,6.1,7.9,0.0,977.3
2024-04-27T23:00,Bharati Station,-18.9,-23.9,89,7.7,9.7,0.0,977.5
2024-04-28T00:00,Bharati Station,-19.2,-24.2,88,8.1,10.4,0.0,977.5
2024-04-28T01:00,Bharati Station,-20.7,-26.9,79,15.8,22.3,0.0,976.9
2024-04-28T02:00,Bharati Station,-21.0,-26.5,75,10.6,19.8,0.0,977.0
2024-04-28T03:00,Bharati Station,-18.6,-23.5,67,6.9,13.3,0.0,977.2
2024-04-28T04:00,Bharati Station,-20.5,-25.8,83,9.7,11.9,0.0,977.3
2024-04-28T05:00,Bharati Station,-20.9,-26.9,86,14.6,17.6,16.0,977.6
2024-04-28T06:00,Bharati Station,-20.7,-27.1,84,17.3,22.0,42.0,977.4
2024-04-28T07:00,Bharati Station,-20.6,-27.2,85,18.1,23.4,56.0,977.1
2024-04-28T08:00,Bharati Station,-20.5,-26.9,85,17.2,23.8,54.0,976.7
2024-04-28T09:00,Bharati Station,-20.8,-27.2,84,17.0,22.3,35.0,976.3
2024-04-28T10:00,Bharati Station,-21.3,-27.8,84,17.3,22.7,10.0,975.8
2024-04-28T11:00,Bharati Station,-21.9,-28.4,90,17.2,22.7,0.0,975.4
2024-04-28T12:00,Bharati Station,-21.9,-28.3,90,16.9,23.0,0.0,975.0
2024-04-28T13:00,Bharati Station,-21.5,-27.6,83,14.8,23.0,0.0,974.6
2024-04-28T14:00,Bharati Station,-21.9,-27.6,88,11.7,19.1,0.0,974.8
2024-04-28T15:00,Bharati Station,-21.8,-27.4,91,11.5,14.8,0.0,974.8
2024-04-28T16:00,Bharati Station,-21.7,-27.5,91,12.9,16.2,0.0,974.6
2024-04-28T17:00,Bharati Station,-21.7,-27.6,91,13.4,16.9,0.0,974.2
2024-04-28T18:00,Bharati Station,-22.0,-27.8,91,12.9,16.9,0.0,973.6
2024-04-28T19:00,Bharati Station,-22.1,-27.9,88,12.6,16.6,0.0,973.0
2024-04-28T20:00,Bharati Station,-22.3,-27.9,90,11.6,16.2,0.0,972.7
2024-04-28T21:00,Bharati Station,-22.3,-27.8,91,10.6,14.8,0.0,972.4
2024-04-28T22:00,Bharati Station,-21.4,-26.4,92,7.6,13.3,0.0,972.3
2024-04-28T23:00,Bharati Station,-20.7,-25.5,88,6.5,9.7,0.0,972.3
2024-04-29T00:00,Bharati Station,-18.6,-23.1,80,4.4,8.3,0.0,972.2
2024-04-29T01:00,Bharati Station,-17.4,-21.9,77,4.4,5.4,0.0,971.6
2024-04-29T02:00,Bharati Station,-20.1,-25.2,89,8.4,10.8,0.0,971.5
2024-04-29T03:00,Bharati Station,-17.5,-22.0,88,4.8,10.8,0.0,971.6
2024-04-29T04:00,Bharati Station,-17.5,-21.9,87,4.5,6.1,0.0,971.4
2024-04-29T05:00,Bharati Station,-17.5,-21.7,86,3.1,6.1,4.0,971.4
2024-04-29T06:00,Bharati Station,-17.3,-21.6,86,3.5,4.7,9.0,971.6
2024-04-29T07:00,Bharati Station,-18.4,-23.2,87,6.3,7.9,20.0,972.0
2024-04-29T08:00,Bharati Station,-20.2,-25.4,86,8.8,10.8,13.0,972.4
2024-04-29T09:00,Bharati Station,-20.0,-25.8,86,12.6,15.8,5.0,973.1
2024-04-29T10:00,Bharati Station,-20.1,-25.9,85,13.5,17.3,1.0,973.8
2024-04-29T11:00,Bharati Station,-20.2,-26.3,85,14.9,19.4,0.0,974.6
2024-04-29T12:00,Bharati Station,-20.3,-26.4,84,14.9,19.8,0.0,975.2
2024-04-29T13:00,Bharati Station,-20.2,-26.6,87,16.8,24.5,0.0,976.2
2024-04-29T14:00,Bharati Station,-20.4,-26.5,83,15.5,22.7,0.0,977.7
2024-04-29T15:00,Bharati Station,-20.6,-26.6,84,14.5,20.9,0.0,979.1
2024-04-29T16:00,Bharati Station,-20.2,-26.1,88,14.3,19.8,0.0,980.1
2024-04-29T17:00,Bharati Station,-19.3,-25.4,88,15.9,21.2,0.0,980.9
2024-04-29T18:00,Bharati Station,-18.1,-24.5,88,17.5,23.0,0.0,981.7
2024-04-29T19:00,Bharati Station,-16.6,-23.2,86,19.9,25.9,0.0,982.6
2024-04-29T20:00,Bharati Station,-14.5,-22.4,73,28.6,37.8,0.0,983.0
2024-04-29T21:00,Bharati Station,-13.5,-22.4,69,35.6,46.4,0.0,983.4
2024-04-29T22:00,Bharati Station,-13.3,-22.0,68,34.5,49.0,0.0,983.5
2024-04-29T23:00,Bharati Station,-12.9,-21.5,63,33.2,46.8,0.0,983.9
2024-04-30T00:00,Bharati Station,-12.8,-21.3,58,32.4,46.1,0.0,984.3
2024-04-30T01:00,Bharati Station,-13.3,-21.9,62,33.2,47.2,0.0,984.6
2024-04-30T02:00,Bharati Station,-13.5,-21.2,62,26.5,44.6,0.0,985.2
2024-04-30T03:00,Bharati Station,-13.4,-20.1,60,19.8,35.6,0.0,985.5
2024-04-30T04:00,Bharati Station,-13.4,-19.5,64,15.8,25.2,0.0,985.7
2024-04-30T05:00,Bharati Station,-13.1,-19.3,66,17.2,20.9,0.0,985.7
2024-04-30T06:00,Bharati Station,-12.3,-19.1,68,21.1,26.3,0.0,985.3
2024-04-30T07:00,Bharati Station,-11.4,-18.5,61,23.1,29.5,0.0,984.9
2024-04-30T08:00,Bharati Station,-10.8,-17.8,59,22.7,30.2,0.0,984.5
2024-04-30T09:00,Bharati Station,-10.9,-17.3,64,18.4,29.5,0.0,984.2
2024-04-30T10:00,Bharati Station,-10.6,-16.8,67,17.3,23.0,0.0,984.0
2024-04-30T11:00,Bharati Station,-10.0,-16.2,67,17.8,22.0,0.0,983.5
2024-04-30T12:00,Bharati Station,-8.6,-16.2,62,27.9,34.6,0.0,982.7
2024-04-30T13:00,Bharati Station,-8.0,-15.3,68,25.8,42.8,0.0,981.1
2024-04-30T14:00,Bharati Station,-7.9,-14.5,67,21.4,33.8,0.0,980.9
2024-04-30T15:00,Bharati Station,-7.7,-14.4,64,21.9,29.5,0.0,980.7
2024-04-30T16:00,Bharati Station,-8.2,-13.9,67,15.0,27.7,0.0,980.8
2024-04-30T17:00,Bharati Station,-8.4,-13.9,66,13.6,18.4,0.0,980.6
2024-04-30T18:00,Bharati Station,-7.5,-14.1,58,20.8,25.6,0.0,980.4
2024-04-30T19:00,Bharati Station,-7.2,-14.4,54,24.7,31.3,0.0,980.2
2024-04-30T20:00,Bharati Station,-7.3,-15.0,52,28.1,37.1,0.0,980.4
2024-04-30T21:00,Bharati Station,-7.6,-15.1,52,26.7,37.1,0.0,980.2
2024-04-30T22:00,Bharati Station,-7.6,-15.6,51,29.5,38.9,0.0,979.5
2024-04-30T23:00,Bharati Station,-7.7,-15.8,50,30.3,41.0,0.0,978.9
2024-05-01T00:00,Bharati Station,-7.7,-15.5,50,28.5,40.3,0.0,978.5
2024-05-01T01:00,Bharati Station,-8.1,-16.0,50,28.7,42.8,0.0,976.4
2024-05-01T02:00,Bharati Station,-8.1,-15.6,53,26.3,37.8,0.0,975.8
2024-05-01T03:00,Bharati Station,-8.0,-15.8,53,28.5,37.1,0.0,975.1
2024-05-01T04:00,Bharati Station,-7.6,-15.7,52,30.7,40.3,0.0,974.7
2024-05-01T05:00,Bharati Station,-7.9,-15.7,55,29.1,40.3,1.0,974.4
2024-05-01T06:00,Bharati Station,-7.6,-15.2,58,28.1,38.5,2.0,974.4
2024-05-01T07:00,Bharati Station,-7.6,-15.4,60,29.5,37.8,13.0,974.1
2024-05-01T08:00,Bharati Station,-7.0,-14.5,55,27.1,38.5,0.0,973.7
2024-05-01T09:00,Bharati Station,-7.2,-14.5,50,25.2,35.3,1.0,972.7
2024-05-01T10:00,Bharati Station,-6.8,-15.5,45,34.6,43.2,0.0,971.5
2024-05-01T11:00,Bharati Station,-6.5,-17.5,45,50.1,64.4,0.0,969.8
2024-05-01T12:00,Bharati Station,-6.3,-17.5,47,51.8,71.3,0.0,969.1
2024-05-01T13:00,Bharati Station,-5.8,-17.2,52,53.8,74.5,0.0,967.7
2024-05-01T14:00,Bharati Station,-6.1,-16.6,60,48.5,71.3,0.0,968.8
2024-05-01T15:00,Bharati Station,-6.4,-17.3,69,51.5,67.7,0.0,970.4
2024-05-01T16:00,Bharati Station,-6.2,-16.2,72,46.4,69.1,0.0,971.9
2024-05-01T17:00,Bharati Station,-5.5,-14.7,66,40.0,61.2,0.0,973.4
2024-05-01T18:00,Bharati Station,-5.3,-15.1,62,44.0,57.6,0.0,974.6
2024-05-01T19:00,Bharati Station,-5.3,-15.2,59,44.6,59.8,0.0,975.9
2024-05-01T20:00,Bharati Station,-5.5,-15.0,57,41.9,58.7,0.0,977.2
2024-05-01T21:00,Bharati Station,-5.8,-15.2,55,40.3,55.4,0.0,978.2
2024-05-01T22:00,Bharati Station,-6.3,-15.5,53,38.7,52.9,0.0,979.0
2024-05-01T23:00,Bharati Station,-6.6,-15.8,52,38.2,50.8,0.0,979.7
2024-05-02T00:00,Bharati Station,-6.6,-16.3,50,41.9,54.4,0.0,980.1
2024-05-02T01:00,Bharati Station,-6.4,-15.4,54,37.3,54.4,0.0,978.7
2024-05-02T02:00,Bharati Station,-6.1,-14.2,54,31.4,49.7,0.0,979.5
2024-05-02T03:00,Bharati Station,-6.1,-13.5,58,27.1,40.3,0.0,980.3
2024-05-02T04:00,Bharati Station,-5.9,-13.9,58,30.7,39.6,0.0,980.9
2024-05-02T05:00,Bharati Station,-6.0,-14.0,58,30.9,41.0,0.0,981.9
2024-05-02T06:00,Bharati Station,-5.9,-14.4,56,34.3,44.3,1.0,982.4
2024-05-02T07:00,Bharati Station,-5.8,-14.3,56,33.9,45.7,3.0,983.1
2024-05-02T08:00,Bharati Station,-6.0,-13.8,58,30.0,43.9,2.0,984.1
2024-05-02T09:00,Bharati Station,-6.0,-13.6,60,28.6,39.2,2.0,984.7
2024-05-02T10:00,Bharati Station,-6.1,-14.0,59,30.3,39.2,0.0,985.4
2024-05-02T11:00,Bharati Station,-6.2,-14.5,59,33.2,43.2,0.0,986.0
2024-05-02T12:00,Bharati Station,-6.4,-14.9,58,34.6,45.4,0.0,986.4
2024-05-02T13:00,Bharati Station,-8.0,-15.8,56,28.5,38.2,0.0,986.8
2024-05-02T14:00,Bharati Station,-7.6,-15.0,56,25.9,36.7,0.0,987.3
2024-05-02T15:00,Bharati Station,-8.0,-15.1,57,24.1,33.8,0.0,987.5
2024-05-02T16:00,Bharati Station,-8.3,-15.6,57,24.8,31.7,0.0,988.0
2024-05-02T17:00,Bharati Station,-8.5,-15.7,57,24.5,32.0,0.0,988.5
2024-05-02T18:00,Bharati Station,-8.7,-15.8,58,23.5,31.7,0.0,988.7
2024-05-02T19:00,Bharati Station,-8.8,-15.6,58,22.2,29.5,0.0,989.3
2024-05-02T20:00,Bharati Station,-8.9,-15.5,58,20.8,28.4,0.0,989.6
2024-05-02T21:00,Bharati Station,-9.4,-15.8,59,19.2,26.3,0.0,989.6
2024-05-02T22:00,Bharati Station,-10.1,-16.5,61,18.7,24.5,0.0,989.8
2024-05-02T23:00,Bharati Station,-11.2,-17.5,65,18.1,23.8,0.0,989.9
2024-05-03T00:00,Bharati Station,-12.0,-18.3,69,18.1,23.4,0.0,990.0
2024-05-03T01:00,Bharati Station,-10.3,-16.2,61,15.1,20.2,0.0,988.7
2024-05-03T02:00,Bharati Station,-11.4,-17.4,63,15.3,19.1,0.0,988.6
2024-05-03T03:00,Bharati Station,-12.3,-18.3,65,15.3,19.4,0.0,988.8
2024-05-03T04:00,Bharati Station,-12.6,-18.4,66,14.0,19.4,0.0,988.8
2024-05-03T05:00,Bharati Station,-12.6,-18.2,66,12.7,17.6,1.0,988.9
2024-05-03T06:00,Bharati Station,-12.8,-18.4,65,12.3,15.8,19.0,989.1
2024-05-03T07:00,Bharati Station,-12.8,-18.4,63,12.4,15.8,32.0,989.1
2024-05-03T08:00,Bharati Station,-13.0,-18.4,61,11.0,15.1,32.0,988.8
2024-05-03T09:00,Bharati Station,-13.2,-18.6,59,11.2,13.7,17.0,988.7
2024-05-03T10:00,Bharati Station,-13.4,-19.0,62,12.3,15.1,2.0,988.6
2024-05-03T11:00,Bharati Station,-13.6,-19.3,61,13.0,15.5,0.0,988.8
2024-05-03T12:00,Bharati Station,-13.8,-19.5,60,13.3,16.2,0.0,988.8
2024-05-03T13:00,Bharati Station,-13.1,-19.7,53,19.0,23.8,0.0,989.2
2024-05-03T14:00,Bharati Station,-12.9,-19.9,54,21.7,27.0,0.0,989.4
2024-05-03T15:00,Bharati Station,-13.1,-20.1,55,21.6,28.1,0.0,989.4
2024-05-03T16:00,Bharati Station,-13.1,-20.0,53,20.9,27.4,0.0,989.7
2024-05-03T17:00,Bharati Station,-13.2,-20.1,52,20.7,26.6,0.0,990.1
2024-05-03T18:00,Bharati Station,-13.5,-20.2,52,19.9,26.6,0.0,989.9
2024-05-03T19:00,Bharati Station,-13.8,-20.2,53,17.6,25.2,0.0,989.9
2024-05-03T20:00,Bharati Station,-14.1,-20.4,53,17.0,22.0,0.0,989.9
2024-05-03T21:00,Bharati Station,-14.4,-20.7,53,17.0,21.2,0.0,989.8
2024-05-03T22:00,Bharati Station,-14.7,-21.1,55,17.1,21.6,0.0,989.9
2024-05-03T23:00,Bharati Station,-15.1,-21.4,57,16.3,21.6,0.0,990.0
2024-05-04T00:00,Bharati Station,-15.5,-21.6,59,15.5,20.2,0.0,990.0
2024-05-04T01:00,Bharati Station,-15.7,-21.9,58,15.6,25.2,0.0,989.0
2024-05-04T02:00,Bharati Station,-16.0,-22.1,59,15.1,19.4,0.0,989.1
2024-05-04T03:00,Bharati Station,-16.0,-22.3,58,16.3,19.8,0.0,989.2
2024-05-04T04:00,Bharati Station,-16.0,-22.6,57,18.4,22.7,0.0,989.1
2024-05-04T05:00,Bharati Station,-16.1,-22.7,59,18.0,23.4,4.0,988.8
2024-05-04T06:00,Bharati Station,-16.3,-22.5,61,15.6,22.7,20.0,988.3
2024-05-04T07:00,Bharati Station,-16.8,-22.7,65,14.3,19.4,32.0,987.8
2024-05-04T08:00,Bharati Station,-17.0,-22.9,71,13.8,17.6,17.0,987.4
2024-05-04T09:00,Bharati Station,-17.4,-23.2,73,13.0,17.3,11.0,986.7
2024-05-04T10:00,Bharati Station,-17.8,-23.5,74,12.5,16.6,1.0,986.2
2024-05-04T11:00,Bharati Station,-18.1,-23.7,76,12.0,15.5,0.0,985.7
2024-05-04T12:00,Bharati Station,-18.3,-23.9,75,11.3,14.8,0.0,985.1
2024-05-04T13:00,Bharati Station,-18.7,-24.3,74,11.8,16.2,0.0,983.8
2024-05-04T14:00,Bharati Station,-18.5,-24.3,68,12.9,15.5,0.0,983.2
2024-05-04T15:00,Bharati Station,-18.0,-24.3,62,15.9,18.7,0.0,982.8
2024-05-04T16:00,Bharati Station,-17.8,-24.2,59,17.0,21.2,0.0,982.4
2024-05-04T17:00,Bharati Station,-17.7,-24.2,59,18.0,22.3,0.0,982.3
2024-05-04T18:00,Bharati Station,-17.8,-24.3,59,17.3,22.3,0.0,981.7
2024-05-04T19:00,Bharati Station,-18.1,-24.4,65,16.2,21.6,0.0,981.1
2024-05-04T20:00,Bharati Station,-18.2,-24.4,66,15.9,20.2,0.0,980.6
2024-05-04T21:00,Bharati Station,-18.4,-24.6,68,15.9,20.2,0.0,979.9
2024-05-04T22:00,Bharati Station,-18.5,-24.8,70,16.4,20.2,0.0,979.5
2024-05-04T23:00,Bharati Station,-18.7,-25.0,72,16.1,20.5,0.0,979.2
2024-05-05T00:00,Bharati Station,-19.0,-25.3,75,16.7,20.9,0.0,978.8
2024-05-05T01:00,Bharati Station,-18.0,-23.9,69,13.7,17.3,0.0,976.2
2024-05-05T02:00,Bharati Station,-17.0,-23.5,63,17.5,21.2,0.0,976.1
2024-05-05T03:00,Bharati Station,-16.5,-23.2,68,19.3,24.5,0.0,975.9
2024-05-05T04:00,Bharati Station,-16.3,-22.7,70,17.4,24.5,0.0,975.8
2024-05-05T05:00,Bharati Station,-16.3,-22.2,68,14.0,22.0,0.0,975.9
2024-05-05T06:00,Bharati Station,-16.1,-21.9,66,13.1,17.6,0.0,976.2
2024-05-05T07:00,Bharati Station,-15.7,-21.5,67,13.5,16.9,0.0,976.3
2024-05-05T08:00,Bharati Station,-15.5,-21.2,70,12.9,16.9,0.0,976.1
2024-05-05T09:00,Bharati Station,-15.1,-20.9,71,14.0,17.3,0.0,976.1
2024-05-05T10:00,Bharati Station,-14.8,-20.8,76,15.3,19.1,0.0,976.1
2024-05-05T11:00,Bharati Station,-14.9,-20.6,78,13.6,19.1,0.0,976.4
2024-05-05T12:00,Bharati Station,-15.1,-20.6,78,12.0,17.3,0.0,976.4
2024-05-05T13:00,Bharati Station,-15.1,-21.1,78,15.5,24.8,0.0,976.2
2024-05-05T14:00,Bharati Station,-15.3,-20.8,81,11.8,20.2,0.0,976.6
2024-05-05T15:00,Bharati Station,-15.4,-20.5,82,9.5,15.1,0.0,977.0
2024-05-05T16:00,Bharati Station,-14.6,-20.4,81,14.8,18.0,0.0,977.1
2024-05-05T17:00,Bharati Station,-13.8,-20.4,80,20.2,25.9,0.0,977.5
2024-05-05T18:00,Bharati Station,-13.4,-20.1,81,21.4,28.8,0.0,977.6
2024-05-05T19:00,Bharati Station,-13.6,-20.1,83,19.6,28.8,0.0,978.3
2024-05-05T20:00,Bharati Station,-14.5,-20.4,87,15.5,25.9,0.0,978.8
2024-05-05T21:00,Bharati Station,-15.7,-21.0,89,11.1,20.2,0.0,979.6
2024-05-05T22:00,Bharati Station,-16.5,-21.5,89,8.2,15.1,0.0,980.4
2024-05-05T23:00,Bharati Station,-16.8,-21.5,88,6.7,12.2,0.0,980.6
2024-05-06T00:00,Bharati Station,-16.8,-21.4,88,6.3,10.8,0.0,980.9
2024-05-06T01:00,Bharati Station,-17.7,-23.1,90,10.9,17.3,0.0,980.7
2024-05-06T02:00,Bharati Station,-17.9,-23.3,88,10.5,15.5,0.0,981.3
2024-05-06T03:00,Bharati Station,-18.3,-23.7,87,10.7,15.5,0.0,982.0
2024-05-06T04:00,Bharati Station,-18.6,-24.2,86,11.6,17.3,0.0,982.3
2024-05-06T05:00,Bharati Station,-18.6,-23.9,86,10.5,17.3,0.0,982.5
2024-05-06T06:00,Bharati Station,-18.0,-23.0,85,8.2,15.8,0.0,982.7
2024-05-06T07:00,Bharati Station,-17.7,-23.3,85,12.3,15.8,0.0,983.1
2024-05-06T08:00,Bharati Station,-18.6,-24.8,85,16.3,23.4,0.0,983.6
2024-05-06T09:00,Bharati Station,-18.9,-25.0,85,15.5,23.4,0.0,984.0
2024-05-06T10:00,Bharati Station,-18.6,-24.5,85,13.9,22.0,0.0,984.3
2024-05-06T11:00,Bharati Station,-18.2,-23.9,85,12.6,19.4,0.0,984.6
2024-05-06T12:00,Bharati Station,-18.5,-24.6,85,15.5,21.6,0.0,984.8
2024-05-06T13:00,Bharati Station,-20.1,-25.2,84,7.9,15.8,0.0,987.1
2024-05-06T14:00,Bharati Station,-19.8,-24.7,84,7.3,11.9,0.0,987.5
2024-05-06T15:00,Bharati Station,-19.8,-25.4,85,11.8,14.8,0.0,987.8
2024-05-06T16:00,Bharati Station,-19.9,-25.9,85,14.0,18.7,0.0,988.0
2024-05-06T17:00,Bharati Station,-20.0,-26.0,85,14.9,19.8,0.0,988.4
2024-05-06T18:00,Bharati Station,-19.9,-26.0,84,15.4,20.9,0.0,988.7
2024-05-06T19:00,Bharati Station,-19.6,-25.6,84,14.3,20.5,0.0,988.9
2024-05-06T20:00,Bharati Station,-19.5,-25.5,83,14.7,19.4,0.0,989.0
2024-05-06T21:00,Bharati Station,-19.6,-25.6,82,14.5,19.8,0.0,988.9
2024-05-06T22:00,Bharati Station,-19.6,-25.3,85,12.7,19.1,0.0,989.0
2024-05-06T23:00,Bharati Station,-20.1,-25.7,87,11.6,16.6,0.0,988.8
2024-05-07T00:00,Bharati Station,-20.6,-26.3,87,12.0,15.1,0.0,988.5
2024-05-07T01:00,Bharati Station,-20.2,-25.9,90,12.6,16.2,0.0,988.3
2024-05-07T02:00,Bharati Station,-20.6,-26.4,90,13.3,18.0,0.0,988.2
2024-05-07T03:00,Bharati Station,-21.3,-27.2,92,13.7,18.7,0.0,988.4
2024-05-07T04:00,Bharati Station,-21.6,-27.5,92,14.1,19.1,0.0,988.8
2024-05-07T05:00,Bharati Station,-21.4,-27.3,92,14.0,19.1,1.0,988.8
2024-05-07T06:00,Bharati Station,-21.3,-27.2,78,13.8,19.1,9.0,988.9
2024-05-07T07:00,Bharati Station,-21.1,-26.8,92,12.3,18.4,13.0,989.1
2024-05-07T08:00,Bharati Station,-21.1,-26.8,92,12.3,16.9,14.0,989.1
2024-05-07T09:00,Bharati Station,-21.5,-27.3,92,13.0,17.6,6.0,988.7
2024-05-07T10:00,Bharati Station,-21.8,-27.7,93,13.8,19.1,0.0,988.6
2024-05-07T11:00,Bharati Station,-22.0,-28.1,93,14.5,19.8,0.0,988.6
2024-05-07T12:00,Bharati Station,-22.0,-28.0,93,13.8,19.8,0.0,988.2
2024-05-07T13:00,Bharati Station,-22.9,-28.8,78,13.3,19.1,0.0,987.4
2024-05-07T14:00,Bharati Station,-22.5,-28.2,78,12.1,18.0,0.0,987.2
2024-05-07T15:00,Bharati Station,-22.2,-27.9,91,12.5,16.9,0.0,987.2
2024-05-07T16:00,Bharati Station,-22.0,-27.9,91,13.0,17.3,0.0,987.1
2024-05-07T17:00,Bharati Station,-22.0,-28.0,91,13.8,18.0,0.0,986.7
2024-05-07T18:00,Bharati Station,-21.8,-27.7,90,13.7,18.0,0.0,986.1
2024-05-07T19:00,Bharati Station,-21.6,-27.4,89,12.9,18.0,0.0,985.8
2024-05-07T20:00,Bharati Station,-21.2,-26.8,85,11.3,16.9,0.0,985.6
2024-05-07T21:00,Bharati Station,-21.4,-26.8,87,9.7,14.4,0.0,985.4
2024-05-07T22:00,Bharati Station,-21.5,-26.7,88,8.8,11.9,0.0,985.5
2024-05-07T23:00,Bharati Station,-21.4,-26.8,87,10.0,11.5,0.0,985.6
2024-05-08T00:00,Bharati Station,-21.1,-26.9,81,12.6,15.1,0.0,985.6
2024-05-08T01:00,Bharati Station,-20.5,-25.4,72,6.9,9.4,0.0,983.7
2024-05-08T02:00,Bharati Station,-19.5,-24.4,63,6.2,8.6,0.0,983.8
2024-05-08T03:00,Bharati Station,-19.2,-24.1,65,6.5,8.3,0.0,984.0
2024-05-08T04:00,Bharati Station,-19.9,-25.0,64,7.6,9.7,0.0,984.1
2024-05-08T05:00,Bharati Station,-21.4,-26.9,63,10.5,12.6,1.0,984.3
2024-05-08T06:00,Bharati Station,-21.0,-27.5,60,16.9,20.2,12.0,984.2
2024-05-08T07:00,Bharati Station,-20.5,-27.2,65,18.1,23.4,21.0,984.1
2024-05-08T08:00,Bharati Station,-20.5,-26.9,64,16.5,23.0,19.0,983.9
2024-05-08T09:00,Bharati Station,-21.0,-27.0,69,13.7,20.2,8.0,983.7
2024-05-08T10:00,Bharati Station,-21.4,-27.1,84,12.1,16.9,0.0,983.6
2024-05-08T11:00,Bharati Station,-21.6,-27.4,88,12.9,15.8,0.0,983.8
2024-05-08T12:00,Bharati Station,-21.6,-27.5,85,13.1,16.2,0.0,983.5
2024-05-08T13:00,Bharati Station,-20.3,-27.1,66,19.1,25.9,0.0,983.3
2024-05-08T14:00,Bharati Station,-20.1,-26.6,65,17.4,23.8,0.0,983.3
2024-05-08T15:00,Bharati Station,-19.9,-26.1,63,14.8,21.6,0.0,983.1
2024-05-08T16:00,Bharati Station,-20.0,-25.6,57,11.2,18.4,0.0,983.1
2024-05-08T17:00,Bharati Station,-19.0,-24.3,52,8.8,13.7,0.0,982.6
2024-05-08T18:00,Bharati Station,-18.2,-23.3,52,7.6,10.8,0.0,982.5
2024-05-08T19:00,Bharati Station,-17.9,-23.0,54,7.6,9.7,0.0,982.2
2024-05-08T20:00,Bharati Station,-18.0,-23.1,56,7.9,10.1,0.0,981.5
2024-05-08T21:00,Bharati Station,-18.9,-24.3,57,9.7,11.9,0.0,981.3
2024-05-08T22:00,Bharati Station,-19.3,-24.8,58,10.4,13.3,0.0,981.0
2024-05-08T23:00,Bharati Station,-19.5,-25.1,61,11.2,13.7,0.0,981.1
2024-05-09T00:00,Bharati Station,-20.0,-25.8,71,12.3,15.1,0.0,980.7
2024-05-09T01:00,Bharati Station,-19.5,-26.1,68,18.2,22.7,0.0,979.4
2024-05-09T02:00,Bharati Station,-19.2,-25.8,65,18.2,22.7,0.0,979.7
2024-05-09T03:00,Bharati Station,-19.0,-25.6,63,17.9,23.0,0.0,979.9
2024-05-09T04:00,Bharati Station,-19.5,-25.7,62,15.1,22.0,0.0,979.9
2024-05-09T05:00,Bharati Station,-20.0,-25.9,69,13.7,18.7,0.0,979.3
2024-05-09T06:00,Bharati Station,-20.3,-26.2,76,13.5,16.9,9.0,979.4
2024-05-09T07:00,Bharati Station,-20.3,-26.2,77,13.4,16.9,18.0,979.5
2024-05-09T08:00,Bharati Station,-20.1,-26.0,75,13.6,16.9,17.0,978.8
2024-05-09T09:00,Bharati Station,-19.8,-26.1,59,16.0,19.4,7.0,979.2
2024-05-09T10:00,Bharati Station,-19.5,-26.0,61,17.5,21.2,0.0,979.5
2024-05-09T11:00,Bharati Station,-18.9,-25.8,58,20.5,25.6,0.0,979.4
2024-05-09T12:00,Bharati Station,-18.4,-25.6,54,22.3,27.7,0.0,979.2
2024-05-09T13:00,Bharati Station,-18.9,-26.4,58,24.6,32.0,0.0,979.2
2024-05-09T14:00,Bharati Station,-18.9,-26.2,60,23.3,31.7,0.0,979.7
2024-05-09T15:00,Bharati Station,-19.1,-26.0,61,20.2,29.9,0.0,979.7
2024-05-09T16:00,Bharati Station,-19.6,-26.2,63,17.6,25.6,0.0,979.6
2024-05-09T17:00,Bharati Station,-20.0,-26.4,69,16.5,22.0,0.0,979.1
2024-05-09T18:00,Bharati Station,-20.3,-26.5,72,15.5,20.5,0.0,979.1
2024-05-09T19:00,Bharati Station,-20.0,-26.4,66,16.3,19.8,0.0,979.3
2024-05-09T20:00,Bharati Station,-19.7,-26.3,59,18.0,22.3,0.0,979.2
2024-05-09T21:00,Bharati Station,-19.1,-26.2,58,20.9,25.9,0.0,979.3
2024-05-09T22:00,Bharati Station,-18.8,-26.0,56,22.1,28.1,0.0,979.1
2024-05-09T23:00,Bharati Station,-18.5,-25.8,55,22.6,28.8,0.0,979.1
2024-05-10T00:00,Bharati Station,-18.5,-25.7,55,21.5,28.8,0.0,979.1
2024-05-10T01:00,Bharati Station,-19.2,-26.4,59,21.7,32.0,0.0,979.0
2024-05-10T02:00,Bharati Station,-19.5,-26.2,61,19.1,28.1,0.0,979.1
2024-05-10T03:00,Bharati Station,-20.1,-26.3,64,15.3,24.1,0.0,979.0
2024-05-10T04:00,Bharati Station,-20.5,-26.5,70,13.8,19.1,0.0,978.7
2024-05-10T05:00,Bharati Station,-20.4,-26.4,73,13.6,17.3,0.0,978.4
2024-05-10T06:00,Bharati Station,-20.0,-25.5,74,11.2,16.6,2.0,978.7
2024-05-10T07:00,Bharati Station,-19.3,-24.8,61,10.8,13.7,4.0,979.1
2024-05-10T08:00,Bharati Station,-19.7,-25.5,59,12.7,15.1,2.0,978.1
2024-05-10T09:00,Bharati Station,-19.4,-25.5,60,14.8,17.6,0.0,977.8
2024-05-10T10:00,Bharati Station,-18.7,-25.1,59,16.7,20.5,0.0,977.9
2024-05-10T11:00,Bharati Station,-17.9,-24.5,59,18.2,22.3,0.0,977.6
2024-05-10T12:00,Bharati Station,-17.5,-24.2,60,18.9,23.4,0.0,977.3
2024-05-10T13:00,Bharati Station,-17.3,-24.4,63,22.0,29.9,0.0,977.3
2024-05-10T14:00,Bharati Station,-16.8,-24.1,65,23.3,29.9,0.0,977.4
2024-05-10T15:00,Bharati Station,-16.5,-23.7,66,22.4,29.5,0.0,977.5
2024-05-10T16:00,Bharati Station,-16.2,-23.0,65,20.2,28.1,0.0,977.6
2024-05-10T17:00,Bharati Station,-15.9,-22.9,67,21.5,27.0,0.0,977.2
2024-05-10T18:00,Bharati Station,-16.0,-23.2,71,22.9,29.2,0.0,977.6
2024-05-10T19:00,Bharati Station,-15.9,-22.9,68,21.5,29.2,0.0,977.6
2024-05-10T20:00,Bharati Station,-15.9,-22.7,62,19.8,27.0,0.0,977.4
2024-05-10T21:00,Bharati Station,-16.2,-22.7,61,18.2,25.2,0.0,977.4
2024-05-10T22:00,Bharati Station,-16.4,-22.8,61,17.7,22.7,0.0,977.3
2024-05-10T23:00,Bharati Station,-16.4,-22.8,61,17.3,21.6,0.0,977.4
2024-05-11T00:00,Bharati Station,-16.3,-22.7,61,17.0,21.6,0.0,976.7
2024-05-11T01:00,Bharati Station,-15.2,-22.0,64,20.2,25.2,0.0,976.6
2024-05-11T02:00,Bharati Station,-14.6,-21.5,61,21.1,26.3,0.0,977.2
2024-05-11T03:00,Bharati Station,-14.6,-21.3,59,19.6,26.6,0.0,977.5
2024-05-11T04:00,Bharati Station,-14.7,-21.4,55,19.2,24.5,0.0,977.4
2024-05-11T05:00,Bharati Station,-14.9,-21.4,59,17.6,23.8,0.0,977.1
2024-05-11T06:00,Bharati Station,-14.5,-21.0,58,17.9,22.7,1.0,977.7
2024-05-11T07:00,Bharati Station,-14.2,-20.7,61,17.8,23.0,5.0,977.9
2024-05-11T08:00,Bharati Station,-13.8,-20.2,62,17.5,23.0,3.0,978.0
2024-05-11T09:00,Bharati Station,-12.6,-19.4,62,20.5,25.6,0.0,978.1
2024-05-11T10:00,Bharati Station,-11.7,-18.7,60,22.7,28.8,0.0,978.6
2024-05-11T11:00,Bharati Station,-11.3,-18.4,60,23.4,30.2,0.0,978.5
2024-05-11T12:00,Bharati Station,-11.0,-18.1,59,23.1,29.9,0.0,978.6
2024-05-11T13:00,Bharati Station,-12.0,-19.1,62,23.4,29.9,0.0,978.5
2024-05-11T14:00,Bharati Station,-11.9,-18.8,62,21.6,30.2,0.0,979.0
2024-05-11T15:00,Bharati Station,-12.1,-18.8,59,20.6,27.7,0.0,979.0
2024-05-11T16:00,Bharati Station,-12.0,-18.8,58,20.9,27.0,0.0,979.1
2024-05-11T17:00,Bharati Station,-12.2,-18.7,61,18.8,26.3,0.0,978.8
2024-05-11T18:00,Bharati Station,-12.4,-18.8,62,18.0,23.8,0.0,979.1
2024-05-11T19:00,Bharati Station,-12.6,-18.9,63,17.4,22.3,0.0,978.6
2024-05-11T20:00,Bharati Station,-12.7,-19.0,63,17.4,22.3,0.0,978.3
2024-05-11T21:00,Bharati Station,-13.1,-19.2,64,16.2,21.2,0.0,978.1
2024-05-11T22:00,Bharati Station,-13.4,-19.4,64,15.2,19.8,0.0,978.1
2024-05-11T23:00,Bharati Station,-13.7,-19.6,63,14.4,18.7,0.0,977.7
2024-05-12T00:00,Bharati Station,-13.9,-19.7,62,13.7,17.6,0.0,976.9
2024-05-12T01:00,Bharati Station,-12.6,-19.5,60,21.6,32.4,0.0,976.7
2024-05-12T02:00,Bharati Station,-12.8,-19.3,59,19.1,27.7,0.0,976.5
2024-05-12T03:00,Bharati Station,-12.8,-19.3,59,18.4,24.1,0.0,976.2
2024-05-12T04:00,Bharati Station,-13.0,-19.5,59,18.4,23.0,0.0,975.7
2024-05-12T05:00,Bharati Station,-12.5,-19.5,56,22.1,27.4,0.0,974.9
2024-05-12T06:00,Bharati Station,-12.2,-19.5,58,24.5,31.7,0.0,974.5
2024-05-12T07:00,Bharati Station,-12.2,-19.7,56,25.9,33.5,4.0,974.4
2024-05-12T08:00,Bharati Station,-11.9,-19.8,56,28.0,36.7,1.0,973.6
2024-05-12T09:00,Bharati Station,-11.9,-20.0,57,29.3,38.2,0.0,973.3
2024-05-12T10:00,Bharati Station,-12.0,-19.9,59,28.9,38.5,0.0,973.5
2024-05-12T11:00,Bharati Station,-12.3,-19.8,64,25.9,38.2,0.0,973.7
2024-05-12T12:00,Bharati Station,-13.0,-19.6,71,19.8,33.5,0.0,973.4
2024-05-12T13:00,Bharati Station,-11.8,-20.1,57,31.3,43.6,0.0,974.2
2024-05-12T14:00,Bharati Station,-11.8,-19.4,59,26.5,41.4,0.0,973.9
2024-05-12T15:00,Bharati Station,-12.3,-19.0,64,20.1,34.9,0.0,973.7
2024-05-12T16:00,Bharati Station,-12.6,-18.9,67,18.0,25.9,0.0,973.5
2024-05-12T17:00,Bharati Station,-12.5,-18.4,67,15.5,23.0,0.0,972.9
2024-05-12T18:00,Bharati Station,-12.5,-18.2,67,13.6,19.4,0.0,973.0
2024-05-12T19:00,Bharati Station,-12.7,-18.3,69,12.9,16.9,0.0,972.5
2024-05-12T20:00,Bharati Station,-12.3,-18.1,71,14.3,18.0,0.0,972.6
2024-05-12T21:00,Bharati Station,-12.0,-17.8,74,14.4,18.0,0.0,972.8
2024-05-12T22:00,Bharati Station,-11.6,-17.2,75,13.8,18.0,0.0,973.1
2024-05-12T23:00,Bharati Station,-11.4,-17.0,77,13.5,16.9,0.0,973.2
2024-05-13T00:00,Bharati Station,-11.2,-16.8,77,14.3,18.0,0.0,973.0
2024-05-13T01:00,Bharati Station,-12.1,-17.0,76,9.1,16.2,0.0,973.3
2024-05-13T02:00,Bharati Station,-10.6,-15.1,74,6.4,11.5,0.0,973.3
2024-05-13T03:00,Bharati Station,-10.7,-15.0,81,5.7,7.9,0.0,973.7
2024-05-13T04:00,Bharati Station,-11.2,-15.4,90,5.3,7.6,0.0,974.1
2024-05-13T05:00,Bharati Station,-10.1,-13.6,92,1.5,6.5,0.0,974.1
2024-05-13T06:00,Bharati Station,-10.5,-14.9,83,6.1,6.5,0.0,974.3
2024-05-13T07:00,Bharati Station,-10.8,-16.3,78,14.0,16.6,0.0,974.2
2024-05-13T08:00,Bharati Station,-9.5,-15.9,74,20.0,24.5,0.0,974.0
2024-05-13T09:00,Bharati Station,-8.5,-16.1,67,28.2,35.3,0.0,974.4
2024-05-13T10:00,Bharati Station,-8.1,-16.3,64,32.1,42.1,0.0,974.7
2024-05-13T11:00,Bharati Station,-7.8,-16.3,60,33.8,44.6,0.0,974.5
2024-05-13T12:00,Bharati Station,-7.5,-16.4,58,36.9,48.2,0.0,974.5
2024-05-13T13:00,Bharati Station,-11.6,-17.1,81,13.3,15.8,0.0,976.3
2024-05-13T14:00,Bharati Station,-10.4,-17.0,67,20.1,25.9,0.0,976.1
2024-05-13T15:00,Bharati Station,-9.9,-17.0,60,23.1,28.1,0.0,976.1
2024-05-13T16:00,Bharati Station,-9.6,-17.5,58,29.5,37.4,0.0,975.8
2024-05-13T17:00,Bharati Station,-9.3,-17.8,59,33.4,43.9,0.0,975.4
2024-05-13T18:00,Bharati Station,-9.2,-18.0,57,35.3,46.8,0.0,975.9
2024-05-13T19:00,Bharati Station,-9.4,-18.2,57,35.6,47.9,0.0,975.9
2024-05-13T20:00,Bharati Station,-9.8,-18.5,58,34.3,47.2,0.0,976.0
2024-05-13T21:00,Bharati Station,-10.4,-19.0,56,33.8,45.4,0.0,976.2
2024-05-13T22:00,Bharati Station,-10.8,-19.5,55,34.0,45.0,0.0,976.5
2024-05-13T23:00,Bharati Station,-11.1,-19.7,54,33.1,45.0,0.0,976.3
2024-05-14T00:00,Bharati Station,-11.3,-19.7,55,31.8,43.9,0.0,975.8
2024-05-14T01:00,Bharati Station,-12.3,-19.1,70,21.7,38.9,0.0,975.5
2024-05-14T02:00,Bharati Station,-13.2,-18.6,75,12.3,28.8,0.0,975.8
2024-05-14T03:00,Bharati Station,-12.5,-16.6,75,2.7,15.5,0.0,975.8
2024-05-14T04:00,Bharati Station,-11.9,-16.0,68,3.1,4.0,0.0,975.1
2024-05-14T05:00,Bharati Station,-13.4,-19.3,60,14.8,15.8,0.0,974.2
2024-05-14T06:00,Bharati Station,-12.7,-20.5,54,26.8,33.8,1.0,973.8
2024-05-14T07:00,Bharati Station,-12.6,-20.5,54,27.8,36.7,2.0,973.5
2024-05-14T08:00,Bharati Station,-12.5,-20.3,54,27.2,36.7,1.0,972.9
2024-05-14T09:00,Bharati Station,-12.7,-20.2,54,25.3,35.6,0.0,972.8
2024-05-14T10:00,Bharati Station,-13.0,-20.5,53,24.8,33.1,0.0,972.4
2024-05-14T11:00,Bharati Station,-13.3,-20.7,53,24.5,32.8,0.0,972.3
2024-05-14T12:00,Bharati Station,-13.5,-20.8,52,23.1,32.0,0.0,971.9
2024-05-14T13:00,Bharati Station,-14.5,-22.4,62,27.9,37.8,0.0,971.5
2024-05-14T14:00,Bharati Station,-14.6,-22.1,51,25.0,35.6,0.0,971.5
2024-05-14T15:00,Bharati Station,-14.9,-21.7,60,20.3,32.8,0.0,971.2
2024-05-14T16:00,Bharati Station,-15.0,-21.9,60,20.8,26.3,0.0,971.6
2024-05-14T17:00,Bharati Station,-15.3,-22.6,63,23.6,30.2,0.0,971.6
2024-05-14T18:00,Bharati Station,-15.5,-22.7,65,23.5,30.6,0.0,972.3
2024-05-14T19:00,Bharati Station,-15.4,-22.5,63,22.1,30.6,0.0,972.5
2024-05-14T20:00,Bharati Station,-15.5,-22.2,59,19.3,28.4,0.0,972.3
2024-05-14T21:00,Bharati Station,-15.4,-22.1,58,19.2,25.2,0.0,972.6
2024-05-14T22:00,Bharati Station,-15.5,-22.4,62,21.2,27.4,0.0,972.7
2024-05-14T23:00,Bharati Station,-15.5,-22.5,64,21.6,28.1,0.0,972.9
2024-05-15T00:00,Bharati Station,-15.5,-22.4,63,20.9,28.1,0.0,972.6
2024-05-15T01:00,Bharati Station,-15.1,-22.8,61,26.4,40.0,0.0,972.6
2024-05-15T02:00,Bharati Station,-14.9,-22.8,53,27.3,36.7,0.0,972.9
2024-05-15T03:00,Bharati Station,-15.1,-22.6,53,24.8,36.7,0.0,973.3
2024-05-15T04:00,Bharati Station,-15.5,-22.5,64,21.7,32.0,0.0,973.4
2024-05-15T05:00,Bharati Station,-15.9,-22.7,61,19.6,28.1,0.0,973.3
2024-05-15T06:00,Bharati Station,-16.2,-22.9,60,19.7,25.9,1.0,973.6
2024-05-15T07:00,Bharati Station,-16.3,-23.2,60,20.6,26.6,3.0,973.8
2024-05-15T08:00,Bharati Station,-16.3,-23.4,63,22.0,28.1,3.0,973.5
2024-05-15T09:00,Bharati Station,-16.3,-23.4,64,22.0,28.4,0.0,973.3
2024-05-15T10:00,Bharati Station,-16.4,-23.6,64,22.7,29.5,0.0,973.5
2024-05-15T11:00,Bharati Station,-16.5,-23.6,64,22.3,29.5,0.0,973.4
2024-05-15T12:00,Bharati Station,-16.6,-23.8,63,22.3,29.2,0.0,973.2
2024-05-15T13:00,Bharati Station,-16.9,-23.6,62,19.4,24.5,0.0,972.6
2024-05-15T14:00,Bharati Station,-16.6,-23.6,63,21.3,27.4,0.0,972.5
2024-05-15T15:00,Bharati Station,-16.5,-23.7,62,23.1,29.2,0.0,972.2
2024-05-15T16:00,Bharati Station,-16.5,-24.0,62,24.6,31.7,0.0,971.9
2024-05-15T17:00,Bharati Station,-16.8,-24.5,62,26.1,33.8,0.0,971.5
2024-05-15T18:00,Bharati Station,-16.9,-24.8,59,27.6,36.4,0.0,971.3
2024-05-15T19:00,Bharati Station,-16.7,-24.2,59,24.3,36.4,0.0,971.1
2024-05-15T20:00,Bharati Station,-16.6,-24.2,58,25.2,33.1,0.0,971.1
2024-05-15T21:00,Bharati Station,-16.8,-24.7,57,27.1,35.6,0.0,971.3
2024-05-15T22:00,Bharati Station,-16.9,-24.7,55,26.3,36.0,0.0,971.3
2024-05-15T23:00,Bharati Station,-17.3,-25.3,54,28.1,37.1,0.0,971.1
2024-05-16T00:00,Bharati Station,-17.7,-25.5,59,26.6,37.1,0.0,970.8
2024-05-16T01:00,Bharati Station,-18.6,-26.5,58,26.8,36.0,0.0,969.4
2024-05-16T02:00,Bharati Station,-18.7,-26.8,60,28.4,37.1,0.0,969.3
2024-05-16T03:00,Bharati Station,-18.6,-26.7,61,28.4,38.9,0.0,969.4
2024-05-16T04:00,Bharati Station,-18.4,-26.1,59,25.8,37.1,0.0,969.6
2024-05-16T05:00,Bharati Station,-18.3,-25.5,60,22.3,33.1,0.0,969.9
2024-05-16T06:00,Bharati Station,-18.4,-25.8,57,23.4,30.2,0.0,969.6
2024-05-16T07:00,Bharati Station,-18.7,-26.4,59,25.6,33.5,2.0,969.1
2024-05-16T08:00,Bharati Station,-18.8,-26.3,62,24.2,33.5,2.0,969.1
2024-05-16T09:00,Bharati Station,-18.9,-26.2,62,23.4,31.7,0.0,969.1
2024-05-16T10:00,Bharati Station,-19.1,-26.3,61,22.4,30.6,0.0,968.4
2024-05-16T11:00,Bharati Station,-19.3,-26.3,60,20.7,29.5,0.0,967.9
2024-05-16T12:00,Bharati Station,-19.4,-26.4,61,20.6,27.0,0.0,967.4
2024-05-16T13:00,Bharati Station,-19.7,-27.8,61,27.8,40.7,0.0,967.1
2024-05-16T14:00,Bharati Station,-19.7,-27.4,63,26.0,36.7,0.0,966.6
2024-05-16T15:00,Bharati Station,-19.7,-26.8,64,21.8,33.8,0.0,966.0
2024-05-16T16:00,Bharati Station,-19.9,-26.4,65,17.4,28.4,0.0,965.5
2024-05-16T17:00,Bharati Station,-20.3,-26.3,63,13.8,22.3,0.0,964.8
2024-05-16T18:00,Bharati Station,-20.9,-26.5,66,11.3,17.3,0.0,964.3
2024-05-16T19:00,Bharati Station,-21.3,-26.6,69,8.8,14.0,0.0,963.9
2024-05-16T20:00,Bharati Station,-19.2,-23.9,65,5.0,11.2,0.0,963.7
2024-05-16T21:00,Bharati Station,-18.7,-22.9,72,1.8,6.5,0.0,963.6
2024-05-16T22:00,Bharati Station,-19.0,-23.7,73,5.3,6.5,0.0,963.4
2024-05-16T23:00,Bharati Station,-20.5,-25.6,78,7.6,9.4,0.0,963.2
2024-05-17T00:00,Bharati Station,-20.6,-25.8,77,8.7,10.4,0.0,963.3
2024-05-17T01:00,Bharati Station,-22.5,-27.9,86,9.5,11.2,0.0,962.8
2024-05-17T02:00,Bharati Station,-22.8,-28.1,84,9.2,12.6,0.0,963.5
2024-05-17T03:00,Bharati Station,-22.9,-28.2,82,9.1,11.5,0.0,964.6
2024-05-17T04:00,Bharati Station,-22.6,-28.0,81,9.9,13.0,0.0,966.0
2024-05-17T05:00,Bharati Station,-22.4,-27.9,82,10.6,13.3,0.0,966.9
2024-05-17T06:00,Bharati Station,-22.6,-28.1,82,10.5,14.4,0.0,967.7
2024-05-17T07:00,Bharati Station,-22.7,-27.9,81,8.8,13.7,0.0,968.3
2024-05-17T08:00,Bharati Station,-22.6,-27.8,81,8.0,11.2,0.0,969.1
2024-05-17T09:00,Bharati Station,-23.0,-28.2,81,8.3,10.8,0.0,969.9
2024-05-17T10:00,Bharati Station,-23.4,-28.4,81,6.8,10.8,0.0,970.7
2024-05-17T11:00,Bharati Station,-23.5,-28.5,81,6.6,9.4,0.0,971.8
2024-05-17T12:00,Bharati Station,-23.7,-28.9,81,8.0,10.8,0.0,972.8
2024-05-17T13:00,Bharati Station,-23.4,-29.8,86,16.6,21.6,0.0,974.1
2024-05-17T14:00,Bharati Station,-23.1,-29.7,89,17.9,23.8,0.0,975.0
2024-05-17T15:00,Bharati Station,-23.2,-30.0,84,19.2,25.6,0.0,976.3
2024-05-17T16:00,Bharati Station,-23.5,-30.4,84,19.6,26.3,0.0,978.1
2024-05-17T17:00,Bharati Station,-23.7,-30.7,83,20.6,27.4,0.0,979.6
2024-05-17T18:00,Bharati Station,-23.5,-30.9,85,23.3,30.6,0.0,981.1
2024-05-17T19:00,Bharati Station,-23.1,-30.7,87,24.4,32.4,0.0,982.5
2024-05-17T20:00,Bharati Station,-23.1,-30.5,86,23.4,32.4,0.0,984.1
2024-05-17T21:00,Bharati Station,-23.1,-30.0,88,20.5,31.0,0.0,985.2
2024-05-17T22:00,Bharati Station,-22.9,-29.5,86,17.9,27.0,0.0,986.6
2024-05-17T23:00,Bharati Station,-22.9,-29.3,85,16.2,23.4,0.0,987.4
2024-05-18T00:00,Bharati Station,-22.8,-29.1,82,16.0,21.2,0.0,988.3
2024-05-18T01:00,Bharati Station,-23.2,-29.1,80,13.2,20.2,0.0,988.4
2024-05-18T02:00,Bharati Station,-23.7,-29.1,77,9.7,16.6,0.0,989.0
2024-05-18T03:00,Bharati Station,-23.6,-28.6,74,6.8,11.9,0.0,989.6
2024-05-18T04:00,Bharati Station,-23.8,-28.9,78,7.4,9.0,0.0,990.2
2024-05-18T05:00,Bharati Station,-24.0,-29.2,82,8.0,9.7,0.0,990.8
2024-05-18T06:00,Bharati Station,-23.9,-29.0,81,7.9,9.7,0.0,991.0
2024-05-18T07:00,Bharati Station,-23.4,-28.4,84,7.1,9.4,3.0,991.6
2024-05-18T08:00,Bharati Station,-22.9,-27.8,70,6.1,8.3,2.0,992.0
2024-05-18T09:00,Bharati Station,-24.1,-29.2,80,7.9,9.4,0.0,992.2
2024-05-18T10:00,Bharati Station,-24.4,-29.7,82,8.4,10.1,0.0,992.5
2024-05-18T11:00,Bharati Station,-24.6,-29.9,79,8.7,10.4,0.0,992.8
2024-05-18T12:00,Bharati Station,-24.2,-29.3,83,8.0,10.4,0.0,992.9
2024-05-18T13:00,Bharati Station,-25.0,-31.0,81,13.5,16.2,0.0,993.0
2024-05-18T14:00,Bharati Station,-25.1,-31.2,84,14.0,17.3,0.0,992.9
2024-05-18T15:00,Bharati Station,-25.1,-31.0,80,13.0,17.3,0.0,992.7
2024-05-18T16:00,Bharati Station,-25.0,-30.8,78,12.5,15.8,0.0,992.3
2024-05-18T17:00,Bharati Station,-24.7,-30.6,78,12.5,15.1,0.0,992.1
2024-05-18T18:00,Bharati Station,-24.9,-30.8,79,12.5,15.1,0.0,991.8
2024-05-18T19:00,Bharati Station,-25.0,-31.0,80,13.0,15.8,0.0,991.5
2024-05-18T20:00,Bharati Station,-25.1,-31.1,80,13.8,16.9,0.0,991.0
2024-05-18T21:00,Bharati Station,-25.6,-31.8,84,15.1,19.1,0.0,990.6
2024-05-18T22:00,Bharati Station,-25.8,-32.0,81,14.8,19.4,0.0,990.0
2024-05-18T23:00,Bharati Station,-25.7,-31.8,85,14.3,19.4,0.0,989.5
2024-05-19T00:00,Bharati Station,-25.7,-31.8,86,14.3,18.7,0.0,989.0
2024-05-19T01:00,Bharati Station,-25.2,-30.6,85,9.4,13.0,0.0,987.4
2024-05-19T02:00,Bharati Station,-25.5,-31.2,81,11.0,12.6,0.0,986.8
2024-05-19T03:00,Bharati Station,-25.7,-31.7,88,13.1,15.5,0.0,986.2
2024-05-19T04:00,Bharati Station,-25.9,-32.0,82,14.5,17.6,0.0,985.7
2024-05-19T05:00,Bharati Station,-26.0,-32.2,82,14.8,18.7,0.0,985.4
2024-05-19T06:00,Bharati Station,-26.1,-32.4,81,15.3,19.1,0.0,984.4
2024-05-19T07:00,Bharati Station,-26.0,-32.3,81,15.5,19.4,2.0,983.8
2024-05-19T08:00,Bharati Station,-26.0,-32.3,80,15.3,19.4,1.0,983.1
2024-05-19T09:00,Bharati Station,-25.9,-32.1,80,15.1,19.4,0.0,982.6
2024-05-19T10:00,Bharati Station,-25.8,-31.9,78,14.1,18.7,0.0,982.3
2024-05-19T11:00,Bharati Station,-25.8,-31.8,78,13.3,17.3,0.0,981.8
2024-05-19T12:00,Bharati Station,-25.5,-31.5,78,13.2,16.6,0.0,981.4
2024-05-19T13:00,Bharati Station,-24.6,-30.1,83,9.8,13.3,0.0,980.9
2024-05-19T14:00,Bharati Station,-24.2,-29.6,73,9.2,11.9,0.0,980.8
2024-05-19T15:00,Bharati Station,-23.0,-28.2,62,7.6,11.5,0.0,980.7
2024-05-19T16:00,Bharati Station,-22.1,-27.1,59,6.7,9.4,0.0,980.5
2024-05-19T17:00,Bharati Station,-23.2,-28.3,78,7.8,9.4,0.0,980.5
2024-05-19T18:00,Bharati Station,-24.2,-29.5,85,9.0,10.8,0.0,980.3
2024-05-19T19:00,Bharati Station,-24.4,-29.6,85,8.7,11.2,0.0,980.2
2024-05-19T20:00,Bharati Station,-24.9,-30.3,84,9.2,10.8,0.0,980.1
2024-05-19T21:00,Bharati Station,-25.8,-31.4,78,10.4,12.6,0.0,980.1
2024-05-19T22:00,Bharati Station,-26.1,-32.0,74,12.5,14.8,0.0,980.2
2024-05-19T23:00,Bharati Station,-26.1,-32.3,74,14.4,17.3,0.0,980.2
2024-05-20T00:00,Bharati Station,-26.2,-32.5,73,15.1,18.4,0.0,980.3
2024-05-20T01:00,Bharati Station,-25.3,-30.7,78,9.4,14.8,0.0,980.2
2024-05-20T02:00,Bharati Station,-25.6,-31.1,82,10.1,12.6,0.0,979.9
2024-05-20T03:00,Bharati Station,-25.3,-30.6,84,8.8,12.2,0.0,980.0
2024-05-20T04:00,Bharati Station,-25.5,-30.7,82,8.4,10.8,0.0,980.3
2024-05-20T05:00,Bharati Station,-25.8,-31.2,81,8.9,11.2,0.0,980.8
2024-05-20T06:00,Bharati Station,-26.4,-31.9,83,10.0,12.2,0.0,981.0
2024-05-20T07:00,Bharati Station,-26.3,-31.8,87,10.0,12.6,1.0,981.4
2024-05-20T08:00,Bharati Station,-26.3,-32.2,88,12.6,15.1,1.0,981.3
2024-05-20T09:00,Bharati Station,-26.2,-32.1,86,12.7,15.8,0.0,981.6
2024-05-20T10:00,Bharati Station,-26.0,-31.7,80,11.2,15.5,0.0,982.0
2024-05-20T11:00,Bharati Station,-25.4,-30.8,83,9.4,13.7,0.0,982.4
2024-05-20T12:00,Bharati Station,-26.5,-32.1,82,10.9,13.3,0.0,982.5
2024-05-20T13:00,Bharati Station,-27.4,-33.4,83,13.4,18.7,0.0,982.1
2024-05-20T14:00,Bharati Station,-27.4,-33.3,82,12.9,16.6,0.0,982.2
2024-05-20T15:00,Bharati Station,-27.4,-33.3,76,12.3,15.5,0.0,982.2
2024-05-20T16:00,Bharati Station,-27.3,-32.7,77,9.3,15.1,0.0,982.0
2024-05-20T17:00,Bharati Station,-24.4,-29.3,74,5.8,11.5,0.0,982.5
2024-05-20T18:00,Bharati Station,-24.9,-30.0,71,7.2,8.6,0.0,982.1
2024-05-20T19:00,Bharati Station,-24.8,-30.0,69,7.6,9.7,0.0,982.0
2024-05-20T20:00,Bharati Station,-26.1,-31.6,70,10.1,12.2,0.0,981.9
2024-05-20T21:00,Bharati Station,-26.3,-31.9,74,10.6,13.3,0.0,982.1
2024-05-20T22:00,Bharati Station,-25.9,-31.4,81,10.0,13.3,0.0,982.4
2024-05-20T23:00,Bharati Station,-25.1,-30.3,84,8.5,12.2,0.0,982.7
2024-05-21T00:00,Bharati Station,-24.2,-29.2,83,7.2,10.4,0.0,982.8
2024-05-21T01:00,Bharati Station,-28.1,-33.8,81,10.7,15.8,0.0,982.3
2024-05-21T02:00,Bharati Station,-28.1,-33.5,85,9.0,13.3,0.0,981.8
2024-05-21T03:00,Bharati Station,-28.3,-33.8,82,9.9,12.2,0.0,981.7
2024-05-21T04:00,Bharati Station,-28.1,-33.7,79,9.9,12.6,0.0,981.7
2024-05-21T05:00,Bharati Station,-27.5,-32.9,79,9.2,12.2,0.0,982.1
2024-05-21T06:00,Bharati Station,-27.2,-32.6,79,9.1,11.5,0.0,981.8
2024-05-21T07:00,Bharati Station,-27.0,-32.5,79,9.7,11.9,0.0,981.7
2024-05-21T08:00,Bharati Station,-26.7,-32.1,85,9.5,13.0,0.0,981.2
2024-05-21T09:00,Bharati Station,-26.1,-31.5,81,8.9,12.2,0.0,981.1
2024-05-21T10:00,Bharati Station,-26.9,-32.4,83,9.9,12.2,0.0,980.9
2024-05-21T11:00,Bharati Station,-27.4,-33.4,78,13.0,15.8,0.0,980.3
2024-05-21T12:00,Bharati Station,-27.1,-33.4,76,14.8,18.0,0.0,980.0
2024-05-21T13:00,Bharati Station,-26.4,-31.8,80,8.9,13.3,0.0,978.3
2024-05-21T14:00,Bharati Station,-26.6,-32.0,78,9.0,11.2,0.0,977.8
2024-05-21T15:00,Bharati Station,-27.0,-32.5,88,9.9,11.9,0.0,977.6
2024-05-21T16:00,Bharati Station,-27.3,-32.9,90,10.9,14.4,0.0,976.9
2024-05-21T17:00,Bharati Station,-26.5,-32.0,90,9.9,13.3,0.0,976.6
2024-05-21T18:00,Bharati Station,-26.8,-32.5,88,11.5,14.0,0.0,975.9
2024-05-21T19:00,Bharati Station,-26.3,-31.9,94,10.7,14.0,0.0,975.1
2024-05-21T20:00,Bharati Station,-25.9,-31.5,96,10.9,14.0,0.0,974.2
2024-05-21T21:00,Bharati Station,-23.7,-29.0,97,8.9,13.7,0.0,973.6
2024-05-21T22:00,Bharati Station,-24.4,-29.8,96,9.7,11.5,0.0,972.8
2024-05-21T23:00,Bharati Station,-25.9,-31.9,95,13.5,16.6,0.0,971.4
2024-05-22T00:00,Bharati Station,-25.7,-31.4,95,11.6,16.9,0.0,970.1
2024-05-22T01:00,Bharati Station,-19.4,-24.0,93,4.9,9.7,0.0,967.6
2024-05-22T02:00,Bharati Station,-18.9,-23.6,55,4.3,6.5,0.0,967.0
2024-05-22T03:00,Bharati Station,-18.4,-23.0,51,3.8,5.8,0.0,966.4
2024-05-22T04:00,Bharati Station,-18.0,-23.0,50,6.7,8.3,0.0,965.9
2024-05-22T05:00,Bharati Station,-19.4,-24.6,52,8.5,10.4,0.0,965.1
2024-05-22T06:00,Bharati Station,-21.4,-26.9,71,10.5,13.0,0.0,963.9
2024-05-22T07:00,Bharati Station,-22.1,-27.7,86,11.3,13.7,0.0,962.9
2024-05-22T08:00,Bharati Station,-24.1,-30.0,87,13.5,16.6,0.0,961.9
2024-05-22T09:00,Bharati Station,-23.7,-29.6,72,13.2,17.6,0.0,961.2
2024-05-22T10:00,Bharati Station,-23.1,-29.0,68,12.9,16.6,0.0,960.7
2024-05-22T11:00,Bharati Station,-22.6,-28.4,70,12.4,16.2,0.0,960.2
2024-05-22T12:00,Bharati Station,-21.1,-26.6,71,10.9,15.8,0.0,959.7
2024-05-22T13:00,Bharati Station,-22.5,-28.5,80,13.7,23.4,0.0,958.2
2024-05-22T14:00,Bharati Station,-20.9,-26.4,94,11.1,16.9,0.0,958.2
2024-05-22T15:00,Bharati Station,-21.4,-26.9,98,11.4,14.0,0.0,958.1
2024-05-22T16:00,Bharati Station,-23.2,-29.3,91,14.5,17.6,0.0,957.7
2024-05-22T17:00,Bharati Station,-22.9,-29.4,86,17.1,20.9,0.0,957.2
2024-05-22T18:00,Bharati Station,-23.0,-29.4,86,16.6,21.6,0.0,956.9
2024-05-22T19:00,Bharati Station,-22.9,-29.0,86,14.8,20.9,0.0,956.7
2024-05-22T20:00,Bharati Station,-22.6,-28.5,86,13.0,18.4,0.0,956.6
2024-05-22T21:00,Bharati Station,-18.9,-24.0,84,8.7,16.6,0.0,956.7
2024-05-22T22:00,Bharati Station,-15.3,-19.8,71,4.7,11.2,0.0,957.0
2024-05-22T23:00,Bharati Station,-14.9,-19.5,59,4.7,6.5,0.0,957.1
2024-05-23T00:00,Bharati Station,-14.6,-18.9,59,3.2,6.1,0.0,957.1
2024-05-23T01:00,Bharati Station,-14.6,-18.9,74,3.2,6.1,0.0,957.3
2024-05-23T02:00,Bharati Station,-14.7,-18.9,91,4.0,4.3,0.0,957.6
2024-05-23T03:00,Bharati Station,-20.4,-25.9,94,11.7,14.0,0.0,957.8
2024-05-23T04:00,Bharati Station,-20.5,-26.6,90,15.0,18.4,0.0,958.3
2024-05-23T05:00,Bharati Station,-20.3,-26.3,89,14.4,18.7,0.0,958.5
2024-05-23T06:00,Bharati Station,-20.0,-26.1,89,15.0,18.4,0.0,959.0
2024-05-23T07:00,Bharati Station,-19.6,-25.7,87,15.1,19.1,0.0,959.7
2024-05-23T08:00,Bharati Station,-19.5,-25.4,86,14.0,19.1,0.0,960.7
2024-05-23T09:00,Bharati Station,-19.6,-25.5,85,14.0,18.0,0.0,961.5
2024-05-23T10:00,Bharati Station,-19.9,-25.9,84,14.1,18.0,0.0,962.4
2024-05-23T11:00,Bharati Station,-20.2,-26.2,83,14.3,18.4,0.0,963.1
2024-05-23T12:00,Bharati Station,-20.4,-26.4,83,14.1,18.7,0.0,964.0
2024-05-23T13:00,Bharati Station,-19.9,-25.8,84,13.8,17.6,0.0,964.6
2024-05-23T14:00,Bharati Station,-20.3,-26.5,84,15.8,21.2,0.0,965.7
2024-05-23T15:00,Bharati Station,-20.7,-26.8,83,15.3,21.2,0.0,966.4
2024-05-23T16:00,Bharati Station,-20.9,-27.0,83,15.0,20.9,0.0,967.3
2024-05-23T17:00,Bharati Station,-20.8,-26.5,83,12.3,20.2,0.0,968.4
2024-05-23T18:00,Bharati Station,-20.5,-26.1,83,11.2,16.6,0.0,969.4
2024-05-23T19:00,Bharati Station,-20.3,-25.8,83,10.8,15.1,0.0,970.8
2024-05-23T20:00,Bharati Station,-20.0,-25.5,83,10.7,14.4,0.0,971.6
2024-05-23T21:00,Bharati Station,-19.7,-25.5,83,13.1,17.3,0.0,972.3
2024-05-23T22:00,Bharati Station,-19.3,-25.1,83,13.2,18.0,0.0,973.3
2024-05-23T23:00,Bharati Station,-18.8,-24.6,84,12.9,18.0,0.0,974.2
2024-05-24T00:00,Bharati Station,-18.2,-23.7,85,11.8,16.9,0.0,974.8
2024-05-24T01:00,Bharati Station,-18.2,-23.6,86,10.8,13.7,0.0,975.4
2024-05-24T02:00,Bharati Station,-17.7,-22.7,85,7.7,13.7,0.0,975.6
2024-05-24T03:00,Bharati Station,-17.2,-22.0,87,7.4,9.7,0.0,976.4
2024-05-24T04:00,Bharati Station,-16.6,-21.8,89,10.2,12.6,0.0,976.9
2024-05-24T05:00,Bharati Station,-16.0,-21.3,90,11.0,13.7,0.0,977.3
2024-05-24T06:00,Bharati Station,-15.4,-20.8,90,11.5,14.0,0.0,976.9
2024-05-24T07:00,Bharati Station,-14.9,-20.5,89,13.3,16.2,0.0,976.8
2024-05-24T08:00,Bharati Station,-14.3,-20.1,89,14.6,18.0,0.0,976.7
2024-05-24T09:00,Bharati Station,-13.8,-19.5,90,14.4,18.4,0.0,976.5
2024-05-24T10:00,Bharati Station,-13.5,-19.2,87,14.7,18.4,0.0,976.0
2024-05-24T11:00,Bharati Station,-13.0,-18.7,86,14.6,18.4,0.0,975.9
2024-05-24T12:00,Bharati Station,-12.7,-18.3,85,13.5,18.4,0.0,975.5
2024-05-24T13:00,Bharati Station,-12.5,-17.4,88,9.1,14.4,0.0,974.5
2024-05-24T14:00,Bharati Station,-10.8,-15.2,87,6.4,11.5,0.0,974.0
2024-05-24T15:00,Bharati Station,-11.2,-15.6,87,6.8,8.3,0.0,973.4
2024-05-24T16:00,Bharati Station,-12.2,-16.9,84,8.3,10.1,0.0,972.6
2024-05-24T17:00,Bharati Station,-12.6,-17.6,75,9.4,11.5,0.0,971.5
2024-05-24T18:00,Bharati Station,-12.9,-18.2,63,10.1,13.0,0.0,970.0
2024-05-24T19:00,Bharati Station,-11.7,-16.8,50,9.2,12.6,0.0,968.9
2024-05-24T20:00,Bharati Station,-9.3,-14.2,40,7.2,11.5,0.0,967.3
2024-05-24T21:00,Bharati Station,-9.8,-14.9,40,8.4,10.4,0.0,965.9
2024-05-24T22:00,Bharati Station,-7.7,-12.6,34,7.6,10.4,0.0,964.3
2024-05-24T23:00,Bharati Station,-6.6,-11.5,34,7.1,9.4,0.0,962.4
2024-05-25T00:00,Bharati Station,-6.4,-11.1,38,6.4,8.6,0.0,960.9
2024-05-25T01:00,Bharati Station,-9.2,-14.4,46,9.7,12.2,0.0,960.8
2024-05-25T02:00,Bharati Station,-5.7,-10.3,40,6.5,12.2,0.0,959.9
2024-05-25T03:00,Bharati Station,-8.5,-13.5,55,8.9,10.1,0.0,958.8
2024-05-25T04:00,Bharati Station,-12.3,-17.8,68,12.7,15.5,0.0,957.9
2024-05-25T05:00,Bharati Station,-10.6,-16.0,64,11.5,16.6,0.0,956.7
2024-05-25T06:00,Bharati Station,-9.0,-14.1,68,10.9,14.4,0.0,955.8
2024-05-25T07:00,Bharati Station,-9.9,-15.9,81,17.2,20.2,0.0,955.6
2024-05-25T08:00,Bharati Station,-9.3,-15.1,83,16.5,22.0,0.0,955.2
2024-05-25T09:00,Bharati Station,-8.7,-14.5,82,17.0,20.5,0.0,955.1
2024-05-25T10:00,Bharati Station,-7.0,-13.7,79,23.3,27.7,0.0,955.2
2024-05-25T11:00,Bharati Station,-6.1,-13.1,82,26.7,34.2,0.0,955.5
2024-05-25T12:00,Bharati Station,-6.3,-12.5,88,20.9,33.8,0.0,955.9
2024-05-25T13:00,Bharati Station,-7.0,-13.2,87,20.9,26.6,0.0,957.7
2024-05-25T14:00,Bharati Station,-6.8,-13.4,90,23.8,29.9,0.0,958.1
2024-05-25T15:00,Bharati Station,-7.0,-13.7,91,25.0,32.8,0.0,958.3
2024-05-25T16:00,Bharati Station,-7.1,-13.7,92,24.1,32.8,0.0,958.6
2024-05-25T17:00,Bharati Station,-7.0,-13.6,91,23.9,31.3,0.0,959.2
2024-05-25T18:00,Bharati Station,-6.9,-13.6,89,24.5,31.7,0.0,959.9
2024-05-25T19:00,Bharati Station,-6.8,-13.8,89,26.9,34.6,0.0,961.4
2024-05-25T20:00,Bharati Station,-6.9,-15.4,90,37.0,47.5,0.0,963.1
2024-05-25T21:00,Bharati Station,-6.7,-16.2,87,43.3,56.9,0.0,964.9
2024-05-25T22:00,Bharati Station,-6.7,-16.0,80,41.8,57.6,0.0,966.1
2024-05-25T23:00,Bharati Station,-6.6,-14.8,77,33.9,55.4,0.0,966.9
2024-05-26T00:00,Bharati Station,-6.5,-14.5,77,32.2,44.6,0.0,967.7
2024-05-26T01:00,Bharati Station,-6.9,-14.8,86,32.6,47.9,0.0,967.8
2024-05-26T02:00,Bharati Station,-7.0,-14.8,86,31.7,42.8,0.0,968.7
2024-05-26T03:00,Bharati Station,-6.5,-14.8,86,35.6,45.7,0.0,969.6
2024-05-26T04:00,Bharati Station,-6.1,-14.7,87,38.1,51.8,0.0,970.4
2024-05-26T05:00,Bharati Station,-7.1,-13.5,93,22.8,50.0,0.0,971.8
2024-05-26T06:00,Bharati Station,-7.7,-13.7,88,18.7,29.5,0.0,972.6
2024-05-26T07:00,Bharati Station,-7.9,-14.7,88,24.4,31.3,0.0,973.9
2024-05-26T08:00,Bharati Station,-8.1,-15.5,87,28.5,37.4,0.0,974.7
2024-05-26T09:00,Bharati Station,-8.2,-15.9,87,30.3,38.9,0.0,975.8
2024-05-26T10:00,Bharati Station,-8.5,-16.5,86,32.7,43.2,0.0,976.8
2024-05-26T11:00,Bharati Station,-9.8,-16.9,88,25.3,43.2,0.0,977.9
2024-05-26T12:00,Bharati Station,-11.0,-17.2,86,19.1,33.1,0.0,979.0
2024-05-26T13:00,Bharati Station,-13.5,-18.2,92,7.9,14.8,0.0,980.8
2024-05-26T14:00,Bharati Station,-13.4,-17.7,92,5.1,13.0,0.0,981.4
2024-05-26T15:00,Bharati Station,-13.3,-17.6,92,5.1,9.0,0.0,981.9
2024-05-26T16:00,Bharati Station,-13.5,-18.4,90,9.3,11.9,0.0,982.5
2024-05-26T17:00,Bharati Station,-13.5,-18.6,90,10.7,14.0,0.0,982.8
2024-05-26T18:00,Bharati Station,-13.4,-18.5,90,10.3,14.0,0.0,983.0
2024-05-26T19:00,Bharati Station,-13.2,-18.3,87,10.4,13.3,0.0,983.3
2024-05-26T20:00,Bharati Station,-13.2,-18.5,88,11.8,14.8,0.0,983.6
2024-05-26T21:00,Bharati Station,-13.2,-18.7,87,12.8,16.6,0.0,984.0
2024-05-26T22:00,Bharati Station,-13.0,-18.2,87,10.9,16.6,0.0,984.4
2024-05-26T23:00,Bharati Station,-13.1,-18.0,87,9.5,14.0,0.0,984.6
2024-05-27T00:00,Bharati Station,-13.3,-17.9,84,6.6,11.9,0.0,984.3
2024-05-27T01:00,Bharati Station,-13.2,-17.7,83,5.6,6.8,0.0,983.5
2024-05-27T02:00,Bharati Station,-13.3,-17.5,85,4.3,6.5,0.0,983.5
2024-05-27T03:00,Bharati Station,-13.6,-18.2,78,6.3,9.4,0.0,983.3
2024-05-27T04:00,Bharati Station,-12.2,-16.9,71,7.2,8.3,0.0,983.4
2024-05-27T05:00,Bharati Station,-11.1,-18.1,64,22.8,25.9,0.0,983.0
2024-05-27T06:00,Bharati Station,-11.4,-19.3,72,28.9,37.1,0.0,983.4
2024-05-27T07:00,Bharati Station,-10.9,-18.2,71,25.3,37.4,0.0,983.3
2024-05-27T08:00,Bharati Station,-11.3,-17.8,77,20.4,32.8,0.0,982.7
2024-05-27T09:00,Bharati Station,-10.2,-17.2,70,23.7,29.2,0.0,981.4
2024-05-27T10:00,Bharati Station,-8.2,-16.8,66,34.7,42.8,0.0,980.1
2024-05-27T11:00,Bharati Station,-6.5,-17.1,69,49.3,64.1,0.0,978.5
2024-05-27T12:00,Bharati Station,-5.9,-17.0,71,54.0,72.0,0.0,977.7
2024-05-27T13:00,Bharati Station,-6.1,-16.9,83,52.7,69.5,0.0,977.3
2024-05-27T14:00,Bharati Station,-6.4,-18.8,82,63.4,82.1,0.0,978.4
2024-05-27T15:00,Bharati Station,-6.4,-18.9,82,63.8,85.3,0.0,979.8
2024-05-27T16:00,Bharati Station,-6.5,-18.6,81,61.1,83.9,0.0,981.0
2024-05-27T17:00,Bharati Station,-6.6,-18.3,82,58.1,80.3,0.0,982.3
2024-05-27T18:00,Bharati Station,-6.7,-18.2,82,57.0,76.3,0.0,983.5
2024-05-27T19:00,Bharati Station,-6.8,-18.2,83,55.8,75.6,0.0,985.0
2024-05-27T20:00,Bharati Station,-7.0,-18.1,85,54.7,73.8,0.0,986.7
2024-05-27T21:00,Bharati Station,-7.0,-17.8,86,52.3,72.0,0.0,988.1
2024-05-27T22:00,Bharati Station,-7.1,-17.2,87,48.0,68.4,0.0,989.5
2024-05-27T23:00,Bharati Station,-7.0,-16.8,87,45.3,63.0,0.0,990.5
2024-05-28T00:00,Bharati Station,-7.3,-16.2,88,38.8,59.4,0.0,991.5
2024-05-28T01:00,Bharati Station,-7.0,-15.1,88,33.7,43.9,0.0,992.1
2024-05-28T02:00,Bharati Station,-7.0,-14.8,86,31.3,43.9,0.0,992.8
2024-05-28T03:00,Bharati Station,-6.6,-14.0,84,29.5,41.0,0.0,993.3
2024-05-28T04:00,Bharati Station,-6.0,-13.2,83,28.2,38.2,0.0,993.5
2024-05-28T05:00,Bharati Station,-5.7,-12.9,84,28.2,36.7,0.0,994.0
2024-05-28T06:00,Bharati Station,-5.5,-12.4,85,26.5,36.7,0.0,993.6
2024-05-28T07:00,Bharati Station,-5.2,-11.9,86,25.3,33.8,0.0,993.5
2024-05-28T08:00,Bharati Station,-4.8,-11.9,87,28.2,36.4,0.0,992.9
2024-05-28T09:00,Bharati Station,-4.6,-11.9,88,30.2,39.2,0.0,992.4
2024-05-28T10:00,Bharati Station,-4.2,-12.7,88,39.0,49.0,0.0,991.9
2024-05-28T11:00,Bharati Station,-4.2,-14.0,88,47.2,61.9,0.0,991.6
2024-05-28T12:00,Bharati Station,-4.0,-14.1,86,49.1,63.7,0.0,991.6
2024-05-28T13:00,Bharati Station,-4.1,-13.0,89,41.3,57.6,0.0,991.7
2024-05-28T14:00,Bharati Station,-4.0,-12.7,90,40.2,54.0,0.0,991.8
2024-05-28T15:00,Bharati Station,-3.9,-12.5,90,39.5,52.9,0.0,991.9
2024-05-28T16:00,Bharati Station,-3.7,-12.2,89,39.3,51.8,0.0,992.2
2024-05-28T17:00,Bharati Station,-3.6,-12.1,88,39.5,51.8,0.0,992.1
2024-05-28T18:00,Bharati Station,-3.6,-11.1,89,32.6,51.8,0.0,991.7
2024-05-28T19:00,Bharati Station,-3.4,-10.3,89,28.1,42.8,0.0,991.6
2024-05-28T20:00,Bharati Station,-3.2,-9.1,90,22.0,36.7,0.0,991.2
2024-05-28T21:00,Bharati Station,-2.9,-8.5,90,19.8,28.4,0.0,990.9
2024-05-28T22:00,Bharati Station,-2.9,-8.2,90,17.7,25.6,0.0,990.5
2024-05-28T23:00,Bharati Station,-3.0,-7.7,90,13.1,22.7,0.0,989.9
2024-05-29T00:00,Bharati Station,-2.2,-7.4,83,16.6,19.1,0.0,988.9
2024-05-29T01:00,Bharati Station,-3.2,-8.2,79,14.1,24.5,0.0,987.1
2024-05-29T02:00,Bharati Station,-2.8,-5.9,82,2.0,16.6,0.0,986.7
2024-05-29T03:00,Bharati Station,-2.5,-5.8,81,3.4,3.6,0.0,986.6
2024-05-29T04:00,Bharati Station,-3.2,-7.1,80,6.6,7.2,0.0,986.5
2024-05-29T05:00,Bharati Station,-3.6,-8.1,82,10.8,12.2,0.0,986.4
2024-05-29T06:00,Bharati Station,-3.6,-7.8,80,8.7,12.6,0.0,985.8
2024-05-29T07:00,Bharati Station,-2.0,-5.5,75,4.3,9.7,0.0,985.4
2024-05-29T08:00,Bharati Station,-2.6,-6.2,78,4.6,5.0,0.0,985.2
2024-05-29T09:00,Bharati Station,-4.0,-8.6,81,11.1,11.5,0.0,984.9
2024-05-29T10:00,Bharati Station,-3.0,-8.7,74,18.8,22.3,0.0,985.0
2024-05-29T11:00,Bharati Station,-2.8,-8.6,76,19.7,24.5,0.0,984.6
2024-05-29T12:00,Bharati Station,-2.3,-8.6,73,23.0,28.4,0.0,984.1
2024-05-29T13:00,Bharati Station,-3.3,-7.1,79,6.1,20.5,0.0,984.5
2024-05-29T14:00,Bharati Station,-1.6,-5.2,69,4.0,6.8,0.0,984.7
2024-05-29T15:00,Bharati Station,-3.2,-8.7,71,16.5,17.6,0.0,985.1
2024-05-29T16:00,Bharati Station,-2.8,-9.4,71,24.3,29.9,0.0,985.2
2024-05-29T17:00,Bharati Station,-2.1,-10.2,66,34.7,44.3,0.0,985.0
2024-05-29T18:00,Bharati Station,-2.1,-10.5,70,37.5,48.2,0.0,985.3
2024-05-29T19:00,Bharati Station,-2.4,-10.3,69,33.5,49.3,0.0,986.0
2024-05-29T20:00,Bharati Station,-2.6,-9.6,68,27.0,43.2,0.0,986.3
2024-05-29T21:00,Bharati Station,-2.8,-9.2,68,22.8,34.9,0.0,986.5
2024-05-29T22:00,Bharati Station,-3.5,-8.9,72,16.3,29.2,0.0,986.8
2024-05-29T23:00,Bharati Station,-4.1,-9.2,75,13.8,20.2,0.0,986.9
2024-05-30T00:00,Bharati Station,-4.6,-9.1,78,9.8,16.9,0.0,986.9
2024-05-30T01:00,Bharati Station,-4.1,-9.2,81,14.1,28.4,0.0,986.3
2024-05-30T02:00,Bharati Station,-4.6,-8.6,84,7.1,17.6,0.0,986.3
2024-05-30T03:00,Bharati Station,-4.4,-8.8,83,9.8,10.8,0.0,986.4
2024-05-30T04:00,Bharati Station,-4.6,-8.8,85,8.7,11.5,0.0,986.4
2024-05-30T05:00,Bharati Station,-3.7,-8.5,80,12.6,13.3,0.0,986.3
2024-05-30T06:00,Bharati Station,-2.4,-8.0,75,18.0,23.0,0.0,986.5
2024-05-30T07:00,Bharati Station,-3.1,-6.9,80,6.6,22.0,0.0,987.3
2024-05-30T08:00,Bharati Station,-3.5,-7.6,81,7.9,9.0,0.0,987.5
2024-05-30T09:00,Bharati Station,-2.8,-6.9,75,7.6,9.0,0.0,988.2
2024-05-30T10:00,Bharati Station,-2.9,-6.9,74,6.9,9.7,0.0,988.9
2024-05-30T11:00,Bharati Station,-1.6,-5.0,69,3.1,7.9,0.0,989.2
2024-05-30T12:00,Bharati Station,-3.5,-7.7,75,7.6,9.0,0.0,989.2
2024-05-30T13:00,Bharati Station,-2.2,-9.3,65,27.2,36.4,0.0,989.6
2024-05-30T14:00,Bharati Station,-2.2,-8.6,66,22.9,34.9,0.0,989.9
2024-05-30T15:00,Bharati Station,-1.6,-8.2,63,24.3,29.9,0.0,990.3
2024-05-30T16:00,Bharati Station,-1.7,-8.0,63,22.4,31.3,0.0,990.9
2024-05-30T17:00,Bharati Station,-2.7,-7.7,70,13.7,28.1,0.0,991.2
2024-05-30T18:00,Bharati Station,-1.9,-5.9,60,5.4,16.2,0.0,991.6
2024-05-30T19:00,Bharati Station,-1.9,-6.0,58,6.2,6.5,0.0,992.0
2024-05-30T20:00,Bharati Station,-3.6,-8.1,65,9.2,10.1,0.0,992.2
2024-05-30T21:00,Bharati Station,-4.4,-9.3,66,10.8,12.2,0.0,992.5
2024-05-30T22:00,Bharati Station,-4.8,-10.1,64,13.6,15.1,0.0,992.7
2024-05-30T23:00,Bharati Station,-4.4,-10.2,61,17.1,19.4,0.0,993.0
2024-05-31T00:00,Bharati Station,-4.1,-10.1,61,18.1,22.0,0.0,993.2
2024-05-31T01:00,Bharati Station,-4.3,-8.8,62,8.4,11.5,0.0,993.5
2024-05-31T02:00,Bharati Station,-3.0,-7.3,50,6.3,9.7,0.0,994.2
2024-05-31T03:00,Bharati Station,-2.7,-6.8,46,4.3,7.2,0.0,994.4
2024-05-31T04:00,Bharati Station,-3.4,-7.5,46,4.3,5.0,0.0,994.2
2024-05-31T05:00,Bharati Station,-7.4,-12.5,60,11.2,11.9,0.0,993.7
2024-05-31T06:00,Bharati Station,-6.6,-12.8,54,18.0,20.9,0.0,993.1
2024-05-31T07:00,Bharati Station,-6.1,-12.6,51,19.8,24.5,0.0,992.7
2024-05-31T08:00,Bharati Station,-7.2,-13.4,52,17.7,23.8,0.0,992.8
2024-05-31T09:00,Bharati Station,-7.5,-13.8,50,18.3,21.6,0.0,992.6
2024-05-31T10:00,Bharati Station,-7.9,-14.3,49,18.2,22.3,0.0,992.5
2024-05-31T11:00,Bharati Station,-8.0,-15.0,45,22.0,25.6,0.0,992.5
2024-05-31T12:00,Bharati Station,-8.2,-16.1,43,28.8,36.4,0.0,992.2
2024-05-31T13:00,Bharati Station,-9.1,-16.7,47,26.3,34.2,0.0,992.4
2024-05-31T14:00,Bharati Station,-9.4,-17.2,47,27.2,34.6,0.0,992.0
2024-05-31T15:00,Bharati Station,-9.4,-17.5,46,30.0,38.2,0.0,991.4
2024-05-31T16:00,Bharati Station,-9.8,-17.2,49,24.7,38.5,0.0,990.9
2024-05-31T17:00,Bharati Station,-10.5,-17.1,52,19.8,30.6,0.0,990.3
2024-05-31T18:00,Bharati Station,-10.3,-17.1,49,21.0,25.9,0.0,989.2
2024-05-31T19:00,Bharati Station,-10.6,-17.0,49,17.8,25.9,0.0,988.0
2024-05-31T20:00,Bharati Station,-11.0,-17.1,49,15.6,21.6,0.0,986.6
2024-05-31T21:00,Bharati Station,-11.3,-17.1,50,13.7,19.1,0.0,985.8
2024-05-31T22:00,Bharati Station,-11.2,-16.7,49,11.2,15.8,0.0,985.2
2024-05-31T23:00,Bharati Station,-10.6,-17.6,47,21.3,23.8,0.0,984.9
2024-06-01T00:00,Bharati Station,-9.7,-17.8,46,29.1,36.7,0.0,984.6
2024-06-01T01:00,Bharati Station,-10.2,-17.3,52,22.7,43.9,0.0,981.4
2024-06-01T02:00,Bharati Station,-12.1,-17.9,65,14.5,28.1,0.0,981.0
2024-06-01T03:00,Bharati Station,-12.9,-18.6,63,13.7,17.3,0.0,981.1
2024-06-01T04:00,Bharati Station,-13.4,-19.4,63,15.2,19.4,0.0,980.4
2024-06-01T05:00,Bharati Station,-13.7,-18.8,64,8.9,18.4,0.0,980.2
2024-06-01T06:00,Bharati Station,-11.2,-16.0,48,6.5,10.4,0.0,979.5
2024-06-01T07:00,Bharati Station,-10.5,-15.4,45,7.4,8.6,0.0,979.0
2024-06-01T08:00,Bharati Station,-11.2,-16.5,45,10.0,10.4,0.0,978.7
2024-06-01T09:00,Bharati Station,-12.3,-18.9,49,18.3,21.2,0.0,978.4
2024-06-01T10:00,Bharati Station,-12.5,-19.0,51,18.1,21.6,0.0,978.4
2024-06-01T11:00,Bharati Station,-12.6,-19.1,52,18.6,22.0,0.0,978.8
2024-06-01T12:00,Bharati Station,-13.1,-19.4,54,16.8,22.3,0.0,979.3
2024-06-01T13:00,Bharati Station,-9.7,-14.1,38,3.5,9.4,0.0,979.1
2024-06-01T14:00,Bharati Station,-14.9,-20.6,57,12.5,13.7,0.0,978.7
2024-06-01T15:00,Bharati Station,-15.4,-21.2,59,13.2,15.8,0.0,978.7
2024-06-01T16:00,Bharati Station,-13.6,-18.7,49,7.9,15.5,0.0,978.9
2024-06-01T17:00,Bharati Station,-10.8,-14.9,38,1.1,9.4,0.0,978.6
2024-06-01T18:00,Bharati Station,-14.0,-19.6,46,11.8,12.6,0.0,978.4
2024-06-01T19:00,Bharati Station,-15.0,-21.0,51,13.8,16.6,0.0,978.4
2024-06-01T20:00,Bharati Station,-15.1,-21.2,51,15.1,16.6,0.0,978.6
2024-06-01T21:00,Bharati Station,-14.6,-21.2,49,18.8,22.0,0.0,978.7
2024-06-01T22:00,Bharati Station,-14.3,-21.2,48,20.3,24.1,0.0,978.6
2024-06-01T23:00,Bharati Station,-14.6,-21.2,48,18.7,24.1,0.0,978.7
2024-06-02T00:00,Bharati Station,-15.0,-21.3,49,16.2,22.3,0.0,978.6
2024-06-02T01:00,Bharati Station,-11.0,-15.6,49,5.4,15.5,0.0,976.9
2024-06-02T02:00,Bharati Station,-12.8,-17.7,62,8.0,10.8,0.0,976.8
2024-06-02T03:00,Bharati Station,-14.6,-19.6,79,9.2,11.9,0.0,977.3
2024-06-02T04:00,Bharati Station,-16.6,-22.3,94,14.0,16.9,0.0,978.2
2024-06-02T05:00,Bharati Station,-16.4,-22.3,81,14.4,18.4,0.0,979.0
2024-06-02T06:00,Bharati Station,-15.1,-20.5,65,10.5,17.6,0.0,979.0
2024-06-02T07:00,Bharati Station,-10.5,-14.6,51,2.7,13.0,0.0,979.3
2024-06-02T08:00,Bharati Station,-10.4,-14.9,40,4.7,5.4,0.0,979.7
2024-06-02T09:00,Bharati Station,-16.0,-21.7,55,12.7,13.7,0.0,979.6
2024-06-02T10:00,Bharati Station,-15.5,-22.4,52,20.4,25.2,0.0,979.8
2024-06-02T11:00,Bharati Station,-16.0,-22.5,53,17.8,25.2,0.0,980.3
2024-06-02T12:00,Bharati Station,-16.8,-22.6,59,12.9,21.6,0.0,980.7
2024-06-02T13:00,Bharati Station,-15.8,-22.9,54,22.1,30.2,0.0,981.7
2024-06-02T14:00,Bharati Station,-16.9,-22.9,66,14.3,27.0,0.0,982.3
2024-06-02T15:00,Bharati Station,-15.8,-21.0,59,9.4,17.3,0.0,982.8
2024-06-02T16:00,Bharati Station,-13.5,-18.4,44,6.8,11.5,0.0,983.4
2024-06-02T17:00,Bharati Station,-12.8,-17.6,44,5.6,8.6,0.0,983.8
2024-06-02T18:00,Bharati Station,-12.9,-16.9,44,0.8,6.8,0.0,984.1
2024-06-02T19:00,Bharati Station,-16.3,-21.6,53,9.4,10.4,0.0,983.8
2024-06-02T20:00,Bharati Station,-18.1,-24.3,58,15.2,18.4,0.0,983.6
2024-06-02T21:00,Bharati Station,-17.7,-24.2,59,17.9,21.6,0.0,984.1
2024-06-02T22:00,Bharati Station,-17.7,-24.3,56,18.0,22.3,0.0,984.3
2024-06-02T23:00,Bharati Station,-17.8,-24.2,59,17.2,21.2,0.0,984.8
2024-06-03T00:00,Bharati Station,-17.9,-24.4,58,17.4,20.9,0.0,984.7
2024-06-03T01:00,Bharati Station,-18.8,-24.9,58,14.3,20.9,0.0,983.4
2024-06-03T02:00,Bharati Station,-18.7,-24.4,57,11.7,17.6,0.0,983.3
2024-06-03T03:00,Bharati Station,-19.0,-24.8,58,12.4,15.1,0.0,983.4
2024-06-03T04:00,Bharati Station,-18.4,-24.9,57,17.6,20.5,0.0,983.3
2024-06-03T05:00,Bharati Station,-17.4,-24.5,61,21.6,26.6,0.0,983.7
2024-06-03T06:00,Bharati Station,-17.0,-24.1,65,22.0,27.7,0.0,983.7
2024-06-03T07:00,Bharati Station,-16.6,-24.0,63,23.9,29.5,0.0,983.9
2024-06-03T08:00,Bharati Station,-16.5,-23.9,63,23.7,30.2,0.0,984.2
2024-06-03T09:00,Bharati Station,-16.5,-23.8,62,23.2,29.9,0.0,984.5
2024-06-03T10:00,Bharati Station,-16.5,-23.7,60,22.7,29.2,0.0,984.7
2024-06-03T11:00,Bharati Station,-16.6,-23.7,59,22.0,28.8,0.0,984.5
2024-06-03T12:00,Bharati Station,-16.7,-23.7,59,21.3,27.7,0.0,984.6
2024-06-03T13:00,Bharati Station,-17.0,-23.4,61,16.9,33.5,0.0,983.9
2024-06-03T14:00,Bharati Station,-17.6,-23.8,56,15.8,20.9,0.0,983.7
2024-06-03T15:00,Bharati Station,-18.0,-24.2,57,14.9,19.4,0.0,983.9
2024-06-03T16:00,Bharati Station,-18.1,-24.4,59,16.2,19.4,0.0,983.8
2024-06-03T17:00,Bharati Station,-17.3,-24.4,60,21.7,26.6,0.0,983.7
2024-06-03T18:00,Bharati Station,-16.7,-24.3,62,25.8,32.0,0.0,983.1
2024-06-03T19:00,Bharati Station,-16.4,-24.3,63,27.4,34.2,0.0,983.0
2024-06-03T20:00,Bharati Station,-16.3,-24.2,61,27.7,35.6,0.0,983.0
2024-06-03T21:00,Bharati Station,-16.1,-24.5,58,30.6,38.5,0.0,982.8
2024-06-03T22:00,Bharati Station,-16.1,-24.5,60,31.3,41.0,0.0,982.6
2024-06-03T23:00,Bharati Station,-16.1,-24.4,61,30.6,40.7,0.0,982.5
2024-06-04T00:00,Bharati Station,-16.1,-24.2,60,28.8,39.2,0.0,982.3
2024-06-04T01:00,Bharati Station,-16.2,-23.6,63,24.5,39.6,0.0,980.7
2024-06-04T02:00,Bharati Station,-16.4,-23.5,64,22.4,31.3,0.0,980.4
2024-06-04T03:00,Bharati Station,-16.6,-23.4,64,20.0,28.4,0.0,980.4
2024-06-04T04:00,Bharati Station,-16.8,-23.4,63,18.1,25.6,0.0,980.4
2024-06-04T05:00,Bharati Station,-17.0,-23.4,63,16.9,23.0,0.0,979.9
2024-06-04T06:00,Bharati Station,-17.1,-23.4,62,16.3,20.9,0.0,979.7
2024-06-04T07:00,Bharati Station,-16.8,-23.4,63,18.2,22.3,0.0,979.4
2024-06-04T08:00,Bharati Station,-16.7,-23.2,66,18.1,23.0,0.0,979.2
2024-06-04T09:00,Bharati Station,-16.6,-23.2,66,18.4,23.0,0.0,979.2
2024-06-04T10:00,Bharati Station,-16.5,-23.1,64,19.0,23.4,0.0,979.3
2024-06-04T11:00,Bharati Station,-16.3,-23.1,61,20.4,25.6,0.0,979.2
2024-06-04T12:00,Bharati Station,-16.1,-23.1,59,21.3,27.0,0.0,979.1
2024-06-04T13:00,Bharati Station,-16.2,-23.6,60,24.3,31.3,0.0,978.4
2024-06-04T14:00,Bharati Station,-15.9,-23.5,59,25.4,33.5,0.0,978.0
2024-06-04T15:00,Bharati Station,-15.9,-23.3,57,24.2,32.8,0.0,977.7
2024-06-04T16:00,Bharati Station,-15.8,-23.3,57,24.5,32.0,0.0,977.7
2024-06-04T17:00,Bharati Station,-15.7,-23.2,56,24.5,32.0,0.0,977.3
2024-06-04T18:00,Bharati Station,-15.5,-22.8,56,23.5,32.0,0.0,977.3
2024-06-04T19:00,Bharati Station,-15.3,-22.6,56,23.9,31.3,0.0,977.2
2024-06-04T20:00,Bharati Station,-14.9,-22.3,62,24.5,31.3,0.0,977.0
2024-06-04T21:00,Bharati Station,-14.8,-22.3,63,24.9,32.0,0.0,977.1
2024-06-04T22:00,Bharati Station,-14.8,-22.3,62,24.9,32.4,0.0,976.8
2024-06-04T23:00,Bharati Station,-15.1,-22.6,62,24.8,32.4,0.0,976.4
2024-06-05T00:00,Bharati Station,-15.4,-22.9,58,24.9,32.8,0.0,976.2
2024-06-05T01:00,Bharati Station,-15.1,-23.6,57,31.3,44.3,0.0,976.0
2024-06-05T02:00,Bharati Station,-15.3,-23.4,56,28.7,41.8,0.0,976.2
2024-06-05T03:00,Bharati Station,-15.3,-22.8,58,24.9,38.2,0.0,976.3
2024-06-05T04:00,Bharati Station,-15.4,-22.7,55,23.2,33.1,0.0,976.1
2024-06-05T05:00,Bharati Station,-15.6,-22.7,55,21.7,31.0,0.0,976.3
2024-06-05T06:00,Bharati Station,-15.9,-22.4,62,18.1,28.4,0.0,976.3
2024-06-05T07:00,Bharati Station,-16.0,-22.3,62,16.3,23.0,0.0,976.2
2024-06-05T08:00,Bharati Station,-16.2,-22.4,64,15.8,21.2,0.0,976.3
2024-06-05T09:00,Bharati Station,-16.1,-22.3,61,16.2,20.9,0.0,976.7
2024-06-05T10:00,Bharati Station,-16.3,-22.7,63,17.1,22.0,0.0,976.8
2024-06-05T11:00,Bharati Station,-16.4,-22.8,63,17.1,22.0,0.0,976.8
2024-06-05T12:00,Bharati Station,-16.6,-22.9,63,16.9,21.6,0.0,977.2
2024-06-05T13:00,Bharati Station,-17.7,-23.7,64,13.9,19.8,0.0,977.4
2024-06-05T14:00,Bharati Station,-17.8,-23.8,69,14.0,17.6,0.0,977.8
2024-06-05T15:00,Bharati Station,-18.0,-24.1,72,15.1,18.7,0.0,978.2
2024-06-05T16:00,Bharati Station,-18.3,-24.4,77,14.8,18.7,0.0,978.4
2024-06-05T17:00,Bharati Station,-18.7,-24.8,82,15.5,19.4,0.0,978.7
2024-06-05T18:00,Bharati Station,-18.9,-25.2,81,16.4,20.9,0.0,979.1
2024-06-05T19:00,Bharati Station,-19.0,-25.4,80,16.9,21.6,0.0,979.2
2024-06-05T20:00,Bharati Station,-19.2,-25.6,81,17.1,22.0,0.0,979.4
2024-06-05T21:00,Bharati Station,-19.1,-25.4,80,16.6,22.0,0.0,979.7
2024-06-05T22:00,Bharati Station,-19.0,-25.2,79,16.1,21.2,0.0,980.1
2024-06-05T23:00,Bharati Station,-18.7,-24.9,78,16.0,20.5,0.0,980.6
2024-06-06T00:00,Bharati Station,-18.9,-25.1,79,16.2,20.9,0.0,981.2
2024-06-06T01:00,Bharati Station,-19.8,-25.7,81,13.8,19.1,0.0,981.2
2024-06-06T02:00,Bharati Station,-19.5,-25.3,81,13.2,17.6,0.0,982.0
2024-06-06T03:00,Bharati Station,-19.4,-25.1,81,12.0,16.6,0.0,982.5
2024-06-06T04:00,Bharati Station,-19.4,-25.0,82,11.8,15.1,0.0,983.1
2024-06-06T05:00,Bharati Station,-19.5,-25.1,84,11.7,14.8,0.0,983.8
2024-06-06T06:00,Bharati Station,-19.6,-25.2,84,12.0,15.1,0.0,984.2
2024-06-06T07:00,Bharati Station,-19.7,-25.4,82,12.5,15.5,0.0,984.6
2024-06-06T08:00,Bharati Station,-19.8,-25.5,81,12.2,15.5,0.0,985.1
2024-06-06T09:00,Bharati Station,-19.7,-25.4,80,12.5,15.1,0.0,985.7
2024-06-06T10:00,Bharati Station,-19.9,-25.5,81,11.5,15.1,0.0,986.4
2024-06-06T11:00,Bharati Station,-20.2,-25.6,82,10.2,14.0,0.0,987.1
2024-06-06T12:00,Bharati Station,-20.3,-25.8,82,10.4,12.6,0.0,987.8
2024-06-06T13:00,Bharati Station,-20.4,-26.0,80,11.5,15.5,0.0,988.8
2024-06-06T14:00,Bharati Station,-20.5,-26.2,81,12.0,14.8,0.0,989.5
2024-06-06T15:00,Bharati Station,-20.7,-26.3,81,11.0,14.8,0.0,990.5
2024-06-06T16:00,Bharati Station,-20.7,-26.0,80,9.4,13.3,0.0,991.1
2024-06-06T17:00,Bharati Station,-20.4,-25.6,81,8.7,11.5,0.0,991.4
2024-06-06T18:00,Bharati Station,-20.6,-25.8,82,8.7,10.8,0.0,991.8
2024-06-06T19:00,Bharati Station,-21.4,-26.8,83,10.1,12.2,0.0,992.1
2024-06-06T20:00,Bharati Station,-21.3,-26.5,85,8.6,12.6,0.0,992.9
2024-06-06T21:00,Bharati Station,-21.2,-26.4,87,8.7,10.8,0.0,993.5
2024-06-06T22:00,Bharati Station,-21.5,-26.9,85,10.1,12.2,0.0,993.8
2024-06-06T23:00,Bharati Station,-21.7,-27.0,85,9.8,12.6,0.0,994.2
2024-06-07T00:00,Bharati Station,-21.8,-27.3,86,10.6,13.0,0.0,994.6
2024-06-07T01:00,Bharati Station,-19.9,-24.8,83,6.6,15.5,0.0,994.4
2024-06-07T02:00,Bharati Station,-20.2,-25.1,83,6.6,8.3,0.0,994.8
2024-06-07T03:00,Bharati Station,-21.3,-26.4,82,7.6,9.4,0.0,995.2
2024-06-07T04:00,Bharati Station,-21.7,-27.3,82,11.5,14.0,0.0,995.6
2024-06-07T05:00,Bharati Station,-22.0,-28.1,80,14.8,18.7,0.0,995.6
2024-06-07T06:00,Bharati Station,-22.3,-28.5,88,15.5,20.2,0.0,995.7
2024-06-07T07:00,Bharati Station,-22.4,-28.7,88,16.0,20.9,0.0,995.9
2024-06-07T08:00,Bharati Station,-22.4,-28.7,90,16.3,22.0,0.0,996.3
2024-06-07T09:00,Bharati Station,-22.7,-29.1,90,16.3,22.0,0.0,996.1
2024-06-07T10:00,Bharati Station,-22.7,-29.0,90,16.1,22.0,0.0,996.0
2024-06-07T11:00,Bharati Station,-22.5,-28.7,90,15.6,21.6,0.0,996.0
2024-06-07T12:00,Bharati Station,-22.2,-28.3,90,15.1,20.5,0.0,995.8
2024-06-07T13:00,Bharati Station,-22.2,-27.9,84,12.2,19.8,0.0,994.4
2024-06-07T14:00,Bharati Station,-21.7,-27.3,85,11.3,15.1,0.0,994.1
2024-06-07T15:00,Bharati Station,-21.2,-26.6,83,10.0,14.0,0.0,994.0
2024-06-07T16:00,Bharati Station,-20.6,-25.9,65,9.4,12.2,0.0,993.7
2024-06-07T17:00,Bharati Station,-19.5,-25.8,56,15.5,18.4,0.0,992.9
2024-06-07T18:00,Bharati Station,-19.0,-25.5,65,17.2,22.3,0.0,991.9
2024-06-07T19:00,Bharati Station,-18.6,-25.0,64,16.7,22.3,0.0,991.2
2024-06-07T20:00,Bharati Station,-18.2,-24.2,61,14.2,20.9,0.0,990.5
2024-06-07T21:00,Bharati Station,-16.5,-21.5,53,7.6,17.3,0.0,989.8
2024-06-07T22:00,Bharati Station,-14.0,-18.1,47,1.1,9.4,0.0,988.8
2024-06-07T23:00,Bharati Station,-14.5,-19.3,54,6.1,6.8,0.0,987.7
2024-06-08T00:00,Bharati Station,-15.3,-20.4,53,8.2,11.2,0.0,986.1
2024-06-08T01:00,Bharati Station,-12.3,-17.0,45,5.5,6.5,0.0,984.4
2024-06-08T02:00,Bharati Station,-13.7,-18.7,54,7.9,10.1,0.0,982.1
2024-06-08T03:00,Bharati Station,-12.4,-17.5,52,8.2,10.1,0.0,980.5
2024-06-08T04:00,Bharati Station,-13.0,-19.3,64,17.9,20.5,0.0,978.7
2024-06-08T05:00,Bharati Station,-11.4,-18.3,65,22.0,28.4,0.0,977.4
2024-06-08T06:00,Bharati Station,-10.5,-17.6,65,24.0,29.9,0.0,975.6
2024-06-08T07:00,Bharati Station,-8.9,-17.2,63,32.2,41.4,0.0,973.3
2024-06-08T08:00,Bharati Station,-8.5,-16.3,66,29.7,42.1,0.0,971.7
2024-06-08T09:00,Bharati Station,-8.3,-16.5,73,33.2,43.6,0.0,969.5
2024-06-08T10:00,Bharati Station,-8.4,-15.3,81,24.5,43.9,0.0,968.1
2024-06-08T11:00,Bharati Station,-8.6,-15.0,88,21.1,31.7,0.0,967.6
2024-06-08T12:00,Bharati Station,-7.9,-17.4,85,42.6,52.9,0.0,966.3
2024-06-08T13:00,Bharati Station,-8.0,-20.2,85,61.6,79.9,0.0,965.1
2024-06-08T14:00,Bharati Station,-8.3,-20.5,83,61.3,84.2,0.0,964.6
2024-06-08T15:00,Bharati Station,-8.6,-19.9,82,55.0,81.7,0.0,964.2
2024-06-08T16:00,Bharati Station,-8.8,-19.7,83,52.0,72.7,0.0,963.6
2024-06-08T17:00,Bharati Station,-8.6,-19.6,79,52.5,69.8,0.0,962.7
2024-06-08T18:00,Bharati Station,-8.3,-19.3,76,52.1,69.8,0.0,961.8
2024-06-08T19:00,Bharati Station,-8.0,-18.1,72,45.4,68.8,0.0,961.1
2024-06-08T20:00,Bharati Station,-7.9,-16.4,68,34.6,59.4,0.0,961.1
2024-06-08T21:00,Bharati Station,-8.1,-15.6,69,27.5,45.0,0.0,961.8
2024-06-08T22:00,Bharati Station,-8.7,-15.1,75,20.9,35.6,0.0,962.9
2024-06-08T23:00,Bharati Station,-8.7,-16.0,72,26.0,32.8,0.0,963.7
2024-06-09T00:00,Bharati Station,-8.6,-16.5,66,29.8,38.5,0.0,964.3
2024-06-09T01:00,Bharati Station,-9.3,-17.0,69,28.6,35.6,0.0,965.8
2024-06-09T02:00,Bharati Station,-9.3,-16.3,68,23.8,39.6,0.0,967.4
2024-06-09T03:00,Bharati Station,-9.7,-16.0,69,19.2,30.2,0.0,969.7
2024-06-09T04:00,Bharati Station,-9.7,-16.7,65,23.1,28.8,0.0,971.6
2024-06-09T05:00,Bharati Station,-10.1,-17.8,62,27.8,36.0,0.0,973.6
2024-06-09T06:00,Bharati Station,-10.9,-18.3,63,25.6,36.0,0.0,975.6
2024-06-09T07:00,Bharati Station,-10.9,-17.8,64,21.8,33.1,0.0,977.6
2024-06-09T08:00,Bharati Station,-10.9,-17.4,64,19.5,28.4,0.0,979.6
2024-06-09T09:00,Bharati Station,-11.3,-17.7,64,18.3,25.6,0.0,981.6
2024-06-09T10:00,Bharati Station,-11.6,-17.6,63,16.1,23.4,0.0,983.2
2024-06-09T11:00,Bharati Station,-11.9,-18.2,61,17.8,22.7,0.0,984.4
2024-06-09T12:00,Bharati Station,-12.8,-19.0,61,16.8,22.7,0.0,985.7
2024-06-09T13:00,Bharati Station,-12.6,-19.2,60,19.8,25.6,0.0,986.4
2024-06-09T14:00,Bharati Station,-12.9,-19.5,58,19.4,25.6,0.0,987.6
2024-06-09T15:00,Bharati Station,-13.3,-20.0,57,20.2,25.6,0.0,988.4
2024-06-09T16:00,Bharati Station,-13.4,-20.2,55,20.2,26.3,0.0,989.0
2024-06-09T17:00,Bharati Station,-13.6,-20.5,53,20.9,26.3,0.0,989.8
2024-06-09T18:00,Bharati Station,-13.5,-20.6,52,22.4,28.4,0.0,990.5
2024-06-09T19:00,Bharati Station,-13.3,-20.6,52,23.4,29.9,0.0,991.3
2024-06-09T20:00,Bharati Station,-13.4,-20.9,52,24.5,31.3,0.0,991.8
2024-06-09T21:00,Bharati Station,-13.4,-20.8,52,23.8,31.7,0.0,992.3
2024-06-09T22:00,Bharati Station,-13.5,-20.8,52,23.4,30.6,0.0,992.8
2024-06-09T23:00,Bharati Station,-13.8,-20.8,52,21.6,29.9,0.0,993.0
2024-06-10T00:00,Bharati Station,-14.1,-21.1,51,21.2,27.7,0.0,992.7
2024-06-10T01:00,Bharati Station,-14.9,-20.7,65,14.0,19.1,0.0,992.5
2024-06-10T02:00,Bharati Station,-16.0,-22.1,65,15.7,19.4,0.0,992.0
2024-06-10T03:00,Bharati Station,-17.0,-23.2,67,16.3,20.9,0.0,991.6
2024-06-10T04:00,Bharati Station,-17.3,-23.6,69,16.3,21.2,0.0,991.2
2024-06-10T05:00,Bharati Station,-17.3,-23.5,69,15.9,21.2,0.0,990.3
2024-06-10T06:00,Bharati Station,-16.9,-22.8,68,14.0,20.5,0.0,989.5
2024-06-10T07:00,Bharati Station,-16.4,-22.2,65,13.0,17.3,0.0,988.5
2024-06-10T08:00,Bharati Station,-16.3,-21.9,64,11.7,15.5,0.0,987.2
2024-06-10T09:00,Bharati Station,-16.3,-21.9,63,11.8,14.4,0.0,986.1
2024-06-10T10:00,Bharati Station,-16.0,-21.5,62,11.1,14.0,0.0,984.9
2024-06-10T11:00,Bharati Station,-15.4,-20.8,58,10.5,13.3,0.0,983.5
2024-06-10T12:00,Bharati Station,-15.1,-20.9,57,12.8,14.8,0.0,981.6
2024-06-10T13:00,Bharati Station,-14.5,-21.0,57,18.3,23.0,0.0,981.2
2024-06-10T14:00,Bharati Station,-14.5,-20.3,59,13.3,22.7,0.0,979.5
2024-06-10T15:00,Bharati Station,-13.6,-18.7,50,8.7,15.8,0.0,977.7
2024-06-10T16:00,Bharati Station,-13.2,-18.4,47,8.9,10.4,0.0,976.2
2024-06-10T17:00,Bharati Station,-12.5,-17.6,42,8.2,10.8,0.0,974.3
2024-06-10T18:00,Bharati Station,-13.8,-19.8,47,14.7,16.2,0.0,972.5
2024-06-10T19:00,Bharati Station,-13.0,-19.6,46,18.3,22.0,0.0,970.6
2024-06-10T20:00,Bharati Station,-12.2,-19.1,45,21.0,25.6,0.0,969.0
2024-06-10T21:00,Bharati Station,-11.5,-18.8,45,23.4,28.1,0.0,967.3
2024-06-10T22:00,Bharati Station,-10.7,-18.4,44,26.3,33.1,0.0,966.0
2024-06-10T23:00,Bharati Station,-10.3,-18.1,44,27.1,34.9,0.0,964.5
2024-06-11T00:00,Bharati Station,-10.0,-17.8,44,27.4,34.9,0.0,963.3
2024-06-11T01:00,Bharati Station,-9.5,-17.9,52,32.1,44.3,0.0,961.4
2024-06-11T02:00,Bharati Station,-9.2,-17.2,52,29.2,41.4,0.0,960.5
2024-06-11T03:00,Bharati Station,-8.5,-16.8,49,31.7,41.4,0.0,959.1
2024-06-11T04:00,Bharati Station,-8.4,-16.7,50,31.3,41.8,0.0,958.4
2024-06-11T05:00,Bharati Station,-8.3,-15.9,53,27.0,41.0,0.0,958.1
2024-06-11T06:00,Bharati Station,-8.1,-15.4,53,25.2,34.6,0.0,957.6
2024-06-11T07:00,Bharati Station,-8.2,-15.3,55,23.7,33.1,0.0,957.4
2024-06-11T08:00,Bharati Station,-8.1,-15.3,56,24.8,32.8,0.0,957.2
2024-06-11T09:00,Bharati Station,-7.5,-15.5,55,30.0,36.7,0.0,957.0
2024-06-11T10:00,Bharati Station,-7.5,-15.0,57,26.9,40.3,0.0,957.2
2024-06-11T11:00,Bharati Station,-7.4,-14.9,58,27.2,41.0,0.0,957.6
2024-06-11T12:00,Bharati Station,-7.3,-15.5,58,31.6,42.8,0.0,958.2
2024-06-11T13:00,Bharati Station,-8.0,-17.6,59,41.2,56.9,0.0,958.0
2024-06-11T14:00,Bharati Station,-7.3,-16.5,53,38.1,54.4,0.0,958.4
2024-06-11T15:00,Bharati Station,-7.2,-17.9,51,48.4,63.4,0.0,958.8
2024-06-11T16:00,Bharati Station,-7.1,-17.5,50,46.5,64.4,0.0,959.8
2024-06-11T17:00,Bharati Station,-7.3,-16.9,51,41.5,61.6,0.0,961.1
2024-06-11T18:00,Bharati Station,-7.5,-16.9,51,39.2,54.7,0.0,962.5
2024-06-11T19:00,Bharati Station,-7.7,-17.2,51,39.9,52.2,0.0,963.9
2024-06-11T20:00,Bharati Station,-7.7,-17.1,51,39.9,53.3,0.0,964.8
2024-06-11T21:00,Bharati Station,-7.7,-17.0,52,38.4,52.6,0.0,966.0
2024-06-11T22:00,Bharati Station,-7.7,-16.6,52,36.2,50.4,0.0,967.1
2024-06-11T23:00,Bharati Station,-8.1,-16.2,53,30.3,47.2,0.0,968.0
2024-06-12T00:00,Bharati Station,-8.5,-16.1,53,27.4,39.2,0.0,968.7
2024-06-12T01:00,Bharati Station,-9.7,-14.4,62,6.9,21.2,0.0,968.1
2024-06-12T02:00,Bharati Station,-9.7,-14.7,62,9.0,12.6,0.0,969.5
2024-06-12T03:00,Bharati Station,-9.2,-15.6,51,18.3,23.0,0.0,970.5
2024-06-12T04:00,Bharati Station,-9.4,-15.9,53,19.4,26.6,0.0,971.5
2024-06-12T05:00,Bharati Station,-10.2,-16.2,56,15.9,25.6,0.0,972.4
2024-06-12T06:00,Bharati Station,-10.9,-17.1,58,16.9,23.0,0.0,973.0
2024-06-12T07:00,Bharati Station,-12.0,-17.9,58,14.2,22.0,0.0,973.6
2024-06-12T08:00,Bharati Station,-12.5,-18.6,54,15.9,20.2,0.0,974.1
2024-06-12T09:00,Bharati Station,-12.7,-18.9,54,16.2,22.0,0.0,974.7
2024-06-12T10:00,Bharati Station,-12.7,-19.3,52,19.2,24.5,0.0,975.1
2024-06-12T11:00,Bharati Station,-12.6,-19.8,50,23.1,30.6,0.0,975.7
2024-06-12T12:00,Bharati Station,-12.7,-19.6,53,21.4,31.7,0.0,976.3
2024-06-12T13:00,Bharati Station,-13.0,-19.8,56,20.8,34.6,0.0,977.2
2024-06-12T14:00,Bharati Station,-13.4,-19.8,60,17.7,26.6,0.0,977.9
2024-06-12T15:00,Bharati Station,-13.7,-19.9,63,16.3,22.3,0.0,979.1
2024-06-12T16:00,Bharati Station,-14.0,-20.2,66,16.1,20.9,0.0,980.0
2024-06-12T17:00,Bharati Station,-14.2,-20.2,65,15.5,19.8,0.0,980.8
2024-06-12T18:00,Bharati Station,-14.0,-20.4,60,17.6,21.2,0.0,981.7
2024-06-12T19:00,Bharati Station,-13.0,-20.0,55,21.3,26.3,0.0,982.2
2024-06-12T20:00,Bharati Station,-13.0,-19.7,58,20.2,28.1,0.0,982.6
2024-06-12T21:00,Bharati Station,-12.7,-19.8,53,22.0,28.1,0.0,983.3
2024-06-12T22:00,Bharati Station,-12.7,-20.0,51,23.5,30.2,0.0,984.0
2024-06-12T23:00,Bharati Station,-12.8,-20.3,51,24.9,32.0,0.0,984.5
2024-06-13T00:00,Bharati Station,-13.0,-20.5,50,25.3,33.1,0.0,985.2
2024-06-13T01:00,Bharati Station,-13.5,-20.2,55,19.3,29.2,0.0,985.3
2024-06-13T02:00,Bharati Station,-14.0,-20.4,55,17.7,24.8,0.0,985.9
2024-06-13T03:00,Bharati Station,-14.4,-20.9,55,17.8,22.7,0.0,986.6
2024-06-13T04:00,Bharati Station,-14.4,-21.1,54,19.2,24.1,0.0,987.1
2024-06-13T05:00,Bharati Station,-14.1,-21.3,52,23.0,29.2,0.0,987.7
2024-06-13T06:00,Bharati Station,-13.9,-21.6,51,26.3,34.2,0.0,988.1
2024-06-13T07:00,Bharati Station,-13.9,-21.8,52,27.5,36.0,0.0,988.7
2024-06-13T08:00,Bharati Station,-14.0,-22.1,54,28.9,38.2,0.0,989.0
2024-06-13T09:00,Bharati Station,-14.0,-21.9,53,27.8,38.5,0.0,989.5
2024-06-13T10:00,Bharati Station,-14.0,-21.8,53,26.7,36.7,0.0,990.3
2024-06-13T11:00,Bharati Station,-14.1,-21.7,53,25.9,35.3,0.0,990.7
2024-06-13T12:00,Bharati Station,-14.2,-21.8,53,25.2,34.2,0.0,991.1
2024-06-13T13:00,Bharati Station,-14.5,-22.0,60,24.6,33.1,0.0,991.0
2024-06-13T14:00,Bharati Station,-14.5,-22.1,61,25.7,32.8,0.0,991.5
2024-06-13T15:00,Bharati Station,-14.7,-22.1,61,24.9,33.1,0.0,991.9
2024-06-13T16:00,Bharati Station,-14.8,-22.1,60,24.1,32.0,0.0,992.3
2024-06-13T17:00,Bharati Station,-14.8,-22.2,60,24.1,31.3,0.0,992.2
2024-06-13T18:00,Bharati Station,-14.9,-22.4,60,24.6,31.7,0.0,992.4
2024-06-13T19:00,Bharati Station,-15.1,-22.6,61,25.0,32.8,0.0,992.8
2024-06-13T20:00,Bharati Station,-15.1,-22.6,61,24.9,32.4,0.0,993.1
2024-06-13T21:00,Bharati Station,-15.1,-22.6,61,24.9,32.4,0.0,993.4
2024-06-13T22:00,Bharati Station,-14.9,-22.5,52,25.4,34.2,0.0,993.7
2024-06-13T23:00,Bharati Station,-14.9,-22.5,48,25.2,34.2,0.0,994.0
2024-06-14T00:00,Bharati Station,-14.8,-22.4,47,25.5,34.6,0.0,994.4
2024-06-14T01:00,Bharati Station,-15.4,-23.3,52,27.3,40.0,0.0,994.5
2024-06-14T02:00,Bharati Station,-15.7,-23.3,57,25.1,36.4,0.0,994.7
2024-06-14T03:00,Bharati Station,-16.1,-23.6,61,24.6,33.1,0.0,994.8
2024-06-14T04:00,Bharati Station,-16.1,-23.2,61,22.0,32.0,0.0,995.1
2024-06-14T05:00,Bharati Station,-15.9,-22.9,60,21.2,28.4,0.0,995.3
2024-06-14T06:00,Bharati Station,-15.6,-22.4,60,20.2,27.4,0.0,995.6
2024-06-14T07:00,Bharati Station,-15.6,-22.5,59,20.6,26.6,0.0,995.9
2024-06-14T08:00,Bharati Station,-15.6,-22.6,58,21.3,27.4,0.0,995.8
2024-06-14T09:00,Bharati Station,-15.7,-22.7,58,21.3,27.7,0.0,996.2
2024-06-14T10:00,Bharati Station,-15.8,-22.8,57,21.6,28.1,0.0,996.3
2024-06-14T11:00,Bharati Station,-15.8,-22.8,58,21.2,28.1,0.0,996.5
2024-06-14T12:00,Bharati Station,-15.9,-22.9,58,21.2,27.7,0.0,996.7
2024-06-14T13:00,Bharati Station,-17.0,-24.3,60,23.5,32.8,0.0,997.4
2024-06-14T14:00,Bharati Station,-16.7,-23.9,61,22.3,30.6,0.0,997.3
2024-06-14T15:00,Bharati Station,-16.5,-23.5,61,21.3,29.2,0.0,997.6
2024-06-14T16:00,Bharati Station,-16.4,-23.4,60,21.3,28.1,0.0,997.5
2024-06-14T17:00,Bharati Station,-16.4,-23.3,59,21.0,28.1,0.0,997.5
2024-06-14T18:00,Bharati Station,-16.4,-23.5,59,21.6,28.4,0.0,997.6
2024-06-14T19:00,Bharati Station,-16.4,-23.4,60,21.6,28.8,0.0,997.7
2024-06-14T20:00,Bharati Station,-16.3,-23.3,60,20.9,28.4,0.0,997.9
2024-06-14T21:00,Bharati Station,-16.2,-23.0,60,19.9,27.4,0.0,998.0
2024-06-14T22:00,Bharati Station,-16.3,-22.9,60,18.4,25.9,0.0,998.0
2024-06-14T23:00,Bharati Station,-16.2,-22.7,59,17.4,24.1,0.0,998.0
2024-06-15T00:00,Bharati Station,-16.1,-22.6,53,17.7,23.8,0.0,997.9
2024-06-15T01:00,Bharati Station,-16.9,-23.9,58,21.0,29.2,0.0,998.3
2024-06-15T02:00,Bharati Station,-16.8,-23.7,58,20.1,27.7,0.0,998.5
2024-06-15T03:00,Bharati Station,-16.8,-23.1,58,16.2,26.3,0.0,998.6
2024-06-15T04:00,Bharati Station,-16.9,-22.6,65,12.6,21.6,0.0,998.4
2024-06-15T05:00,Bharati Station,-17.1,-22.8,70,12.5,16.2,0.0,998.5
2024-06-15T06:00,Bharati Station,-17.3,-23.0,78,13.3,16.9,0.0,998.3
2024-06-15T07:00,Bharati Station,-17.5,-23.2,79,13.0,16.9,0.0,998.1
2024-06-15T08:00,Bharati Station,-17.6,-23.3,78,12.7,16.6,0.0,998.0
2024-06-15T09:00,Bharati Station,-17.4,-23.2,77,13.0,16.6,0.0,998.1
2024-06-15T10:00,Bharati Station,-17.3,-23.0,78,12.8,16.9,0.0,998.3
2024-06-15T11:00,Bharati Station,-17.1,-22.8,76,13.0,16.6,0.0,998.5
2024-06-15T12:00,Bharati Station,-17.0,-22.7,76,12.7,16.6,0.0,998.8
2024-06-15T13:00,Bharati Station,-16.8,-22.2,82,11.2,15.5,0.0,999.6
2024-06-15T14:00,Bharati Station,-16.3,-21.6,71,10.0,14.0,0.0,1000.1
2024-06-15T15:00,Bharati Station,-16.2,-21.4,64,9.6,12.2,0.0,1000.3
2024-06-15T16:00,Bharati Station,-16.2,-21.4,65,9.1,11.9,0.0,1000.2
2024-06-15T17:00,Bharati Station,-16.5,-21.5,67,7.8,11.2,0.0,1000.3
2024-06-15T18:00,Bharati Station,-16.7,-21.8,66,8.0,9.7,0.0,1000.5
2024-06-15T19:00,Bharati Station,-17.2,-22.6,70,10.4,12.2,0.0,1000.8
2024-06-15T20:00,Bharati Station,-17.4,-23.1,78,12.7,15.5,0.0,1001.1
2024-06-15T21:00,Bharati Station,-17.8,-23.6,80,13.5,16.9,0.0,1001.4
2024-06-15T22:00,Bharati Station,-18.2,-24.2,78,14.3,18.0,0.0,1001.8
2024-06-15T23:00,Bharati Station,-18.4,-24.6,79,15.5,19.8,0.0,1002.0
2024-06-16T00:00,Bharati Station,-18.8,-25.2,81,17.3,22.3,0.0,1002.3
2024-06-16T01:00,Bharati Station,-17.6,-23.5,75,13.8,19.1,0.0,1001.7
2024-06-16T02:00,Bharati Station,-17.3,-22.9,79,12.3,17.6,0.0,1002.0
2024-06-16T03:00,Bharati Station,-17.0,-22.4,80,11.1,15.8,0.0,1002.2
2024-06-16T04:00,Bharati Station,-16.8,-22.2,78,10.8,14.0,0.0,1002.3
2024-06-16T05:00,Bharati Station,-17.1,-22.6,77,11.1,13.3,0.0,1002.2
2024-06-16T06:00,Bharati Station,-17.3,-22.8,78,11.3,14.0,0.0,1002.2
2024-06-16T07:00,Bharati Station,-17.7,-23.3,77,12.0,14.8,0.0,1002.3
2024-06-16T08:00,Bharati Station,-17.8,-23.3,76,11.3,14.8,0.0,1002.4
2024-06-16T09:00,Bharati Station,-17.7,-23.1,75,10.2,14.0,0.0,1002.7
2024-06-16T10:00,Bharati Station,-17.7,-23.1,75,10.8,13.3,0.0,1002.7
2024-06-16T11:00,Bharati Station,-18.1,-23.7,77,12.1,15.1,0.0,1002.5
2024-06-16T12:00,Bharati Station,-18.4,-24.2,76,13.0,16.2,0.0,1002.2
2024-06-16T13:00,Bharati Station,-18.1,-23.9,76,13.6,17.6,0.0,1001.7
2024-06-16T14:00,Bharati Station,-18.3,-23.9,78,11.8,16.6,0.0,1001.6
2024-06-16T15:00,Bharati Station,-18.5,-24.2,79,12.6,15.8,0.0,1001.1
2024-06-16T16:00,Bharati Station,-18.6,-24.2,80,11.8,15.8,0.0,1000.9
2024-06-16T17:00,Bharati Station,-18.6,-24.3,81,12.6,15.8,0.0,1000.4
2024-06-16T18:00,Bharati Station,-18.4,-24.1,80,12.2,15.8,0.0,999.9
2024-06-16T19:00,Bharati Station,-18.4,-24.0,80,11.9,15.5,0.0,999.5
2024-06-16T20:00,Bharati Station,-18.1,-23.6,80,11.4,14.8,0.0,998.9
2024-06-16T21:00,Bharati Station,-18.0,-23.4,78,10.8,14.8,0.0,998.9
2024-06-16T22:00,Bharati Station,-17.8,-23.1,77,10.1,13.3,0.0,998.7
2024-06-16T23:00,Bharati Station,-17.4,-22.6,74,9.2,12.6,0.0,998.3
2024-06-17T00:00,Bharati Station,-15.7,-20.7,69,7.8,11.2,0.0,997.9
2024-06-17T01:00,Bharati Station,-14.3,-18.7,58,4.2,7.9,0.0,997.3
2024-06-17T02:00,Bharati Station,-14.9,-19.8,46,6.6,7.9,0.0,996.6
2024-06-17T03:00,Bharati Station,-15.6,-20.8,44,8.3,10.1,0.0,996.3
2024-06-17T04:00,Bharati Station,-15.9,-21.2,49,9.1,11.2,0.0,995.9
2024-06-17T05:00,Bharati Station,-16.8,-22.4,57,11.1,13.3,0.0,995.4
2024-06-17T06:00,Bharati Station,-17.0,-23.0,61,14.4,16.6,0.0,995.2
2024-06-17T07:00,Bharati Station,-16.5,-23.1,62,18.5,22.3,0.0,995.0
2024-06-17T08:00,Bharati Station,-16.2,-22.9,61,19.1,24.5,0.0,994.5
2024-06-17T09:00,Bharati Station,-15.9,-22.6,57,18.8,23.8,0.0,994.1
2024-06-17T10:00,Bharati Station,-15.9,-22.3,58,16.9,23.4,0.0,993.6
2024-06-17T11:00,Bharati Station,-16.3,-22.2,61,14.0,20.9,0.0,993.2
2024-06-17T12:00,Bharati Station,-16.3,-22.2,53,13.2,17.3,0.0,992.8
2024-06-17T13:00,Bharati Station,-16.3,-22.2,63,13.4,16.2,0.0,992.8
2024-06-17T14:00,Bharati Station,-16.3,-22.3,62,14.5,18.0,0.0,992.6
2024-06-17T15:00,Bharati Station,-15.8,-21.9,64,15.2,18.7,0.0,992.6
2024-06-17T16:00,Bharati Station,-15.3,-21.7,58,17.3,21.6,0.0,992.1
2024-06-17T17:00,Bharati Station,-15.1,-21.6,61,18.2,21.6,0.0,991.8
2024-06-17T18:00,Bharati Station,-14.9,-21.5,60,18.9,24.1,0.0,991.4
2024-06-17T19:00,Bharati Station,-15.3,-21.7,70,17.9,24.1,0.0,991.1
2024-06-17T20:00,Bharati Station,-15.1,-21.5,69,17.4,22.7,0.0,990.6
2024-06-17T21:00,Bharati Station,-14.9,-21.2,70,16.7,22.0,0.0,990.3
2024-06-17T22:00,Bharati Station,-15.1,-21.2,71,15.7,21.2,0.0,990.5
2024-06-17T23:00,Bharati Station,-15.0,-21.1,68,15.8,19.8,0.0,990.3
2024-06-18T00:00,Bharati Station,-14.7,-20.9,65,16.2,20.2,0.0,990.3
2024-06-18T01:00,Bharati Station,-13.9,-20.8,71,21.4,31.0,0.0,990.7
2024-06-18T02:00,Bharati Station,-13.6,-20.5,64,21.0,28.8,0.0,990.8
2024-06-18T03:00,Bharati Station,-13.5,-20.3,59,20.5,27.7,0.0,990.9
2024-06-18T04:00,Bharati Station,-13.6,-20.0,63,17.8,26.6,0.0,991.1
2024-06-18T05:00,Bharati Station,-13.7,-20.0,58,17.0,23.0,0.0,991.4
2024-06-18T06:00,Bharati Station,-13.9,-20.2,57,17.0,22.0,0.0,991.5
2024-06-18T07:00,Bharati Station,-14.3,-20.5,72,16.9,22.0,0.0,991.5
2024-06-18T08:00,Bharati Station,-14.3,-20.4,68,16.3,21.6,0.0,991.8
2024-06-18T09:00,Bharati Station,-14.3,-20.5,62,16.2,20.9,0.0,991.8
2024-06-18T10:00,Bharati Station,-14.7,-20.9,63,15.8,20.9,0.0,992.0
2024-06-18T11:00,Bharati Station,-15.3,-21.5,66,16.3,20.9,0.0,992.1
2024-06-18T12:00,Bharati Station,-15.9,-22.2,70,16.9,22.0,0.0,992.2
2024-06-18T13:00,Bharati Station,-15.3,-21.2,66,14.3,19.1,0.0,992.1
2024-06-18T14:00,Bharati Station,-15.5,-21.4,70,14.5,18.0,0.0,992.4
2024-06-18T15:00,Bharati Station,-15.7,-21.7,70,15.2,19.1,0.0,992.7
2024-06-18T16:00,Bharati Station,-15.8,-21.8,72,14.7,19.1,0.0,992.6
2024-06-18T17:00,Bharati Station,-15.6,-21.4,74,13.3,18.4,0.0,992.7
2024-06-18T18:00,Bharati Station,-15.2,-20.9,72,13.1,16.6,0.0,992.9
2024-06-18T19:00,Bharati Station,-15.0,-20.8,61,13.4,16.6,0.0,993.1
2024-06-18T20:00,Bharati Station,-14.8,-20.8,56,14.7,18.0,0.0,993.2
2024-06-18T21:00,Bharati Station,-14.7,-20.7,58,14.6,18.4,0.0,993.2
2024-06-18T22:00,Bharati Station,-14.9,-20.6,59,12.9,18.0,0.0,993.3
2024-06-18T23:00,Bharati Station,-15.3,-20.7,61,10.9,16.2,0.0,993.3
2024-06-19T00:00,Bharati Station,-15.7,-21.0,62,9.4,13.3,0.0,993.0
2024-06-19T01:00,Bharati Station,-16.0,-22.1,62,15.3,19.1,0.0,992.5
2024-06-19T02:00,Bharati Station,-16.1,-22.1,59,14.5,19.1,0.0,992.8
2024-06-19T03:00,Bharati Station,-16.0,-21.9,59,13.5,18.4,0.0,993.0
2024-06-19T04:00,Bharati Station,-16.1,-21.9,59,12.9,16.9,0.0,992.8
2024-06-19T05:00,Bharati Station,-16.1,-21.6,60,11.1,15.8,0.0,992.6
2024-06-19T06:00,Bharati Station,-15.3,-20.1,56,6.1,13.3,0.0,992.6
2024-06-19T07:00,Bharati Station,-16.5,-21.4,77,7.2,8.3,0.0,992.6
2024-06-19T08:00,Bharati Station,-16.9,-22.2,86,10.5,13.0,0.0,992.7
2024-06-19T09:00,Bharati Station,-17.2,-22.7,85,11.3,14.0,0.0,992.8
2024-06-19T10:00,Bharati Station,-17.8,-23.3,85,11.6,14.8,0.0,993.1
2024-06-19T11:00,Bharati Station,-18.2,-23.6,85,10.8,14.8,0.0,993.4
2024-06-19T12:00,Bharati Station,-18.8,-24.1,84,10.1,14.0,0.0,993.6
2024-06-19T13:00,Bharati Station,-19.0,-24.3,84,10.1,14.8,0.0,994.0
2024-06-19T14:00,Bharati Station,-19.3,-24.7,83,10.2,14.0,0.0,994.3
2024-06-19T15:00,Bharati Station,-19.8,-24.9,83,8.6,13.7,0.0,994.3
2024-06-19T16:00,Bharati Station,-20.4,-25.3,83,6.9,11.2,0.0,994.5
2024-06-19T17:00,Bharati Station,-20.7,-25.8,82,8.4,10.1,0.0,994.6
2024-06-19T18:00,Bharati Station,-21.2,-26.4,82,8.2,13.0,0.0,994.8
2024-06-19T19:00,Bharati Station,-21.6,-26.4,82,5.4,10.1,0.0,994.4
2024-06-19T20:00,Bharati Station,-21.8,-27.0,82,8.0,10.8,0.0,994.7
2024-06-19T21:00,Bharati Station,-21.9,-27.1,82,8.4,10.8,0.0,995.1
2024-06-19T22:00,Bharati Station,-21.8,-27.0,82,8.2,10.8,0.0,995.0
2024-06-19T23:00,Bharati Station,-21.7,-26.9,82,8.6,10.4,0.0,994.7
2024-06-20T00:00,Bharati Station,-21.4,-26.9,82,10.6,13.0,0.0,994.7
2024-06-20T01:00,Bharati Station,-20.7,-25.9,82,9.0,12.6,0.0,994.2
2024-06-20T02:00,Bharati Station,-20.2,-25.5,83,9.4,11.5,0.0,993.7
2024-06-20T03:00,Bharati Station,-19.7,-25.1,82,10.7,13.0,0.0,993.4
2024-06-20T04:00,Bharati Station,-19.0,-24.8,74,13.5,17.3,0.0,993.0
2024-06-20T05:00,Bharati Station,-18.4,-24.4,73,14.0,19.4,0.0,992.6
2024-06-20T06:00,Bharati Station,-17.1,-23.8,64,19.3,23.8,0.0,991.9
2024-06-20T07:00,Bharati Station,-16.1,-23.3,61,22.6,28.4,0.0,990.7
2024-06-20T08:00,Bharati Station,-15.8,-23.0,61,22.9,29.2,0.0,989.7
2024-06-20T09:00,Bharati Station,-15.3,-22.4,58,21.9,29.9,0.0,988.6
2024-06-20T10:00,Bharati Station,-14.9,-21.8,59,20.7,27.7,0.0,987.7
2024-06-20T11:00,Bharati Station,-14.5,-21.1,61,19.1,27.0,0.0,986.4
2024-06-20T12:00,Bharati Station,-14.6,-20.2,67,11.9,24.8,0.0,985.2
2024-06-20T13:00,Bharati Station,-14.1,-18.3,61,2.6,10.1,0.0,984.4
2024-06-20T14:00,Bharati Station,-15.4,-20.8,73,10.6,12.2,0.0,982.8
2024-06-20T15:00,Bharati Station,-15.0,-20.7,74,13.2,16.2,0.0,981.6
2024-06-20T16:00,Bharati Station,-14.7,-20.3,75,12.4,18.0,0.0,980.4
2024-06-20T17:00,Bharati Station,-13.9,-18.5,73,6.0,15.1,0.0,979.2
2024-06-20T18:00,Bharati Station,-14.0,-19.0,71,8.8,10.4,0.0,977.5
2024-06-20T19:00,Bharati Station,-13.6,-18.9,69,11.2,13.3,0.0,976.3
2024-06-20T20:00,Bharati Station,-13.3,-18.6,68,11.2,14.0,0.0,975.5
2024-06-20T21:00,Bharati Station,-13.1,-18.3,68,10.0,13.7,0.0,974.9
2024-06-20T22:00,Bharati Station,-12.9,-18.4,67,12.1,14.0,0.0,974.3
2024-06-20T23:00,Bharati Station,-12.5,-18.3,67,14.4,17.3,0.0,973.4
2024-06-21T00:00,Bharati Station,-12.0,-18.1,68,16.6,19.8,0.0,972.5
2024-06-21T01:00,Bharati Station,-12.7,-17.9,70,10.6,19.1,0.0,971.9
2024-06-21T02:00,Bharati Station,-11.8,-16.7,63,8.0,12.6,0.0,971.6
2024-06-21T03:00,Bharati Station,-12.8,-18.0,68,9.9,11.9,0.0,971.0
2024-06-21T04:00,Bharati Station,-12.5,-18.1,66,12.9,14.4,0.0,971.0
2024-06-21T05:00,Bharati Station,-11.3,-18.1,61,21.2,27.0,0.0,971.2
2024-06-21T06:00,Bharati Station,-12.2,-18.0,65,14.3,26.6,0.0,971.3
2024-06-21T07:00,Bharati Station,-11.7,-16.5,63,7.1,17.6,0.0,971.3
2024-06-21T08:00,Bharati Station,-12.1,-16.9,63,7.7,8.6,0.0,971.1
2024-06-21T09:00,Bharati Station,-12.7,-17.7,63,8.7,11.5,0.0,971.1
2024-06-21T10:00,Bharati Station,-12.6,-17.6,61,8.5,10.4,0.0,971.3
2024-06-21T11:00,Bharati Station,-13.0,-18.3,56,10.0,11.9,0.0,971.5
2024-06-21T12:00,Bharati Station,-13.5,-19.6,60,15.5,18.0,0.0,972.0
2024-06-21T13:00,Bharati Station,-15.4,-22.0,86,19.9,39.2,0.0,974.4
2024-06-21T14:00,Bharati Station,-16.4,-22.3,88,14.5,25.9,0.0,976.0
2024-06-21T15:00,Bharati Station,-14.9,-20.4,85,12.2,19.8,0.0,976.5
2024-06-21T16:00,Bharati Station,-15.5,-20.3,81,7.4,15.1,0.0,977.3
2024-06-21T17:00,Bharati Station,-16.5,-21.4,88,7.7,10.1,0.0,977.9
2024-06-21T18:00,Bharati Station,-16.1,-20.3,94,3.8,9.7,0.0,978.4
2024-06-21T19:00,Bharati Station,-16.1,-20.2,90,3.1,4.7,0.0,979.1
2024-06-21T20:00,Bharati Station,-15.5,-19.6,88,3.2,4.0,0.0,979.6
2024-06-21T21:00,Bharati Station,-17.3,-22.5,86,9.7,10.4,0.0,980.3
2024-06-21T22:00,Bharati Station,-18.3,-23.2,86,7.8,13.0,0.0,981.2
2024-06-21T23:00,Bharati Station,-18.5,-24.1,86,11.9,14.4,0.0,982.0
2024-06-22T00:00,Bharati Station,-20.0,-25.5,83,10.5,18.4,0.0,982.6
2024-06-22T01:00,Bharati Station,-18.1,-23.1,84,8.0,15.5,0.0,982.1
2024-06-22T02:00,Bharati Station,-18.1,-22.9,84,7.0,10.1,0.0,982.2
2024-06-22T03:00,Bharati Station,-18.0,-23.3,84,9.7,12.6,0.0,982.7
2024-06-22T04:00,Bharati Station,-18.2,-23.6,84,10.9,13.7,0.0,983.1
2024-06-22T05:00,Bharati Station,-18.3,-23.9,84,12.4,15.8,0.0,983.9
2024-06-22T06:00,Bharati Station,-18.0,-23.9,76,14.3,17.3,0.0,984.4
2024-06-22T07:00,Bharati Station,-17.4,-23.9,65,18.1,23.8,0.0,984.8
2024-06-22T08:00,Bharati Station,-17.5,-23.7,67,16.1,23.8,0.0,985.2
2024-06-22T09:00,Bharati Station,-17.8,-23.7,71,13.9,21.2,0.0,985.7
2024-06-22T10:00,Bharati Station,-17.7,-23.8,67,14.9,19.4,0.0,986.3
2024-06-22T11:00,Bharati Station,-17.8,-24.1,66,16.3,20.9,0.0,986.6
2024-06-22T12:00,Bharati Station,-17.6,-24.3,62,19.0,24.5,0.0,986.8
2024-06-22T13:00,Bharati Station,-17.5,-25.7,60,29.2,41.0,0.0,986.0
2024-06-22T14:00,Bharati Station,-17.7,-25.9,55,29.0,38.9,0.0,986.2
2024-06-22T15:00,Bharati Station,-17.9,-26.0,48,27.9,38.5,0.0,986.5
2024-06-22T16:00,Bharati Station,-18.3,-26.3,47,27.3,36.7,0.0,986.1
2024-06-22T17:00,Bharati Station,-18.6,-26.2,60,24.8,36.0,0.0,986.0
2024-06-22T18:00,Bharati Station,-18.7,-26.1,61,23.6,32.0,0.0,986.1
2024-06-22T19:00,Bharati Station,-18.7,-26.1,61,23.1,29.9,0.0,985.9
2024-06-22T20:00,Bharati Station,-18.6,-25.8,61,22.7,29.5,0.0,985.6
2024-06-22T21:00,Bharati Station,-18.4,-25.5,60,21.6,28.8,0.0,984.8
2024-06-22T22:00,Bharati Station,-18.5,-25.6,59,21.5,27.7,0.0,984.0
2024-06-22T23:00,Bharati Station,-17.9,-24.9,58,20.8,27.7,0.0,982.8
2024-06-23T00:00,Bharati Station,-17.5,-24.1,59,18.4,26.6,0.0,982.1
2024-06-23T01:00,Bharati Station,-18.1,-25.0,59,19.8,27.0,0.0,980.7
2024-06-23T02:00,Bharati Station,-17.8,-24.5,60,18.8,25.2,0.0,978.7
2024-06-23T03:00,Bharati Station,-17.8,-24.5,62,19.3,23.4,0.0,977.9
2024-06-23T04:00,Bharati Station,-17.3,-23.8,65,18.0,24.8,0.0,976.5
2024-06-23T05:00,Bharati Station,-16.8,-23.0,65,15.6,22.7,0.0,975.3
2024-06-23T06:00,Bharati Station,-15.0,-19.7,53,5.0,19.1,0.0,973.7
2024-06-23T07:00,Bharati Station,-16.4,-22.0,61,11.2,11.9,0.0,971.7
2024-06-23T08:00,Bharati Station,-16.0,-21.4,64,10.9,14.4,0.0,969.8
2024-06-23T09:00,Bharati Station,-14.7,-20.6,59,14.1,14.8,0.0,967.8
2024-06-23T10:00,Bharati Station,-12.7,-19.9,62,23.5,27.4,0.0,966.1
2024-06-23T11:00,Bharati Station,-11.5,-19.9,62,32.1,42.1,0.0,964.6
2024-06-23T12:00,Bharati Station,-10.9,-19.4,60,33.0,42.8,0.0,963.8
2024-06-23T13:00,Bharati Station,-12.6,-18.7,66,16.2,15.1,0.0,959.9
2024-06-23T14:00,Bharati Station,-11.3,-19.4,64,30.2,40.0,0.0,959.3
2024-06-23T15:00,Bharati Station,-11.4,-18.6,65,24.3,38.5,0.0,959.3
2024-06-23T16:00,Bharati Station,-11.2,-18.8,65,27.0,33.8,0.0,959.2
2024-06-23T17:00,Bharati Station,-11.0,-19.0,65,30.0,39.2,0.0,959.3
2024-06-23T18:00,Bharati Station,-10.7,-18.4,64,28.2,39.2,0.0,959.7
2024-06-23T19:00,Bharati Station,-10.5,-18.2,63,27.4,36.7,0.0,960.5
2024-06-23T20:00,Bharati Station,-10.4,-18.4,62,29.7,38.9,0.0,961.1
2024-06-23T21:00,Bharati Station,-10.3,-18.2,61,29.2,38.9,0.0,962.0
2024-06-23T22:00,Bharati Station,-10.4,-18.4,61,29.5,38.9,0.0,963.1
2024-06-23T23:00,Bharati Station,-10.9,-18.5,62,26.6,38.5,0.0,964.1
2024-06-24T00:00,Bharati Station,-11.5,-18.7,62,23.5,34.2,0.0,965.2
2024-06-24T01:00,Bharati Station,-10.8,-18.7,58,28.8,44.6,0.0,964.5
2024-06-24T02:00,Bharati Station,-11.1,-18.3,61,24.1,38.2,0.0,965.5
2024-06-24T03:00,Bharati Station,-11.4,-18.5,63,23.2,31.7,0.0,966.7
2024-06-24T04:00,Bharati Station,-11.3,-18.9,66,26.9,34.9,0.0,968.2
2024-06-24T05:00,Bharati Station,-11.2,-18.6,67,25.6,35.3,0.0,969.7
2024-06-24T06:00,Bharati Station,-11.2,-18.3,75,24.2,33.5,0.0,971.1
2024-06-24T07:00,Bharati Station,-11.2,-18.7,70,26.9,37.4,0.0,972.5
2024-06-24T08:00,Bharati Station,-11.3,-18.8,58,26.3,37.4,0.0,973.6
2024-06-24T09:00,Bharati Station,-11.3,-18.8,53,25.9,34.6,0.0,974.8
2024-06-24T10:00,Bharati Station,-12.1,-19.9,62,27.4,34.6,0.0,975.6
2024-06-24T11:00,Bharati Station,-12.9,-20.9,63,29.6,38.2,0.0,976.5
2024-06-24T12:00,Bharati Station,-13.3,-21.4,61,29.6,38.5,0.0,977.5
2024-06-24T13:00,Bharati Station,-13.6,-21.1,56,25.2,32.8,0.0,976.6
2024-06-24T14:00,Bharati Station,-13.9,-21.7,58,27.2,36.0,0.0,977.4
2024-06-24T15:00,Bharati Station,-14.0,-22.1,48,28.7,38.2,0.0,978.2
2024-06-24T16:00,Bharati Station,-14.0,-21.9,49,27.2,38.9,0.0,978.8
2024-06-24T17:00,Bharati Station,-14.1,-21.7,50,25.2,36.7,0.0,979.6
2024-06-24T18:00,Bharati Station,-14.3,-21.8,60,25.6,34.9,0.0,980.4
2024-06-24T19:00,Bharati Station,-14.2,-22.4,54,29.7,37.8,0.0,981.0
2024-06-24T20:00,Bharati Station,-14.3,-22.7,53,30.7,41.4,0.0,981.6
2024-06-24T21:00,Bharati Station,-14.4,-22.7,56,30.8,43.6,0.0,982.5
2024-06-24T22:00,Bharati Station,-14.4,-23.3,51,34.0,44.3,0.0,983.1
2024-06-24T23:00,Bharati Station,-14.6,-23.2,56,32.4,46.1,0.0,983.6
2024-06-25T00:00,Bharati Station,-14.8,-23.4,55,32.4,42.8,0.0,984.1
2024-06-25T01:00,Bharati Station,-16.1,-24.8,54,32.6,48.6,0.0,983.6
2024-06-25T02:00,Bharati Station,-16.2,-24.4,58,29.2,43.2,0.0,983.8
2024-06-25T03:00,Bharati Station,-16.0,-23.4,58,24.5,38.5,0.0,984.3
2024-06-25T04:00,Bharati Station,-15.6,-22.9,49,22.7,32.4,0.0,985.1
2024-06-25T05:00,Bharati Station,-15.7,-22.4,56,18.7,30.2,0.0,985.5
2024-06-25T06:00,Bharati Station,-15.9,-22.4,57,17.9,24.5,0.0,985.6
2024-06-25T07:00,Bharati Station,-16.0,-22.5,57,17.6,23.4,0.0,985.7
2024-06-25T08:00,Bharati Station,-16.2,-22.8,57,18.3,23.8,0.0,985.5
2024-06-25T09:00,Bharati Station,-16.6,-23.3,59,18.8,25.2,0.0,985.5
2024-06-25T10:00,Bharati Station,-17.1,-23.7,61,18.0,24.5,0.0,985.5
2024-06-25T11:00,Bharati Station,-17.5,-24.0,60,17.6,23.8,0.0,985.3
2024-06-25T12:00,Bharati Station,-17.8,-24.2,64,16.9,23.4,0.0,985.2
2024-06-25T13:00,Bharati Station,-18.3,-24.5,59,15.4,23.8,0.0,985.0
2024-06-25T14:00,Bharati Station,-19.1,-25.0,60,13.2,20.2,0.0,984.6
2024-06-25T15:00,Bharati Station,-19.5,-25.2,77,12.7,16.9,0.0,984.4
2024-06-25T16:00,Bharati Station,-19.8,-25.5,87,12.5,16.2,0.0,984.0
2024-06-25T17:00,Bharati Station,-20.3,-26.1,85,13.0,16.9,0.0,983.5
2024-06-25T18:00,Bharati Station,-21.0,-26.8,87,13.3,18.0,0.0,982.7
2024-06-25T19:00,Bharati Station,-21.0,-26.9,85,13.3,17.6,0.0,982.5
2024-06-25T20:00,Bharati Station,-21.0,-26.9,84,13.5,17.3,0.0,982.1
2024-06-25T21:00,Bharati Station,-21.0,-26.8,80,12.9,16.9,0.0,981.8
2024-06-25T22:00,Bharati Station,-21.1,-26.8,62,12.1,15.8,0.0,981.5
2024-06-25T23:00,Bharati Station,-21.3,-27.1,61,12.1,15.5,0.0,981.2
2024-06-26T00:00,Bharati Station,-21.6,-27.3,69,11.6,15.1,0.0,981.0
2024-06-26T01:00,Bharati Station,-22.3,-28.0,88,11.8,15.8,0.0,981.2
2024-06-26T02:00,Bharati Station,-22.5,-28.2,84,11.9,15.5,0.0,980.8
2024-06-26T03:00,Bharati Station,-22.8,-28.3,80,10.5,14.8,0.0,980.6
2024-06-26T04:00,Bharati Station,-22.9,-28.5,86,11.1,13.7,0.0,980.6
2024-06-26T05:00,Bharati Station,-22.9,-28.5,83,11.1,14.0,0.0,980.8
2024-06-26T06:00,Bharati Station,-22.8,-28.7,72,13.0,15.5,0.0,980.8
2024-06-26T07:00,Bharati Station,-22.5,-28.7,65,15.0,18.4,0.0,981.0
2024-06-26T08:00,Bharati Station,-22.3,-29.1,60,18.5,22.3,0.0,981.4
2024-06-26T09:00,Bharati Station,-22.2,-29.3,66,21.2,27.4,0.0,982.1
2024-06-26T10:00,Bharati Station,-22.1,-29.0,67,19.8,27.4,0.0,982.4
2024-06-26T11:00,Bharati Station,-21.9,-29.1,64,22.1,28.8,0.0,982.5
2024-06-26T12:00,Bharati Station,-21.7,-29.0,64,22.5,29.2,0.0,983.1
2024-06-26T13:00,Bharati Station,-22.0,-29.4,63,23.0,30.2,0.0,983.3
2024-06-26T14:00,Bharati Station,-21.7,-28.9,69,22.2,30.2,0.0,983.8
2024-06-26T15:00,Bharati Station,-21.5,-28.4,74,20.2,29.2,0.0,984.1
2024-06-26T16:00,Bharati Station,-21.5,-28.6,76,21.5,28.4,0.0,984.5
2024-06-26T17:00,Bharati Station,-21.5,-28.8,81,22.5,30.2,0.0,984.6
2024-06-26T18:00,Bharati Station,-21.3,-29.0,71,25.0,33.1,0.0,984.7
2024-06-26T19:00,Bharati Station,-21.0,-28.7,69,25.7,34.6,0.0,985.0
2024-06-26T20:00,Bharati Station,-20.8,-28.5,66,25.4,34.6,0.0,985.1
2024-06-26T21:00,Bharati Station,-20.7,-28.4,64,25.6,34.6,0.0,985.5
2024-06-26T22:00,Bharati Station,-20.6,-28.4,63,26.2,34.9,0.0,986.0
2024-06-26T23:00,Bharati Station,-20.6,-28.3,62,25.1,34.6,0.0,986.1
2024-06-27T00:00,Bharati Station,-20.7,-28.0,61,22.9,32.8,0.0,986.1
2024-06-27T01:00,Bharati Station,-22.1,-29.6,65,23.5,37.4,0.0,986.4
2024-06-27T02:00,Bharati Station,-22.0,-28.9,68,19.6,31.0,0.0,986.6
2024-06-27T03:00,Bharati Station,-22.2,-28.2,73,13.7,25.9,0.0,986.9
2024-06-27T04:00,Bharati Station,-22.8,-28.7,77,12.7,18.4,0.0,987.3
2024-06-27T05:00,Bharati Station,-23.5,-29.7,85,15.3,20.5,0.0,987.0
2024-06-27T06:00,Bharati Station,-23.8,-30.1,75,15.9,21.6,0.0,987.0
2024-06-27T07:00,Bharati Station,-24.0,-30.2,86,15.4,21.2,0.0,986.8
2024-06-27T08:00,Bharati Station,-23.9,-30.1,80,15.1,20.5,0.0,986.9
2024-06-27T09:00,Bharati Station,-24.1,-30.1,87,13.8,19.8,0.0,986.8
2024-06-27T10:00,Bharati Station,-24.1,-29.9,89,12.3,18.0,0.0,986.9
2024-06-27T11:00,Bharati Station,-24.0,-29.7,84,11.2,16.6,0.0,986.8
2024-06-27T12:00,Bharati Station,-23.6,-29.1,81,10.1,14.8,0.0,986.9
2024-06-27T13:00,Bharati Station,-24.4,-30.2,84,12.1,16.9,0.0,987.3
2024-06-27T14:00,Bharati Station,-24.6,-30.4,83,12.5,15.8,0.0,987.5
2024-06-27T15:00,Bharati Station,-24.9,-30.7,78,11.9,16.2,0.0,987.7
2024-06-27T16:00,Bharati Station,-24.8,-30.2,77,9.4,15.1,0.0,988.2
2024-06-27T17:00,Bharati Station,-24.8,-29.9,79,7.2,11.5,0.0,988.3
2024-06-27T18:00,Bharati Station,-24.2,-29.1,77,6.5,9.0,0.0,988.5
2024-06-27T19:00,Bharati Station,-24.3,-29.2,79,6.5,7.9,0.0,988.8
2024-06-27T20:00,Bharati Station,-24.4,-29.3,80,6.5,8.3,0.0,989.0
2024-06-27T21:00,Bharati Station,-24.1,-29.0,80,6.2,7.9,0.0,989.7
2024-06-27T22:00,Bharati Station,-23.6,-28.4,81,5.6,7.6,0.0,990.2
2024-06-27T23:00,Bharati Station,-23.4,-28.2,83,5.6,7.2,0.0,990.5
2024-06-28T00:00,Bharati Station,-24.2,-29.3,81,7.0,8.3,0.0,990.8
2024-06-28T01:00,Bharati Station,-25.6,-30.7,87,7.6,9.7,0.0,990.8
2024-06-28T02:00,Bharati Station,-25.7,-31.4,88,11.3,13.3,0.0,991.2
2024-06-28T03:00,Bharati Station,-25.8,-32.0,79,14.7,18.0,0.0,991.8
2024-06-28T04:00,Bharati Station,-25.6,-31.8,81,14.8,19.1,0.0,992.3
2024-06-28T05:00,Bharati Station,-25.2,-31.3,83,14.3,18.7,0.0,992.6
2024-06-28T06:00,Bharati Station,-24.9,-31.0,83,14.3,18.0,0.0,992.8
2024-06-28T07:00,Bharati Station,-24.9,-31.0,79,13.8,17.3,0.0,992.7
2024-06-28T08:00,Bharati Station,-25.0,-31.1,84,14.7,17.6,0.0,992.8
2024-06-28T09:00,Bharati Station,-24.8,-31.1,76,15.9,19.4,0.0,992.7
2024-06-28T10:00,Bharati Station,-24.5,-30.9,83,16.1,20.2,0.0,992.7
2024-06-28T11:00,Bharati Station,-24.2,-30.6,82,16.4,20.2,0.0,992.7
2024-06-28T12:00,Bharati Station,-24.1,-30.6,81,17.0,20.9,0.0,992.8
2024-06-28T13:00,Bharati Station,-24.3,-30.8,79,16.9,20.5,0.0,992.7
2024-06-28T14:00,Bharati Station,-24.3,-30.9,81,17.6,22.0,0.0,992.4
2024-06-28T15:00,Bharati Station,-24.0,-30.6,83,17.4,22.3,0.0,992.2
2024-06-28T16:00,Bharati Station,-24.1,-31.0,83,19.9,25.2,0.0,991.8
2024-06-28T17:00,Bharati Station,-24.0,-30.9,82,19.9,25.9,0.0,990.8
2024-06-28T18:00,Bharati Station,-23.3,-30.0,79,18.6,25.6,0.0,989.9
2024-06-28T19:00,Bharati Station,-22.7,-29.2,76,17.3,23.0,0.0,989.4
2024-06-28T20:00,Bharati Station,-22.1,-28.6,75,17.1,21.6,0.0,988.9
2024-06-28T21:00,Bharati Station,-21.3,-28.0,77,18.3,23.0,0.0,988.3
2024-06-28T22:00,Bharati Station,-21.2,-27.8,80,18.2,23.4,0.0,987.6
2024-06-28T23:00,Bharati Station,-20.1,-26.4,79,16.3,23.4,0.0,986.8
2024-06-29T00:00,Bharati Station,-18.6,-24.7,77,15.3,20.9,0.0,985.9
2024-06-29T01:00,Bharati Station,-14.3,-19.5,70,9.9,12.2,0.0,983.7
2024-06-29T02:00,Bharati Station,-15.0,-20.5,74,12.0,14.4,0.0,982.6
2024-06-29T03:00,Bharati Station,-15.0,-20.8,76,14.0,17.3,0.0,981.6
2024-06-29T04:00,Bharati Station,-14.1,-19.9,74,13.7,17.3,0.0,981.1
2024-06-29T05:00,Bharati Station,-10.9,-18.0,63,23.4,26.6,0.0,979.9
2024-06-29T06:00,Bharati Station,-8.5,-16.8,63,32.6,42.1,0.0,978.7
2024-06-29T07:00,Bharati Station,-7.9,-15.4,67,27.9,42.5,0.0,977.7
2024-06-29T08:00,Bharati Station,-7.8,-14.7,69,23.5,36.4,0.0,977.5
2024-06-29T09:00,Bharati Station,-7.5,-14.4,69,23.9,29.9,0.0,977.2
2024-06-29T10:00,Bharati Station,-5.7,-14.1,64,34.3,44.6,0.0,976.7
2024-06-29T11:00,Bharati Station,-5.6,-13.3,66,30.5,45.0,0.0,976.9
2024-06-29T12:00,Bharati Station,-5.3,-12.9,68,29.3,41.4,0.0,977.0
2024-06-29T13:00,Bharati Station,-7.3,-13.1,79,17.6,24.5,0.0,976.5
2024-06-29T14:00,Bharati Station,-7.7,-13.1,80,14.6,22.0,0.0,976.9
2024-06-29T15:00,Bharati Station,-7.8,-13.0,81,12.7,18.0,0.0,977.8
2024-06-29T16:00,Bharati Station,-8.0,-12.8,85,10.3,15.1,0.0,978.9
2024-06-29T17:00,Bharati Station,-8.5,-13.4,87,11.2,13.7,0.0,979.5
2024-06-29T18:00,Bharati Station,-8.4,-13.2,88,10.1,13.3,0.0,980.4
2024-06-29T19:00,Bharati Station,-7.4,-11.8,87,8.6,12.2,0.0,981.6
2024-06-29T20:00,Bharati Station,-3.6,-7.6,72,5.8,10.4,0.0,983.0
2024-06-29T21:00,Bharati Station,-6.9,-12.5,69,15.1,15.5,0.0,984.3
2024-06-29T22:00,Bharati Station,-5.3,-11.9,61,21.9,26.3,0.0,985.3
2024-06-29T23:00,Bharati Station,-4.7,-11.5,61,24.1,29.5,0.0,986.5
2024-06-30T00:00,Bharati Station,-4.5,-11.1,62,22.9,29.9,0.0,987.4
2024-06-30T01:00,Bharati Station,-1.4,-10.7,55,42.1,61.9,0.0,986.4
2024-06-30T02:00,Bharati Station,-1.7,-10.0,51,34.3,55.1,0.0,987.7
2024-06-30T03:00,Bharati Station,-2.5,-10.2,51,29.3,44.3,0.0,989.5
2024-06-30T04:00,Bharati Station,-3.0,-11.0,47,31.2,39.2,0.0,991.4
2024-06-30T05:00,Bharati Station,-3.5,-13.3,42,43.1,53.6,0.0,992.7
2024-06-30T06:00,Bharati Station,-4.1,-14.8,45,49.0,64.1,0.0,993.7
2024-06-30T07:00,Bharati Station,-4.5,-16.2,45,55.5,74.2,0.0,995.4
2024-06-30T08:00,Bharati Station,-5.1,-15.8,47,49.3,73.4,0.0,996.7
2024-06-30T09:00,Bharati Station,-5.2,-15.8,46,47.9,65.5,0.0,997.8
2024-06-30T10:00,Bharati Station,-5.6,-15.6,48,43.9,63.4,0.0,999.1
2024-06-30T11:00,Bharati Station,-6.0,-15.7,48,41.6,58.7,0.0,1000.4
2024-06-30T12:00,Bharati Station,-6.1,-15.2,49,37.7,54.7,0.0,1001.4
2024-06-30T13:00,Bharati Station,-6.6,-17.5,49,49.9,70.2,0.0,1001.8
2024-06-30T14:00,Bharati Station,-6.4,-16.1,48,41.8,66.2,0.0,1002.4
2024-06-30T15:00,Bharati Station,-6.6,-15.4,48,35.4,54.7,0.0,1003.2
2024-06-30T16:00,Bharati Station,-6.7,-14.9,47,31.1,46.1,0.0,1003.4
2024-06-30T17:00,Bharati Station,-7.0,-14.8,47,28.5,40.3,0.0,1003.6
2024-06-30T18:00,Bharati Station,-7.2,-14.5,47,24.8,36.7,0.0,1003.6
2024-06-30T19:00,Bharati Station,-8.1,-14.4,52,18.0,31.7,0.0,1003.9
2024-06-30T20:00,Bharati Station,-9.2,-14.2,52,8.8,22.3,0.0,1004.2
2024-06-30T21:00,Bharati Station,-6.6,-10.6,38,1.1,10.4,0.0,1004.6
2024-06-30T22:00,Bharati Station,-6.8,-11.0,40,3.1,3.6,0.0,1004.2
2024-06-30T23:00,Bharati Station,-9.4,-14.3,47,7.6,8.3,0.0,1003.6
2024-07-01T00:00,Bharati Station,-12.1,-18.1,56,15.1,17.3,0.0,1002.9
2024-07-01T01:00,Bharati Station,-12.2,-17.6,46,10.3,14.0,0.0,1001.5
2024-07-01T02:00,Bharati Station,-12.9,-18.4,47,11.3,13.3,0.0,999.9
2024-07-01T03:00,Bharati Station,-13.8,-19.4,52,12.2,14.4,0.0,998.8
2024-07-01T04:00,Bharati Station,-12.9,-18.2,48,9.7,14.4,0.0,998.0
2024-07-01T05:00,Bharati Station,-9.3,-14.1,36,6.6,11.5,0.0,997.5
2024-07-01T06:00,Bharati Station,-8.3,-12.7,35,3.3,7.6,0.0,997.1
2024-07-01T07:00,Bharati Station,-7.4,-12.1,30,5.8,6.1,0.0,996.2
2024-07-01T08:00,Bharati Station,-12.6,-18.3,45,12.6,14.4,0.0,995.3
2024-07-01T09:00,Bharati Station,-13.5,-19.4,49,13.7,16.6,0.0,994.9
2024-07-01T10:00,Bharati Station,-12.8,-18.5,46,12.0,16.2,0.0,994.7
2024-07-01T11:00,Bharati Station,-12.8,-18.4,44,11.6,14.0,0.0,994.3
2024-07-01T12:00,Bharati Station,-14.0,-19.7,48,12.5,14.8,0.0,993.8
2024-07-01T13:00,Bharati Station,-14.4,-21.0,50,18.4,28.4,0.0,994.1
2024-07-01T14:00,Bharati Station,-15.3,-21.4,54,14.8,22.3,0.0,993.2
2024-07-01T15:00,Bharati Station,-15.2,-20.7,53,10.8,17.6,0.0,992.4
2024-07-01T16:00,Bharati Station,-16.2,-22.0,56,12.7,14.4,0.0,991.5
2024-07-01T17:00,Bharati Station,-15.9,-22.2,53,16.4,18.7,0.0,990.9
2024-07-01T18:00,Bharati Station,-15.7,-21.9,54,15.8,21.2,0.0,990.4
2024-07-01T19:00,Bharati Station,-13.8,-19.2,44,10.0,18.4,0.0,989.9
2024-07-01T20:00,Bharati Station,-12.7,-18.0,39,9.4,11.9,0.0,989.3
2024-07-01T21:00,Bharati Station,-14.9,-20.7,47,12.2,13.7,0.0,988.9
2024-07-01T22:00,Bharati Station,-15.9,-22.0,50,15.2,17.6,0.0,988.7
2024-07-01T23:00,Bharati Station,-16.1,-22.3,51,15.6,18.0,0.0,988.3
2024-07-02T00:00,Bharati Station,-16.2,-22.5,52,16.3,19.1,0.0,988.3
2024-07-02T01:00,Bharati Station,-13.6,-18.7,55,8.7,10.4,0.0,987.6
2024-07-02T02:00,Bharati Station,-16.8,-22.6,66,13.0,15.1,0.0,987.1
2024-07-02T03:00,Bharati Station,-16.5,-23.0,65,17.6,21.2,0.0,987.1
2024-07-02T04:00,Bharati Station,-16.7,-23.5,69,20.0,25.2,0.0,986.9
2024-07-02T05:00,Bharati Station,-16.8,-23.6,72,20.2,25.9,0.0,987.0
2024-07-02T06:00,Bharati Station,-16.8,-23.6,75,19.9,26.6,0.0,986.8
2024-07-02T07:00,Bharati Station,-17.2,-23.6,78,17.6,25.6,0.0,986.6
2024-07-02T08:00,Bharati Station,-17.3,-23.2,81,14.3,23.0,0.0,986.3
2024-07-02T09:00,Bharati Station,-17.6,-23.4,83,13.5,18.4,0.0,986.1
2024-07-02T10:00,Bharati Station,-17.3,-23.0,80,12.7,16.9,0.0,986.0
2024-07-02T11:00,Bharati Station,-17.6,-23.3,81,12.8,16.2,0.0,985.7
2024-07-02T12:00,Bharati Station,-17.7,-23.6,79,13.8,16.9,0.0,985.5
2024-07-02T13:00,Bharati Station,-18.4,-24.3,73,13.8,18.0,0.0,984.9
2024-07-02T14:00,Bharati Station,-18.2,-24.3,71,15.5,19.4,0.0,985.3
2024-07-02T15:00,Bharati Station,-18.0,-24.2,63,15.7,20.2,0.0,985.7
2024-07-02T16:00,Bharati Station,-18.2,-24.3,57,14.9,20.2,0.0,985.4
2024-07-02T17:00,Bharati Station,-18.0,-23.5,59,10.3,19.1,0.0,985.1
2024-07-02T18:00,Bharati Station,-16.5,-21.9,46,9.2,13.3,0.0,984.8
2024-07-02T19:00,Bharati Station,-13.8,-18.8,37,6.9,11.5,0.0,984.8
2024-07-02T20:00,Bharati Station,-13.2,-17.9,36,4.7,9.0,0.0,985.0
2024-07-02T21:00,Bharati Station,-13.2,-17.8,36,4.2,6.1,0.0,985.6
2024-07-02T22:00,Bharati Station,-13.3,-18.0,35,4.4,5.8,0.0,985.6
2024-07-02T23:00,Bharati Station,-15.3,-20.5,40,7.8,9.4,0.0,985.6
2024-07-03T00:00,Bharati Station,-17.9,-23.3,59,10.2,13.0,0.0,985.5
2024-07-03T01:00,Bharati Station,-18.0,-23.5,62,10.3,13.0,0.0,984.2
2024-07-03T02:00,Bharati Station,-19.3,-25.3,55,13.6,16.9,0.0,984.2
2024-07-03T03:00,Bharati Station,-19.2,-25.1,56,12.7,18.7,0.0,984.6
2024-07-03T04:00,Bharati Station,-14.8,-19.8,42,7.3,16.6,0.0,984.9
2024-07-03T05:00,Bharati Station,-13.8,-18.5,40,5.1,9.7,0.0,985.2
2024-07-03T06:00,Bharati Station,-14.0,-18.7,41,5.0,6.8,0.0,985.6
2024-07-03T07:00,Bharati Station,-14.1,-18.8,41,5.4,7.2,0.0,985.7
2024-07-03T08:00,Bharati Station,-14.2,-19.1,39,6.0,7.9,0.0,985.9
2024-07-03T09:00,Bharati Station,-15.8,-20.9,44,7.7,9.7,0.0,986.0
2024-07-03T10:00,Bharati Station,-18.3,-23.6,72,9.7,11.9,0.0,986.4
2024-07-03T11:00,Bharati Station,-19.7,-25.2,77,11.0,14.0,0.0,986.6
2024-07-03T12:00,Bharati Station,-20.2,-25.7,79,10.7,14.0,0.0,987.1
2024-07-03T13:00,Bharati Station,-15.2,-19.9,38,4.8,6.5,0.0,986.7
2024-07-03T14:00,Bharati Station,-15.7,-20.5,43,5.2,7.6,0.0,987.3
2024-07-03T15:00,Bharati Station,-16.2,-21.0,49,5.7,7.2,0.0,987.9
2024-07-03T16:00,Bharati Station,-17.6,-22.5,73,7.2,9.0,0.0,988.4
2024-07-03T17:00,Bharati Station,-19.2,-24.3,97,8.7,10.8,0.0,988.4
2024-07-03T18:00,Bharati Station,-20.4,-25.8,94,10.4,13.3,0.0,988.4
2024-07-03T19:00,Bharati Station,-20.7,-26.5,84,12.8,15.8,0.0,988.4
2024-07-03T20:00,Bharati Station,-20.5,-26.0,83,11.4,16.2,0.0,988.4
2024-07-03T21:00,Bharati Station,-18.0,-23.0,89,7.9,14.4,0.0,988.9
2024-07-03T22:00,Bharati Station,-15.4,-19.6,93,3.6,10.4,0.0,989.5
2024-07-03T23:00,Bharati Station,-15.3,-19.5,91,3.7,4.7,0.0,989.9
2024-07-04T00:00,Bharati Station,-15.4,-19.9,87,5.6,7.2,0.0,990.1
2024-07-04T01:00,Bharati Station,-15.3,-19.5,77,2.9,3.6,0.0,989.5
2024-07-04T02:00,Bharati Station,-15.5,-20.2,80,6.5,7.6,0.0,990.1
2024-07-04T03:00,Bharati Station,-18.8,-24.9,62,14.5,17.6,0.0,990.5
2024-07-04T04:00,Bharati Station,-18.9,-24.8,64,13.0,19.1,0.0,990.9
2024-07-04T05:00,Bharati Station,-17.6,-22.8,69,9.4,16.2,0.0,991.4
2024-07-04T06:00,Bharati Station,-18.0,-23.3,65,9.4,11.9,0.0,991.7
2024-07-04T07:00,Bharati Station,-17.5,-22.7,62,8.6,11.9,0.0,992.1
2024-07-04T08:00,Bharati Station,-14.8,-19.5,53,5.6,11.2,0.0,992.3
2024-07-04T09:00,Bharati Station,-15.4,-20.2,59,6.4,8.3,0.0,992.8
2024-07-04T10:00,Bharati Station,-19.3,-24.6,86,9.7,11.9,0.0,993.0
2024-07-04T11:00,Bharati Station,-21.1,-27.0,90,13.9,16.9,0.0,993.1
2024-07-04T12:00,Bharati Station,-21.2,-27.4,88,15.6,19.4,0.0,993.4
2024-07-04T13:00,Bharati Station,-21.4,-27.6,89,15.3,19.4,0.0,993.8
2024-07-04T14:00,Bharati Station,-21.5,-27.8,86,16.0,20.5,0.0,994.0
2024-07-04T15:00,Bharati Station,-21.6,-27.8,88,15.8,20.5,0.0,994.5
2024-07-04T16:00,Bharati Station,-21.5,-27.8,88,15.9,20.5,0.0,994.5
2024-07-04T17:00,Bharati Station,-21.3,-27.6,87,16.1,20.9,0.0,994.1
2024-07-04T18:00,Bharati Station,-21.3,-27.5,90,15.5,20.9,0.0,994.1
2024-07-04T19:00,Bharati Station,-21.3,-27.2,87,13.9,19.8,0.0,994.2
2024-07-04T20:00,Bharati Station,-21.3,-27.1,91,13.3,17.6,0.0,994.3
2024-07-04T21:00,Bharati Station,-21.4,-27.4,92,14.4,18.4,0.0,994.2
2024-07-04T22:00,Bharati Station,-21.5,-27.5,89,14.6,19.1,0.0,993.9
2024-07-04T23:00,Bharati Station,-21.6,-27.6,86,14.2,18.7,0.0,993.8
2024-07-05T00:00,Bharati Station,-21.9,-27.9,87,14.1,18.0,0.0,993.7
2024-07-05T01:00,Bharati Station,-22.5,-28.9,91,16.8,21.6,0.0,992.7
2024-07-05T02:00,Bharati Station,-22.6,-28.8,91,15.6,22.0,0.0,992.3
2024-07-05T03:00,Bharati Station,-22.7,-28.9,91,15.6,20.9,0.0,992.1
2024-07-05T04:00,Bharati Station,-22.5,-28.7,91,15.3,20.9,0.0,991.7
2024-07-05T05:00,Bharati Station,-22.2,-28.2,92,14.3,20.2,0.0,991.5
2024-07-05T06:00,Bharati Station,-22.0,-28.0,92,14.5,18.7,0.0,991.4
2024-07-05T07:00,Bharati Station,-21.8,-27.9,92,15.1,19.8,0.0,990.8
2024-07-05T08:00,Bharati Station,-21.5,-27.5,91,14.3,19.8,0.0,990.5
2024-07-05T09:00,Bharati Station,-21.3,-27.3,91,14.4,18.7,0.0,990.3
2024-07-05T10:00,Bharati Station,-21.2,-27.1,91,13.4,18.4,0.0,990.3
2024-07-05T11:00,Bharati Station,-21.5,-27.4,69,13.0,17.3,0.0,990.5
2024-07-05T12:00,Bharati Station,-21.9,-27.6,62,11.7,16.9,0.0,990.6
2024-07-05T13:00,Bharati Station,-23.0,-28.6,56,10.4,15.8,0.0,990.1
2024-07-05T14:00,Bharati Station,-23.4,-28.8,56,9.4,13.3,0.0,990.5
2024-07-05T15:00,Bharati Station,-21.5,-26.4,47,5.5,11.9,0.0,991.2
2024-07-05T16:00,Bharati Station,-20.7,-25.5,45,4.8,6.8,0.0,991.3
2024-07-05T17:00,Bharati Station,-20.6,-25.4,42,5.1,7.2,0.0,991.4
2024-07-05T18:00,Bharati Station,-21.8,-26.9,42,6.9,9.0,0.0,991.4
2024-07-05T19:00,Bharati Station,-20.7,-25.8,41,6.6,10.4,0.0,991.5
2024-07-05T20:00,Bharati Station,-21.0,-26.1,45,7.2,9.0,0.0,991.7
2024-07-05T21:00,Bharati Station,-19.4,-24.3,42,5.9,9.0,0.0,992.3
2024-07-05T22:00,Bharati Station,-20.3,-25.4,45,7.0,9.4,0.0,992.7
2024-07-05T23:00,Bharati Station,-19.1,-23.5,49,3.1,8.6,0.0,993.2
2024-07-06T00:00,Bharati Station,-18.8,-23.5,49,4.6,5.4,0.0,994.1
2024-07-06T01:00,Bharati Station,-22.6,-28.9,60,15.3,37.4,0.0,992.9
2024-07-06T02:00,Bharati Station,-19.2,-23.7,51,3.4,19.1,0.0,994.2
2024-07-06T03:00,Bharati Station,-19.0,-23.2,62,1.5,5.8,0.0,995.1
2024-07-06T04:00,Bharati Station,-18.5,-23.0,44,3.0,4.7,0.0,995.4
2024-07-06T05:00,Bharati Station,-18.3,-22.4,48,0.8,4.7,0.0,996.2
2024-07-06T06:00,Bharati Station,-18.4,-22.6,59,2.0,2.5,0.0,996.3
2024-07-06T07:00,Bharati Station,-18.4,-23.1,56,5.0,6.5,0.0,997.0
2024-07-06T08:00,Bharati Station,-23.7,-29.5,71,12.5,14.4,0.0,997.0
2024-07-06T09:00,Bharati Station,-23.3,-29.5,96,15.8,20.9,0.0,996.9
2024-07-06T10:00,Bharati Station,-23.7,-29.7,94,14.0,20.2,0.0,997.9
2024-07-06T11:00,Bharati Station,-23.4,-29.9,94,17.4,22.3,0.0,998.1
2024-07-06T12:00,Bharati Station,-23.4,-29.9,93,17.6,23.4,0.0,997.9
2024-07-06T13:00,Bharati Station,-23.3,-29.4,92,14.8,23.0,0.0,998.8
2024-07-06T14:00,Bharati Station,-23.2,-29.3,93,15.0,19.1,0.0,999.4
2024-07-06T15:00,Bharati Station,-23.3,-29.8,93,17.3,22.3,0.0,999.9
2024-07-06T16:00,Bharati Station,-23.7,-30.1,92,16.6,22.7,0.0,999.8
2024-07-06T17:00,Bharati Station,-23.7,-29.9,91,15.6,22.0,0.0,1000.1
2024-07-06T18:00,Bharati Station,-23.6,-29.6,92,14.3,20.2,0.0,1000.0
2024-07-06T19:00,Bharati Station,-23.7,-29.5,85,12.3,18.4,0.0,1000.3
2024-07-06T20:00,Bharati Station,-23.9,-29.6,90,12.0,15.8,0.0,1000.9
2024-07-06T21:00,Bharati Station,-23.8,-29.8,82,13.6,16.9,0.0,1001.7
2024-07-06T22:00,Bharati Station,-24.2,-30.1,87,13.2,17.3,0.0,1001.8
2024-07-06T23:00,Bharati Station,-24.2,-30.1,87,13.4,17.3,0.0,1001.8
2024-07-07T00:00,Bharati Station,-24.2,-30.1,85,12.8,17.3,0.0,1001.5
2024-07-07T01:00,Bharati Station,-24.2,-30.0,86,12.0,18.7,0.0,1001.4
2024-07-07T02:00,Bharati Station,-24.1,-30.0,88,13.5,18.0,0.0,1001.0
2024-07-07T03:00,Bharati Station,-24.2,-30.2,85,13.6,18.0,0.0,1001.9
2024-07-07T04:00,Bharati Station,-24.3,-30.4,93,14.7,19.1,0.0,1001.8
2024-07-07T05:00,Bharati Station,-24.0,-30.6,93,18.5,25.2,0.0,1002.1
2024-07-07T06:00,Bharati Station,-22.9,-29.3,81,16.1,25.6,0.0,1001.9
2024-07-07T07:00,Bharati Station,-22.7,-28.0,71,9.2,21.2,0.0,1001.9
2024-07-07T08:00,Bharati Station,-21.5,-26.6,73,8.0,11.5,0.0,1002.6
2024-07-07T09:00,Bharati Station,-18.6,-23.0,64,3.6,10.1,0.0,1003.1
2024-07-07T10:00,Bharati Station,-18.9,-23.9,55,6.6,7.9,0.0,1003.3
2024-07-07T11:00,Bharati Station,-18.4,-23.0,55,4.1,8.6,0.0,1003.2
2024-07-07T12:00,Bharati Station,-18.2,-23.0,52,5.4,9.4,0.0,1003.9
2024-07-07T13:00,Bharati Station,-18.6,-23.0,81,3.9,8.3,0.0,1003.8
2024-07-07T14:00,Bharati Station,-17.5,-22.3,57,6.0,9.4,0.0,1003.7
2024-07-07T15:00,Bharati Station,-17.9,-22.9,51,7.1,9.0,0.0,1002.6
2024-07-07T16:00,Bharati Station,-20.4,-26.0,63,10.5,14.0,0.0,1001.9
2024-07-07T17:00,Bharati Station,-18.1,-23.2,61,7.7,13.7,0.0,1000.6
2024-07-07T18:00,Bharati Station,-20.6,-26.2,67,10.7,13.7,0.0,999.4
2024-07-07T19:00,Bharati Station,-19.8,-25.1,77,10.0,14.0,0.0,998.1
2024-07-07T20:00,Bharati Station,-19.8,-25.2,95,10.6,13.7,0.0,996.4
2024-07-07T21:00,Bharati Station,-17.8,-22.6,95,7.4,13.7,0.0,996.0
2024-07-07T22:00,Bharati Station,-20.0,-25.3,93,9.8,12.2,0.0,995.6
2024-07-07T23:00,Bharati Station,-20.8,-26.3,94,11.2,16.9,0.0,993.9
2024-07-08T00:00,Bharati Station,-19.9,-25.9,89,14.5,18.4,0.0,991.9
2024-07-08T01:00,Bharati Station,-18.7,-23.8,91,8.9,13.3,0.0,990.5
2024-07-08T02:00,Bharati Station,-18.9,-24.2,92,10.2,13.3,0.0,989.4
2024-07-08T03:00,Bharati Station,-18.6,-23.8,94,9.6,13.3,0.0,988.2
2024-07-08T04:00,Bharati Station,-18.1,-23.2,95,8.7,12.6,0.0,986.5
2024-07-08T05:00,Bharati Station,-18.2,-23.2,94,8.4,11.2,0.0,985.3
2024-07-08T06:00,Bharati Station,-19.4,-24.7,93,9.6,12.6,0.0,983.9
2024-07-08T07:00,Bharati Station,-19.8,-25.1,94,10.4,13.3,0.0,982.6
2024-07-08T08:00,Bharati Station,-19.1,-24.4,94,10.0,13.7,0.0,981.1
2024-07-08T09:00,Bharati Station,-18.6,-24.1,67,10.3,13.0,0.0,979.7
2024-07-08T10:00,Bharati Station,-18.0,-24.3,61,16.1,20.2,0.0,978.9
2024-07-08T11:00,Bharati Station,-17.0,-24.1,61,21.8,27.7,0.0,977.5
2024-07-08T12:00,Bharati Station,-16.6,-24.0,65,24.2,32.4,0.0,975.8
2024-07-08T13:00,Bharati Station,-18.4,-24.0,63,11.2,24.5,0.0,974.5
2024-07-08T14:00,Bharati Station,-18.9,-24.6,60,12.2,16.2,0.0,972.7
2024-07-08T15:00,Bharati Station,-18.3,-24.7,54,16.9,21.2,0.0,971.3
2024-07-08T16:00,Bharati Station,-17.7,-25.2,56,24.3,31.3,0.0,970.1
2024-07-08T17:00,Bharati Station,-17.5,-25.8,58,29.7,38.9,0.0,968.6
2024-07-08T18:00,Bharati Station,-17.4,-25.8,58,30.9,41.4,0.0,966.9
2024-07-08T19:00,Bharati Station,-17.8,-26.7,56,33.6,44.3,0.0,965.6
2024-07-08T20:00,Bharati Station,-18.1,-26.7,58,31.8,45.0,0.0,964.9
2024-07-08T21:00,Bharati Station,-18.3,-26.7,58,30.7,42.5,0.0,964.4
2024-07-08T22:00,Bharati Station,-18.5,-26.7,58,28.8,41.0,0.0,964.3
2024-07-08T23:00,Bharati Station,-18.9,-26.8,55,26.7,38.5,0.0,964.0
2024-07-09T00:00,Bharati Station,-19.2,-27.5,56,29.6,39.2,0.0,963.8
2024-07-09T01:00,Bharati Station,-20.1,-28.4,55,29.3,47.9,0.0,962.2
2024-07-09T02:00,Bharati Station,-20.4,-28.6,52,28.4,39.2,0.0,962.3
2024-07-09T03:00,Bharati Station,-20.8,-28.8,51,27.5,38.2,0.0,962.6
2024-07-09T04:00,Bharati Station,-20.9,-28.8,51,26.4,38.2,0.0,962.3
2024-07-09T05:00,Bharati Station,-20.8,-28.8,53,26.7,36.0,0.0,962.2
2024-07-09T06:00,Bharati Station,-20.6,-29.1,54,30.2,40.0,0.0,962.0
2024-07-09T07:00,Bharati Station,-20.4,-29.3,56,33.4,43.9,0.0,962.8
2024-07-09T08:00,Bharati Station,-20.4,-29.4,56,34.4,45.7,0.0,963.1
2024-07-09T09:00,Bharati Station,-20.3,-29.3,57,34.2,46.1,0.0,963.5
2024-07-09T10:00,Bharati Station,-20.3,-28.7,58,30.4,45.4,0.0,964.1
2024-07-09T11:00,Bharati Station,-20.2,-28.0,58,26.0,40.3,0.0,964.9
2024-07-09T12:00,Bharati Station,-20.0,-27.8,60,26.0,34.6,0.0,965.6
2024-07-09T13:00,Bharati Station,-21.3,-28.6,65,22.4,40.3,0.0,968.7
2024-07-09T14:00,Bharati Station,-20.9,-28.1,64,21.9,29.9,0.0,969.7
2024-07-09T15:00,Bharati Station,-20.6,-27.8,63,22.0,29.2,0.0,970.7
2024-07-09T16:00,Bharati Station,-20.0,-27.4,62,23.3,30.2,0.0,972.1
2024-07-09T17:00,Bharati Station,-19.6,-27.3,64,25.8,33.8,0.0,973.8
2024-07-09T18:00,Bharati Station,-19.0,-27.4,63,30.9,40.0,0.0,975.3
2024-07-09T19:00,Bharati Station,-18.2,-27.7,61,37.8,50.4,0.0,977.2
2024-07-09T20:00,Bharati Station,-17.7,-27.0,59,36.2,51.8,0.0,979.2
2024-07-09T21:00,Bharati Station,-17.9,-26.6,58,32.2,48.6,0.0,981.0
2024-07-09T22:00,Bharati Station,-18.4,-26.7,59,29.2,42.8,0.0,982.3
2024-07-09T23:00,Bharati Station,-19.1,-27.0,59,27.0,39.2,0.0,983.4
2024-07-10T00:00,Bharati Station,-19.4,-27.2,58,26.3,36.7,0.0,984.2
2024-07-10T01:00,Bharati Station,-20.5,-28.4,58,26.7,42.1,0.0,983.9
2024-07-10T02:00,Bharati Station,-20.9,-28.6,54,25.3,36.0,0.0,984.2
2024-07-10T03:00,Bharati Station,-21.1,-28.6,52,23.4,34.2,0.0,984.2
2024-07-10T04:00,Bharati Station,-21.4,-28.4,52,20.0,31.7,0.0,984.1
2024-07-10T05:00,Bharati Station,-21.7,-28.3,57,17.4,26.6,0.0,983.6
2024-07-10T06:00,Bharati Station,-22.0,-28.2,57,15.2,23.0,0.0,983.0
2024-07-10T07:00,Bharati Station,-22.6,-28.4,55,12.3,19.8,0.0,982.9
2024-07-10T08:00,Bharati Station,-23.1,-28.6,57,9.4,15.8,0.0,982.4
2024-07-10T09:00,Bharati Station,-22.2,-27.2,51,6.7,12.2,0.0,982.1
2024-07-10T10:00,Bharati Station,-23.1,-28.4,61,8.4,10.8,0.0,981.5
2024-07-10T11:00,Bharati Station,-23.4,-28.7,63,8.9,11.5,0.0,980.5
2024-07-10T12:00,Bharati Station,-23.2,-28.6,60,9.5,11.9,0.0,979.6
2024-07-10T13:00,Bharati Station,-23.8,-29.5,60,11.2,14.4,0.0,979.2
2024-07-10T14:00,Bharati Station,-23.4,-28.9,62,9.8,14.4,0.0,978.6
2024-07-10T15:00,Bharati Station,-23.4,-28.9,63,10.1,12.6,0.0,978.2
2024-07-10T16:00,Bharati Station,-23.4,-29.4,67,13.8,17.3,0.0,977.3
2024-07-10T17:00,Bharati Station,-22.8,-29.2,66,16.3,20.2,0.0,976.6
2024-07-10T18:00,Bharati Station,-22.3,-28.9,68,17.9,22.7,0.0,976.0
2024-07-10T19:00,Bharati Station,-22.5,-28.9,72,16.3,22.7,0.0,975.6
2024-07-10T20:00,Bharati Station,-23.0,-29.0,76,13.2,20.5,0.0,975.0
2024-07-10T21:00,Bharati Station,-23.1,-28.7,76,10.6,16.6,0.0,974.7
2024-07-10T22:00,Bharati Station,-23.1,-29.0,76,12.9,15.5,0.0,973.9
2024-07-10T23:00,Bharati Station,-22.4,-28.9,73,17.0,20.5,0.0,973.4
2024-07-11T00:00,Bharati Station,-21.6,-28.4,70,19.4,24.5,0.0,972.8
2024-07-11T01:00,Bharati Station,-21.0,-27.7,81,18.6,25.2,0.0,971.6
2024-07-11T02:00,Bharati Station,-20.9,-27.2,90,16.5,23.8,0.0,971.2
2024-07-11T03:00,Bharati Station,-20.0,-26.5,84,17.7,22.3,0.0,971.1
2024-07-11T04:00,Bharati Station,-18.8,-25.7,71,20.7,26.6,0.0,970.7
2024-07-11T05:00,Bharati Station,-18.3,-25.1,68,20.3,27.0,0.0,970.5
2024-07-11T06:00,Bharati Station,-17.9,-24.6,71,19.5,26.3,0.0,969.9
2024-07-11T07:00,Bharati Station,-17.4,-24.1,71,19.2,25.2,0.0,969.6
2024-07-11T08:00,Bharati Station,-16.8,-23.7,72,21.0,27.0,0.0,969.2
2024-07-11T09:00,Bharati Station,-16.4,-23.4,77,21.9,28.1,0.0,969.0
2024-07-11T10:00,Bharati Station,-16.3,-23.1,76,20.3,28.1,0.0,968.6
2024-07-11T11:00,Bharati Station,-16.2,-23.6,78,24.7,32.8,0.0,968.4
2024-07-11T12:00,Bharati Station,-16.6,-24.7,77,29.8,40.0,0.0,968.2
2024-07-11T13:00,Bharati Station,-16.9,-25.1,84,30.4,41.8,0.0,967.8
2024-07-11T14:00,Bharati Station,-16.6,-24.4,86,28.0,41.0,0.0,967.9
2024-07-11T15:00,Bharati Station,-16.0,-24.6,82,32.8,43.6,0.0,967.6
2024-07-11T16:00,Bharati Station,-15.8,-24.4,80,33.2,43.9,0.0,967.4
2024-07-11T17:00,Bharati Station,-15.6,-23.6,80,28.7,44.6,0.0,966.5
2024-07-11T18:00,Bharati Station,-15.7,-21.8,82,15.8,38.2,0.0,965.2
2024-07-11T19:00,Bharati Station,-16.3,-21.5,88,9.9,20.2,0.0,963.3
2024-07-11T20:00,Bharati Station,-16.8,-22.5,90,13.6,18.0,0.0,961.0
2024-07-11T21:00,Bharati Station,-16.6,-21.9,89,11.0,18.0,0.0,958.8
2024-07-11T22:00,Bharati Station,-15.3,-21.1,78,14.1,15.8,0.0,957.4
2024-07-11T23:00,Bharati Station,-14.3,-24.2,78,42.7,55.1,0.0,956.6
2024-07-12T00:00,Bharati Station,-13.9,-25.8,75,55.6,78.8,0.0,955.2
2024-07-12T01:00,Bharati Station,-17.3,-24.9,84,25.9,46.1,0.0,956.4
2024-07-12T02:00,Bharati Station,-20.7,-27.8,84,21.8,35.6,0.0,957.8
2024-07-12T03:00,Bharati Station,-21.3,-28.2,84,20.4,31.0,0.0,958.9
2024-07-12T04:00,Bharati Station,-21.6,-28.6,79,21.0,29.5,0.0,960.2
2024-07-12T05:00,Bharati Station,-21.6,-29.3,74,25.2,33.8,0.0,961.1
2024-07-12T06:00,Bharati Station,-21.9,-30.3,71,30.0,39.6,0.0,961.6
2024-07-12T07:00,Bharati Station,-22.4,-31.2,69,32.6,42.8,0.0,962.2
2024-07-12T08:00,Bharati Station,-22.7,-32.3,69,38.3,50.4,0.0,962.7
2024-07-12T09:00,Bharati Station,-22.8,-32.9,70,41.6,55.4,0.0,963.6
2024-07-12T10:00,Bharati Station,-22.5,-32.9,59,43.4,58.0,0.0,964.5
2024-07-12T11:00,Bharati Station,-22.2,-32.9,60,45.6,60.1,0.0,965.1
2024-07-12T12:00,Bharati Station,-22.1,-33.0,64,47.6,63.4,0.0,965.7
2024-07-12T13:00,Bharati Station,-22.4,-33.9,66,51.3,75.2,0.0,967.5
2024-07-12T14:00,Bharati Station,-23.0,-34.0,61,47.4,69.8,0.0,968.7
2024-07-12T15:00,Bharati Station,-23.1,-33.6,71,44.3,63.7,0.0,969.6
2024-07-12T16:00,Bharati Station,-23.3,-33.1,73,39.5,58.7,0.0,970.1
2024-07-12T17:00,Bharati Station,-23.2,-32.5,73,36.2,52.6,0.0,970.5
2024-07-12T18:00,Bharati Station,-23.1,-32.0,73,33.4,48.2,0.0,970.6
2024-07-12T19:00,Bharati Station,-22.9,-31.4,77,30.6,44.3,0.0,970.9
2024-07-12T20:00,Bharati Station,-22.9,-31.0,76,28.3,40.3,0.0,971.2
2024-07-12T21:00,Bharati Station,-23.1,-30.6,77,23.9,37.1,0.0,971.4
2024-07-12T22:00,Bharati Station,-23.4,-30.3,81,20.0,31.3,0.0,971.5
2024-07-12T23:00,Bharati Station,-23.6,-30.2,83,17.6,25.9,0.0,971.2
2024-07-13T00:00,Bharati Station,-23.7,-29.6,83,13.0,22.3,0.0,970.6
2024-07-13T01:00,Bharati Station,-24.4,-30.7,74,15.9,33.8,0.0,972.2
2024-07-13T02:00,Bharati Station,-24.6,-29.6,72,7.0,21.6,0.0,971.7
2024-07-13T03:00,Bharati Station,-24.9,-29.9,67,6.8,9.4,0.0,971.5
2024-07-13T04:00,Bharati Station,-25.5,-31.0,61,9.9,12.2,0.0,971.0
2024-07-13T05:00,Bharati Station,-25.9,-31.5,60,10.4,13.0,0.0,970.0
2024-07-13T06:00,Bharati Station,-26.1,-31.6,61,9.6,13.0,0.0,969.2
2024-07-13T07:00,Bharati Station,-26.3,-31.7,62,9.4,11.9,0.0,968.8
2024-07-13T08:00,Bharati Station,-26.2,-31.8,62,9.9,11.5,0.0,968.3
2024-07-13T09:00,Bharati Station,-26.1,-31.9,64,11.3,13.7,0.0,968.3
2024-07-13T10:00,Bharati Station,-26.3,-31.9,66,10.8,14.4,0.0,968.3
2024-07-13T11:00,Bharati Station,-26.6,-31.9,68,8.7,13.3,0.0,968.0
2024-07-13T12:00,Bharati Station,-26.8,-31.9,71,7.0,10.1,0.0,967.8
2024-07-13T13:00,Bharati Station,-26.6,-31.3,71,4.1,4.3,0.0,967.4
2024-07-13T14:00,Bharati Station,-26.8,-32.2,71,9.0,10.4,0.0,967.2
2024-07-13T15:00,Bharati Station,-26.9,-32.7,73,11.3,14.4,0.0,967.0
2024-07-13T16:00,Bharati Station,-26.6,-32.3,72,11.2,15.1,0.0,966.3
2024-07-13T17:00,Bharati Station,-26.8,-32.6,75,11.8,16.6,0.0,966.0
2024-07-13T18:00,Bharati Station,-27.2,-32.8,77,10.9,18.0,0.0,965.8
2024-07-13T19:00,Bharati Station,-27.0,-32.3,77,8.7,16.2,0.0,965.3
2024-07-13T20:00,Bharati Station,-26.8,-32.2,78,8.7,13.7,0.0,964.9
2024-07-13T21:00,Bharati Station,-27.0,-32.6,79,10.2,15.1,0.0,964.9
2024-07-13T22:00,Bharati Station,-27.7,-33.3,77,10.0,16.6,0.0,965.2
2024-07-13T23:00,Bharati Station,-28.4,-33.7,76,8.4,15.8,0.0,965.5
2024-07-14T00:00,Bharati Station,-28.9,-33.9,76,6.0,14.8,0.0,966.0
2024-07-14T01:00,Bharati Station,-30.3,-36.1,85,12.1,18.7,0.0,966.7
2024-07-14T02:00,Bharati Station,-30.5,-36.3,78,11.6,19.1,0.0,967.5
2024-07-14T03:00,Bharati Station,-30.2,-35.9,76,10.5,18.0,0.0,968.0
2024-07-14T04:00,Bharati Station,-30.1,-35.9,76,11.4,16.9,0.0,968.2
2024-07-14T05:00,Bharati Station,-30.0,-36.3,76,14.7,20.5,0.0,969.4
2024-07-14T06:00,Bharati Station,-30.1,-36.9,76,18.4,24.8,0.0,970.6
2024-07-14T07:00,Bharati Station,-29.8,-37.1,77,21.6,28.8,0.0,971.9
2024-07-14T08:00,Bharati Station,-29.6,-36.6,78,19.3,28.8,0.0,972.6
2024-07-14T09:00,Bharati Station,-29.1,-35.6,82,16.6,25.2,0.0,973.3
2024-07-14T10:00,Bharati Station,-28.6,-34.7,80,13.9,21.2,0.0,973.8
2024-07-14T11:00,Bharati Station,-28.7,-34.3,80,9.8,17.3,0.0,974.3
2024-07-14T12:00,Bharati Station,-27.0,-31.6,79,3.6,11.2,0.0,974.9
2024-07-14T13:00,Bharati Station,-29.0,-36.0,74,19.8,29.2,0.0,979.5
2024-07-14T14:00,Bharati Station,-28.8,-35.2,70,16.1,25.2,0.0,979.8
2024-07-14T15:00,Bharati Station,-28.9,-35.0,70,13.4,20.2,0.0,980.3
2024-07-14T16:00,Bharati Station,-29.1,-35.0,72,12.3,16.2,0.0,980.2
2024-07-14T17:00,Bharati Station,-29.3,-35.1,71,11.8,14.8,0.0,979.8
2024-07-14T18:00,Bharati Station,-29.5,-35.4,71,12.3,14.8,0.0,979.8
2024-07-14T19:00,Bharati Station,-29.7,-35.6,71,12.3,15.1,0.0,979.5
2024-07-14T20:00,Bharati Station,-30.0,-35.8,70,11.5,14.8,0.0,979.1
2024-07-14T21:00,Bharati Station,-30.1,-35.8,68,10.8,13.7,0.0,978.9
2024-07-14T22:00,Bharati Station,-30.2,-35.8,65,9.8,13.0,0.0,978.5
2024-07-14T23:00,Bharati Station,-30.4,-36.0,67,9.8,11.5,0.0,978.1
2024-07-15T00:00,Bharati Station,-30.6,-36.1,71,9.0,11.5,0.0,977.3
2024-07-15T01:00,Bharati Station,-29.7,-36.0,70,14.7,16.9,0.0,976.8
2024-07-15T02:00,Bharati Station,-29.6,-35.8,73,14.1,19.1,0.0,976.1
2024-07-15T03:00,Bharati Station,-29.3,-34.5,72,7.2,16.9,0.0,975.5
2024-07-15T04:00,Bharati Station,-28.6,-33.6,77,5.8,8.3,0.0,974.6
2024-07-15T05:00,Bharati Station,-30.4,-36.1,77,10.3,11.5,0.0,973.4
2024-07-15T06:00,Bharati Station,-30.4,-36.2,72,11.9,13.7,0.0,972.0
2024-07-15T07:00,Bharati Station,-30.4,-36.3,67,12.0,14.4,0.0,971.1
2024-07-15T08:00,Bharati Station,-30.6,-36.4,67,11.4,14.0,0.0,970.1
2024-07-15T09:00,Bharati Station,-30.7,-36.3,72,10.1,13.3,0.0,969.4
2024-07-15T10:00,Bharati Station,-30.5,-35.9,71,8.6,11.9,0.0,968.3
2024-07-15T11:00,Bharati Station,-30.6,-36.0,71,8.7,10.4,0.0,966.8
2024-07-15T12:00,Bharati Station,-30.4,-35.9,71,9.0,10.4,0.0,965.0
2024-07-15T13:00,Bharati Station,-31.5,-37.2,79,10.9,20.9,0.0,966.0
2024-07-15T14:00,Bharati Station,-30.0,-34.7,81,4.2,13.0,0.0,964.7
2024-07-15T15:00,Bharati Station,-29.7,-34.0,80,1.4,5.0,0.0,963.8
2024-07-15T16:00,Bharati Station,-29.5,-33.8,80,1.4,1.8,0.0,963.1
2024-07-15T17:00,Bharati Station,-29.3,-33.7,81,2.3,2.9,0.0,962.5
2024-07-15T18:00,Bharati Station,-29.0,-33.6,79,2.9,3.2,0.0,961.6
2024-07-15T19:00,Bharati Station,-28.9,-33.4,81,3.2,4.0,0.0,961.1
2024-07-15T20:00,Bharati Station,-29.1,-33.7,75,3.4,4.3,0.0,960.5
2024-07-15T21:00,Bharati Station,-29.2,-33.8,75,3.1,4.3,0.0,960.3
2024-07-15T22:00,Bharati Station,-30.8,-35.9,76,6.6,7.2,0.0,960.6
2024-07-15T23:00,Bharati Station,-30.9,-36.6,76,10.7,12.2,0.0,960.7
2024-07-16T00:00,Bharati Station,-31.1,-36.7,78,10.3,13.3,0.0,960.4
2024-07-16T01:00,Bharati Station,-30.3,-35.6,81,8.2,8.3,0.0,959.5
2024-07-16T02:00,Bharati Station,-30.3,-36.1,81,11.2,13.7,0.0,958.6
2024-07-16T03:00,Bharati Station,-30.5,-36.6,81,13.6,16.6,0.0,958.0
2024-07-16T04:00,Bharati Station,-31.0,-37.3,85,15.0,19.1,0.0,957.0
2024-07-16T05:00,Bharati Station,-31.2,-37.5,85,15.2,19.8,0.0,956.7
2024-07-16T06:00,Bharati Station,-31.0,-36.6,85,10.5,19.4,0.0,956.8
2024-07-16T07:00,Bharati Station,-30.3,-34.7,89,2.0,13.3,0.0,957.9
2024-07-16T08:00,Bharati Station,-30.1,-37.8,85,24.5,27.4,0.0,960.9
2024-07-16T09:00,Bharati Station,-29.4,-39.8,80,42.7,56.9,0.0,965.9
2024-07-16T10:00,Bharati Station,-28.9,-36.8,82,26.2,56.2,0.0,968.1
2024-07-16T11:00,Bharati Station,-28.5,-34.9,80,15.5,34.2,0.0,969.7
2024-07-16T12:00,Bharati Station,-28.2,-34.2,71,13.3,19.4,0.0,970.8
2024-07-16T13:00,Bharati Station,-27.7,-34.1,78,15.5,19.4,0.0,973.4
2024-07-16T14:00,Bharati Station,-28.1,-34.6,79,16.6,20.5,0.0,973.6
2024-07-16T15:00,Bharati Station,-28.1,-34.2,76,13.8,20.2,0.0,974.0
2024-07-16T16:00,Bharati Station,-28.3,-34.3,75,12.8,16.6,0.0,974.7
2024-07-16T17:00,Bharati Station,-28.3,-34.4,80,13.6,16.6,0.0,975.4
2024-07-16T18:00,Bharati Station,-28.1,-34.2,81,14.1,16.6,0.0,976.1
2024-07-16T19:00,Bharati Station,-28.0,-34.2,80,14.8,18.0,0.0,976.8
2024-07-16T20:00,Bharati Station,-28.0,-34.5,81,16.1,19.4,0.0,977.3
2024-07-16T21:00,Bharati Station,-27.9,-34.6,72,17.7,21.2,0.0,977.7
2024-07-16T22:00,Bharati Station,-27.9,-34.5,66,17.3,21.6,0.0,978.0
2024-07-16T23:00,Bharati Station,-28.3,-34.8,74,16.6,20.9,0.0,978.2
2024-07-17T00:00,Bharati Station,-28.7,-35.3,81,17.4,21.2,0.0,978.5
2024-07-17T01:00,Bharati Station,-28.8,-35.7,84,19.4,25.6,0.0,977.9
2024-07-17T02:00,Bharati Station,-29.0,-35.9,82,19.2,24.5,0.0,978.0
2024-07-17T03:00,Bharati Station,-29.5,-36.4,86,19.3,24.8,0.0,978.4
2024-07-17T04:00,Bharati Station,-29.7,-36.6,76,19.0,24.8,0.0,978.2
2024-07-17T05:00,Bharati Station,-29.9,-36.7,87,18.0,24.8,0.0,977.7
2024-07-17T06:00,Bharati Station,-29.8,-36.4,77,17.1,23.8,0.0,976.9
2024-07-17T07:00,Bharati Station,-30.2,-36.8,77,17.2,22.3,0.0,976.0
2024-07-17T08:00,Bharati Station,-29.5,-36.3,76,18.3,23.0,0.0,975.3
2024-07-17T09:00,Bharati Station,-29.2,-36.5,77,21.4,27.4,0.0,974.6
2024-07-17T10:00,Bharati Station,-28.6,-35.8,78,21.3,28.1,0.0,973.9
2024-07-17T11:00,Bharati Station,-27.8,-34.6,74,18.5,27.4,0.0,973.2
2024-07-17T12:00,Bharati Station,-27.3,-33.7,77,15.8,23.4,0.0,972.5
2024-07-17T13:00,Bharati Station,-28.6,-34.5,83,12.2,13.7,0.0,973.4
2024-07-17T14:00,Bharati Station,-26.6,-33.2,70,17.1,20.5,0.0,973.9
2024-07-17T15:00,Bharati Station,-25.2,-30.9,73,10.8,20.9,0.0,975.3
2024-07-17T16:00,Bharati Station,-18.2,-23.2,65,7.2,13.0,0.0,977.1
2024-07-17T17:00,Bharati Station,-20.4,-27.6,57,21.6,24.5,0.0,978.8
2024-07-17T18:00,Bharati Station,-18.5,-26.7,50,28.4,34.2,0.0,980.7
2024-07-17T19:00,Bharati Station,-17.2,-25.9,48,32.0,39.6,0.0,982.7
2024-07-17T20:00,Bharati Station,-16.1,-25.0,46,33.8,43.2,0.0,984.6
2024-07-17T21:00,Bharati Station,-15.2,-24.4,44,35.7,45.7,0.0,986.8
2024-07-17T22:00,Bharati Station,-14.6,-24.1,43,37.6,48.6,0.0,988.8
2024-07-17T23:00,Bharati Station,-14.0,-23.8,42,40.1,52.6,0.0,990.5
2024-07-18T00:00,Bharati Station,-13.3,-22.9,42,38.7,52.9,0.0,991.9
2024-07-18T01:00,Bharati Station,-12.4,-21.4,44,34.7,45.4,0.0,991.4
2024-07-18T02:00,Bharati Station,-12.2,-21.0,42,33.5,45.0,0.0,992.6
2024-07-18T03:00,Bharati Station,-12.0,-20.1,42,28.7,43.6,0.0,993.4
2024-07-18T04:00,Bharati Station,-11.9,-20.0,43,28.5,37.1,0.0,994.2
2024-07-18T05:00,Bharati Station,-12.4,-19.9,45,24.9,37.1,0.0,994.9
2024-07-18T06:00,Bharati Station,-13.5,-20.3,47,19.5,31.7,0.0,995.3
2024-07-18T07:00,Bharati Station,-10.7,-15.3,33,4.1,25.2,0.0,996.3
2024-07-18T08:00,Bharati Station,-11.8,-16.8,28,7.1,7.9,0.0,997.1
2024-07-18T09:00,Bharati Station,-12.1,-17.1,35,7.2,9.7,0.0,997.4
2024-07-18T10:00,Bharati Station,-11.6,-16.4,35,6.2,9.0,0.0,997.8
2024-07-18T11:00,Bharati Station,-17.5,-23.2,59,12.1,14.0,0.0,997.3
2024-07-18T12:00,Bharati Station,-18.5,-25.1,65,18.4,22.3,0.0,996.9
2024-07-18T13:00,Bharati Station,-18.5,-25.0,56,16.9,27.4,0.0,995.7
2024-07-18T14:00,Bharati Station,-19.1,-24.8,62,11.9,20.9,0.0,995.7
2024-07-18T15:00,Bharati Station,-17.4,-22.8,49,9.7,14.4,0.0,994.6
2024-07-18T16:00,Bharati Station,-16.2,-21.4,44,8.5,11.9,0.0,993.8
2024-07-18T17:00,Bharati Station,-18.8,-24.7,45,12.7,15.1,0.0,992.6
2024-07-18T18:00,Bharati Station,-18.1,-25.3,45,22.1,25.2,0.0,992.0
2024-07-18T19:00,Bharati Station,-17.0,-24.7,42,25.0,33.5,0.0,991.6
2024-07-18T20:00,Bharati Station,-17.9,-24.7,45,19.0,33.1,0.0,991.3
2024-07-18T21:00,Bharati Station,-13.9,-18.8,34,6.1,24.8,0.0,991.4
2024-07-18T22:00,Bharati Station,-13.9,-18.1,29,1.0,7.6,0.0,991.2
2024-07-18T23:00,Bharati Station,-13.7,-18.0,26,1.9,3.2,0.0,990.8
2024-07-19T00:00,Bharati Station,-18.7,-24.5,41,11.9,12.2,0.0,989.8
2024-07-19T01:00,Bharati Station,-18.5,-24.4,56,12.7,19.4,0.0,988.8
2024-07-19T02:00,Bharati Station,-19.7,-26.0,63,15.8,19.8,0.0,988.9
2024-07-19T03:00,Bharati Station,-19.9,-26.0,61,14.4,20.5,0.0,988.7
2024-07-19T04:00,Bharati Station,-17.3,-22.8,51,10.2,18.4,0.0,988.5
2024-07-19T05:00,Bharati Station,-15.7,-20.8,61,8.6,13.3,0.0,988.3
2024-07-19T06:00,Bharati Station,-18.5,-23.9,80,11.0,13.7,0.0,987.8
2024-07-19T07:00,Bharati Station,-20.1,-25.8,83,12.8,16.2,0.0,987.1
2024-07-19T08:00,Bharati Station,-20.5,-26.6,84,15.2,18.7,0.0,986.9
2024-07-19T09:00,Bharati Station,-20.2,-26.6,83,16.9,21.2,0.0,986.7
2024-07-19T10:00,Bharati Station,-19.9,-26.3,78,16.9,22.3,0.0,986.3
2024-07-19T11:00,Bharati Station,-19.8,-26.3,77,17.2,22.0,0.0,986.0
2024-07-19T12:00,Bharati Station,-20.0,-26.4,81,16.9,22.0,0.0,985.6
2024-07-19T13:00,Bharati Station,-17.8,-24.3,53,17.5,28.4,0.0,988.0
2024-07-19T14:00,Bharati Station,-18.8,-24.8,62,13.5,22.3,0.0,988.3
2024-07-19T15:00,Bharati Station,-19.6,-25.6,70,14.0,18.0,0.0,988.2
2024-07-19T16:00,Bharati Station,-20.4,-26.1,73,12.4,18.0,0.0,987.9
2024-07-19T17:00,Bharati Station,-21.0,-26.8,78,12.2,16.2,0.0,987.5
2024-07-19T18:00,Bharati Station,-21.1,-27.4,80,16.3,19.8,0.0,987.0
2024-07-19T19:00,Bharati Station,-21.0,-27.6,74,18.6,23.8,0.0,986.4
2024-07-19T20:00,Bharati Station,-20.4,-27.4,59,20.8,26.6,0.0,986.2
2024-07-19T21:00,Bharati Station,-20.7,-34.4,59,66.9,86.8,0.0,985.4
2024-07-19T22:00,Bharati Station,-20.6,-35.7,58,76.0,102.2,0.0,985.3
2024-07-19T23:00,Bharati Station,-20.6,-35.6,54,75.0,105.1,0.0,985.2
2024-07-20T00:00,Bharati Station,-20.2,-35.3,51,75.8,105.5,0.0,984.3
2024-07-20T01:00,Bharati Station,-19.2,-33.8,51,72.5,101.9,0.0,983.9
2024-07-20T02:00,Bharati Station,-17.6,-31.4,52,67.5,99.4,0.0,984.2
2024-07-20T03:00,Bharati Station,-16.7,-29.9,50,63.3,91.8,0.0,984.7
2024-07-20T04:00,Bharati Station,-16.2,-29.5,52,64.3,87.8,0.0,984.9
2024-07-20T05:00,Bharati Station,-16.2,-29.6,50,64.3,89.3,0.0,985.0
2024-07-20T06:00,Bharati Station,-16.2,-25.6,47,37.1,87.8,0.0,985.9
2024-07-20T07:00,Bharati Station,-17.7,-22.8,40,7.1,54.0,0.0,987.4
2024-07-20T08:00,Bharati Station,-19.6,-25.1,46,10.0,13.0,0.0,988.1
2024-07-20T09:00,Bharati Station,-20.1,-25.9,51,11.6,16.9,0.0,989.0
2024-07-20T10:00,Bharati Station,-20.3,-25.9,53,10.7,16.2,0.0,989.8
2024-07-20T11:00,Bharati Station,-20.6,-26.5,51,12.7,17.3,0.0,990.4
2024-07-20T12:00,Bharati Station,-20.6,-26.8,48,14.5,19.1,0.0,990.4
2024-07-20T13:00,Bharati Station,-17.9,-26.2,49,29.7,43.2,0.0,989.0
2024-07-20T14:00,Bharati Station,-18.1,-25.5,50,23.3,39.6,0.0,989.4
2024-07-20T15:00,Bharati Station,-18.2,-25.4,48,22.0,30.6,0.0,990.0
2024-07-20T16:00,Bharati Station,-17.3,-25.7,47,30.0,39.2,0.0,989.9
2024-07-20T17:00,Bharati Station,-16.7,-25.9,51,35.7,48.6,0.0,989.8
2024-07-20T18:00,Bharati Station,-16.4,-25.6,52,36.5,50.8,0.0,989.9
2024-07-20T19:00,Bharati Station,-16.4,-25.0,52,32.2,49.7,0.0,990.1
2024-07-20T20:00,Bharati Station,-16.4,-24.4,51,27.5,44.3,0.0,990.2
2024-07-20T21:00,Bharati Station,-16.6,-23.9,54,23.1,37.4,0.0,990.1
2024-07-20T22:00,Bharati Station,-17.5,-23.9,57,16.9,31.0,0.0,989.8
2024-07-20T23:00,Bharati Station,-18.3,-24.5,59,14.9,22.3,0.0,989.1
2024-07-21T00:00,Bharati Station,-18.8,-24.3,55,10.2,19.4,0.0,988.2
2024-07-21T01:00,Bharati Station,-15.7,-20.7,59,7.5,11.2,0.0,987.1
2024-07-21T02:00,Bharati Station,-19.9,-25.7,71,12.2,15.5,0.0,986.2
2024-07-21T03:00,Bharati Station,-19.1,-24.5,66,9.9,15.8,0.0,985.4
2024-07-21T04:00,Bharati Station,-19.4,-24.9,60,10.5,14.0,0.0,984.3
2024-07-21T05:00,Bharati Station,-19.9,-26.2,59,15.8,19.8,0.0,983.3
2024-07-21T06:00,Bharati Station,-19.1,-25.8,55,18.7,24.1,0.0,982.1
2024-07-21T07:00,Bharati Station,-18.0,-25.3,52,22.6,29.5,0.0,980.7
2024-07-21T08:00,Bharati Station,-17.3,-24.8,53,24.2,32.0,0.0,979.8
2024-07-21T09:00,Bharati Station,-17.4,-24.5,55,21.7,32.0,0.0,979.1
2024-07-21T10:00,Bharati Station,-17.7,-24.6,54,20.2,28.8,0.0,978.7
2024-07-21T11:00,Bharati Station,-17.3,-24.7,50,23.3,30.6,0.0,977.9
2024-07-21T12:00,Bharati Station,-16.9,-24.6,50,25.7,34.2,0.0,977.1
2024-07-21T13:00,Bharati Station,-16.7,-25.2,50,31.4,41.0,0.0,975.8
2024-07-21T14:00,Bharati Station,-16.3,-25.6,56,37.2,49.7,0.0,975.0
2024-07-21T15:00,Bharati Station,-15.9,-25.2,55,36.7,50.0,0.0,973.9
2024-07-21T16:00,Bharati Station,-15.7,-24.8,55,35.5,49.3,0.0,973.2
2024-07-21T17:00,Bharati Station,-15.7,-24.4,51,32.7,48.2,0.0,972.8
2024-07-21T18:00,Bharati Station,-15.7,-24.3,51,32.3,44.6,0.0,972.3
2024-07-21T19:00,Bharati Station,-15.6,-24.7,52,35.4,47.2,0.0,972.2
2024-07-21T20:00,Bharati Station,-15.6,-25.1,50,38.2,50.8,0.0,972.4
2024-07-21T21:00,Bharati Station,-15.9,-25.6,52,39.6,53.6,0.0,972.9
2024-07-21T22:00,Bharati Station,-16.4,-25.7,55,36.8,53.3,0.0,973.3
2024-07-21T23:00,Bharati Station,-16.8,-26.1,56,36.7,49.3,0.0,973.7
2024-07-22T00:00,Bharati Station,-17.2,-26.3,56,35.7,49.7,0.0,974.0
2024-07-22T01:00,Bharati Station,-17.9,-26.4,56,31.0,55.8,0.0,974.3
2024-07-22T02:00,Bharati Station,-18.1,-26.0,56,27.1,41.4,0.0,975.8
2024-07-22T03:00,Bharati Station,-18.3,-26.0,59,25.8,36.4,0.0,976.3
2024-07-22T04:00,Bharati Station,-18.4,-26.4,57,27.6,37.4,0.0,977.4
2024-07-22T05:00,Bharati Station,-18.4,-26.6,58,29.1,38.5,0.0,978.6
2024-07-22T06:00,Bharati Station,-18.4,-26.5,60,28.6,39.6,0.0,979.9
2024-07-22T07:00,Bharati Station,-18.3,-26.3,58,27.7,38.5,1.0,981.3
2024-07-22T08:00,Bharati Station,-18.1,-26.0,58,27.0,37.1,1.0,982.3
2024-07-22T09:00,Bharati Station,-17.9,-25.6,58,25.6,36.4,0.0,983.5
2024-07-22T10:00,Bharati Station,-17.8,-25.5,59,26.0,34.6,0.0,984.4
2024-07-22T11:00,Bharati Station,-17.5,-25.0,61,24.9,34.6,0.0,985.1
2024-07-22T12:00,Bharati Station,-17.1,-24.7,64,25.2,33.8,0.0,985.7
2024-07-22T13:00,Bharati Station,-17.5,-25.5,68,28.2,40.3,0.0,988.0
2024-07-22T14:00,Bharati Station,-17.4,-25.4,71,28.7,38.5,0.0,989.3
2024-07-22T15:00,Bharati Station,-17.1,-25.3,75,29.8,40.3,0.0,990.3
2024-07-22T16:00,Bharati Station,-16.9,-25.0,76,29.3,40.3,0.0,990.7
2024-07-22T17:00,Bharati Station,-16.9,-24.6,73,26.8,39.2,0.0,991.4
2024-07-22T18:00,Bharati Station,-16.7,-24.3,72,25.3,35.6,0.0,992.1
2024-07-22T19:00,Bharati Station,-16.6,-24.0,75,24.7,33.8,0.0,992.9
2024-07-22T20:00,Bharati Station,-16.8,-23.9,80,22.7,33.1,0.0,993.6
2024-07-22T21:00,Bharati Station,-17.1,-23.6,83,18.5,30.2,0.0,994.4
2024-07-22T22:00,Bharati Station,-17.8,-23.5,88,13.1,24.8,0.0,995.3
2024-07-22T23:00,Bharati Station,-18.3,-23.6,87,10.5,17.3,0.0,995.9
2024-07-23T00:00,Bharati Station,-18.7,-23.9,85,9.4,13.3,0.0,996.1
2024-07-23T01:00,Bharati Station,-19.0,-24.8,87,13.8,23.8,0.0,995.6
2024-07-23T02:00,Bharati Station,-19.2,-24.8,86,12.1,18.0,0.0,995.8
2024-07-23T03:00,Bharati Station,-19.3,-24.7,85,10.6,15.5,0.0,996.0
2024-07-23T04:00,Bharati Station,-19.3,-24.4,83,8.0,13.3,0.0,996.4
2024-07-23T05:00,Bharati Station,-17.6,-22.2,87,5.1,10.1,0.0,996.8
2024-07-23T06:00,Bharati Station,-16.8,-20.6,87,0.5,6.5,0.0,997.0
2024-07-23T07:00,Bharati Station,-17.4,-21.9,90,5.2,6.1,0.0,997.1
2024-07-23T08:00,Bharati Station,-19.6,-24.8,87,9.6,11.5,0.0,997.4
2024-07-23T09:00,Bharati Station,-19.1,-24.5,81,10.5,13.0,0.0,997.6
2024-07-23T10:00,Bharati Station,-18.8,-23.9,77,8.5,13.3,0.0,997.9
2024-07-23T11:00,Bharati Station,-16.0,-20.6,67,5.2,10.4,0.0,997.9
2024-07-23T12:00,Bharati Station,-15.5,-20.0,68,4.7,6.5,0.0,998.1
2024-07-23T13:00,Bharati Station,-17.6,-22.4,74,6.5,10.1,0.0,999.0
2024-07-23T14:00,Bharati Station,-15.4,-19.8,67,4.1,8.3,0.0,999.1
2024-07-23T15:00,Bharati Station,-15.3,-20.0,60,6.2,7.2,0.0,999.2
2024-07-23T16:00,Bharati Station,-17.6,-22.9,67,10.1,12.2,0.0,999.2
2024-07-23T17:00,Bharati Station,-17.8,-23.5,68,12.4,14.8,0.0,999.1
2024-07-23T18:00,Bharati Station,-17.4,-23.3,74,13.6,16.6,0.0,998.7
2024-07-23T19:00,Bharati Station,-17.3,-23.1,75,13.7,16.9,0.0,998.8
2024-07-23T20:00,Bharati Station,-16.9,-22.9,64,14.3,17.6,0.0,998.9
2024-07-23T21:00,Bharati Station,-16.9,-22.9,61,14.2,18.0,0.0,999.1
2024-07-23T22:00,Bharati Station,-16.9,-22.8,69,13.9,17.6,0.0,999.1
2024-07-23T23:00,Bharati Station,-17.1,-23.0,76,14.2,17.6,0.0,999.3
2024-07-24T00:00,Bharati Station,-17.0,-23.0,79,14.5,18.0,0.0,999.2
2024-07-24T01:00,Bharati Station,-16.5,-22.3,68,13.5,19.8,0.0,999.4
2024-07-24T02:00,Bharati Station,-16.7,-22.2,67,11.4,16.6,0.0,999.6
2024-07-24T03:00,Bharati Station,-16.7,-22.7,75,14.8,17.6,0.0,999.0
2024-07-24T04:00,Bharati Station,-16.9,-23.0,80,15.6,19.4,0.0,998.6
2024-07-24T05:00,Bharati Station,-16.7,-22.8,80,16.0,20.5,0.0,998.2
2024-07-24T06:00,Bharati Station,-15.9,-21.7,77,13.4,20.2,0.0,997.6
2024-07-24T07:00,Bharati Station,-15.4,-20.8,75,11.1,16.6,0.0,997.2
2024-07-24T08:00,Bharati Station,-14.6,-20.3,68,13.4,16.2,0.0,996.8
2024-07-24T09:00,Bharati Station,-13.7,-20.2,66,18.4,22.0,0.0,996.4
2024-07-24T10:00,Bharati Station,-13.0,-19.9,63,21.6,27.7,0.0,995.9
2024-07-24T11:00,Bharati Station,-12.8,-20.0,61,23.5,29.9,0.0,995.5
2024-07-24T12:00,Bharati Station,-12.7,-19.9,60,23.3,31.0,0.0,995.0
2024-07-24T13:00,Bharati Station,-11.4,-19.3,63,28.6,37.1,0.0,993.5
2024-07-24T14:00,Bharati Station,-10.9,-19.3,62,31.9,41.8,0.0,993.1
2024-07-24T15:00,Bharati Station,-10.6,-18.6,60,29.7,42.5,0.0,992.7
2024-07-24T16:00,Bharati Station,-10.7,-18.5,59,28.2,39.2,0.0,992.3
2024-07-24T17:00,Bharati Station,-10.9,-18.4,58,26.0,37.1,0.0,991.8
2024-07-24T18:00,Bharati Station,-11.1,-18.3,57,23.8,34.6,0.0,991.6
2024-07-24T19:00,Bharati Station,-11.4,-18.3,57,21.8,31.0,0.0,991.6
2024-07-24T20:00,Bharati Station,-11.9,-18.5,60,19.5,28.4,0.0,991.4
2024-07-24T21:00,Bharati Station,-12.5,-19.0,60,18.8,24.5,0.0,991.4
2024-07-24T22:00,Bharati Station,-13.1,-19.7,59,19.3,24.8,0.0,991.5
2024-07-24T23:00,Bharati Station,-13.4,-20.1,59,20.0,25.9,0.0,991.4
2024-07-25T00:00,Bharati Station,-13.8,-20.3,61,18.4,25.6,0.0,990.9
2024-07-25T01:00,Bharati Station,-15.0,-20.8,65,13.3,24.1,0.0,989.9
2024-07-25T02:00,Bharati Station,-14.7,-20.9,60,16.3,20.5,0.0,989.9
2024-07-25T03:00,Bharati Station,-15.0,-21.2,68,16.4,20.9,0.0,990.0
2024-07-25T04:00,Bharati Station,-15.3,-21.4,69,16.1,20.9,0.0,990.1
2024-07-25T05:00,Bharati Station,-15.8,-21.7,70,14.0,20.2,0.0,990.0
2024-07-25T06:00,Bharati Station,-16.2,-21.9,74,12.5,17.6,0.0,989.6
2024-07-25T07:00,Bharati Station,-16.2,-21.9,76,12.6,15.8,1.0,989.8
2024-07-25T08:00,Bharati Station,-16.2,-22.2,76,15.2,18.4,2.0,990.0
2024-07-25T09:00,Bharati Station,-16.0,-22.4,71,17.3,21.6,0.0,990.1
2024-07-25T10:00,Bharati Station,-16.0,-22.4,70,18.0,22.7,0.0,990.1
2024-07-25T11:00,Bharati Station,-16.3,-22.6,74,17.0,22.7,0.0,990.3
2024-07-25T12:00,Bharati Station,-16.7,-23.0,77,16.9,21.6,0.0,990.5
2024-07-25T13:00,Bharati Station,-16.8,-22.9,74,15.6,20.9,0.0,991.4
2024-07-25T14:00,Bharati Station,-17.3,-23.6,83,17.1,21.2,0.0,991.9
2024-07-25T15:00,Bharati Station,-18.1,-24.6,87,18.9,24.5,0.0,992.0
2024-07-25T16:00,Bharati Station,-18.4,-24.9,88,18.3,24.8,0.0,991.8
2024-07-25T17:00,Bharati Station,-18.7,-25.2,91,18.1,24.5,0.0,991.7
2024-07-25T18:00,Bharati Station,-19.1,-25.4,92,17.3,24.1,0.0,991.1
2024-07-25T19:00,Bharati Station,-18.8,-25.1,92,17.1,23.4,0.0,991.2
2024-07-25T20:00,Bharati Station,-18.4,-24.6,87,16.3,22.7,0.0,991.2
2024-07-25T21:00,Bharati Station,-18.2,-24.3,84,15.4,21.2,0.0,991.4
2024-07-25T22:00,Bharati Station,-18.2,-24.3,80,15.7,19.8,0.0,991.4
2024-07-25T23:00,Bharati Station,-18.1,-24.2,74,15.4,19.8,0.0,991.6
2024-07-26T00:00,Bharati Station,-18.1,-24.4,63,16.1,20.5,0.0,991.5
2024-07-26T01:00,Bharati Station,-18.9,-25.0,74,14.8,18.7,0.0,991.2
2024-07-26T02:00,Bharati Station,-19.0,-24.9,64,13.4,18.7,0.0,991.2
2024-07-26T03:00,Bharati Station,-19.5,-24.9,64,10.3,16.9,0.0,991.7
2024-07-26T04:00,Bharati Station,-19.3,-24.8,63,10.1,13.3,0.0,991.6
2024-07-26T05:00,Bharati Station,-19.9,-25.4,83,11.5,13.7,0.0,991.3
2024-07-26T06:00,Bharati Station,-19.7,-25.6,85,13.7,16.9,0.0,990.7
2024-07-26T07:00,Bharati Station,-19.7,-25.6,68,12.9,17.3,4.0,990.4
2024-07-26T08:00,Bharati Station,-19.4,-25.5,61,14.4,18.0,4.0,990.1
2024-07-26T09:00,Bharati Station,-18.9,-25.4,59,17.3,21.2,1.0,990.0
2024-07-26T10:00,Bharati Station,-18.7,-25.3,60,18.0,22.3,0.0,989.6
2024-07-26T11:00,Bharati Station,-18.6,-25.0,60,17.2,22.7,0.0,989.5
2024-07-26T12:00,Bharati Station,-18.6,-25.0,61,16.8,21.6,0.0,989.5
2024-07-26T13:00,Bharati Station,-17.5,-25.2,61,26.3,33.5,0.0,989.6
2024-07-26T14:00,Bharati Station,-17.0,-24.5,59,24.1,33.8,0.0,989.6
2024-07-26T15:00,Bharati Station,-16.6,-24.0,57,23.4,31.7,0.0,989.6
2024-07-26T16:00,Bharati Station,-16.7,-23.6,57,20.3,30.2,0.0,989.6
2024-07-26T17:00,Bharati Station,-17.1,-23.7,59,18.2,26.3,0.0,989.7
2024-07-26T18:00,Bharati Station,-17.3,-23.8,57,17.7,23.0,0.0,990.0
2024-07-26T19:00,Bharati Station,-18.0,-24.1,58,14.8,22.3,0.0,990.4
2024-07-26T20:00,Bharati Station,-17.0,-24.2,52,21.7,26.6,0.0,990.6
2024-07-26T21:00,Bharati Station,-16.3,-24.0,50,25.1,32.4,0.0,990.5
2024-07-26T22:00,Bharati Station,-15.8,-23.7,49,26.7,34.9,0.0,990.6
2024-07-26T23:00,Bharati Station,-15.4,-23.6,47,28.7,38.2,0.0,990.6
2024-07-27T00:00,Bharati Station,-15.3,-23.1,52,27.0,38.5,0.0,990.5
2024-07-27T01:00,Bharati Station,-14.6,-24.2,46,39.1,50.8,0.0,988.0
2024-07-27T02:00,Bharati Station,-13.9,-24.7,46,46.8,64.1,0.0,988.3
2024-07-27T03:00,Bharati Station,-13.3,-23.9,45,46.2,65.5,0.0,988.2
2024-07-27T04:00,Bharati Station,-12.8,-22.5,45,39.4,63.0,0.0,989.0
2024-07-27T05:00,Bharati Station,-12.4,-22.2,44,40.5,54.0,0.0,989.1
2024-07-27T06:00,Bharati Station,-11.3,-22.1,44,47.9,65.5,1.0,988.9
2024-07-27T07:00,Bharati Station,-10.4,-22.9,45,59.4,78.1,5.0,989.4
2024-07-27T08:00,Bharati Station,-9.6,-22.1,45,59.7,81.4,4.0,990.4
2024-07-27T09:00,Bharati Station,-8.6,-20.3,45,54.4,80.3,0.0,991.8
2024-07-27T10:00,Bharati Station,-7.8,-18.7,44,49.0,73.4,0.0,992.8
2024-07-27T11:00,Bharati Station,-7.5,-18.2,45,47.5,67.3,0.0,993.9
2024-07-27T12:00,Bharati Station,-7.2,-17.9,46,48.6,66.2,0.0,994.9
2024-07-27T13:00,Bharati Station,-7.6,-19.9,47,58.7,81.0,0.0,995.1
2024-07-27T14:00,Bharati Station,-7.2,-18.3,46,50.5,78.8,0.0,996.6
2024-07-27T15:00,Bharati Station,-7.1,-18.5,46,52.5,70.6,0.0,997.4
2024-07-27T16:00,Bharati Station,-7.2,-18.3,46,50.7,70.9,0.0,998.5
2024-07-27T17:00,Bharati Station,-7.6,-18.3,46,48.5,69.1,0.0,999.0
2024-07-27T18:00,Bharati Station,-8.0,-18.3,47,45.3,66.2,0.0,999.5
2024-07-27T19:00,Bharati Station,-8.6,-18.9,48,45.6,61.9,0.0,1000.3
2024-07-27T20:00,Bharati Station,-8.8,-19.8,47,49.5,67.3,0.0,1000.8
2024-07-27T21:00,Bharati Station,-8.7,-19.2,46,46.2,67.3,0.0,1001.3
2024-07-27T22:00,Bharati Station,-8.9,-19.1,46,44.0,62.6,0.0,1001.4
2024-07-27T23:00,Bharati Station,-9.3,-19.8,46,46.5,63.4,0.0,1001.5
2024-07-28T00:00,Bharati Station,-9.5,-19.9,46,45.9,64.8,0.0,1001.4
2024-07-28T01:00,Bharati Station,-8.8,-18.7,45,42.1,58.3,0.0,1001.2
2024-07-28T02:00,Bharati Station,-9.2,-18.6,44,38.0,57.2,0.0,1001.4
2024-07-28T03:00,Bharati Station,-9.4,-18.1,43,33.1,52.2,0.0,1001.1
2024-07-28T04:00,Bharati Station,-10.0,-18.1,45,29.5,45.4,0.0,1001.2
2024-07-28T05:00,Bharati Station,-10.4,-17.9,47,25.3,40.3,0.0,1000.7
2024-07-28T06:00,Bharati Station,-12.1,-17.7,56,12.5,33.5,1.0,1000.5
2024-07-28T07:00,Bharati Station,-13.3,-18.6,53,10.4,16.6,7.0,1000.5
2024-07-28T08:00,Bharati Station,-13.9,-19.5,54,11.7,14.8,7.0,999.8
2024-07-28T09:00,Bharati Station,-13.9,-20.0,55,15.5,19.8,2.0,999.0
2024-07-28T10:00,Bharati Station,-13.7,-20.2,53,18.2,24.1,0.0,998.3
2024-07-28T11:00,Bharati Station,-13.7,-20.2,53,18.1,24.8,0.0,997.7
2024-07-28T12:00,Bharati Station,-14.3,-20.5,54,15.5,23.8,0.0,996.9
2024-07-28T13:00,Bharati Station,-12.6,-20.6,52,28.4,37.8,0.0,996.1
2024-07-28T14:00,Bharati Station,-12.6,-20.2,53,25.5,40.0,0.0,996.3
2024-07-28T15:00,Bharati Station,-12.9,-20.3,53,24.7,34.2,0.0,995.9
2024-07-28T16:00,Bharati Station,-13.1,-20.6,49,24.7,33.1,0.0,995.4
2024-07-28T17:00,Bharati Station,-13.2,-20.5,50,23.1,33.1,0.0,994.8
2024-07-28T18:00,Bharati Station,-13.7,-20.5,50,20.2,30.6,0.0,994.6
2024-07-28T19:00,Bharati Station,-14.7,-20.6,57,14.1,26.3,0.0,994.2
2024-07-28T20:00,Bharati Station,-15.4,-21.0,52,11.9,18.4,0.0,993.8
2024-07-28T21:00,Bharati Station,-14.5,-19.8,46,9.2,15.5,0.0,993.8
2024-07-28T22:00,Bharati Station,-15.8,-21.4,52,11.0,14.0,0.0,993.5
2024-07-28T23:00,Bharati Station,-15.6,-22.0,53,17.3,22.7,0.0,993.2
2024-07-29T00:00,Bharati Station,-15.7,-21.0,53,9.7,22.3,0.0,993.0
2024-07-29T01:00,Bharati Station,-13.7,-22.2,51,32.0,52.9,0.0,990.4
2024-07-29T02:00,Bharati Station,-14.0,-20.6,54,18.7,43.2,0.0,990.5
2024-07-29T03:00,Bharati Station,-15.3,-21.1,60,13.2,24.5,0.0,990.4
2024-07-29T04:00,Bharati Station,-15.5,-21.5,59,14.4,17.6,0.0,990.2
2024-07-29T05:00,Bharati Station,-14.5,-21.5,56,21.6,27.0,0.0,989.6
2024-07-29T06:00,Bharati Station,-14.1,-21.4,58,23.5,29.9,2.0,989.2
2024-07-29T07:00,Bharati Station,-13.8,-21.2,57,24.4,31.7,9.0,989.1
2024-07-29T08:00,Bharati Station,-13.7,-21.1,57,24.6,32.0,9.0,988.9
2024-07-29T09:00,Bharati Station,-13.7,-21.4,55,26.0,33.5,3.0,989.1
2024-07-29T10:00,Bharati Station,-13.6,-22.0,57,31.0,40.3,0.0,988.9
2024-07-29T11:00,Bharati Station,-13.8,-21.9,59,29.2,40.7,0.0,988.9
2024-07-29T12:00,Bharati Station,-13.9,-21.7,58,27.0,38.5,0.0,988.8
2024-07-29T13:00,Bharati Station,-14.7,-22.1,55,24.1,47.9,0.0,989.4
2024-07-29T14:00,Bharati Station,-16.1,-21.9,56,13.1,31.7,0.0,989.4
2024-07-29T15:00,Bharati Station,-16.0,-21.1,49,7.8,17.3,0.0,989.6
2024-07-29T16:00,Bharati Station,-17.3,-23.1,58,12.4,13.7,0.0,989.4
2024-07-29T17:00,Bharati Station,-15.7,-23.1,52,23.5,29.2,0.0,988.9
2024-07-29T18:00,Bharati Station,-15.0,-23.2,54,29.2,38.2,0.0,988.3
2024-07-29T19:00,Bharati Station,-14.9,-23.2,53,30.6,41.0,0.0,988.1
2024-07-29T20:00,Bharati Station,-15.0,-23.1,54,28.8,40.7,0.0,988.1
2024-07-29T21:00,Bharati Station,-15.1,-23.3,55,29.6,39.2,0.0,988.0
2024-07-29T22:00,Bharati Station,-15.3,-23.6,56,30.5,40.7,0.0,988.0
2024-07-29T23:00,Bharati Station,-15.5,-23.9,58,31.4,41.4,0.0,988.0
2024-07-30T00:00,Bharati Station,-15.7,-24.2,58,31.7,42.5,0.0,987.9
2024-07-30T01:00,Bharati Station,-16.7,-24.8,57,28.3,37.4,0.0,987.2
2024-07-30T02:00,Bharati Station,-16.9,-24.9,59,28.1,38.2,0.0,987.4
2024-07-30T03:00,Bharati Station,-17.1,-24.8,60,26.1,37.4,0.0,987.8
2024-07-30T04:00,Bharati Station,-17.1,-24.5,60,24.0,34.9,0.0,988.1
2024-07-30T05:00,Bharati Station,-16.9,-24.0,61,22.0,31.7,0.0,988.4
2024-07-30T06:00,Bharati Station,-16.7,-23.6,60,20.5,28.8,3.0,988.6
2024-07-30T07:00,Bharati Station,-16.4,-23.4,59,21.3,27.7,9.0,989.3
2024-07-30T08:00,Bharati Station,-16.3,-23.2,58,20.5,27.7,10.0,989.8
2024-07-30T09:00,Bharati Station,-16.4,-23.2,57,20.2,27.0,4.0,990.5
2024-07-30T10:00,Bharati Station,-16.5,-23.3,55,19.7,25.9,0.0,990.9
2024-07-30T11:00,Bharati Station,-16.6,-23.3,56,19.1,25.6,0.0,991.1
2024-07-30T12:00,Bharati Station,-16.8,-23.4,58,18.5,24.8,0.0,991.4
2024-07-30T13:00,Bharati Station,-17.5,-23.8,56,16.2,24.5,0.0,992.3
2024-07-30T14:00,Bharati Station,-17.8,-24.1,58,15.6,20.9,0.0,992.5
2024-07-30T15:00,Bharati Station,-18.0,-24.2,69,15.8,20.5,0.0,992.5
2024-07-30T16:00,Bharati Station,-18.0,-24.2,65,15.5,20.2,0.0,992.4
2024-07-30T17:00,Bharati Station,-18.1,-24.2,64,14.9,20.2,0.0,992.4
2024-07-30T18:00,Bharati Station,-17.5,-24.2,56,19.2,24.1,0.0,992.2
2024-07-30T19:00,Bharati Station,-16.9,-23.9,58,21.2,27.7,0.0,991.9
2024-07-30T20:00,Bharati Station,-17.0,-23.7,57,18.8,27.4,0.0,992.1
2024-07-30T21:00,Bharati Station,-17.5,-23.9,64,17.1,24.5,0.0,992.4
2024-07-30T22:00,Bharati Station,-17.9,-24.2,72,16.7,21.6,0.0,992.4
2024-07-30T23:00,Bharati Station,-18.1,-24.5,72,17.0,22.0,0.0,992.3
2024-07-31T00:00,Bharati Station,-18.2,-24.7,71,17.4,22.3,0.0,992.1
2024-07-31T01:00,Bharati Station,-18.2,-25.4,59,22.3,29.2,0.0,992.1
2024-07-31T02:00,Bharati Station,-18.2,-25.1,61,20.2,29.2,0.0,991.7
2024-07-31T03:00,Bharati Station,-18.4,-24.9,59,17.3,26.6,0.0,991.4
2024-07-31T04:00,Bharati Station,-18.9,-25.0,62,14.2,22.3,0.0,991.3
2024-07-31T05:00,Bharati Station,-19.5,-25.1,83,11.8,17.6,0.0,991.4
2024-07-31T06:00,Bharati Station,-19.5,-25.3,93,13.2,16.2,3.0,991.3
2024-07-31T07:00,Bharati Station,-18.9,-25.2,69,16.2,20.5,10.0,991.1
2024-07-31T08:00,Bharati Station,-18.1,-24.9,60,19.2,24.8,11.0,990.9
2024-07-31T09:00,Bharati Station,-18.3,-24.7,67,16.9,24.8,4.0,991.2
2024-07-31T10:00,Bharati Station,-18.7,-25.1,80,17.0,21.6,0.0,991.3
2024-07-31T11:00,Bharati Station,-18.9,-25.4,81,17.9,22.7,0.0,991.5
2024-07-31T12:00,Bharati Station,-18.3,-24.7,72,17.7,23.4,0.0,991.5
2024-07-31T13:00,Bharati Station,-18.0,-25.3,57,22.5,29.2,0.0,992.4
2024-07-31T14:00,Bharati Station,-18.0,-25.3,61,23.1,31.3,0.0,993.0
2024-07-31T15:00,Bharati Station,-18.1,-24.9,59,19.9,30.2,0.0,993.2
2024-07-31T16:00,Bharati Station,-18.0,-24.7,58,19.2,25.9,0.0,993.3
2024-07-31T17:00,Bharati Station,-17.8,-24.5,59,19.3,25.2,0.0,993.3
2024-07-31T18:00,Bharati Station,-17.6,-24.4,59,19.6,25.2,0.0,993.4
2024-07-31T19:00,Bharati Station,-17.4,-24.2,63,20.2,26.3,0.0,993.5
2024-07-31T20:00,Bharati Station,-17.1,-23.9,63,20.2,26.3,0.0,994.1
2024-07-31T21:00,Bharati Station,-17.0,-23.7,64,19.6,26.3,0.0,994.8
2024-07-31T22:00,Bharati Station,-17.0,-23.7,64,19.1,25.2,0.0,995.5
2024-07-31T23:00,Bharati Station,-16.9,-23.6,65,19.1,24.8,0.0,996.2
2024-08-01T00:00,Bharati Station,-16.7,-23.3,63,18.8,24.8,0.0,996.4
2024-08-01T01:00,Bharati Station,-16.9,-23.3,72,17.6,23.0,0.0,996.3
2024-08-01T02:00,Bharati Station,-16.1,-22.9,59,20.2,25.2,0.0,996.5
2024-08-01T03:00,Bharati Station,-15.3,-22.6,63,23.5,29.9,0.0,996.8
2024-08-01T04:00,Bharati Station,-15.1,-22.4,63,23.5,30.2,0.0,997.4
2024-08-01T05:00,Bharati Station,-14.9,-22.3,65,24.1,31.0,0.0,997.9
2024-08-01T06:00,Bharati Station,-14.7,-21.9,68,22.9,31.3,3.0,998.5
2024-08-01T07:00,Bharati Station,-14.6,-21.5,59,20.9,31.0,12.0,998.7
2024-08-01T08:00,Bharati Station,-15.0,-21.4,64,17.8,27.4,12.0,998.8
2024-08-01T09:00,Bharati Station,-14.9,-21.4,63,17.9,23.0,5.0,999.3
2024-08-01T10:00,Bharati Station,-14.6,-21.3,63,19.7,24.8,0.0,999.4
2024-08-01T11:00,Bharati Station,-14.0,-21.0,64,21.5,27.7,0.0,999.2
2024-08-01T12:00,Bharati Station,-13.5,-20.6,62,23.2,30.6,0.0,998.9
2024-08-01T13:00,Bharati Station,-13.4,-21.3,61,28.6,38.2,0.0,999.3
2024-08-01T14:00,Bharati Station,-13.2,-20.7,57,25.2,37.4,0.0,999.3
2024-08-01T15:00,Bharati Station,-13.7,-20.5,62,20.6,32.8,0.0,999.4
2024-08-01T16:00,Bharati Station,-13.9,-20.7,62,20.1,27.0,0.0,999.3
2024-08-01T17:00,Bharati Station,-14.0,-20.7,63,19.8,25.9,0.0,998.7
2024-08-01T18:00,Bharati Station,-14.0,-20.7,62,19.8,25.9,0.0,998.2
2024-08-01T19:00,Bharati Station,-14.0,-20.6,63,19.6,25.6,0.0,997.7
2024-08-01T20:00,Bharati Station,-13.7,-20.4,61,20.0,25.9,0.0,997.2
2024-08-01T21:00,Bharati Station,-13.2,-20.0,60,20.6,26.6,0.0,996.7
2024-08-01T22:00,Bharati Station,-12.4,-19.5,60,22.9,29.2,0.0,996.2
2024-08-01T23:00,Bharati Station,-11.8,-19.0,61,23.8,32.0,0.0,995.9
2024-08-02T00:00,Bharati Station,-11.6,-18.7,62,22.8,31.3,0.0,995.2
2024-08-02T01:00,Bharati Station,-11.2,-18.8,61,26.7,37.1,0.0,995.5
2024-08-02T02:00,Bharati Station,-10.5,-17.6,66,23.4,35.3,0.0,994.7
2024-08-02T03:00,Bharati Station,-10.3,-17.3,64,23.1,31.0,0.0,993.8
2024-08-02T04:00,Bharati Station,-10.1,-17.0,59,22.5,30.6,0.0,993.2
2024-08-02T05:00,Bharati Station,-9.8,-17.4,55,27.0,35.6,0.0,992.3
2024-08-02T06:00,Bharati Station,-9.2,-17.1,54,28.7,38.2,2.0,991.5
2024-08-02T07:00,Bharati Station,-9.1,-16.7,54,27.3,38.9,5.0,990.9
2024-08-02T08:00,Bharati Station,-8.1,-15.5,56,26.1,36.4,1.0,990.4
2024-08-02T09:00,Bharati Station,-7.5,-15.1,56,27.6,36.7,0.0,989.8
2024-08-02T10:00,Bharati Station,-6.9,-15.3,53,32.9,42.8,0.0,988.9
2024-08-02T11:00,Bharati Station,-6.8,-14.8,53,30.2,44.6,0.0,988.2
2024-08-02T12:00,Bharati Station,-6.4,-14.1,57,29.2,40.0,0.0,987.9
2024-08-02T13:00,Bharati Station,-5.7,-14.4,63,36.3,48.2,0.0,987.5
2024-08-02T14:00,Bharati Station,-5.4,-13.5,64,33.1,49.0,0.0,987.0
2024-08-02T15:00,Bharati Station,-5.1,-13.1,64,32.3,44.3,0.0,987.1
2024-08-02T16:00,Bharati Station,-4.8,-13.3,65,35.8,48.6,0.0,987.2
2024-08-02T17:00,Bharati Station,-5.2,-13.0,73,31.4,47.9,0.0,987.5
2024-08-02T18:00,Bharati Station,-4.8,-12.5,69,30.6,42.1,0.0,987.9
2024-08-02T19:00,Bharati Station,-4.4,-12.3,67,32.0,42.8,0.0,988.8
2024-08-02T20:00,Bharati Station,-4.1,-12.6,65,35.9,47.9,0.0,989.0
2024-08-02T21:00,Bharati Station,-3.6,-12.0,63,35.5,48.6,0.0,989.5
2024-08-02T22:00,Bharati Station,-3.2,-12.5,62,41.2,54.0,0.0,990.2
2024-08-02T23:00,Bharati Station,-3.2,-12.9,63,44.5,60.1,0.0,990.9
2024-08-03T00:00,Bharati Station,-3.2,-12.6,67,43.1,60.1,0.0,991.3
2024-08-03T01:00,Bharati Station,-3.3,-12.9,66,43.7,60.1,0.0,991.3
2024-08-03T02:00,Bharati Station,-3.1,-12.0,69,39.4,59.0,0.0,991.7
2024-08-03T03:00,Bharati Station,-2.8,-11.5,68,38.6,52.9,0.0,992.1
2024-08-03T04:00,Bharati Station,-2.6,-11.6,71,41.2,55.1,0.0,992.8
2024-08-03T05:00,Bharati Station,-2.9,-11.4,79,38.5,55.4,0.0,994.1
2024-08-03T06:00,Bharati Station,-2.9,-12.4,82,45.9,60.8,0.0,995.3
2024-08-03T07:00,Bharati Station,-3.0,-13.4,84,52.5,70.6,0.0,996.2
2024-08-03T08:00,Bharati Station,-2.9,-13.4,84,52.6,71.6,0.0,997.7
2024-08-03T09:00,Bharati Station,-3.2,-14.2,85,56.3,74.9,0.0,999.9
2024-08-03T10:00,Bharati Station,-3.4,-13.7,85,51.4,75.6,0.0,1001.8
2024-08-03T11:00,Bharati Station,-3.2,-13.1,83,48.6,68.8,0.0,1003.3
2024-08-03T12:00,Bharati Station,-2.9,-12.8,79,48.4,65.2,0.0,1004.3
2024-08-03T13:00,Bharati Station,-2.3,-10.9,83,39.5,60.5,0.0,1005.2
2024-08-03T14:00,Bharati Station,-2.5,-11.9,82,45.4,60.8,0.0,1006.6
2024-08-03T15:00,Bharati Station,-2.6,-11.1,81,39.2,61.2,0.0,1007.9
2024-08-03T16:00,Bharati Station,-2.8,-10.2,83,31.9,52.2,0.0,1009.1
2024-08-03T17:00,Bharati Station,-2.8,-9.3,83,25.6,42.1,0.0,1010.1
2024-08-03T18:00,Bharati Station,-2.8,-9.1,83,23.3,33.8,0.0,1011.1
2024-08-03T19:00,Bharati Station,-2.7,-8.6,80,20.5,30.6,0.0,1012.0
2024-08-03T20:00,Bharati Station,-2.9,-8.1,78,15.6,27.0,0.0,1013.2
2024-08-03T21:00,Bharati Station,-3.6,-8.2,81,11.2,19.8,0.0,1013.7
2024-08-03T22:00,Bharati Station,-4.4,-9.0,80,11.3,13.7,0.0,1013.9
2024-08-03T23:00,Bharati Station,-4.4,-9.4,76,13.1,15.8,0.0,1013.9
2024-08-04T00:00,Bharati Station,-4.0,-8.8,73,11.2,16.2,0.0,1014.2
2024-08-04T01:00,Bharati Station,-4.2,-9.4,69,14.0,17.6,0.0,1014.4
2024-08-04T02:00,Bharati Station,-4.6,-9.7,69,13.0,16.9,0.0,1014.6
2024-08-04T03:00,Bharati Station,-5.1,-10.3,70,13.3,15.5,0.0,1015.0
2024-08-04T04:00,Bharati Station,-5.7,-10.8,68,12.2,15.5,0.0,1015.5
2024-08-04T05:00,Bharati Station,-6.0,-11.1,65,12.2,14.4,0.0,1015.8
2024-08-04T06:00,Bharati Station,-6.2,-11.5,65,13.5,15.8,3.0,1015.6
2024-08-04T07:00,Bharati Station,-6.4,-11.9,65,14.3,16.6,7.0,1015.6
2024-08-04T08:00,Bharati Station,-6.6,-12.3,65,15.6,18.4,12.0,1015.9
2024-08-04T09:00,Bharati Station,-6.9,-12.9,67,17.3,21.2,6.0,1016.0
2024-08-04T10:00,Bharati Station,-7.1,-13.1,67,18.1,22.7,0.0,1015.7
2024-08-04T11:00,Bharati Station,-7.1,-13.0,65,16.8,22.3,0.0,1015.5
2024-08-04T12:00,Bharati Station,-6.6,-12.6,60,16.8,20.9,0.0,1015.1
2024-08-04T13:00,Bharati Station,-5.4,-11.7,52,18.9,22.0,0.0,1014.9
2024-08-04T14:00,Bharati Station,-4.4,-11.4,47,23.5,29.2,0.0,1014.2
2024-08-04T15:00,Bharati Station,-4.2,-11.1,46,23.1,29.5,0.0,1013.8
2024-08-04T16:00,Bharati Station,-4.6,-11.1,48,20.1,29.2,0.0,1013.3
2024-08-04T17:00,Bharati Station,-5.5,-11.4,50,16.5,24.8,0.0,1013.2
2024-08-04T18:00,Bharati Station,-3.7,-8.4,39,7.9,19.8,0.0,1013.8
2024-08-04T19:00,Bharati Station,-3.9,-8.4,48,6.8,10.1,0.0,1014.4
2024-08-04T20:00,Bharati Station,-2.8,-6.6,45,1.8,8.3,0.0,1014.9
2024-08-04T21:00,Bharati Station,-2.1,-6.5,34,5.4,5.8,0.0,1015.4
2024-08-04T22:00,Bharati Station,-5.2,-10.3,38,9.4,10.8,0.0,1015.1
2024-08-04T23:00,Bharati Station,-6.1,-11.3,40,10.1,11.9,0.0,1014.9
2024-08-05T00:00,Bharati Station,-7.8,-13.3,46,12.2,14.4,0.0,1014.7
2024-08-05T01:00,Bharati Station,-8.6,-14.4,53,14.5,24.1,0.0,1015.6
2024-08-05T02:00,Bharati Station,-3.5,-8.1,32,6.1,17.3,0.0,1015.6
2024-08-05T03:00,Bharati Station,-2.6,-7.4,25,6.9,7.6,0.0,1015.1
2024-08-05T04:00,Bharati Station,-4.6,-9.6,32,8.7,10.8,0.0,1014.9
2024-08-05T05:00,Bharati Station,-7.2,-12.7,43,11.7,14.0,1.0,1014.6
2024-08-05T06:00,Bharati Station,-8.5,-14.5,48,15.8,19.1,12.0,1014.0
2024-08-05T07:00,Bharati Station,-8.2,-14.4,49,16.9,22.3,23.0,1014.0
2024-08-05T08:00,Bharati Station,-8.4,-14.5,52,16.2,21.6,24.0,1014.0
2024-08-05T09:00,Bharati Station,-9.1,-14.6,57,13.1,20.9,13.0,1014.1
2024-08-05T10:00,Bharati Station,-8.8,-14.3,50,12.3,17.6,1.0,1014.0
2024-08-05T11:00,Bharati Station,-9.1,-14.7,50,12.8,17.6,0.0,1013.9
2024-08-05T12:00,Bharati Station,-7.6,-12.8,45,10.6,16.9,0.0,1013.6
2024-08-05T13:00,Bharati Station,-7.8,-13.2,38,10.9,12.2,0.0,1014.9
2024-08-05T14:00,Bharati Station,-6.8,-12.1,34,9.7,14.4,0.0,1015.0
2024-08-05T15:00,Bharati Station,-3.5,-8.4,29,7.2,11.5,0.0,1014.9
2024-08-05T16:00,Bharati Station,-7.2,-12.4,47,10.0,13.7,0.0,1014.7
2024-08-05T17:00,Bharati Station,-7.2,-12.2,52,9.8,13.0,0.0,1014.1
2024-08-05T18:00,Bharati Station,-10.3,-16.7,70,19.5,24.5,0.0,1014.5
2024-08-05T19:00,Bharati Station,-10.9,-16.9,74,16.5,25.9,0.0,1014.4
2024-08-05T20:00,Bharati Station,-4.9,-9.0,54,4.9,19.8,0.0,1013.7
2024-08-05T21:00,Bharati Station,-4.3,-8.2,49,3.1,5.8,0.0,1013.5
2024-08-05T22:00,Bharati Station,-4.9,-9.5,46,6.7,8.6,0.0,1012.9
2024-08-05T23:00,Bharati Station,-7.1,-11.9,50,8.0,9.7,0.0,1012.3
2024-08-06T00:00,Bharati Station,-8.9,-13.9,54,9.1,11.5,0.0,1011.5
2024-08-06T01:00,Bharati Station,-7.8,-12.6,51,7.6,10.8,0.0,1010.0
2024-08-06T02:00,Bharati Station,-11.2,-16.8,62,12.7,14.4,0.0,1009.1
2024-08-06T03:00,Bharati Station,-10.8,-17.0,58,17.0,20.9,0.0,1008.4
2024-08-06T04:00,Bharati Station,-10.7,-16.4,56,13.2,20.9,0.0,1007.8
2024-08-06T05:00,Bharati Station,-3.9,-8.2,32,3.7,16.6,1.0,1007.6
2024-08-06T06:00,Bharati Station,-4.3,-8.6,45,5.5,6.5,14.0,1007.7
2024-08-06T07:00,Bharati Station,-8.7,-13.7,73,10.2,12.6,25.0,1008.2
2024-08-06T08:00,Bharati Station,-10.6,-15.8,77,12.0,15.8,24.0,1008.8
2024-08-06T09:00,Bharati Station,-5.8,-9.9,62,4.7,14.8,12.0,1009.3
2024-08-06T10:00,Bharati Station,-5.6,-9.6,61,4.1,6.1,1.0,1009.8
2024-08-06T11:00,Bharati Station,-5.3,-9.6,56,5.8,7.2,0.0,1010.0
2024-08-06T12:00,Bharati Station,-5.4,-9.6,53,5.2,7.6,0.0,1010.1
2024-08-06T13:00,Bharati Station,-6.4,-10.8,58,6.0,9.0,0.0,1011.6
2024-08-06T14:00,Bharati Station,-11.9,-17.2,65,11.2,13.7,0.0,1011.3
2024-08-06T15:00,Bharati Station,-12.6,-18.1,62,11.9,14.4,0.0,1010.8
2024-08-06T16:00,Bharati Station,-13.1,-18.7,60,12.6,15.8,0.0,1010.1
2024-08-06T17:00,Bharati Station,-12.3,-17.8,57,11.5,15.5,0.0,1009.3
2024-08-06T18:00,Bharati Station,-10.9,-15.9,55,9.0,14.4,0.0,1008.4
2024-08-06T19:00,Bharati Station,-10.5,-15.4,58,8.2,11.2,0.0,1007.6
2024-08-06T20:00,Bharati Station,-11.8,-16.8,61,9.1,11.2,0.0,1006.5
2024-08-06T21:00,Bharati Station,-11.5,-16.5,58,8.6,11.9,0.0,1005.2
2024-08-06T22:00,Bharati Station,-9.3,-13.9,61,6.4,10.8,0.0,1003.9
2024-08-06T23:00,Bharati Station,-13.1,-18.0,85,8.7,10.4,0.0,1002.2
2024-08-07T00:00,Bharati Station,-12.5,-17.3,81,8.1,13.3,0.0,1000.3
2024-08-07T01:00,Bharati Station,-10.2,-14.2,65,2.9,3.6,0.0,999.2
2024-08-07T02:00,Bharati Station,-10.3,-14.0,78,1.5,4.0,0.0,997.5
2024-08-07T03:00,Bharati Station,-9.7,-13.7,61,2.9,4.0,0.0,995.2
2024-08-07T04:00,Bharati Station,-11.5,-15.7,76,4.7,5.0,0.0,993.4
2024-08-07T05:00,Bharati Station,-15.7,-20.8,80,9.2,11.9,2.0,991.3
2024-08-07T06:00,Bharati Station,-15.3,-20.7,78,11.4,14.0,12.0,989.2
2024-08-07T07:00,Bharati Station,-9.2,-13.2,56,2.2,14.4,23.0,987.5
2024-08-07T08:00,Bharati Station,-13.0,-20.7,39,26.0,29.2,31.0,985.2
2024-08-07T09:00,Bharati Station,-13.1,-24.7,42,52.2,75.6,19.0,983.6
2024-08-07T10:00,Bharati Station,-12.9,-24.1,41,49.3,75.2,3.0,983.3
2024-08-07T11:00,Bharati Station,-12.7,-22.5,40,40.6,72.0,0.0,983.5
2024-08-07T12:00,Bharati Station,-12.1,-16.6,38,4.0,59.8,0.0,984.3
2024-08-07T13:00,Bharati Station,-15.2,-21.6,54,17.1,22.7,0.0,985.6
2024-08-07T14:00,Bharati Station,-15.3,-21.7,53,17.3,27.0,0.0,986.9
2024-08-07T15:00,Bharati Station,-15.8,-22.2,46,16.6,23.0,0.0,987.2
2024-08-07T16:00,Bharati Station,-15.0,-22.6,48,24.8,31.3,0.0,988.5
2024-08-07T17:00,Bharati Station,-15.2,-23.1,53,27.3,35.6,0.0,989.6
2024-08-07T18:00,Bharati Station,-14.9,-23.7,53,33.6,41.0,0.0,988.9
2024-08-07T19:00,Bharati Station,-14.6,-24.0,55,37.9,52.2,0.0,989.7
2024-08-07T20:00,Bharati Station,-14.6,-23.6,56,35.0,52.9,0.0,990.8
2024-08-07T21:00,Bharati Station,-14.7,-22.8,57,29.4,47.5,0.0,992.0
2024-08-07T22:00,Bharati Station,-14.8,-22.0,59,22.9,38.5,0.0,992.6
2024-08-07T23:00,Bharati Station,-15.3,-21.6,63,16.7,29.9,0.0,993.0
2024-08-08T00:00,Bharati Station,-16.1,-21.3,62,9.0,21.2,0.0,993.2
2024-08-08T01:00,Bharati Station,-16.4,-22.2,60,12.7,15.8,0.0,992.3
2024-08-08T02:00,Bharati Station,-15.5,-22.2,54,19.1,23.0,0.0,992.5
2024-08-08T03:00,Bharati Station,-14.1,-21.6,57,24.9,31.7,0.0,992.5
2024-08-08T04:00,Bharati Station,-13.6,-21.1,59,25.3,32.8,0.0,992.5
2024-08-08T05:00,Bharati Station,-13.5,-21.2,58,26.4,34.2,3.0,992.2
2024-08-08T06:00,Bharati Station,-13.3,-20.9,58,26.3,34.2,19.0,991.9
2024-08-08T07:00,Bharati Station,-12.8,-20.6,58,27.2,35.6,33.0,991.7
2024-08-08T08:00,Bharati Station,-12.4,-20.4,57,28.8,37.8,33.0,991.0
2024-08-08T09:00,Bharati Station,-12.0,-20.4,58,31.8,41.0,20.0,990.7
2024-08-08T10:00,Bharati Station,-11.4,-20.9,49,38.7,48.2,3.0,990.1
2024-08-08T11:00,Bharati Station,-10.2,-19.8,45,39.9,53.3,0.0,988.9
2024-08-08T12:00,Bharati Station,-8.9,-18.4,46,39.5,55.4,0.0,988.4
2024-08-08T13:00,Bharati Station,-10.5,-18.5,49,29.1,41.4,0.0,987.8
2024-08-08T14:00,Bharati Station,-9.7,-17.5,51,27.6,39.2,0.0,987.7
2024-08-08T15:00,Bharati Station,-9.1,-16.8,56,27.3,36.7,0.0,987.7
2024-08-08T16:00,Bharati Station,-9.1,-15.4,62,18.6,35.6,0.0,987.9
2024-08-08T17:00,Bharati Station,-9.7,-15.5,62,14.8,23.8,0.0,987.8
2024-08-08T18:00,Bharati Station,-8.8,-15.4,59,20.8,23.4,0.0,987.7
2024-08-08T19:00,Bharati Station,-7.1,-15.9,49,35.0,45.4,0.0,987.8
2024-08-08T20:00,Bharati Station,-6.5,-16.1,48,41.4,55.1,0.0,987.6
2024-08-08T21:00,Bharati Station,-6.3,-16.2,47,43.1,58.3,0.0,987.6
2024-08-08T22:00,Bharati Station,-6.2,-16.0,47,42.2,58.0,0.0,987.4
2024-08-08T23:00,Bharati Station,-5.7,-15.8,47,44.6,60.1,0.0,987.2
2024-08-09T00:00,Bharati Station,-5.1,-15.8,46,48.4,65.2,0.0,986.9
2024-08-09T01:00,Bharati Station,-6.3,-15.0,51,35.3,58.3,0.0,987.1
2024-08-09T02:00,Bharati Station,-6.1,-14.1,56,30.5,47.9,0.0,987.5
2024-08-09T03:00,Bharati Station,-6.0,-13.8,55,29.2,40.3,0.0,987.7
2024-08-09T04:00,Bharati Station,-5.6,-14.9,54,39.8,51.1,0.0,987.9
2024-08-09T05:00,Bharati Station,-5.8,-15.8,53,44.6,59.4,0.0,988.6
2024-08-09T06:00,Bharati Station,-5.7,-15.6,52,44.0,60.8,0.0,988.9
2024-08-09T07:00,Bharati Station,-5.9,-15.5,54,42.0,60.5,1.0,989.3
2024-08-09T08:00,Bharati Station,-6.2,-15.5,56,39.4,56.5,3.0,989.8
2024-08-09T09:00,Bharati Station,-6.4,-15.1,58,36.1,52.6,1.0,990.3
2024-08-09T10:00,Bharati Station,-6.5,-14.8,59,32.8,48.6,0.0,990.8
2024-08-09T11:00,Bharati Station,-6.9,-14.3,60,27.2,43.6,0.0,990.9
2024-08-09T12:00,Bharati Station,-6.8,-14.3,60,27.6,37.4,0.0,991.0
2024-08-09T13:00,Bharati Station,-7.0,-17.4,54,46.6,64.8,0.0,989.5
2024-08-09T14:00,Bharati Station,-7.2,-18.0,53,49.4,66.2,0.0,990.0
2024-08-09T15:00,Bharati Station,-7.2,-18.1,52,49.9,70.2,0.0,989.9
2024-08-09T16:00,Bharati Station,-7.2,-17.8,53,48.0,68.4,0.0,990.2
2024-08-09T17:00,Bharati Station,-7.1,-17.3,54,45.0,65.9,0.0,990.6
2024-08-09T18:00,Bharati Station,-7.1,-16.5,56,40.1,60.5,0.0,990.9
2024-08-09T19:00,Bharati Station,-7.2,-15.8,59,34.5,53.6,0.0,991.5
2024-08-09T20:00,Bharati Station,-7.4,-15.6,63,32.2,46.1,0.0,992.2
2024-08-09T21:00,Bharati Station,-7.6,-15.3,63,29.1,42.5,0.0,992.7
2024-08-09T22:00,Bharati Station,-7.7,-15.5,62,28.9,39.2,0.0,993.1
2024-08-09T23:00,Bharati Station,-7.8,-15.6,61,29.5,40.3,0.0,993.4
2024-08-10T00:00,Bharati Station,-8.0,-16.0,60,30.4,40.3,0.0,993.5
2024-08-10T01:00,Bharati Station,-8.3,-17.7,53,39.5,54.4,0.0,991.9
2024-08-10T02:00,Bharati Station,-8.3,-17.5,56,38.3,54.4,0.0,992.2
2024-08-10T03:00,Bharati Station,-8.1,-17.2,57,37.7,52.2,0.0,993.2
2024-08-10T04:00,Bharati Station,-8.1,-17.0,56,36.7,51.5,0.0,993.9
2024-08-10T05:00,Bharati Station,-8.2,-16.8,57,34.2,49.7,0.0,994.5
2024-08-10T06:00,Bharati Station,-8.2,-16.5,57,31.7,46.1,2.0,995.0
2024-08-10T07:00,Bharati Station,-8.4,-16.4,58,30.4,43.2,8.0,995.5
2024-08-10T08:00,Bharati Station,-8.3,-16.1,57,28.8,41.0,3.0,995.9
2024-08-10T09:00,Bharati Station,-8.3,-16.2,57,29.5,40.0,1.0,996.3
2024-08-10T10:00,Bharati Station,-8.5,-16.4,57,29.7,40.7,0.0,996.7
2024-08-10T11:00,Bharati Station,-8.7,-16.2,57,26.7,40.3,0.0,997.1
2024-08-10T12:00,Bharati Station,-9.0,-16.1,63,23.6,36.4,0.0,997.4
2024-08-10T13:00,Bharati Station,-8.9,-18.1,55,37.6,52.2,0.0,996.8
2024-08-10T14:00,Bharati Station,-8.7,-17.2,56,33.6,51.8,0.0,997.0
2024-08-10T15:00,Bharati Station,-8.7,-17.3,53,33.9,46.4,0.0,997.3
2024-08-10T16:00,Bharati Station,-9.0,-17.3,62,32.8,46.1,0.0,997.5
2024-08-10T17:00,Bharati Station,-8.8,-17.2,57,32.8,45.7,0.0,998.0
2024-08-10T18:00,Bharati Station,-8.6,-16.8,55,30.7,44.3,0.0,998.2
2024-08-10T19:00,Bharati Station,-8.5,-16.4,56,29.3,41.8,0.0,998.5
2024-08-10T20:00,Bharati Station,-8.5,-16.3,55,28.5,40.0,0.0,998.6
2024-08-10T21:00,Bharati Station,-8.4,-16.5,57,30.5,41.0,0.0,998.9
2024-08-10T22:00,Bharati Station,-8.4,-16.9,57,33.6,45.7,0.0,999.1
2024-08-10T23:00,Bharati Station,-8.4,-17.3,57,35.8,49.3,0.0,999.5
2024-08-11T00:00,Bharati Station,-8.6,-17.6,58,37.0,50.8,0.0,1000.0
2024-08-11T01:00,Bharati Station,-8.7,-17.6,64,36.6,49.7,0.0,999.0
2024-08-11T02:00,Bharati Station,-8.9,-17.8,60,36.4,51.1,0.0,999.6
2024-08-11T03:00,Bharati Station,-9.3,-18.1,57,34.8,49.7,0.0,1000.0
2024-08-11T04:00,Bharati Station,-9.5,-18.2,58,34.3,47.9,0.0,1000.3
2024-08-11T05:00,Bharati Station,-9.5,-17.9,60,32.8,46.8,0.0,1000.6
2024-08-11T06:00,Bharati Station,-9.4,-18.2,61,35.5,49.0,0.0,1000.8
2024-08-11T07:00,Bharati Station,-9.4,-18.5,60,37.4,51.1,1.0,1001.1
2024-08-11T08:00,Bharati Station,-9.6,-18.6,64,36.9,52.6,2.0,1001.1
2024-08-11T09:00,Bharati Station,-9.7,-18.8,64,37.9,50.8,0.0,1001.3
2024-08-11T10:00,Bharati Station,-9.8,-18.7,65,36.3,51.5,0.0,1001.7
2024-08-11T11:00,Bharati Station,-9.9,-18.7,66,36.0,50.4,0.0,1001.8
2024-08-11T12:00,Bharati Station,-9.9,-18.8,65,36.1,49.0,0.0,1001.9
2024-08-11T13:00,Bharati Station,-10.4,-18.4,65,30.1,40.7,0.0,1002.3
2024-08-11T14:00,Bharati Station,-10.4,-18.4,63,30.3,41.4,0.0,1002.5
2024-08-11T15:00,Bharati Station,-10.5,-18.3,59,27.9,40.7,0.0,1002.8
2024-08-11T16:00,Bharati Station,-10.5,-17.8,59,25.0,37.8,0.0,1003.0
2024-08-11T17:00,Bharati Station,-10.5,-17.3,61,21.4,33.5,0.0,1003.0
2024-08-11T18:00,Bharati Station,-10.6,-16.6,63,16.0,28.4,0.0,1002.9
2024-08-11T19:00,Bharati Station,-10.7,-16.4,61,13.8,21.2,0.0,1002.7
2024-08-11T20:00,Bharati Station,-10.7,-16.5,64,14.6,19.1,0.0,1002.4
2024-08-11T21:00,Bharati Station,-10.5,-16.9,63,18.7,24.1,0.0,1002.2
2024-08-11T22:00,Bharati Station,-10.6,-17.5,64,22.4,29.2,0.0,1001.9
2024-08-11T23:00,Bharati Station,-10.6,-17.9,62,24.5,31.7,0.0,1001.6
2024-08-12T00:00,Bharati Station,-10.7,-18.1,62,26.0,34.6,0.0,1001.4
2024-08-12T01:00,Bharati Station,-11.7,-19.7,61,29.3,43.9,0.0,1000.8
2024-08-12T02:00,Bharati Station,-11.7,-18.9,61,24.1,37.4,0.0,1000.8
2024-08-12T03:00,Bharati Station,-11.5,-18.0,65,19.5,31.0,0.0,1000.6
2024-08-12T04:00,Bharati Station,-11.4,-17.5,65,16.5,24.5,0.0,1000.2
2024-08-12T05:00,Bharati Station,-11.2,-17.4,64,17.0,20.9,0.0,999.7
2024-08-12T06:00,Bharati Station,-11.2,-17.7,65,19.6,24.5,5.0,999.6
2024-08-12T07:00,Bharati Station,-11.3,-18.5,57,23.8,31.0,27.0,999.4
2024-08-12T08:00,Bharati Station,-11.4,-18.7,57,24.7,32.8,35.0,999.3
2024-08-12T09:00,Bharati Station,-11.8,-18.8,58,22.1,32.4,31.0,999.4
2024-08-12T10:00,Bharati Station,-12.3,-18.8,59,19.1,28.8,10.0,999.3
2024-08-12T11:00,Bharati Station,-12.7,-19.2,58,18.9,24.5,0.0,999.0
2024-08-12T12:00,Bharati Station,-12.9,-19.6,57,20.2,25.6,0.0,998.8
2024-08-12T13:00,Bharati Station,-13.9,-20.6,56,19.9,24.8,0.0,997.9
2024-08-12T14:00,Bharati Station,-13.5,-20.9,52,24.2,31.0,0.0,997.9
2024-08-12T15:00,Bharati Station,-13.2,-20.9,53,26.7,34.9,0.0,997.4
2024-08-12T16:00,Bharati Station,-13.2,-21.1,55,27.6,36.4,0.0,997.2
2024-08-12T17:00,Bharati Station,-13.3,-21.1,58,27.4,36.0,0.0,996.8
2024-08-12T18:00,Bharati Station,-13.3,-20.7,59,24.5,35.6,0.0,996.9
2024-08-12T19:00,Bharati Station,-13.2,-19.9,60,19.7,31.7,0.0,996.9
2024-08-12T20:00,Bharati Station,-13.3,-19.8,59,18.3,25.6,0.0,996.9
2024-08-12T21:00,Bharati Station,-13.5,-19.6,62,15.8,23.4,0.0,996.7
2024-08-12T22:00,Bharati Station,-13.7,-19.8,66,16.0,20.2,0.0,996.6
2024-08-12T23:00,Bharati Station,-13.8,-19.9,67,15.9,20.5,0.0,996.5
2024-08-13T00:00,Bharati Station,-13.9,-20.0,66,16.1,20.5,0.0,996.2
2024-08-13T01:00,Bharati Station,-13.2,-19.7,59,18.2,27.0,0.0,995.6
2024-08-13T02:00,Bharati Station,-13.4,-19.6,60,16.1,23.4,0.0,995.6
2024-08-13T03:00,Bharati Station,-13.8,-19.8,63,15.5,20.5,0.0,995.6
2024-08-13T04:00,Bharati Station,-13.8,-20.0,62,16.3,20.9,0.0,995.0
2024-08-13T05:00,Bharati Station,-13.5,-19.6,58,15.9,20.9,0.0,994.6
2024-08-13T06:00,Bharati Station,-13.1,-19.3,57,16.4,21.2,0.0,994.2
2024-08-13T07:00,Bharati Station,-12.8,-19.3,58,18.7,23.0,0.0,993.7
2024-08-13T08:00,Bharati Station,-12.5,-19.6,60,23.2,29.5,0.0,993.6
2024-08-13T09:00,Bharati Station,-12.4,-20.2,61,27.6,35.3,1.0,993.4
2024-08-13T10:00,Bharati Station,-12.4,-20.3,61,28.2,37.4,0.0,993.2
2024-08-13T11:00,Bharati Station,-12.4,-19.9,61,25.6,36.7,0.0,992.8
2024-08-13T12:00,Bharati Station,-12.4,-19.8,61,24.5,33.1,0.0,992.2
2024-08-13T13:00,Bharati Station,-12.7,-20.1,60,24.6,33.8,0.0,992.3
2024-08-13T14:00,Bharati Station,-12.7,-19.6,61,21.5,32.0,0.0,991.8
2024-08-13T15:00,Bharati Station,-12.6,-19.3,62,19.7,27.7,0.0,991.5
2024-08-13T16:00,Bharati Station,-12.5,-18.7,61,17.0,25.6,0.0,990.9
2024-08-13T17:00,Bharati Station,-12.3,-18.2,59,14.8,21.2,0.0,990.0
2024-08-13T18:00,Bharati Station,-12.4,-18.1,57,13.3,18.7,0.0,989.4
2024-08-13T19:00,Bharati Station,-11.9,-18.0,58,15.9,19.4,0.0,988.9
2024-08-13T20:00,Bharati Station,-11.6,-18.0,55,17.8,22.3,0.0,988.5
2024-08-13T21:00,Bharati Station,-11.4,-17.7,52,17.2,23.0,0.0,987.9
2024-08-13T22:00,Bharati Station,-11.5,-17.5,56,15.4,22.3,0.0,987.5
2024-08-13T23:00,Bharati Station,-11.2,-17.5,53,17.2,21.2,0.0,987.1
2024-08-14T00:00,Bharati Station,-10.7,-17.6,49,21.3,26.6,0.0,986.5
2024-08-14T01:00,Bharati Station,-9.2,-16.9,55,27.9,46.1,0.0,984.9
2024-08-14T02:00,Bharati Station,-9.2,-16.1,58,22.7,36.7,0.0,984.8
2024-08-14T03:00,Bharati Station,-9.0,-15.7,56,20.9,29.5,0.0,984.9
2024-08-14T04:00,Bharati Station,-8.4,-15.6,54,24.5,31.7,0.0,984.9
2024-08-14T05:00,Bharati Station,-7.9,-15.3,57,25.9,34.2,0.0,985.3
2024-08-14T06:00,Bharati Station,-7.8,-14.7,60,23.0,34.2,0.0,985.2
2024-08-14T07:00,Bharati Station,-7.7,-14.4,61,21.6,30.2,0.0,985.2
2024-08-14T08:00,Bharati Station,-7.3,-14.8,57,27.2,35.3,0.0,985.2
2024-08-14T09:00,Bharati Station,-6.9,-15.0,55,31.2,41.8,0.0,985.8
2024-08-14T10:00,Bharati Station,-7.0,-14.8,56,28.8,41.4,0.0,986.4
2024-08-14T11:00,Bharati Station,-7.3,-14.6,59,25.8,38.2,0.0,987.2
2024-08-14T12:00,Bharati Station,-7.5,-14.3,60,22.3,33.8,0.0,987.8
2024-08-14T13:00,Bharati Station,-8.2,-14.7,64,20.5,27.7,0.0,988.3
2024-08-14T14:00,Bharati Station,-8.0,-15.5,57,26.8,34.2,0.0,988.9
2024-08-14T15:00,Bharati Station,-8.3,-16.6,55,32.2,42.5,0.0,989.9
2024-08-14T16:00,Bharati Station,-8.4,-16.5,55,30.6,43.2,0.0,990.5
2024-08-14T17:00,Bharati Station,-8.5,-15.9,56,25.4,40.7,0.0,991.0
2024-08-14T18:00,Bharati Station,-8.9,-15.3,59,18.7,33.5,0.0,991.6
2024-08-14T19:00,Bharati Station,-9.2,-14.8,62,13.8,23.8,0.0,992.4
2024-08-14T20:00,Bharati Station,-9.8,-14.9,66,10.2,17.3,0.0,993.0
2024-08-14T21:00,Bharati Station,-9.9,-15.1,65,10.5,13.0,0.0,993.6
2024-08-14T22:00,Bharati Station,-9.9,-15.5,64,13.6,16.6,0.0,994.1
2024-08-14T23:00,Bharati Station,-9.7,-15.8,63,17.2,21.6,0.0,994.6
2024-08-15T00:00,Bharati Station,-9.6,-16.0,62,19.5,25.2,0.0,995.2
2024-08-15T01:00,Bharati Station,-10.4,-14.6,69,4.2,19.4,0.0,994.3
2024-08-15T02:00,Bharati Station,-11.0,-16.9,75,15.7,19.8,0.0,994.5
2024-08-15T03:00,Bharati Station,-11.0,-16.6,67,13.5,19.8,0.0,994.8
2024-08-15T04:00,Bharati Station,-11.0,-16.8,65,15.1,19.4,0.0,995.1
2024-08-15T05:00,Bharati Station,-11.1,-16.8,68,14.3,19.1,2.0,995.5
2024-08-15T06:00,Bharati Station,-10.9,-16.6,67,14.4,18.4,5.0,995.5
2024-08-15T07:00,Bharati Station,-10.5,-16.3,66,14.8,18.7,5.0,995.5
2024-08-15T08:00,Bharati Station,-10.5,-16.3,69,15.1,19.1,2.0,995.4
2024-08-15T09:00,Bharati Station,-10.6,-16.6,68,16.4,20.9,3.0,995.1
2024-08-15T10:00,Bharati Station,-10.3,-16.5,64,17.8,22.3,1.0,994.8
2024-08-15T11:00,Bharati Station,-10.2,-17.0,67,22.0,27.7,0.0,994.3
2024-08-15T12:00,Bharati Station,-10.2,-17.4,62,24.3,31.7,0.0,994.0
2024-08-15T13:00,Bharati Station,-10.3,-17.1,70,22.0,36.7,0.0,992.1
2024-08-15T14:00,Bharati Station,-10.1,-17.5,60,25.6,32.8,0.0,991.3
2024-08-15T15:00,Bharati Station,-9.9,-18.2,61,32.3,44.3,0.0,990.9
2024-08-15T16:00,Bharati Station,-9.8,-17.9,62,30.9,43.6,0.0,990.1
2024-08-15T17:00,Bharati Station,-9.7,-18.0,61,31.9,42.1,0.0,989.1
2024-08-15T18:00,Bharati Station,-9.6,-17.6,63,30.2,42.1,0.0,988.4
2024-08-15T19:00,Bharati Station,-9.4,-17.4,62,30.1,40.0,0.0,987.4
2024-08-15T20:00,Bharati Station,-9.3,-17.4,61,31.1,40.3,0.0,986.3
2024-08-15T21:00,Bharati Station,-9.1,-17.3,60,31.4,41.0,0.0,985.1
2024-08-15T22:00,Bharati Station,-9.1,-17.5,61,33.0,44.3,0.0,984.4
2024-08-15T23:00,Bharati Station,-9.1,-18.4,62,39.2,50.8,0.0,982.6
2024-08-16T00:00,Bharati Station,-9.1,-19.6,63,47.0,63.4,0.0,981.5
2024-08-16T01:00,Bharati Station,-10.0,-19.6,68,41.3,61.2,0.0,980.2
2024-08-16T02:00,Bharati Station,-9.9,-19.6,68,41.9,54.4,0.0,980.0
2024-08-16T03:00,Bharati Station,-9.6,-19.0,68,40.1,56.9,0.0,979.3
2024-08-16T04:00,Bharati Station,-9.3,-18.4,70,37.8,52.2,0.0,979.0
2024-08-16T05:00,Bharati Station,-9.1,-17.5,72,33.6,49.7,0.0,978.2
2024-08-16T06:00,Bharati Station,-9.0,-16.4,72,26.9,43.9,0.0,977.0
2024-08-16T07:00,Bharati Station,-8.9,-15.9,71,23.6,35.3,0.0,975.9
2024-08-16T08:00,Bharati Station,-8.8,-15.5,69,22.4,30.6,0.0,974.8
2024-08-16T09:00,Bharati Station,-8.7,-15.2,69,21.1,28.8,0.0,974.0
2024-08-16T10:00,Bharati Station,-8.6,-15.4,68,22.8,28.4,0.0,972.9
2024-08-16T11:00,Bharati Station,-8.4,-15.3,67,23.3,29.9,0.0,971.7
2024-08-16T12:00,Bharati Station,-8.3,-15.3,67,24.0,30.2,0.0,970.7
2024-08-16T13:00,Bharati Station,-8.7,-14.3,74,14.3,18.0,0.0,969.2
2024-08-16T14:00,Bharati Station,-8.5,-14.4,71,16.6,20.5,0.0,968.2
2024-08-16T15:00,Bharati Station,-8.4,-14.5,70,18.1,23.0,0.0,967.5
2024-08-16T16:00,Bharati Station,-8.3,-14.7,70,20.4,25.9,0.0,967.2
2024-08-16T17:00,Bharati Station,-7.9,-14.9,73,24.4,31.3,0.0,966.2
2024-08-16T18:00,Bharati Station,-7.6,-14.2,73,22.1,31.7,0.0,965.3
2024-08-16T19:00,Bharati Station,-6.8,-13.6,72,23.9,30.2,0.0,964.6
2024-08-16T20:00,Bharati Station,-6.6,-13.2,78,23.2,31.7,0.0,964.6
2024-08-16T21:00,Bharati Station,-6.1,-13.2,81,27.4,34.2,0.0,965.0
2024-08-16T22:00,Bharati Station,-5.3,-13.6,81,35.7,46.1,0.0,965.2
2024-08-16T23:00,Bharati Station,-5.0,-12.9,82,32.9,46.4,0.0,965.2
2024-08-17T00:00,Bharati Station,-5.0,-12.3,84,29.0,42.5,0.0,965.2
2024-08-17T01:00,Bharati Station,-5.8,-12.2,76,21.9,31.3,0.0,964.9
2024-08-17T02:00,Bharati Station,-6.0,-11.6,78,16.4,28.1,0.0,964.0
2024-08-17T03:00,Bharati Station,-6.5,-11.1,79,9.9,20.5,0.0,963.3
2024-08-17T04:00,Bharati Station,-6.6,-11.6,76,11.5,13.3,0.0,962.0
2024-08-17T05:00,Bharati Station,-6.5,-12.0,75,15.1,18.7,0.0,960.1
2024-08-17T06:00,Bharati Station,-6.3,-11.7,73,14.7,19.1,0.0,957.8
2024-08-17T07:00,Bharati Station,-6.6,-11.7,73,11.9,18.0,1.0,955.3
2024-08-17T08:00,Bharati Station,-6.7,-11.5,72,10.1,14.4,1.0,953.5
2024-08-17T09:00,Bharati Station,-6.6,-11.5,71,10.4,12.2,0.0,952.5
2024-08-17T10:00,Bharati Station,-5.7,-10.2,65,7.7,11.9,1.0,951.6
2024-08-17T11:00,Bharati Station,-4.0,-8.0,56,4.2,9.4,0.0,951.0
2024-08-17T12:00,Bharati Station,-6.4,-10.6,68,5.7,7.2,0.0,951.3
2024-08-17T13:00,Bharati Station,-5.2,-9.2,63,4.5,4.7,0.0,954.4
2024-08-17T14:00,Bharati Station,-9.0,-14.7,80,15.8,19.1,0.0,957.0
2024-08-17T15:00,Bharati Station,-10.1,-16.3,85,19.1,24.1,0.0,961.4
2024-08-17T16:00,Bharati Station,-9.7,-17.9,86,32.7,41.0,0.0,965.6
2024-08-17T17:00,Bharati Station,-9.2,-17.0,89,30.7,46.1,0.0,968.6
2024-08-17T18:00,Bharati Station,-8.2,-15.3,91,26.3,40.3,0.0,970.5
2024-08-17T19:00,Bharati Station,-6.8,-14.6,90,32.1,41.0,0.0,972.1
2024-08-17T20:00,Bharati Station,-6.7,-13.5,90,25.8,41.8,0.0,973.5
2024-08-17T21:00,Bharati Station,-6.3,-12.7,89,22.6,33.8,0.0,974.5
2024-08-17T22:00,Bharati Station,-6.0,-12.5,83,23.5,30.6,0.0,975.7
2024-08-17T23:00,Bharati Station,-5.9,-12.2,78,21.0,30.6,0.0,976.7
2024-08-18T00:00,Bharati Station,-6.2,-11.7,77,15.9,26.6,0.0,977.5
2024-08-18T01:00,Bharati Station,-6.8,-11.5,81,10.1,19.8,0.0,977.1
2024-08-18T02:00,Bharati Station,-7.5,-11.8,77,6.4,12.2,0.0,978.0
2024-08-18T03:00,Bharati Station,-8.5,-13.1,74,8.2,9.7,0.0,978.8
2024-08-18T04:00,Bharati Station,-8.9,-13.7,72,9.2,10.4,2.0,979.6
2024-08-18T05:00,Bharati Station,-9.1,-14.2,73,11.4,13.0,17.0,980.5
2024-08-18T06:00,Bharati Station,-8.0,-13.2,72,12.3,14.4,15.0,981.0
2024-08-18T07:00,Bharati Station,-6.5,-11.2,72,9.0,14.4,0.0,981.7
2024-08-18T08:00,Bharati Station,-5.4,-9.6,70,6.6,10.4,0.0,982.1
2024-08-18T09:00,Bharati Station,-6.3,-11.2,74,11.7,13.0,0.0,982.3
2024-08-18T10:00,Bharati Station,-7.9,-13.5,68,14.6,16.6,21.0,981.7
2024-08-18T11:00,Bharati Station,-9.6,-15.9,64,18.5,23.4,2.0,981.3
2024-08-18T12:00,Bharati Station,-11.0,-17.3,67,17.8,23.8,0.0,980.9
2024-08-18T13:00,Bharati Station,-10.8,-16.6,64,14.8,19.4,0.0,981.9
2024-08-18T14:00,Bharati Station,-11.3,-17.1,64,14.1,18.4,0.0,981.5
2024-08-18T15:00,Bharati Station,-11.8,-17.4,63,12.8,17.3,0.0,981.1
2024-08-18T16:00,Bharati Station,-12.1,-17.4,63,10.9,15.5,0.0,980.6
2024-08-18T17:00,Bharati Station,-12.6,-17.9,65,10.7,12.6,0.0,979.8
2024-08-18T18:00,Bharati Station,-13.0,-18.6,65,12.7,14.8,0.0,979.1
2024-08-18T19:00,Bharati Station,-13.5,-19.2,65,12.9,15.8,0.0,978.3
2024-08-18T20:00,Bharati Station,-13.8,-19.5,66,13.1,15.8,0.0,977.5
2024-08-18T21:00,Bharati Station,-14.1,-20.0,66,14.5,18.0,0.0,976.8
2024-08-18T22:00,Bharati Station,-14.5,-20.2,69,13.4,18.4,0.0,976.3
2024-08-18T23:00,Bharati Station,-14.0,-19.1,67,9.1,16.2,0.0,976.3
2024-08-19T00:00,Bharati Station,-12.2,-17.0,59,7.6,10.8,0.0,976.1
2024-08-19T01:00,Bharati Station,-8.6,-13.7,55,9.9,11.2,0.0,976.4
2024-08-19T02:00,Bharati Station,-10.0,-16.4,63,19.5,22.3,0.0,977.0
2024-08-19T03:00,Bharati Station,-9.1,-15.9,62,22.0,27.7,0.0,977.7
2024-08-19T04:00,Bharati Station,-8.6,-15.2,58,20.7,27.4,3.0,978.3
2024-08-19T05:00,Bharati Station,-8.2,-14.7,58,19.9,25.6,24.0,978.6
2024-08-19T06:00,Bharati Station,-7.9,-14.3,57,19.6,24.5,55.0,978.8
2024-08-19T07:00,Bharati Station,-7.8,-14.1,57,18.8,24.1,74.0,979.3
2024-08-19T08:00,Bharati Station,-8.2,-14.2,59,16.6,23.0,70.0,979.7
2024-08-19T09:00,Bharati Station,-8.6,-14.5,58,15.8,19.8,56.0,980.1
2024-08-19T10:00,Bharati Station,-8.7,-14.8,56,16.9,20.2,26.0,980.6
2024-08-19T11:00,Bharati Station,-8.6,-15.1,54,19.5,23.8,3.0,980.6
2024-08-19T12:00,Bharati Station,-8.6,-15.2,54,20.4,25.6,0.0,980.8
2024-08-19T13:00,Bharati Station,-7.5,-15.0,53,26.7,33.8,0.0,982.0
2024-08-19T14:00,Bharati Station,-7.7,-14.7,54,23.2,34.2,0.0,981.9
2024-08-19T15:00,Bharati Station,-8.4,-15.0,55,20.4,28.8,0.0,982.2
2024-08-19T16:00,Bharati Station,-8.7,-15.4,54,20.5,25.6,0.0,982.2
2024-08-19T17:00,Bharati Station,-8.8,-15.5,54,20.5,25.6,0.0,981.7
2024-08-19T18:00,Bharati Station,-8.5,-15.4,53,22.4,27.7,0.0,981.5
2024-08-19T19:00,Bharati Station,-8.4,-15.3,54,22.4,28.4,0.0,981.5
2024-08-19T20:00,Bharati Station,-8.4,-15.3,55,22.0,28.4,0.0,981.7
2024-08-19T21:00,Bharati Station,-8.4,-15.3,55,22.3,28.1,0.0,981.7
2024-08-19T22:00,Bharati Station,-8.4,-15.3,54,22.0,28.1,0.0,981.9
2024-08-19T23:00,Bharati Station,-8.6,-15.3,54,21.3,27.7,0.0,982.1
2024-08-20T00:00,Bharati Station,-8.8,-15.5,55,20.6,27.0,0.0,982.3
2024-08-20T01:00,Bharati Station,-9.4,-16.5,57,23.3,30.2,0.0,982.4
2024-08-20T02:00,Bharati Station,-9.5,-16.4,57,21.9,29.9,0.0,982.5
2024-08-20T03:00,Bharati Station,-10.2,-16.4,60,17.8,28.1,0.0,983.1
2024-08-20T04:00,Bharati Station,-10.6,-16.6,61,15.9,22.3,4.0,983.5
2024-08-20T05:00,Bharati Station,-10.5,-16.6,59,16.2,19.8,30.0,983.7
2024-08-20T06:00,Bharati Station,-10.2,-16.5,59,18.1,23.0,60.0,983.8
2024-08-20T07:00,Bharati Station,-10.0,-16.3,61,18.1,23.4,80.0,983.9
2024-08-20T08:00,Bharati Station,-9.7,-16.1,59,18.7,23.4,80.0,984.2
2024-08-20T09:00,Bharati Station,-9.3,-16.2,57,22.0,28.4,61.0,984.3
2024-08-20T10:00,Bharati Station,-9.3,-16.4,55,23.8,30.6,30.0,984.4
2024-08-20T11:00,Bharati Station,-9.2,-16.6,54,25.6,33.5,4.0,984.6
2024-08-20T12:00,Bharati Station,-9.3,-16.8,53,25.9,33.8,0.0,984.6
2024-08-20T13:00,Bharati Station,-10.3,-17.1,57,21.2,27.4,0.0,985.7
2024-08-20T14:00,Bharati Station,-10.3,-17.2,57,21.6,28.1,0.0,985.6
2024-08-20T15:00,Bharati Station,-10.5,-17.2,56,20.9,28.1,0.0,985.4
2024-08-20T16:00,Bharati Station,-10.5,-17.3,56,21.3,27.4,0.0,985.4
2024-08-20T17:00,Bharati Station,-10.7,-17.5,57,21.3,27.7,0.0,985.1
2024-08-20T18:00,Bharati Station,-10.7,-17.5,57,21.0,27.7,0.0,984.9
2024-08-20T19:00,Bharati Station,-10.8,-17.7,56,21.6,27.7,0.0,985.0
2024-08-20T20:00,Bharati Station,-10.8,-17.8,57,22.0,28.4,0.0,984.8
2024-08-20T21:00,Bharati Station,-10.9,-17.8,56,21.6,28.8,0.0,984.9
2024-08-20T22:00,Bharati Station,-11.0,-17.9,56,21.6,28.1,0.0,984.7
2024-08-20T23:00,Bharati Station,-11.2,-17.9,57,20.2,28.1,0.0,984.5
2024-08-21T00:00,Bharati Station,-11.5,-18.0,58,18.4,26.3,0.0,984.3
2024-08-21T01:00,Bharati Station,-13.0,-18.7,69,13.2,16.6,0.0,983.5
2024-08-21T02:00,Bharati Station,-13.4,-18.9,70,12.2,16.6,0.0,983.5
2024-08-21T03:00,Bharati Station,-13.7,-19.0,71,10.6,15.1,0.0,983.1
2024-08-21T04:00,Bharati Station,-13.0,-18.1,63,8.9,13.0,5.0,982.9
2024-08-21T05:00,Bharati Station,-13.4,-18.7,60,10.5,12.6,31.0,982.5
2024-08-21T06:00,Bharati Station,-12.5,-19.0,60,18.8,22.7,61.0,982.3
2024-08-21T07:00,Bharati Station,-12.2,-18.7,69,19.3,25.2,80.0,982.5
2024-08-21T08:00,Bharati Station,-12.1,-18.3,67,17.1,24.5,82.0,982.3
2024-08-21T09:00,Bharati Station,-12.2,-18.2,64,15.9,21.6,63.0,982.0
2024-08-21T10:00,Bharati Station,-12.3,-18.5,60,16.9,21.2,32.0,981.8
2024-08-21T11:00,Bharati Station,-12.6,-18.8,59,16.6,21.6,5.0,981.7
2024-08-21T12:00,Bharati Station,-12.7,-19.1,57,17.4,21.6,0.0,981.6
2024-08-21T13:00,Bharati Station,-13.3,-20.0,59,19.7,28.8,0.0,982.9
2024-08-21T14:00,Bharati Station,-13.5,-19.9,61,18.1,25.2,0.0,983.0
2024-08-21T15:00,Bharati Station,-13.7,-20.0,61,17.0,23.0,0.0,983.2
2024-08-21T16:00,Bharati Station,-13.9,-20.1,62,16.2,21.6,0.0,982.8
2024-08-21T17:00,Bharati Station,-13.8,-20.1,59,16.9,21.6,0.0,982.9
2024-08-21T18:00,Bharati Station,-13.6,-20.1,59,18.1,23.0,0.0,983.2
2024-08-21T19:00,Bharati Station,-13.1,-20.3,55,23.0,29.5,0.0,983.5
2024-08-21T20:00,Bharati Station,-13.0,-20.3,55,24.2,31.7,0.0,983.9
2024-08-21T21:00,Bharati Station,-12.9,-20.2,54,23.5,31.7,0.0,984.1
2024-08-21T22:00,Bharati Station,-13.0,-20.3,55,23.5,31.0,0.0,984.4
2024-08-21T23:00,Bharati Station,-13.1,-20.4,55,23.8,31.3,0.0,984.8
2024-08-22T00:00,Bharati Station,-13.2,-20.5,55,23.8,31.0,0.0,985.1
2024-08-22T01:00,Bharati Station,-14.1,-21.0,60,21.5,32.8,0.0,984.7
2024-08-22T02:00,Bharati Station,-14.0,-21.1,54,21.7,29.2,0.0,985.4
2024-08-22T03:00,Bharati Station,-14.1,-20.8,55,19.8,28.8,0.0,985.8
2024-08-22T04:00,Bharati Station,-14.4,-20.7,63,17.0,25.9,2.0,986.2
2024-08-22T05:00,Bharati Station,-14.4,-20.5,66,15.5,22.0,21.0,986.5
2024-08-22T06:00,Bharati Station,-14.5,-20.4,70,14.6,19.4,38.0,986.7
2024-08-22T07:00,Bharati Station,-14.4,-20.5,64,15.7,20.2,41.0,987.0
2024-08-22T08:00,Bharati Station,-14.2,-20.5,58,16.7,21.2,15.0,987.1
2024-08-22T09:00,Bharati Station,-14.2,-20.3,58,15.7,21.6,7.0,987.1
2024-08-22T10:00,Bharati Station,-14.5,-20.5,58,14.5,20.2,11.0,986.9
2024-08-22T11:00,Bharati Station,-15.1,-20.9,69,14.0,18.7,1.0,986.7
2024-08-22T12:00,Bharati Station,-15.5,-21.4,76,14.2,18.4,0.0,986.9
2024-08-22T13:00,Bharati Station,-16.9,-23.1,79,16.0,21.6,0.0,986.9
2024-08-22T14:00,Bharati Station,-16.7,-22.7,80,15.3,21.6,0.0,987.2
2024-08-22T15:00,Bharati Station,-16.1,-22.0,76,14.2,20.2,0.0,987.3
2024-08-22T16:00,Bharati Station,-16.0,-21.6,74,12.2,18.4,0.0,987.2
2024-08-22T17:00,Bharati Station,-16.0,-21.8,59,13.0,15.8,0.0,987.2
2024-08-22T18:00,Bharati Station,-16.0,-22.6,56,18.1,22.3,0.0,987.1
2024-08-22T19:00,Bharati Station,-16.3,-23.0,67,19.1,25.2,0.0,987.4
2024-08-22T20:00,Bharati Station,-16.2,-22.5,66,16.7,24.5,0.0,987.5
2024-08-22T21:00,Bharati Station,-16.5,-22.5,64,14.5,21.2,0.0,987.8
2024-08-22T22:00,Bharati Station,-16.9,-22.8,64,13.8,18.0,0.0,987.9
2024-08-22T23:00,Bharati Station,-17.0,-23.0,74,14.8,18.4,0.0,987.8
2024-08-23T00:00,Bharati Station,-17.2,-23.2,78,15.0,19.4,0.0,987.6
2024-08-23T01:00,Bharati Station,-17.4,-23.8,61,17.4,24.1,0.0,986.3
2024-08-23T02:00,Bharati Station,-17.6,-23.8,62,15.1,22.3,0.0,986.6
2024-08-23T03:00,Bharati Station,-18.1,-24.2,63,14.4,19.1,0.0,986.9
2024-08-23T04:00,Bharati Station,-18.5,-24.4,72,13.7,18.4,4.0,986.7
2024-08-23T05:00,Bharati Station,-18.5,-24.3,74,12.7,17.3,27.0,986.9
2024-08-23T06:00,Bharati Station,-18.4,-24.1,75,12.1,15.8,50.0,986.8
2024-08-23T07:00,Bharati Station,-18.3,-24.1,76,13.0,16.2,62.0,986.9
2024-08-23T08:00,Bharati Station,-18.2,-24.0,76,12.8,16.2,78.0,987.0
2024-08-23T09:00,Bharati Station,-18.3,-24.0,77,12.1,15.8,64.0,987.1
2024-08-23T10:00,Bharati Station,-18.2,-24.0,62,12.6,15.5,15.0,987.3
2024-08-23T11:00,Bharati Station,-18.3,-24.1,60,13.0,15.8,1.0,987.4
2024-08-23T12:00,Bharati Station,-18.4,-24.2,66,12.8,16.2,0.0,987.6
2024-08-23T13:00,Bharati Station,-18.5,-24.9,60,16.2,20.5,0.0,987.8
2024-08-23T14:00,Bharati Station,-18.6,-24.7,60,14.9,20.9,0.0,988.4
2024-08-23T15:00,Bharati Station,-18.8,-24.6,69,13.3,19.1,0.0,988.6
2024-08-23T16:00,Bharati Station,-18.9,-24.8,75,13.9,17.6,0.0,988.8
2024-08-23T17:00,Bharati Station,-19.2,-25.1,77,13.8,17.6,0.0,988.8
2024-08-23T18:00,Bharati Station,-19.3,-25.3,77,14.1,18.0,0.0,988.8
2024-08-23T19:00,Bharati Station,-19.4,-25.4,73,13.9,17.6,0.0,989.2
2024-08-23T20:00,Bharati Station,-19.3,-25.4,70,14.6,18.0,0.0,989.5
2024-08-23T21:00,Bharati Station,-19.2,-25.4,66,15.4,19.1,0.0,989.7
2024-08-23T22:00,Bharati Station,-19.4,-25.6,68,15.5,19.1,0.0,990.0
2024-08-23T23:00,Bharati Station,-19.3,-25.6,69,16.1,20.2,0.0,990.2
2024-08-24T00:00,Bharati Station,-19.2,-25.4,70,15.8,20.2,0.0,990.5
2024-08-24T01:00,Bharati Station,-19.7,-25.7,60,13.8,21.2,0.0,989.7
2024-08-24T02:00,Bharati Station,-20.0,-25.6,67,11.4,16.9,0.0,990.1
2024-08-24T03:00,Bharati Station,-20.1,-25.8,69,12.0,14.8,0.0,990.6
2024-08-24T04:00,Bharati Station,-20.1,-25.8,69,12.0,15.1,1.0,990.8
2024-08-24T05:00,Bharati Station,-20.2,-25.8,69,11.3,14.8,10.0,990.7
2024-08-24T06:00,Bharati Station,-20.1,-25.5,68,9.8,13.3,25.0,990.4
2024-08-24T07:00,Bharati Station,-20.0,-25.1,68,8.3,11.5,56.0,990.5
2024-08-24T08:00,Bharati Station,-19.8,-24.8,69,7.6,10.1,79.0,990.6
2024-08-24T09:00,Bharati Station,-19.8,-24.8,70,7.6,9.4,71.0,991.0
2024-08-24T10:00,Bharati Station,-19.6,-24.6,70,7.7,9.4,24.0,991.0
2024-08-24T11:00,Bharati Station,-19.0,-23.9,68,6.8,9.0,4.0,990.9
2024-08-24T12:00,Bharati Station,-18.2,-23.0,64,6.1,8.3,0.0,991.0
2024-08-24T13:00,Bharati Station,-19.0,-24.0,60,6.9,10.8,0.0,990.9
2024-08-24T14:00,Bharati Station,-19.0,-24.0,60,7.4,9.0,0.0,991.3
2024-08-24T15:00,Bharati Station,-19.4,-24.7,61,8.7,10.1,0.0,991.2
2024-08-24T16:00,Bharati Station,-19.8,-25.2,60,9.7,11.5,0.0,991.2
2024-08-24T17:00,Bharati Station,-19.4,-24.7,57,9.4,11.9,0.0,991.1
2024-08-24T18:00,Bharati Station,-18.6,-24.0,56,9.4,11.5,0.0,991.2
2024-08-24T19:00,Bharati Station,-17.2,-22.3,54,8.2,11.2,0.0,991.4
2024-08-24T20:00,Bharati Station,-16.4,-21.4,54,7.1,9.7,0.0,991.4
2024-08-24T21:00,Bharati Station,-18.2,-23.6,57,9.7,11.5,0.0,991.1
2024-08-24T22:00,Bharati Station,-18.4,-23.9,57,10.5,12.6,0.0,990.8
2024-08-24T23:00,Bharati Station,-18.3,-23.7,57,10.3,12.6,0.0,990.8
2024-08-25T00:00,Bharati Station,-18.8,-24.4,58,11.1,13.0,0.0,990.8
2024-08-25T01:00,Bharati Station,-18.7,-24.2,61,10.6,12.6,0.0,988.8
2024-08-25T02:00,Bharati Station,-18.6,-24.0,61,10.2,13.0,0.0,988.4
2024-08-25T03:00,Bharati Station,-18.2,-23.6,59,10.2,12.2,0.0,988.7
2024-08-25T04:00,Bharati Station,-18.0,-23.5,58,11.0,13.0,0.0,988.6
2024-08-25T05:00,Bharati Station,-17.1,-22.6,56,10.4,13.3,10.0,988.4
2024-08-25T06:00,Bharati Station,-15.2,-20.3,51,8.1,12.2,57.0,988.2
2024-08-25T07:00,Bharati Station,-13.1,-18.0,46,6.9,9.7,102.0,988.4
2024-08-25T08:00,Bharati Station,-13.5,-18.5,48,7.6,9.0,107.0,988.5
2024-08-25T09:00,Bharati Station,-13.6,-18.6,49,7.9,9.7,88.0,988.7
2024-08-25T10:00,Bharati Station,-15.3,-20.7,54,10.2,11.9,53.0,988.5
2024-08-25T11:00,Bharati Station,-16.4,-22.0,56,11.5,13.7,13.0,988.3
2024-08-25T12:00,Bharati Station,-16.7,-22.3,56,11.1,13.7,0.0,988.1
2024-08-25T13:00,Bharati Station,-18.6,-24.7,61,14.5,16.9,0.0,987.5
2024-08-25T14:00,Bharati Station,-18.7,-24.9,61,15.3,18.7,0.0,987.1
2024-08-25T15:00,Bharati Station,-18.7,-24.6,61,13.8,18.4,0.0,987.1
2024-08-25T16:00,Bharati Station,-17.5,-23.1,57,11.2,16.2,0.0,987.1
2024-08-25T17:00,Bharati Station,-16.8,-22.3,56,10.4,13.7,0.0,986.9
2024-08-25T18:00,Bharati Station,-16.9,-22.5,57,11.0,13.7,0.0,986.5
2024-08-25T19:00,Bharati Station,-16.5,-22.0,57,10.9,13.3,0.0,986.4
2024-08-25T20:00,Bharati Station,-15.7,-21.1,54,10.0,13.0,0.0,986.5
2024-08-25T21:00,Bharati Station,-15.8,-21.2,54,10.4,12.2,0.0,986.3
2024-08-25T22:00,Bharati Station,-16.6,-22.2,56,11.3,13.7,0.0,986.4
2024-08-25T23:00,Bharati Station,-15.3,-20.7,52,10.0,13.7,0.0,986.7
2024-08-26T00:00,Bharati Station,-15.3,-20.7,53,10.2,12.2,0.0,986.8
2024-08-26T01:00,Bharati Station,-15.3,-20.7,55,10.2,16.9,0.0,986.7
2024-08-26T02:00,Bharati Station,-14.7,-20.1,52,10.1,12.6,0.0,986.8
2024-08-26T03:00,Bharati Station,-16.8,-22.5,58,12.3,14.4,0.0,987.1
2024-08-26T04:00,Bharati Station,-17.7,-24.1,64,17.1,20.2,18.0,987.0
2024-08-26T05:00,Bharati Station,-17.4,-24.0,64,18.6,23.0,59.0,986.8
2024-08-26T06:00,Bharati Station,-17.0,-23.4,64,17.1,23.0,98.0,987.0
2024-08-26T07:00,Bharati Station,-16.7,-22.6,62,13.4,20.9,118.0,987.6
2024-08-26T08:00,Bharati Station,-14.8,-20.3,55,10.6,16.2,118.0,988.4
2024-08-26T09:00,Bharati Station,-14.7,-20.2,55,11.1,13.3,96.0,989.3
2024-08-26T10:00,Bharati Station,-16.1,-22.0,60,13.7,15.8,57.0,990.1
2024-08-26T11:00,Bharati Station,-16.1,-22.7,59,18.5,22.0,16.0,990.5
2024-08-26T12:00,Bharati Station,-16.1,-23.0,59,20.8,25.9,0.0,991.2
2024-08-26T13:00,Bharati Station,-15.7,-22.8,53,21.7,28.8,0.0,993.4
2024-08-26T14:00,Bharati Station,-16.1,-22.8,55,19.2,26.6,0.0,994.4
2024-08-26T15:00,Bharati Station,-16.3,-23.0,54,18.5,23.4,0.0,995.2
2024-08-26T16:00,Bharati Station,-16.7,-23.4,57,18.7,22.7,0.0,995.5
2024-08-26T17:00,Bharati Station,-17.1,-23.8,60,19.0,23.8,0.0,996.0
2024-08-26T18:00,Bharati Station,-17.5,-24.1,61,18.3,23.8,0.0,996.6
2024-08-26T19:00,Bharati Station,-17.7,-24.2,62,17.7,22.7,0.0,997.5
2024-08-26T20:00,Bharati Station,-17.9,-24.2,61,16.3,21.6,0.0,998.3
2024-08-26T21:00,Bharati Station,-18.0,-24.1,60,14.9,20.2,0.0,998.9
2024-08-26T22:00,Bharati Station,-18.3,-24.1,60,12.7,18.4,0.0,999.6
2024-08-26T23:00,Bharati Station,-18.5,-24.3,62,12.2,15.5,0.0,1000.2
2024-08-27T00:00,Bharati Station,-19.0,-24.9,64,13.2,16.2,0.0,1000.6
2024-08-27T01:00,Bharati Station,-17.1,-22.4,67,9.7,11.9,0.0,1001.4
2024-08-27T02:00,Bharati Station,-19.2,-25.0,72,13.2,15.8,0.0,1001.8
2024-08-27T03:00,Bharati Station,-18.8,-24.4,67,11.5,16.2,0.0,1002.4
2024-08-27T04:00,Bharati Station,-17.3,-22.6,63,9.2,14.0,12.0,1002.7
2024-08-27T05:00,Bharati Station,-17.9,-23.3,72,10.0,11.9,23.0,1003.4
2024-08-27T06:00,Bharati Station,-18.6,-24.4,73,13.0,16.2,18.0,1003.5
2024-08-27T07:00,Bharati Station,-18.3,-24.6,69,15.9,19.4,116.0,1003.2
2024-08-27T08:00,Bharati Station,-18.4,-24.4,70,14.2,19.8,124.0,1003.8
2024-08-27T09:00,Bharati Station,-18.2,-24.4,69,15.3,19.1,101.0,1004.2
2024-08-27T10:00,Bharati Station,-18.7,-24.8,69,15.0,19.1,61.0,1004.5
2024-08-27T11:00,Bharati Station,-19.1,-25.5,70,17.1,21.6,18.0,1004.7
2024-08-27T12:00,Bharati Station,-19.5,-26.0,75,17.8,23.0,0.0,1004.8
2024-08-27T13:00,Bharati Station,-18.7,-25.3,66,18.1,23.0,0.0,1006.1
2024-08-27T14:00,Bharati Station,-18.5,-24.9,64,17.0,23.0,0.0,1006.5
2024-08-27T15:00,Bharati Station,-18.4,-25.0,63,17.8,22.3,0.0,1006.4
2024-08-27T16:00,Bharati Station,-17.2,-22.5,53,9.4,22.3,0.0,1006.8
2024-08-27T17:00,Bharati Station,-12.9,-17.4,40,3.9,11.5,0.0,1007.4
2024-08-27T18:00,Bharati Station,-12.2,-16.6,34,2.9,4.7,0.0,1008.1
2024-08-27T19:00,Bharati Station,-11.9,-16.6,24,4.4,5.0,0.0,1008.4
2024-08-27T20:00,Bharati Station,-11.5,-16.4,25,6.0,7.6,0.0,1008.3
2024-08-27T21:00,Bharati Station,-13.7,-19.0,33,9.0,11.2,0.0,1008.3
2024-08-27T22:00,Bharati Station,-15.9,-21.5,41,10.8,14.0,0.0,1008.4
2024-08-27T23:00,Bharati Station,-15.7,-21.2,53,10.6,14.0,0.0,1008.8
2024-08-28T00:00,Bharati Station,-16.9,-22.7,56,12.4,15.5,0.0,1008.6
2024-08-28T01:00,Bharati Station,-16.7,-22.7,45,13.2,16.9,0.0,1007.4
2024-08-28T02:00,Bharati Station,-15.2,-20.7,45,10.7,16.6,0.0,1007.2
2024-08-28T03:00,Bharati Station,-13.6,-18.9,38,9.3,14.0,0.0,1006.6
2024-08-28T04:00,Bharati Station,-11.7,-16.9,27,8.0,11.9,4.0,1005.6
2024-08-28T05:00,Bharati Station,-13.9,-19.4,34,10.1,13.3,5.0,1004.3
2024-08-28T06:00,Bharati Station,-11.0,-16.0,36,7.4,13.3,7.0,1003.7
2024-08-28T07:00,Bharati Station,-10.4,-15.0,39,5.4,16.6,8.0,1003.4
2024-08-28T08:00,Bharati Station,-13.1,-18.3,55,9.3,11.9,32.0,1002.4
2024-08-28T09:00,Bharati Station,-11.7,-16.7,59,8.8,12.2,18.0,1001.8
2024-08-28T10:00,Bharati Station,-14.5,-20.7,61,15.8,15.8,8.0,1000.9
2024-08-28T11:00,Bharati Station,-12.4,-19.8,47,23.9,31.0,1.0,999.7
2024-08-28T12:00,Bharati Station,-12.8,-19.8,47,21.6,30.2,0.0,998.9
2024-08-28T13:00,Bharati Station,-10.1,-14.8,56,6.6,22.3,0.0,1001.2
2024-08-28T14:00,Bharati Station,-11.8,-16.7,63,8.4,10.4,0.0,1000.7
2024-08-28T15:00,Bharati Station,-13.2,-18.2,69,8.9,11.2,0.0,1000.1
2024-08-28T16:00,Bharati Station,-15.0,-20.4,72,11.0,13.3,0.0,999.0
2024-08-28T17:00,Bharati Station,-14.9,-20.8,69,14.7,18.0,0.0,997.2
2024-08-28T18:00,Bharati Station,-14.3,-19.6,66,10.2,18.4,0.0,995.8
2024-08-28T19:00,Bharati Station,-10.2,-14.9,52,6.6,13.0,0.0,994.9
2024-08-28T20:00,Bharati Station,-8.8,-13.1,53,4.3,8.6,0.0,994.4
2024-08-28T21:00,Bharati Station,-8.5,-12.9,53,5.5,6.5,0.0,993.3
2024-08-28T22:00,Bharati Station,-11.2,-16.4,53,9.2,10.8,0.0,992.8
2024-08-28T23:00,Bharati Station,-13.4,-19.3,62,15.0,17.6,0.0,992.4
2024-08-29T00:00,Bharati Station,-12.7,-19.1,60,18.0,22.0,0.0,991.5
2024-08-29T01:00,Bharati Station,-13.1,-19.1,64,15.7,22.7,0.0,991.2
2024-08-29T02:00,Bharati Station,-12.4,-18.9,64,19.0,22.7,0.0,990.1
2024-08-29T03:00,Bharati Station,-11.5,-18.6,58,23.0,29.5,0.0,989.7
2024-08-29T04:00,Bharati Station,-11.4,-18.3,59,21.7,29.5,0.0,989.0
2024-08-29T05:00,Bharati Station,-11.5,-18.2,61,20.1,28.1,8.0,988.2
2024-08-29T06:00,Bharati Station,-11.8,-18.1,65,17.8,25.6,31.0,987.1
2024-08-29T07:00,Bharati Station,-11.8,-18.2,63,18.1,22.7,45.0,986.4
2024-08-29T08:00,Bharati Station,-11.9,-18.3,63,18.0,22.7,65.0,985.9
2024-08-29T09:00,Bharati Station,-12.1,-18.4,63,17.9,22.7,53.0,985.3
2024-08-29T10:00,Bharati Station,-12.1,-18.5,60,18.0,23.0,26.0,984.4
2024-08-29T11:00,Bharati Station,-13.2,-19.3,59,15.8,23.0,17.0,983.5
2024-08-29T12:00,Bharati Station,-13.7,-19.7,62,15.1,20.2,0.0,982.8
2024-08-29T13:00,Bharati Station,-14.3,-20.5,61,16.0,19.8,0.0,982.8
2024-08-29T14:00,Bharati Station,-13.9,-20.6,56,19.5,24.1,0.0,981.8
2024-08-29T15:00,Bharati Station,-13.4,-20.4,55,22.0,28.1,0.0,981.2
2024-08-29T16:00,Bharati Station,-13.0,-20.3,52,23.3,29.5,0.0,980.4
2024-08-29T17:00,Bharati Station,-12.7,-20.3,57,26.1,33.8,0.0,980.2
2024-08-29T18:00,Bharati Station,-12.5,-19.6,54,22.3,33.8,0.0,980.3
2024-08-29T19:00,Bharati Station,-12.1,-19.3,53,23.7,30.6,0.0,980.3
2024-08-29T20:00,Bharati Station,-11.9,-18.9,54,22.1,30.6,0.0,980.6
2024-08-29T21:00,Bharati Station,-11.7,-18.8,51,22.7,29.2,0.0,980.9
2024-08-29T22:00,Bharati Station,-11.2,-18.8,49,25.6,33.1,0.0,981.1
2024-08-29T23:00,Bharati Station,-11.1,-19.0,48,27.8,36.0,0.0,981.4
2024-08-30T00:00,Bharati Station,-11.1,-19.2,48,29.7,39.2,0.0,981.6
2024-08-30T01:00,Bharati Station,-11.6,-19.0,49,24.2,36.7,0.0,981.7
2024-08-30T02:00,Bharati Station,-11.9,-18.9,50,21.7,31.7,0.0,982.2
2024-08-30T03:00,Bharati Station,-12.2,-18.9,54,20.2,28.4,0.0,982.3
2024-08-30T04:00,Bharati Station,-11.9,-18.9,58,22.0,27.7,1.0,982.6
2024-08-30T05:00,Bharati Station,-11.7,-18.9,52,23.4,30.6,10.0,983.0
2024-08-30T06:00,Bharati Station,-11.6,-18.7,50,22.1,30.6,44.0,983.0
2024-08-30T07:00,Bharati Station,-11.5,-18.5,51,22.1,29.9,80.0,983.1
2024-08-30T08:00,Bharati Station,-11.6,-18.5,53,20.8,28.8,124.0,983.4
2024-08-30T09:00,Bharati Station,-11.8,-18.5,54,20.2,27.0,105.0,983.7
2024-08-30T10:00,Bharati Station,-11.9,-18.8,52,21.1,27.4,72.0,984.2
2024-08-30T11:00,Bharati Station,-11.9,-19.1,50,22.9,29.9,26.0,984.5
2024-08-30T12:00,Bharati Station,-12.0,-19.3,48,23.9,31.0,1.0,984.7
2024-08-30T13:00,Bharati Station,-11.9,-20.4,50,31.8,51.8,0.0,986.1
2024-08-30T14:00,Bharati Station,-12.4,-19.4,52,21.3,42.1,0.0,986.7
2024-08-30T15:00,Bharati Station,-12.7,-19.5,51,20.2,27.4,0.0,986.6
2024-08-30T16:00,Bharati Station,-12.6,-19.4,50,20.5,26.6,0.0,986.7
2024-08-30T17:00,Bharati Station,-12.7,-19.5,51,19.8,26.6,0.0,986.6
2024-08-30T18:00,Bharati Station,-12.9,-19.6,51,19.8,25.9,0.0,986.8
2024-08-30T19:00,Bharati Station,-13.4,-19.8,54,18.0,25.6,0.0,987.0
2024-08-30T20:00,Bharati Station,-13.8,-20.2,57,17.6,23.4,0.0,986.9
2024-08-30T21:00,Bharati Station,-14.3,-20.8,63,18.4,23.4,0.0,987.1
2024-08-30T22:00,Bharati Station,-15.0,-21.7,69,19.6,25.6,0.0,987.1
2024-08-30T23:00,Bharati Station,-15.3,-21.9,71,19.5,25.6,0.0,987.4
2024-08-31T00:00,Bharati Station,-15.2,-21.8,72,19.2,25.6,0.0,987.8
2024-08-31T01:00,Bharati Station,-12.1,-19.8,48,26.0,38.2,0.0,988.7
2024-08-31T02:00,Bharati Station,-12.9,-19.5,54,18.7,34.6,0.0,989.1
2024-08-31T03:00,Bharati Station,-13.8,-19.9,59,16.1,24.1,2.0,989.4
2024-08-31T04:00,Bharati Station,-14.0,-20.2,64,16.6,20.9,34.0,989.4
2024-08-31T05:00,Bharati Station,-13.9,-20.0,68,15.8,21.2,83.0,989.4
2024-08-31T06:00,Bharati Station,-13.8,-19.6,67,14.3,20.5,125.0,989.5
2024-08-31T07:00,Bharati Station,-13.8,-19.5,68,13.0,18.0,148.0,989.5
2024-08-31T08:00,Bharati Station,-14.0,-19.5,71,12.2,16.6,147.0,989.3
2024-08-31T09:00,Bharati Station,-13.9,-19.3,67,11.3,15.5,125.0,989.3
2024-08-31T10:00,Bharati Station,-13.8,-19.8,57,14.7,18.4,82.0,989.1
2024-08-31T11:00,Bharati Station,-14.2,-20.2,58,14.7,18.7,32.0,988.8
2024-08-31T12:00,Bharati Station,-14.3,-20.6,58,16.8,20.5,2.0,989.1
2024-08-31T13:00,Bharati Station,-13.6,-20.6,53,21.1,27.4,0.0,990.7
2024-08-31T14:00,Bharati Station,-14.3,-20.7,56,17.6,27.4,0.0,990.7
2024-08-31T15:00,Bharati Station,-15.0,-21.2,62,16.2,22.7,0.0,990.6
2024-08-31T16:00,Bharati Station,-15.0,-21.4,63,17.6,22.3,0.0,990.4
2024-08-31T17:00,Bharati Station,-14.8,-21.4,61,18.9,24.1,0.0,990.0
2024-08-31T18:00,Bharati Station,-14.7,-21.2,59,18.3,24.5,0.0,990.1
2024-08-31T19:00,Bharati Station,-14.4,-21.1,57,19.4,24.5,0.0,990.1
2024-08-31T20:00,Bharati Station,-14.4,-21.1,57,19.3,24.5,0.0,989.8
2024-08-31T21:00,Bharati Station,-14.6,-21.2,57,18.4,24.5,0.0,990.0
2024-08-31T22:00,Bharati Station,-15.2,-21.5,62,16.4,23.8,0.0,989.8
2024-08-31T23:00,Bharati Station,-16.0,-22.2,68,16.6,20.9,0.0,989.6
2024-09-01T00:00,Bharati Station,-16.7,-22.8,73,15.8,21.2,0.0,989.4
2024-09-01T01:00,Bharati Station,-15.0,-21.5,56,18.1,25.9,0.0,990.1
2024-09-01T02:00,Bharati Station,-16.2,-22.1,63,13.7,22.7,0.0,989.9
2024-09-01T03:00,Bharati Station,-16.5,-23.0,72,18.0,22.3,4.0,989.8
2024-09-01T04:00,Bharati Station,-17.2,-23.7,77,18.1,24.5,42.0,989.3
2024-09-01T05:00,Bharati Station,-16.8,-23.1,79,16.7,23.8,86.0,988.8
2024-09-01T06:00,Bharati Station,-16.1,-22.2,78,15.8,22.0,125.0,988.3
2024-09-01T07:00,Bharati Station,-15.5,-21.4,76,14.8,20.5,122.0,987.9
2024-09-01T08:00,Bharati Station,-15.0,-20.8,73,13.7,19.1,145.0,987.5
2024-09-01T09:00,Bharati Station,-14.9,-20.5,69,12.4,17.3,106.0,986.8
2024-09-01T10:00,Bharati Station,-14.7,-20.5,57,13.2,16.9,65.0,986.2
2024-09-01T11:00,Bharati Station,-15.1,-20.7,57,12.1,16.6,26.0,985.4
2024-09-01T12:00,Bharati Station,-13.3,-18.4,53,8.4,15.5,2.0,985.0
2024-09-01T13:00,Bharati Station,-9.9,-14.0,36,1.5,11.2,0.0,986.0
2024-09-01T14:00,Bharati Station,-9.7,-13.8,33,1.6,2.9,0.0,985.7
2024-09-01T15:00,Bharati Station,-9.6,-14.0,39,3.6,5.0,0.0,985.0
2024-09-01T16:00,Bharati Station,-9.7,-14.2,45,4.4,6.5,0.0,984.3
2024-09-01T17:00,Bharati Station,-9.9,-14.4,44,4.4,5.8,0.0,983.5
2024-09-01T18:00,Bharati Station,-12.1,-17.2,51,8.7,10.4,0.0,982.7
2024-09-01T19:00,Bharati Station,-16.0,-21.7,60,12.5,15.5,0.0,982.0
2024-09-01T20:00,Bharati Station,-16.9,-23.0,62,15.0,19.1,0.0,981.4
2024-09-01T21:00,Bharati Station,-17.0,-23.1,60,15.3,19.8,0.0,981.2
2024-09-01T22:00,Bharati Station,-16.9,-23.2,55,16.5,20.5,0.0,981.1
2024-09-01T23:00,Bharati Station,-16.6,-23.2,54,18.3,23.0,0.0,981.0
2024-09-02T00:00,Bharati Station,-16.4,-23.2,55,19.7,25.2,0.0,980.7
2024-09-02T01:00,Bharati Station,-15.8,-21.3,58,11.1,23.8,0.0,978.0
2024-09-02T02:00,Bharati Station,-12.8,-17.8,50,7.9,14.0,0.0,977.8
2024-09-02T03:00,Bharati Station,-14.3,-21.8,59,25.2,30.6,6.0,977.9
2024-09-02T04:00,Bharati Station,-13.1,-20.8,53,26.3,36.7,46.0,977.9
2024-09-02T05:00,Bharati Station,-12.5,-20.3,51,26.8,35.6,100.0,978.0
2024-09-02T06:00,Bharati Station,-12.2,-19.7,53,25.2,34.9,142.0,978.0
2024-09-02T07:00,Bharati Station,-12.0,-19.2,62,23.3,32.8,165.0,978.2
2024-09-02T08:00,Bharati Station,-11.8,-19.0,62,23.8,30.2,163.0,978.0
2024-09-02T09:00,Bharati Station,-11.9,-19.2,62,24.2,31.0,138.0,977.7
2024-09-02T10:00,Bharati Station,-12.5,-19.6,59,22.7,31.7,94.0,977.3
2024-09-02T11:00,Bharati Station,-13.6,-21.0,52,24.2,29.2,40.0,976.9
2024-09-02T12:00,Bharati Station,-14.0,-21.3,54,23.4,37.4,4.0,976.4
2024-09-02T13:00,Bharati Station,-14.8,-22.0,51,22.5,28.1,0.0,975.6
2024-09-02T14:00,Bharati Station,-13.8,-22.4,51,32.1,44.3,0.0,975.2
2024-09-02T15:00,Bharati Station,-13.4,-22.8,54,38.2,49.0,0.0,974.7
2024-09-02T16:00,Bharati Station,-13.5,-23.4,49,41.2,54.4,0.0,974.2
2024-09-02T17:00,Bharati Station,-13.8,-24.4,47,46.0,60.5,0.0,974.1
2024-09-02T18:00,Bharati Station,-14.1,-24.7,47,45.5,64.1,0.0,974.7
2024-09-02T19:00,Bharati Station,-14.6,-24.9,48,43.6,61.2,0.0,975.3
2024-09-02T20:00,Bharati Station,-15.0,-25.0,48,41.4,58.7,0.0,976.1
2024-09-02T21:00,Bharati Station,-15.4,-25.4,46,41.4,56.9,0.0,977.0
2024-09-02T22:00,Bharati Station,-15.8,-25.9,47,41.8,56.2,0.0,978.0
2024-09-02T23:00,Bharati Station,-16.1,-26.3,49,42.6,57.2,0.0,979.1
2024-09-03T00:00,Bharati Station,-16.5,-26.9,49,43.8,59.0,0.0,980.2
2024-09-03T01:00,Bharati Station,-18.5,-28.0,56,37.8,56.5,0.0,981.7
2024-09-03T02:00,Bharati Station,-18.3,-27.1,58,33.4,51.5,0.0,982.4
2024-09-03T03:00,Bharati Station,-17.9,-26.1,58,29.4,45.0,7.0,983.6
2024-09-03T04:00,Bharati Station,-17.3,-25.5,56,29.2,40.3,49.0,984.2
2024-09-03T05:00,Bharati Station,-16.7,-24.7,56,28.0,40.0,101.0,984.8
2024-09-03T06:00,Bharati Station,-16.2,-23.9,55,26.1,37.4,141.0,985.4
2024-09-03T07:00,Bharati Station,-15.8,-23.3,57,24.2,34.9,166.0,986.3
2024-09-03T08:00,Bharati Station,-15.6,-23.0,58,23.7,32.4,165.0,987.0
2024-09-03T09:00,Bharati Station,-15.5,-22.6,59,22.5,31.3,140.0,987.6
2024-09-03T10:00,Bharati Station,-15.5,-22.4,61,20.6,29.9,96.0,988.2
2024-09-03T11:00,Bharati Station,-15.8,-22.4,61,18.8,27.4,42.0,988.6
2024-09-03T12:00,Bharati Station,-16.2,-22.7,61,18.4,24.8,4.0,989.0
2024-09-03T13:00,Bharati Station,-17.6,-23.7,60,15.2,21.2,0.0,989.6
2024-09-03T14:00,Bharati Station,-17.7,-23.7,61,13.9,19.1,0.0,989.9
2024-09-03T15:00,Bharati Station,-17.4,-23.5,57,14.8,18.4,0.0,990.1
2024-09-03T16:00,Bharati Station,-16.0,-23.2,57,22.5,28.1,0.0,989.9
2024-09-03T17:00,Bharati Station,-15.4,-22.8,64,24.5,32.8,0.0,990.2
2024-09-03T18:00,Bharati Station,-15.2,-22.6,61,23.8,32.0,0.0,990.3
2024-09-03T19:00,Bharati Station,-15.1,-22.3,63,23.4,31.7,0.0,990.6
2024-09-03T20:00,Bharati Station,-15.0,-22.3,64,24.1,31.7,0.0,990.8
2024-09-03T21:00,Bharati Station,-14.9,-22.3,64,24.5,32.0,0.0,991.1
2024-09-03T22:00,Bharati Station,-14.9,-22.1,62,23.5,32.0,0.0,991.5
2024-09-03T23:00,Bharati Station,-14.9,-22.0,60,22.1,31.0,0.0,991.7
2024-09-04T00:00,Bharati Station,-15.0,-22.1,59,22.0,29.2,0.0,991.8
2024-09-04T01:00,Bharati Station,-15.8,-22.5,61,19.3,27.4,0.0,991.3
2024-09-04T02:00,Bharati Station,-16.0,-22.5,62,18.1,24.8,0.0,991.3
2024-09-04T03:00,Bharati Station,-16.4,-22.7,68,16.6,23.4,9.0,991.4
2024-09-04T04:00,Bharati Station,-16.4,-22.6,71,15.8,21.2,53.0,991.2
2024-09-04T05:00,Bharati Station,-16.4,-22.3,67,13.9,19.8,107.0,990.9
2024-09-04T06:00,Bharati Station,-16.3,-21.9,66,11.8,17.6,150.0,990.5
2024-09-04T07:00,Bharati Station,-16.2,-21.7,67,11.2,15.1,171.0,990.2
2024-09-04T08:00,Bharati Station,-16.2,-21.5,66,10.1,14.4,169.0,990.0
2024-09-04T09:00,Bharati Station,-16.0,-21.7,63,12.6,15.5,144.0,989.5
2024-09-04T10:00,Bharati Station,-16.1,-21.9,65,13.7,17.3,99.0,988.9
2024-09-04T11:00,Bharati Station,-16.5,-22.3,66,13.0,17.3,45.0,988.2
2024-09-04T12:00,Bharati Station,-16.9,-22.8,65,13.8,17.3,6.0,987.6
2024-09-04T13:00,Bharati Station,-17.6,-23.0,82,10.8,16.6,0.0,987.0
2024-09-04T14:00,Bharati Station,-16.0,-20.9,61,7.3,13.7,0.0,986.4
2024-09-04T15:00,Bharati Station,-17.6,-23.0,64,9.8,12.6,0.0,985.3
2024-09-04T16:00,Bharati Station,-17.8,-23.3,65,10.7,13.3,0.0,984.3
2024-09-04T17:00,Bharati Station,-17.3,-23.5,61,15.6,19.1,0.0,983.2
2024-09-04T18:00,Bharati Station,-16.3,-22.9,59,18.9,24.1,0.0,982.3
2024-09-04T19:00,Bharati Station,-15.7,-22.2,56,17.7,24.1,0.0,982.0
2024-09-04T20:00,Bharati Station,-15.4,-22.0,53,18.9,23.8,0.0,981.2
2024-09-04T21:00,Bharati Station,-14.7,-21.9,56,22.5,28.8,0.0,980.6
2024-09-04T22:00,Bharati Station,-14.7,-21.9,57,22.8,30.2,0.0,979.8
2024-09-04T23:00,Bharati Station,-14.6,-21.5,57,21.3,29.5,0.0,979.2
2024-09-05T00:00,Bharati Station,-14.6,-21.6,56,21.2,28.1,0.0,978.7
2024-09-05T01:00,Bharati Station,-14.8,-21.3,61,18.3,31.3,0.0,979.1
2024-09-05T02:00,Bharati Station,-15.3,-21.0,63,13.1,23.4,0.0,978.3
2024-09-05T03:00,Bharati Station,-15.6,-21.0,64,10.4,16.6,0.0,977.7
2024-09-05T04:00,Bharati Station,-15.8,-21.5,82,12.9,16.6,1.0,977.1
2024-09-05T05:00,Bharati Station,-15.6,-21.0,82,11.9,16.6,2.0,976.6
2024-09-05T06:00,Bharati Station,-15.2,-20.3,67,8.7,14.8,11.0,976.2
2024-09-05T07:00,Bharati Station,-14.3,-19.1,53,6.3,11.2,5.0,976.0
2024-09-05T08:00,Bharati Station,-13.1,-17.7,44,4.8,8.3,4.0,975.9
2024-09-05T09:00,Bharati Station,-12.6,-17.0,48,4.1,6.1,5.0,975.8
2024-09-05T10:00,Bharati Station,-13.4,-17.9,60,4.7,5.8,1.0,975.4
2024-09-05T11:00,Bharati Station,-15.2,-20.4,71,9.7,11.5,0.0,975.2
2024-09-05T12:00,Bharati Station,-15.2,-20.7,77,11.5,14.0,0.0,975.0
2024-09-05T13:00,Bharati Station,-16.3,-21.5,80,9.8,12.6,0.0,976.9
2024-09-05T14:00,Bharati Station,-16.3,-21.7,83,11.2,13.7,0.0,977.6
2024-09-05T15:00,Bharati Station,-15.7,-21.8,87,16.2,20.2,0.0,977.7
2024-09-05T16:00,Bharati Station,-15.9,-22.5,89,19.8,26.3,0.0,977.5
2024-09-05T17:00,Bharati Station,-16.3,-22.1,82,14.1,26.3,0.0,977.1
2024-09-05T18:00,Bharati Station,-16.0,-21.5,67,11.4,18.4,0.0,976.7
2024-09-05T19:00,Bharati Station,-15.5,-22.1,56,18.8,23.8,0.0,976.7
2024-09-05T20:00,Bharati Station,-15.4,-23.1,55,26.1,33.8,0.0,976.6
2024-09-05T21:00,Bharati Station,-15.3,-23.5,57,29.2,39.2,0.0,976.6
2024-09-05T22:00,Bharati Station,-15.5,-23.0,57,24.6,38.9,0.0,976.8
2024-09-05T23:00,Bharati Station,-15.6,-23.0,57,23.9,33.1,0.0,976.9
2024-09-06T00:00,Bharati Station,-15.6,-23.2,58,25.4,33.8,0.0,976.8
2024-09-06T01:00,Bharati Station,-15.6,-23.5,59,27.9,40.7,0.0,977.4
2024-09-06T02:00,Bharati Station,-15.5,-23.3,59,26.6,36.7,0.0,977.2
2024-09-06T03:00,Bharati Station,-15.4,-23.3,59,27.1,36.0,0.0,976.9
2024-09-06T04:00,Bharati Station,-15.2,-23.1,59,27.2,36.7,0.0,976.8
2024-09-06T05:00,Bharati Station,-15.0,-22.7,58,26.6,37.1,1.0,976.8
2024-09-06T06:00,Bharati Station,-14.7,-22.3,58,25.8,35.6,4.0,976.9
2024-09-06T07:00,Bharati Station,-14.4,-21.8,58,23.9,34.2,4.0,977.0
2024-09-06T08:00,Bharati Station,-14.2,-21.4,58,23.2,31.7,4.0,976.9
2024-09-06T09:00,Bharati Station,-14.1,-21.4,59,23.4,31.3,1.0,976.8
2024-09-06T10:00,Bharati Station,-14.1,-21.6,60,24.7,32.8,1.0,976.5
2024-09-06T11:00,Bharati Station,-14.1,-21.7,61,25.7,34.2,0.0,976.3
2024-09-06T12:00,Bharati Station,-14.3,-21.9,63,25.8,34.2,0.0,976.2
2024-09-06T13:00,Bharati Station,-14.3,-22.2,61,28.0,38.9,0.0,976.2
2024-09-06T14:00,Bharati Station,-14.3,-22.0,62,26.5,37.1,0.0,976.5
2024-09-06T15:00,Bharati Station,-14.3,-22.0,61,26.7,35.3,0.0,976.9
2024-09-06T16:00,Bharati Station,-14.4,-22.1,60,26.3,35.3,0.0,977.0
2024-09-06T17:00,Bharati Station,-14.4,-22.1,55,26.4,36.0,0.0,977.0
2024-09-06T18:00,Bharati Station,-14.4,-22.1,54,26.1,35.6,0.0,977.0
2024-09-06T19:00,Bharati Station,-14.3,-21.9,55,25.5,35.3,0.0,977.1
2024-09-06T20:00,Bharati Station,-14.4,-21.9,59,24.6,34.6,0.0,977.4
2024-09-06T21:00,Bharati Station,-14.5,-21.8,61,23.8,32.4,0.0,977.6
2024-09-06T22:00,Bharati Station,-14.5,-21.7,60,22.7,31.3,0.0,977.5
2024-09-06T23:00,Bharati Station,-14.5,-21.7,58,22.8,30.2,0.0,977.7
2024-09-07T00:00,Bharati Station,-14.4,-21.6,59,23.1,31.3,0.0,977.7
2024-09-07T01:00,Bharati Station,-14.4,-22.1,56,26.6,37.1,0.0,977.5
2024-09-07T02:00,Bharati Station,-14.0,-21.6,57,25.7,34.9,0.0,977.5
2024-09-07T03:00,Bharati Station,-13.7,-21.3,55,25.8,33.8,0.0,978.0
2024-09-07T04:00,Bharati Station,-13.6,-21.0,55,24.4,33.8,4.0,978.3
2024-09-07T05:00,Bharati Station,-13.5,-20.7,56,22.9,32.4,16.0,978.5
2024-09-07T06:00,Bharati Station,-13.3,-20.3,55,21.4,30.2,27.0,978.6
2024-09-07T07:00,Bharati Station,-13.1,-19.9,56,20.0,28.4,49.0,978.8
2024-09-07T08:00,Bharati Station,-13.1,-19.6,57,18.7,26.3,58.0,978.9
2024-09-07T09:00,Bharati Station,-13.2,-19.3,59,16.0,24.1,52.0,979.0
2024-09-07T10:00,Bharati Station,-13.5,-19.3,60,13.7,20.5,35.0,978.9
2024-09-07T11:00,Bharati Station,-14.2,-19.9,69,12.8,17.3,29.0,978.7
2024-09-07T12:00,Bharati Station,-14.9,-20.7,66,13.2,16.2,6.0,978.8
2024-09-07T13:00,Bharati Station,-13.2,-20.4,65,23.4,30.2,0.0,978.7
2024-09-07T14:00,Bharati Station,-13.3,-20.3,62,22.1,31.0,0.0,979.0
2024-09-07T15:00,Bharati Station,-14.0,-20.4,64,17.7,29.2,0.0,979.2
2024-09-07T16:00,Bharati Station,-14.9,-20.9,64,15.0,22.3,0.0,979.1
2024-09-07T17:00,Bharati Station,-15.3,-21.2,66,14.1,18.7,0.0,979.2
2024-09-07T18:00,Bharati Station,-15.6,-21.5,65,13.8,17.6,0.0,979.3
2024-09-07T19:00,Bharati Station,-15.9,-21.8,68,14.1,17.3,0.0,979.5
2024-09-07T20:00,Bharati Station,-16.0,-22.0,65,14.5,17.6,0.0,979.7
2024-09-07T21:00,Bharati Station,-16.2,-22.3,66,14.9,18.4,0.0,979.9
2024-09-07T22:00,Bharati Station,-16.4,-22.5,68,15.5,19.1,0.0,979.9
2024-09-07T23:00,Bharati Station,-16.5,-22.7,69,15.8,19.4,0.0,979.9
2024-09-08T00:00,Bharati Station,-16.7,-22.9,71,16.5,20.5,0.0,979.8
2024-09-08T01:00,Bharati Station,-16.4,-22.8,68,17.2,23.4,0.0,979.9
2024-09-08T02:00,Bharati Station,-16.6,-23.2,65,19.1,24.1,0.0,980.3
2024-09-08T03:00,Bharati Station,-16.5,-23.1,65,18.8,24.5,21.0,980.8
2024-09-08T04:00,Bharati Station,-16.1,-22.9,64,20.5,25.6,71.0,981.0
2024-09-08T05:00,Bharati Station,-15.6,-22.9,60,23.0,29.9,128.0,981.3
2024-09-08T06:00,Bharati Station,-15.3,-22.1,62,20.1,29.9,117.0,981.7
2024-09-08T07:00,Bharati Station,-15.1,-21.8,58,19.4,25.9,137.0,981.8
2024-09-08T08:00,Bharati Station,-15.1,-21.5,60,17.0,24.8,110.0,981.9
2024-09-08T09:00,Bharati Station,-15.3,-21.6,61,16.6,22.0,93.0,981.9
2024-09-08T10:00,Bharati Station,-15.5,-21.7,60,15.9,21.2,80.0,981.5
2024-09-08T11:00,Bharati Station,-16.1,-22.5,61,17.0,21.2,47.0,981.0
2024-09-08T12:00,Bharati Station,-16.9,-23.3,60,17.2,22.0,9.0,980.7
2024-09-08T13:00,Bharati Station,-16.3,-23.1,69,19.8,25.6,0.0,980.7
2024-09-08T14:00,Bharati Station,-15.7,-22.7,69,21.7,28.1,0.0,981.0
2024-09-08T15:00,Bharati Station,-15.3,-22.7,70,24.7,32.4,0.0,981.1
2024-09-08T16:00,Bharati Station,-15.3,-22.9,68,25.4,33.8,0.0,980.9
2024-09-08T17:00,Bharati Station,-15.6,-23.1,64,24.8,33.8,0.0,980.7
2024-09-08T18:00,Bharati Station,-15.7,-23.2,63,25.2,33.8,0.0,980.8
2024-09-08T19:00,Bharati Station,-15.7,-23.4,62,26.3,35.6,0.0,980.8
2024-09-08T20:00,Bharati Station,-15.6,-23.4,64,27.1,36.4,0.0,980.7
2024-09-08T21:00,Bharati Station,-15.7,-23.6,63,28.0,37.8,0.0,980.5
2024-09-08T22:00,Bharati Station,-15.7,-23.8,62,29.1,39.2,0.0,980.4
2024-09-08T23:00,Bharati Station,-15.8,-23.7,65,27.5,38.5,0.0,980.3
2024-09-09T00:00,Bharati Station,-15.9,-23.7,67,27.0,36.4,0.0,979.9
2024-09-09T01:00,Bharati Station,-15.8,-24.4,70,33.2,43.9,0.0,979.2
2024-09-09T02:00,Bharati Station,-15.4,-24.5,65,35.7,46.1,0.0,979.5
2024-09-09T03:00,Bharati Station,-15.3,-24.2,65,35.2,47.9,1.0,979.4
2024-09-09T04:00,Bharati Station,-15.1,-23.5,66,31.4,46.8,5.0,979.6
2024-09-09T05:00,Bharati Station,-14.9,-22.8,68,27.7,41.4,19.0,979.9
2024-09-09T06:00,Bharati Station,-14.7,-22.4,70,26.9,37.1,12.0,980.1
2024-09-09T07:00,Bharati Station,-14.7,-22.2,74,25.6,35.6,18.0,980.4
2024-09-09T08:00,Bharati Station,-14.7,-21.9,73,23.9,33.8,21.0,980.4
2024-09-09T09:00,Bharati Station,-14.7,-21.8,70,22.3,32.0,10.0,980.3
2024-09-09T10:00,Bharati Station,-14.8,-21.2,67,17.9,29.5,9.0,979.8
2024-09-09T11:00,Bharati Station,-15.0,-20.7,65,12.6,23.8,4.0,979.5
2024-09-09T12:00,Bharati Station,-15.7,-21.0,68,10.2,16.2,2.0,979.4
2024-09-09T13:00,Bharati Station,-16.4,-22.1,82,13.2,16.6,0.0,979.5
2024-09-09T14:00,Bharati Station,-17.4,-23.4,86,14.8,19.4,0.0,979.4
2024-09-09T15:00,Bharati Station,-17.6,-23.7,84,15.3,20.5,0.0,979.0
2024-09-09T16:00,Bharati Station,-18.0,-24.1,85,15.6,20.9,0.0,978.2
2024-09-09T17:00,Bharati Station,-17.5,-23.3,83,13.7,20.9,0.0,977.5
2024-09-09T18:00,Bharati Station,-16.4,-21.8,79,11.0,18.0,0.0,977.2
2024-09-09T19:00,Bharati Station,-16.1,-20.9,67,6.7,14.0,0.0,977.0
2024-09-09T20:00,Bharati Station,-14.6,-19.2,48,4.7,8.3,0.0,976.8
2024-09-09T21:00,Bharati Station,-15.2,-19.9,58,5.6,6.8,0.0,976.6
2024-09-09T22:00,Bharati Station,-15.9,-21.1,72,9.0,10.4,0.0,975.9
2024-09-09T23:00,Bharati Station,-15.7,-21.1,80,11.1,13.7,0.0,975.3
2024-09-10T00:00,Bharati Station,-15.6,-20.9,81,10.7,14.0,0.0,974.4
2024-09-10T01:00,Bharati Station,-15.6,-21.0,62,10.7,12.6,0.0,974.0
2024-09-10T02:00,Bharati Station,-15.5,-21.0,64,11.4,14.0,0.0,974.0
2024-09-10T03:00,Bharati Station,-15.5,-20.6,67,8.7,13.7,0.0,974.0
2024-09-10T04:00,Bharati Station,-14.9,-20.1,65,9.1,11.9,0.0,974.1
2024-09-10T05:00,Bharati Station,-13.3,-17.8,54,4.9,10.8,1.0,973.8
2024-09-10T06:00,Bharati Station,-12.5,-17.0,49,4.1,5.8,1.0,973.5
2024-09-10T07:00,Bharati Station,-13.7,-18.5,62,7.0,8.3,1.0,973.2
2024-09-10T08:00,Bharati Station,-13.5,-18.7,64,9.4,10.8,3.0,973.0
2024-09-10T09:00,Bharati Station,-13.4,-18.3,65,8.1,11.2,1.0,972.8
2024-09-10T10:00,Bharati Station,-12.9,-17.7,64,7.3,9.7,0.0,972.7
2024-09-10T11:00,Bharati Station,-13.3,-18.4,68,8.9,10.8,0.0,972.6
2024-09-10T12:00,Bharati Station,-12.9,-17.7,64,7.4,10.4,0.0,972.8
2024-09-10T13:00,Bharati Station,-13.3,-18.0,77,6.6,13.3,0.0,973.2
2024-09-10T14:00,Bharati Station,-13.6,-18.0,79,5.4,8.3,0.0,974.0
2024-09-10T15:00,Bharati Station,-13.5,-17.9,79,4.7,6.5,0.0,974.2
2024-09-10T16:00,Bharati Station,-12.7,-16.7,79,2.3,5.8,0.0,974.4
2024-09-10T17:00,Bharati Station,-13.1,-17.3,82,4.5,5.4,0.0,974.7
2024-09-10T18:00,Bharati Station,-12.5,-16.5,78,3.1,5.4,0.0,975.1
2024-09-10T19:00,Bharati Station,-12.5,-16.4,78,2.1,3.6,0.0,975.4
2024-09-10T20:00,Bharati Station,-12.6,-16.7,79,3.4,4.0,0.0,975.6
2024-09-10T21:00,Bharati Station,-13.6,-18.0,81,5.4,6.1,0.0,975.8
2024-09-10T22:00,Bharati Station,-14.2,-18.9,82,6.6,7.6,0.0,975.9
2024-09-10T23:00,Bharati Station,-14.3,-18.9,82,6.1,7.6,0.0,976.4
2024-09-11T00:00,Bharati Station,-14.6,-19.3,77,6.5,7.6,0.0,976.7
2024-09-11T01:00,Bharati Station,-15.6,-20.9,65,9.6,13.0,0.0,976.3
2024-09-11T02:00,Bharati Station,-15.9,-20.9,61,7.4,11.9,0.0,977.0
2024-09-11T03:00,Bharati Station,-15.4,-20.1,58,5.6,9.0,7.0,977.6
2024-09-11T04:00,Bharati Station,-14.9,-19.4,55,4.5,7.2,14.0,978.1
2024-09-11T05:00,Bharati Station,-14.3,-18.6,53,3.0,5.8,19.0,978.3
2024-09-11T06:00,Bharati Station,-14.2,-18.4,53,2.0,3.6,15.0,978.5
2024-09-11T07:00,Bharati Station,-14.1,-18.5,47,3.4,4.0,35.0,978.7
2024-09-11T08:00,Bharati Station,-15.1,-19.9,59,6.5,7.6,31.0,979.0
2024-09-11T09:00,Bharati Station,-14.8,-20.2,55,10.3,12.6,13.0,979.2
2024-09-11T10:00,Bharati Station,-14.8,-20.3,59,11.6,14.4,5.0,979.3
2024-09-11T11:00,Bharati Station,-14.9,-20.7,60,13.5,16.2,1.0,979.5
2024-09-11T12:00,Bharati Station,-15.0,-21.0,61,14.8,18.4,0.0,979.8
2024-09-11T13:00,Bharati Station,-16.1,-22.7,64,18.8,24.1,0.0,980.0
2024-09-11T14:00,Bharati Station,-16.6,-23.1,64,17.4,24.1,0.0,980.2
2024-09-11T15:00,Bharati Station,-17.0,-23.4,63,16.7,22.0,0.0,980.6
2024-09-11T16:00,Bharati Station,-17.2,-23.4,62,15.6,21.2,0.0,980.7
2024-09-11T17:00,Bharati Station,-17.0,-22.9,60,13.7,19.8,0.0,980.7
2024-09-11T18:00,Bharati Station,-16.8,-22.6,59,12.7,16.9,0.0,980.6
2024-09-11T19:00,Bharati Station,-16.7,-22.6,56,13.4,16.6,0.0,980.5
2024-09-11T20:00,Bharati Station,-16.9,-23.1,54,15.8,19.4,0.0,980.2
2024-09-11T21:00,Bharati Station,-17.2,-23.5,57,16.2,20.9,0.0,980.0
2024-09-11T22:00,Bharati Station,-17.3,-23.5,57,15.9,20.5,0.0,979.7
2024-09-11T23:00,Bharati Station,-17.4,-23.6,57,15.1,19.8,0.0,979.7
2024-09-12T00:00,Bharati Station,-17.6,-23.7,57,14.4,19.1,0.0,979.5
2024-09-12T01:00,Bharati Station,-18.4,-24.7,58,16.2,24.8,0.0,979.2
2024-09-12T02:00,Bharati Station,-18.7,-24.7,60,13.8,20.5,0.0,978.9
2024-09-12T03:00,Bharati Station,-19.0,-24.6,62,10.9,17.3,11.0,978.7
2024-09-12T04:00,Bharati Station,-19.1,-24.4,62,9.7,13.7,73.0,978.3
2024-09-12T05:00,Bharati Station,-19.0,-24.1,64,7.9,11.5,122.0,977.9
2024-09-12T06:00,Bharati Station,-18.6,-23.3,56,5.2,9.4,144.0,977.5
2024-09-12T07:00,Bharati Station,-18.5,-23.3,57,6.1,6.8,170.0,976.8
2024-09-12T08:00,Bharati Station,-18.4,-23.4,58,6.9,8.3,157.0,976.3
2024-09-12T09:00,Bharati Station,-18.3,-23.0,56,5.4,7.9,126.0,975.6
2024-09-12T10:00,Bharati Station,-18.5,-23.4,57,6.5,7.6,100.0,974.8
2024-09-12T11:00,Bharati Station,-18.7,-24.3,56,11.6,13.3,61.0,974.0
2024-09-12T12:00,Bharati Station,-18.9,-25.4,54,16.6,20.2,15.0,973.5
2024-09-12T13:00,Bharati Station,-19.9,-26.0,57,14.4,20.5,0.0,972.6
2024-09-12T14:00,Bharati Station,-20.3,-26.2,55,12.7,18.0,0.0,971.9
2024-09-12T15:00,Bharati Station,-20.7,-26.4,52,11.3,15.1,0.0,970.9
2024-09-12T16:00,Bharati Station,-20.6,-26.6,48,13.1,14.8,0.0,969.9
2024-09-12T17:00,Bharati Station,-19.9,-26.9,44,20.2,24.1,0.0,968.9
2024-09-12T18:00,Bharati Station,-19.6,-27.1,44,23.4,29.5,0.0,967.8
2024-09-12T19:00,Bharati Station,-19.3,-27.2,42,25.9,32.4,0.0,967.0
2024-09-12T20:00,Bharati Station,-19.2,-27.4,43,28.4,37.4,0.0,966.2
2024-09-12T21:00,Bharati Station,-19.2,-27.3,44,27.7,37.4,0.0,965.7
2024-09-12T22:00,Bharati Station,-19.2,-27.1,43,26.3,36.0,0.0,965.2
2024-09-12T23:00,Bharati Station,-19.2,-26.8,44,24.3,34.2,0.0,964.8
2024-09-13T00:00,Bharati Station,-19.5,-26.4,45,19.6,31.0,0.0,964.6
2024-09-13T01:00,Bharati Station,-17.7,-26.0,47,29.8,41.0,0.0,961.9
2024-09-13T02:00,Bharati Station,-17.7,-25.2,47,24.1,38.5,3.0,961.9
2024-09-13T03:00,Bharati Station,-17.7,-24.3,49,18.2,31.0,21.0,962.3
2024-09-13T04:00,Bharati Station,-17.7,-23.7,52,13.5,22.3,51.0,962.7
2024-09-13T05:00,Bharati Station,-17.7,-23.5,54,12.2,16.2,130.0,962.6
2024-09-13T06:00,Bharati Station,-17.5,-23.4,55,13.2,15.8,155.0,962.4
2024-09-13T07:00,Bharati Station,-17.3,-23.1,56,12.8,16.2,90.0,962.3
2024-09-13T08:00,Bharati Station,-17.2,-22.9,58,11.6,15.8,70.0,962.0
2024-09-13T09:00,Bharati Station,-17.4,-22.7,61,9.6,14.0,62.0,962.1
2024-09-13T10:00,Bharati Station,-17.9,-23.0,65,8.4,11.5,59.0,962.0
2024-09-13T11:00,Bharati Station,-18.2,-23.9,64,12.3,14.4,25.0,961.8
2024-09-13T12:00,Bharati Station,-18.7,-25.0,62,15.8,19.8,2.0,961.8
2024-09-13T13:00,Bharati Station,-19.7,-25.7,52,14.1,20.5,0.0,961.9
2024-09-13T14:00,Bharati Station,-19.8,-25.9,53,14.3,17.3,0.0,961.9
2024-09-13T15:00,Bharati Station,-20.0,-26.2,54,15.1,18.7,0.0,961.9
2024-09-13T16:00,Bharati Station,-20.3,-26.4,56,14.1,18.7,0.0,962.0
2024-09-13T17:00,Bharati Station,-20.6,-26.5,58,13.1,17.6,0.0,962.2
2024-09-13T18:00,Bharati Station,-20.5,-26.4,60,12.5,15.8,0.0,962.4
2024-09-13T19:00,Bharati Station,-20.2,-26.1,60,13.0,15.8,0.0,962.6
2024-09-13T20:00,Bharati Station,-19.7,-25.5,58,12.2,15.8,0.0,963.1
2024-09-13T21:00,Bharati Station,-18.8,-25.3,57,17.1,19.8,0.0,963.7
2024-09-13T22:00,Bharati Station,-18.5,-25.4,54,20.0,24.8,0.0,964.1
2024-09-13T23:00,Bharati Station,-18.1,-25.3,53,21.8,27.4,0.0,964.7
2024-09-14T00:00,Bharati Station,-17.7,-25.3,53,24.6,31.0,0.0,964.9
2024-09-14T01:00,Bharati Station,-17.6,-25.4,58,26.2,36.0,0.0,966.4
2024-09-14T02:00,Bharati Station,-17.8,-25.2,71,24.2,33.8,0.0,967.0
2024-09-14T03:00,Bharati Station,-17.5,-24.6,74,22.7,31.7,3.0,968.0
2024-09-14T04:00,Bharati Station,-17.2,-24.5,78,23.9,31.7,6.0,968.7
2024-09-14T05:00,Bharati Station,-17.2,-24.3,78,22.4,31.7,12.0,969.2
2024-09-14T06:00,Bharati Station,-16.7,-23.9,73,22.9,29.5,50.0,969.6
2024-09-14T07:00,Bharati Station,-16.2,-23.8,67,25.8,33.5,94.0,970.2
2024-09-14T08:00,Bharati Station,-16.2,-23.9,66,25.9,34.6,67.0,970.6
2024-09-14T09:00,Bharati Station,-16.2,-23.4,67,23.0,34.2,58.0,970.8
2024-09-14T10:00,Bharati Station,-16.6,-22.9,64,16.8,29.5,61.0,971.1
2024-09-14T11:00,Bharati Station,-17.1,-23.3,59,15.6,21.6,55.0,971.3
2024-09-14T12:00,Bharati Station,-17.2,-23.7,57,18.0,22.7,3.0,971.5
2024-09-14T13:00,Bharati Station,-16.5,-23.8,66,23.3,31.0,0.0,972.5
2024-09-14T14:00,Bharati Station,-16.6,-23.4,62,19.8,30.6,0.0,972.1
2024-09-14T15:00,Bharati Station,-16.5,-23.6,61,21.5,28.1,0.0,972.0
2024-09-14T16:00,Bharati Station,-16.2,-22.3,62,15.1,27.7,0.0,971.8
2024-09-14T17:00,Bharati Station,-16.3,-21.7,64,10.0,18.7,0.0,972.0
2024-09-14T18:00,Bharati Station,-16.1,-21.5,61,10.0,11.9,0.0,971.8
2024-09-14T19:00,Bharati Station,-15.7,-21.4,61,12.2,14.4,0.0,971.3
2024-09-14T20:00,Bharati Station,-15.4,-21.2,61,13.0,15.5,0.0,970.6
2024-09-14T21:00,Bharati Station,-14.7,-21.1,58,17.1,20.5,0.0,969.9
2024-09-14T22:00,Bharati Station,-14.0,-20.9,57,20.8,25.6,0.0,969.3
2024-09-14T23:00,Bharati Station,-13.6,-20.7,57,22.8,28.8,0.0,968.9
2024-09-15T00:00,Bharati Station,-13.2,-20.4,58,23.6,29.9,0.0,968.4
2024-09-15T01:00,Bharati Station,-15.3,-21.1,65,13.4,15.5,0.0,967.3
2024-09-15T02:00,Bharati Station,-14.7,-20.9,66,16.3,19.8,0.0,966.9
2024-09-15T03:00,Bharati Station,-14.1,-20.3,67,16.1,20.2,0.0,966.7
2024-09-15T04:00,Bharati Station,-12.3,-19.0,60,20.3,24.5,0.0,966.6
2024-09-15T05:00,Bharati Station,-11.5,-18.7,62,23.9,30.2,2.0,966.4
2024-09-15T06:00,Bharati Station,-11.7,-18.1,65,18.8,30.2,20.0,966.3
2024-09-15T07:00,Bharati Station,-11.4,-17.6,63,17.4,23.8,12.0,966.2
2024-09-15T08:00,Bharati Station,-11.4,-18.0,67,19.7,25.2,127.0,966.2
2024-09-15T09:00,Bharati Station,-12.0,-18.2,75,17.3,25.2,160.0,966.5
2024-09-15T10:00,Bharati Station,-12.3,-18.2,77,15.3,21.2,117.0,966.7
2024-09-15T11:00,Bharati Station,-12.0,-17.6,77,13.2,18.7,14.0,966.8
2024-09-15T12:00,Bharati Station,-11.9,-17.2,78,11.6,15.8,0.0,966.8
2024-09-15T13:00,Bharati Station,-11.7,-18.7,77,23.5,30.2,0.0,967.9
2024-09-15T14:00,Bharati Station,-12.1,-18.8,76,21.6,30.6,0.0,967.8
2024-09-15T15:00,Bharati Station,-12.4,-18.9,72,19.7,27.7,0.0,967.8
2024-09-15T16:00,Bharati Station,-12.6,-19.2,68,19.8,26.3,0.0,968.1
2024-09-15T17:00,Bharati Station,-13.0,-19.2,72,17.2,25.6,0.0,968.2
2024-09-15T18:00,Bharati Station,-14.0,-19.6,79,13.1,22.0,0.0,968.2
2024-09-15T19:00,Bharati Station,-15.8,-21.1,89,11.0,16.6,0.0,968.5
2024-09-15T20:00,Bharati Station,-17.0,-21.6,87,6.2,15.1,0.0,968.5
2024-09-15T21:00,Bharati Station,-16.9,-22.2,87,10.1,14.0,0.0,968.3
2024-09-15T22:00,Bharati Station,-17.9,-24.0,87,15.6,20.9,0.0,968.5
2024-09-15T23:00,Bharati Station,-19.3,-25.5,85,15.8,22.7,0.0,968.7
2024-09-16T00:00,Bharati Station,-20.1,-26.4,85,16.6,23.0,0.0,968.8
2024-09-16T01:00,Bharati Station,-20.1,-26.8,85,19.2,26.3,0.0,968.9
2024-09-16T02:00,Bharati Station,-20.2,-27.6,84,24.2,32.0,1.0,969.1
2024-09-16T03:00,Bharati Station,-20.2,-28.1,83,27.3,36.4,14.0,969.5
2024-09-16T04:00,Bharati Station,-20.8,-29.0,83,29.3,39.6,69.0,970.1
2024-09-16T05:00,Bharati Station,-21.6,-29.9,81,29.9,41.4,51.0,970.8
2024-09-16T06:00,Bharati Station,-21.6,-30.1,78,30.8,41.8,31.0,971.5
2024-09-16T07:00,Bharati Station,-21.6,-30.5,77,33.9,45.4,57.0,972.2
2024-09-16T08:00,Bharati Station,-21.6,-30.5,76,34.1,47.2,130.0,973.1
2024-09-16T09:00,Bharati Station,-21.2,-29.8,75,31.8,45.7,128.0,973.2
2024-09-16T10:00,Bharati Station,-21.0,-28.8,74,26.2,42.8,124.0,973.3
2024-09-16T11:00,Bharati Station,-20.9,-27.7,73,19.3,34.6,87.0,973.1
2024-09-16T12:00,Bharati Station,-21.2,-26.9,77,12.2,24.8,32.0,972.8
2024-09-16T13:00,Bharati Station,-21.6,-27.2,73,11.2,22.7,2.0,973.8
2024-09-16T14:00,Bharati Station,-22.0,-27.2,73,8.1,14.0,0.0,973.5
2024-09-16T15:00,Bharati Station,-20.7,-25.2,65,3.3,9.4,0.0,972.7
2024-09-16T16:00,Bharati Station,-21.9,-26.6,74,5.2,5.8,0.0,972.5
2024-09-16T17:00,Bharati Station,-22.6,-28.1,77,9.8,11.2,0.0,972.2
2024-09-16T18:00,Bharati Station,-22.8,-28.3,79,10.3,11.9,0.0,972.0
2024-09-16T19:00,Bharati Station,-22.6,-28.6,64,13.6,16.2,0.0,972.1
2024-09-16T20:00,Bharati Station,-22.8,-28.9,68,14.2,17.6,0.0,972.1
2024-09-16T21:00,Bharati Station,-23.0,-29.0,74,13.2,17.3,0.0,972.3
2024-09-16T22:00,Bharati Station,-23.4,-28.9,75,10.2,15.8,0.0,972.6
2024-09-16T23:00,Bharati Station,-23.5,-28.6,73,7.4,12.2,0.0,973.1
2024-09-17T00:00,Bharati Station,-23.4,-28.7,70,8.4,10.1,0.0,973.5
2024-09-17T01:00,Bharati Station,-23.2,-28.1,62,6.3,7.6,0.0,974.5
2024-09-17T02:00,Bharati Station,-24.0,-29.3,64,8.7,9.7,9.0,974.4
2024-09-17T03:00,Bharati Station,-23.8,-29.6,61,11.9,14.0,61.0,974.7
2024-09-17T04:00,Bharati Station,-23.5,-29.3,61,12.3,15.1,133.0,974.7
2024-09-17T05:00,Bharati Station,-23.0,-28.8,61,12.2,15.5,198.0,975.0
2024-09-17T06:00,Bharati Station,-22.4,-27.9,61,10.3,15.1,244.0,975.2
2024-09-17T07:00,Bharati Station,-22.0,-27.3,62,8.5,12.6,266.0,975.4
2024-09-17T08:00,Bharati Station,-21.8,-26.9,63,7.3,10.4,261.0,975.8
2024-09-17T09:00,Bharati Station,-21.9,-26.9,65,6.7,8.6,231.0,976.2
2024-09-17T10:00,Bharati Station,-22.0,-26.9,66,6.0,7.9,178.0,976.3
2024-09-17T11:00,Bharati Station,-22.3,-27.3,65,6.6,7.9,111.0,976.5
2024-09-17T12:00,Bharati Station,-22.8,-27.9,65,7.2,8.3,43.0,976.5
2024-09-17T13:00,Bharati Station,-23.2,-28.9,59,11.7,13.3,3.0,977.0
2024-09-17T14:00,Bharati Station,-24.0,-30.2,61,14.5,17.6,0.0,976.8
2024-09-17T15:00,Bharati Station,-24.6,-30.9,62,14.9,18.7,0.0,976.9
2024-09-17T16:00,Bharati Station,-24.8,-31.0,62,14.6,19.1,0.0,977.0
2024-09-17T17:00,Bharati Station,-24.9,-30.9,61,13.0,18.0,0.0,976.9
2024-09-17T18:00,Bharati Station,-24.9,-30.7,60,11.8,15.8,0.0,976.9
2024-09-17T19:00,Bharati Station,-25.1,-30.8,60,11.5,14.4,0.0,976.9
2024-09-17T20:00,Bharati Station,-25.1,-30.9,59,12.0,14.0,0.0,976.9
2024-09-17T21:00,Bharati Station,-25.1,-30.8,59,11.2,14.0,0.0,976.9
2024-09-17T22:00,Bharati Station,-24.9,-30.6,59,11.2,13.3,0.0,977.0
2024-09-17T23:00,Bharati Station,-24.5,-30.1,57,10.1,13.3,0.0,977.2
2024-09-18T00:00,Bharati Station,-24.3,-30.3,54,12.7,13.3,0.0,977.1
2024-09-18T01:00,Bharati Station,-24.3,-31.0,62,18.2,24.8,0.0,978.5
2024-09-18T02:00,Bharati Station,-24.3,-30.5,63,14.9,22.3,13.0,978.5
2024-09-18T03:00,Bharati Station,-24.1,-29.8,62,11.6,18.0,66.0,978.7
2024-09-18T04:00,Bharati Station,-23.0,-28.3,58,8.0,13.7,138.0,978.6
2024-09-18T05:00,Bharati Station,-22.3,-27.5,55,7.9,9.4,208.0,978.5
2024-09-18T06:00,Bharati Station,-22.2,-28.0,57,12.3,13.7,252.0,978.6
2024-09-18T07:00,Bharati Station,-21.5,-27.6,61,13.9,16.9,274.0,978.9
2024-09-18T08:00,Bharati Station,-21.3,-27.1,63,12.7,16.6,270.0,979.3
2024-09-18T09:00,Bharati Station,-21.0,-27.0,63,13.2,15.5,239.0,979.7
2024-09-18T10:00,Bharati Station,-20.9,-27.1,64,15.1,18.0,187.0,980.3
2024-09-18T11:00,Bharati Station,-21.0,-27.6,60,17.6,20.9,119.0,980.9
2024-09-18T12:00,Bharati Station,-21.3,-28.0,57,18.4,22.3,48.0,981.6
2024-09-18T13:00,Bharati Station,-21.4,-28.1,55,18.3,22.7,4.0,982.0
2024-09-18T14:00,Bharati Station,-21.4,-28.4,50,20.2,24.8,0.0,982.6
2024-09-18T15:00,Bharati Station,-21.2,-28.6,46,22.7,27.7,0.0,983.1
2024-09-18T16:00,Bharati Station,-21.0,-28.9,45,25.9,32.8,0.0,983.5
2024-09-18T17:00,Bharati Station,-20.8,-28.9,45,27.7,35.3,0.0,983.9
2024-09-18T18:00,Bharati Station,-20.8,-28.9,46,27.7,35.6,0.0,984.3
2024-09-18T19:00,Bharati Station,-20.9,-28.8,46,26.6,35.3,0.0,984.9
2024-09-18T20:00,Bharati Station,-20.8,-28.8,46,27.0,35.3,0.0,985.4
2024-09-18T21:00,Bharati Station,-20.8,-29.0,46,28.1,36.4,0.0,985.9
2024-09-18T22:00,Bharati Station,-20.8,-29.2,45,29.6,38.5,0.0,986.3
2024-09-18T23:00,Bharati Station,-20.7,-29.3,45,31.0,41.0,0.0,986.8
2024-09-19T00:00,Bharati Station,-20.7,-29.5,45,32.8,42.5,0.0,987.1
2024-09-19T01:00,Bharati Station,-21.6,-29.9,49,28.8,37.8,0.0,986.7
2024-09-19T02:00,Bharati Station,-21.3,-29.6,49,29.2,38.2,16.0,987.2
2024-09-19T03:00,Bharati Station,-20.8,-28.9,49,28.0,38.2,75.0,987.6
2024-09-19T04:00,Bharati Station,-20.2,-28.5,49,29.0,37.4,149.0,987.9
2024-09-19T05:00,Bharati Station,-19.7,-28.1,60,29.7,41.0,215.0,988.0
2024-09-19T06:00,Bharati Station,-19.5,-28.2,56,32.2,41.4,261.0,988.4
2024-09-19T07:00,Bharati Station,-19.4,-27.8,57,30.3,42.8,282.0,989.0
2024-09-19T08:00,Bharati Station,-19.3,-26.7,56,23.2,39.2,276.0,989.5
2024-09-19T09:00,Bharati Station,-19.4,-26.5,55,20.9,29.9,246.0,989.7
2024-09-19T10:00,Bharati Station,-19.7,-26.3,60,17.7,26.6,194.0,989.5
2024-09-19T11:00,Bharati Station,-20.1,-26.6,58,16.9,22.7,125.0,989.3
2024-09-19T12:00,Bharati Station,-20.6,-27.2,57,17.7,22.3,53.0,989.1
2024-09-19T13:00,Bharati Station,-21.6,-28.0,61,16.3,19.8,5.0,988.6
2024-09-19T14:00,Bharati Station,-21.8,-28.3,58,16.9,20.9,0.0,988.7
2024-09-19T15:00,Bharati Station,-22.1,-28.5,56,15.9,20.9,0.0,988.5
2024-09-19T16:00,Bharati Station,-22.2,-28.8,55,16.9,20.2,0.0,988.1
2024-09-19T17:00,Bharati Station,-22.0,-29.0,58,20.4,25.2,0.0,987.7
2024-09-19T18:00,Bharati Station,-22.3,-29.0,61,18.2,25.6,0.0,987.5
2024-09-19T19:00,Bharati Station,-22.6,-29.0,58,15.9,22.7,0.0,987.1
2024-09-19T20:00,Bharati Station,-23.0,-29.3,57,15.5,19.8,0.0,986.8
2024-09-19T21:00,Bharati Station,-23.3,-29.6,55,15.5,19.1,0.0,986.6
2024-09-19T22:00,Bharati Station,-23.5,-29.9,63,16.2,19.4,0.0,986.2
2024-09-19T23:00,Bharati Station,-23.6,-30.1,66,16.9,20.9,0.0,986.0
2024-09-20T00:00,Bharati Station,-23.9,-30.4,67,17.3,21.6,0.0,985.6
2024-09-20T01:00,Bharati Station,-24.1,-31.6,66,23.1,32.4,0.0,985.6
2024-09-20T02:00,Bharati Station,-24.2,-31.0,65,18.6,29.5,19.0,985.3
2024-09-20T03:00,Bharati Station,-24.4,-30.4,62,13.5,23.4,82.0,984.9
2024-09-20T04:00,Bharati Station,-24.4,-30.1,73,11.2,16.9,157.0,984.2
2024-09-20T05:00,Bharati Station,-24.2,-29.7,83,10.2,14.0,224.0,983.5
2024-09-20T06:00,Bharati Station,-23.7,-28.9,74,8.4,12.6,272.0,983.0
2024-09-20T07:00,Bharati Station,-23.3,-28.2,66,5.7,10.4,294.0,982.3
2024-09-20T08:00,Bharati Station,-22.7,-27.2,43,2.7,6.8,289.0,982.0
2024-09-20T09:00,Bharati Station,-22.8,-27.4,46,3.3,4.0,258.0,981.5
2024-09-20T10:00,Bharati Station,-23.5,-28.6,58,7.2,8.3,204.0,981.0
2024-09-20T11:00,Bharati Station,-23.8,-29.4,59,10.5,12.6,133.0,980.5
2024-09-20T12:00,Bharati Station,-24.3,-30.1,65,12.3,15.1,59.0,979.9
2024-09-20T13:00,Bharati Station,-25.6,-31.2,80,10.7,13.0,7.0,978.8
2024-09-20T14:00,Bharati Station,-26.0,-31.5,77,9.9,13.0,0.0,978.4
2024-09-20T15:00,Bharati Station,-26.3,-31.9,73,10.2,12.6,0.0,978.0
2024-09-20T16:00,Bharati Station,-26.4,-32.0,82,10.5,12.6,0.0,977.3
2024-09-20T17:00,Bharati Station,-26.5,-32.1,74,10.4,12.6,0.0,976.8
2024-09-20T18:00,Bharati Station,-26.4,-31.8,74,9.0,12.6,0.0,976.1
2024-09-20T19:00,Bharati Station,-25.8,-31.1,75,8.4,10.8,0.0,975.6
2024-09-20T20:00,Bharati Station,-25.4,-30.7,64,8.1,10.1,0.0,975.3
2024-09-20T21:00,Bharati Station,-26.1,-31.6,61,10.1,11.9,0.0,975.1
2024-09-20T22:00,Bharati Station,-25.5,-32.0,55,16.5,19.1,0.0,974.9
2024-09-20T23:00,Bharati Station,-25.1,-32.1,65,19.7,24.1,0.0,974.8
2024-09-21T00:00,Bharati Station,-24.9,-31.9,67,20.2,25.2,0.0,974.5
2024-09-21T01:00,Bharati Station,-25.1,-32.2,70,20.9,34.2,0.0,975.7
2024-09-21T02:00,Bharati Station,-24.8,-31.8,68,20.4,25.9,23.0,975.7
2024-09-21T03:00,Bharati Station,-24.5,-31.1,67,17.8,25.6,89.0,975.9
2024-09-21T04:00,Bharati Station,-24.1,-30.3,65,15.1,22.7,166.0,975.9
2024-09-21T05:00,Bharati Station,-23.6,-29.6,61,13.4,18.7,233.0,975.6
2024-09-21T06:00,Bharati Station,-23.0,-29.1,57,14.1,16.9,280.0,975.2
2024-09-21T07:00,Bharati Station,-22.3,-28.7,58,15.8,19.8,300.0,975.0
2024-09-21T08:00,Bharati Station,-21.9,-28.4,60,17.0,21.2,295.0,975.2
2024-09-21T09:00,Bharati Station,-21.5,-28.0,65,16.6,21.6,263.0,975.2
2024-09-21T10:00,Bharati Station,-21.6,-27.8,65,15.2,20.9,208.0,975.2
2024-09-21T11:00,Bharati Station,-22.0,-27.9,64,13.0,18.7,137.0,975.1
2024-09-21T12:00,Bharati Station,-22.5,-28.4,61,12.9,15.8,62.0,975.0
2024-09-21T13:00,Bharati Station,-23.1,-29.4,67,15.5,20.9,9.0,975.9
2024-09-21T14:00,Bharati Station,-23.2,-29.6,64,16.3,19.8,0.0,975.5
2024-09-21T15:00,Bharati Station,-23.1,-29.7,62,17.1,20.9,0.0,975.4
2024-09-21T16:00,Bharati Station,-22.9,-29.6,62,18.1,21.6,0.0,975.2
2024-09-21T17:00,Bharati Station,-22.4,-29.4,66,20.5,25.2,0.0,975.3
2024-09-21T18:00,Bharati Station,-21.9,-29.3,67,23.5,28.8,0.0,975.3
2024-09-21T19:00,Bharati Station,-21.2,-29.5,57,29.2,37.1,0.0,975.2
2024-09-21T20:00,Bharati Station,-20.9,-29.3,58,30.2,39.2,0.0,975.5
2024-09-21T21:00,Bharati Station,-20.7,-29.0,60,29.4,39.2,0.0,975.9
2024-09-21T22:00,Bharati Station,-20.7,-28.7,63,27.9,38.2,0.0,976.6
2024-09-21T23:00,Bharati Station,-20.9,-28.5,74,25.2,36.0,0.0,977.1
2024-09-22T00:00,Bharati Station,-20.7,-28.5,66,25.9,34.2,0.0,977.4
2024-09-22T01:00,Bharati Station,-21.0,-28.6,68,25.0,39.6,0.0,977.6
2024-09-22T02:00,Bharati Station,-21.2,-28.2,70,21.0,32.4,4.0,978.2
2024-09-22T03:00,Bharati Station,-21.3,-27.8,71,17.7,27.4,23.0,978.8
2024-09-22T04:00,Bharati Station,-21.3,-27.6,81,16.0,22.7,71.0,979.3
2024-09-22T05:00,Bharati Station,-21.0,-27.5,82,17.3,22.0,115.0,979.7
2024-09-22T06:00,Bharati Station,-21.0,-28.2,82,22.7,29.2,141.0,980.0
2024-09-22T07:00,Bharati Station,-21.2,-28.9,80,25.7,34.2,136.0,980.6
2024-09-22T08:00,Bharati Station,-21.2,-28.9,78,25.9,34.9,109.0,981.1
2024-09-22T09:00,Bharati Station,-21.1,-28.9,75,26.8,35.6,109.0,981.5
2024-09-22T10:00,Bharati Station,-21.0,-29.2,72,28.7,37.8,78.0,981.9
2024-09-22T11:00,Bharati Station,-21.1,-29.4,71,29.5,38.9,36.0,982.2
2024-09-22T12:00,Bharati Station,-21.3,-29.5,74,28.7,39.2,10.0,982.8
2024-09-22T13:00,Bharati Station,-21.9,-29.8,75,26.7,40.0,0.0,983.4
2024-09-22T14:00,Bharati Station,-22.0,-29.3,76,22.7,35.6,0.0,983.8
2024-09-22T15:00,Bharati Station,-22.0,-28.9,81,20.1,29.9,0.0,984.2
2024-09-22T16:00,Bharati Station,-22.1,-29.3,80,22.7,29.2,0.0,984.6
2024-09-22T17:00,Bharati Station,-22.2,-29.9,79,25.7,33.5,0.0,985.3
2024-09-22T18:00,Bharati Station,-22.4,-30.5,78,27.7,36.4,0.0,985.9
2024-09-22T19:00,Bharati Station,-22.6,-31.0,75,29.9,38.9,0.0,986.5
2024-09-22T20:00,Bharati Station,-22.9,-31.2,71,29.3,40.3,0.0,987.2
2024-09-22T21:00,Bharati Station,-22.8,-30.9,70,27.9,38.5,0.0,987.9
2024-09-22T22:00,Bharati Station,-22.5,-30.5,70,27.3,36.7,0.0,988.7
2024-09-22T23:00,Bharati Station,-22.1,-29.9,70,25.8,36.0,0.0,989.1
2024-09-23T00:00,Bharati Station,-21.8,-29.1,70,22.7,33.8,0.0,989.3
2024-09-23T01:00,Bharati Station,-22.6,-30.1,63,23.8,33.8,0.0,989.7
2024-09-23T02:00,Bharati Station,-22.2,-29.1,63,20.1,31.3,1.0,989.8
2024-09-23T03:00,Bharati Station,-21.1,-27.9,64,18.8,25.9,0.0,989.9
2024-09-23T04:00,Bharati Station,-20.3,-27.0,68,19.1,26.6,0.0,990.3
2024-09-23T05:00,Bharati Station,-20.0,-25.8,70,13.1,24.5,1.0,990.6
2024-09-23T06:00,Bharati Station,-19.5,-24.8,66,9.7,16.9,1.0,990.6
2024-09-23T07:00,Bharati Station,-19.1,-25.0,65,13.5,17.3,1.0,990.3
2024-09-23T08:00,Bharati Station,-18.7,-24.2,70,10.7,17.6,0.0,989.8
2024-09-23T09:00,Bharati Station,-18.5,-23.5,74,8.1,13.7,0.0,989.6
2024-09-23T10:00,Bharati Station,-18.4,-23.6,76,9.3,11.5,0.0,988.8
2024-09-23T11:00,Bharati Station,-18.4,-24.7,74,16.5,20.9,0.0,987.8
2024-09-23T12:00,Bharati Station,-18.0,-24.6,75,18.8,24.1,0.0,987.0
2024-09-23T13:00,Bharati Station,-18.0,-24.6,76,18.9,23.8,0.0,985.4
2024-09-23T14:00,Bharati Station,-17.7,-24.5,77,19.8,24.8,0.0,985.0
2024-09-23T15:00,Bharati Station,-17.1,-24.1,75,21.6,29.9,0.0,983.7
2024-09-23T16:00,Bharati Station,-16.2,-21.9,72,12.6,27.4,0.0,982.3
2024-09-23T17:00,Bharati Station,-16.1,-21.3,72,9.6,15.1,0.0,981.1
2024-09-23T18:00,Bharati Station,-15.3,-20.5,66,9.7,11.2,0.0,979.8
2024-09-23T19:00,Bharati Station,-13.5,-20.1,57,19.0,21.6,0.0,978.5
2024-09-23T20:00,Bharati Station,-11.5,-19.3,51,27.2,32.8,0.0,977.0
2024-09-23T21:00,Bharati Station,-10.4,-19.2,51,34.5,44.3,0.0,975.4
2024-09-23T22:00,Bharati Station,-10.3,-18.3,54,28.9,43.9,0.0,974.2
2024-09-23T23:00,Bharati Station,-9.5,-18.3,52,35.0,44.3,0.0,973.0
2024-09-24T00:00,Bharati Station,-8.4,-18.6,51,44.3,56.9,0.0,971.9
2024-09-24T01:00,Bharati Station,-9.4,-16.2,62,21.9,52.2,0.0,969.8
2024-09-24T02:00,Bharati Station,-9.5,-16.0,60,19.6,27.7,0.0,969.7
2024-09-24T03:00,Bharati Station,-8.1,-16.4,57,31.8,40.3,0.0,969.1
2024-09-24T04:00,Bharati Station,-7.9,-15.8,59,29.6,41.8,0.0,969.2
2024-09-24T05:00,Bharati Station,-7.8,-15.1,59,25.7,37.8,0.0,968.9
2024-09-24T06:00,Bharati Station,-7.4,-14.7,59,25.7,33.5,1.0,968.5
2024-09-24T07:00,Bharati Station,-6.9,-14.8,61,30.3,38.2,0.0,967.7
2024-09-24T08:00,Bharati Station,-6.7,-16.2,63,41.5,51.8,0.0,966.8
2024-09-24T09:00,Bharati Station,-6.8,-19.0,63,60.0,76.3,1.0,966.1
2024-09-24T10:00,Bharati Station,-6.9,-20.8,62,72.0,95.0,0.0,965.9
2024-09-24T11:00,Bharati Station,-7.2,-20.4,64,66.9,95.4,0.0,967.0
2024-09-24T12:00,Bharati Station,-7.4,-20.5,64,65.8,88.2,0.0,968.2
2024-09-24T13:00,Bharati Station,-8.4,-21.0,67,62.7,82.4,0.0,969.0
2024-09-24T14:00,Bharati Station,-8.6,-21.4,66,63.1,85.0,0.0,970.1
2024-09-24T15:00,Bharati Station,-8.8,-21.3,67,61.2,82.4,0.0,971.4
2024-09-24T16:00,Bharati Station,-9.0,-22.2,69,66.5,82.1,0.0,972.5
2024-09-24T17:00,Bharati Station,-9.2,-22.2,71,65.2,92.2,0.0,973.7
2024-09-24T18:00,Bharati Station,-9.3,-22.8,72,68.6,90.0,0.0,974.8
2024-09-24T19:00,Bharati Station,-9.3,-22.9,73,68.9,90.0,0.0,976.0
2024-09-24T20:00,Bharati Station,-9.5,-22.5,76,65.0,88.9,0.0,977.3
2024-09-24T21:00,Bharati Station,-9.6,-21.7,78,59.1,84.2,0.0,978.6
2024-09-24T22:00,Bharati Station,-9.6,-20.9,77,54.0,76.7,0.0,979.9
2024-09-24T23:00,Bharati Station,-9.7,-20.5,77,50.5,70.2,0.0,981.2
2024-09-25T00:00,Bharati Station,-9.6,-19.8,77,45.9,67.0,0.0,982.0
2024-09-25T01:00,Bharati Station,-9.8,-19.9,79,45.3,59.4,0.0,982.3
2024-09-25T02:00,Bharati Station,-9.2,-18.9,77,42.8,60.5,0.0,982.7
2024-09-25T03:00,Bharati Station,-8.6,-18.0,74,40.7,57.2,1.0,983.2
2024-09-25T04:00,Bharati Station,-8.2,-17.8,70,42.5,56.9,4.0,983.7
2024-09-25T05:00,Bharati Station,-7.9,-17.3,69,40.5,56.5,22.0,984.4
2024-09-25T06:00,Bharati Station,-7.7,-17.5,67,43.0,57.6,21.0,984.6
2024-09-25T07:00,Bharati Station,-7.6,-17.2,66,42.0,58.0,32.0,985.1
2024-09-25T08:00,Bharati Station,-7.6,-17.0,66,41.0,56.9,49.0,985.5
2024-09-25T09:00,Bharati Station,-7.4,-16.5,65,39.1,54.4,52.0,986.1
2024-09-25T10:00,Bharati Station,-7.4,-16.5,65,38.3,52.2,54.0,986.5
2024-09-25T11:00,Bharati Station,-7.5,-16.4,65,36.9,50.4,4.0,987.0
2024-09-25T12:00,Bharati Station,-7.8,-16.3,66,34.8,48.6,1.0,987.6
2024-09-25T13:00,Bharati Station,-7.6,-16.3,68,35.9,50.4,0.0,987.9
2024-09-25T14:00,Bharati Station,-7.8,-16.4,70,35.2,46.8,0.0,988.2
2024-09-25T15:00,Bharati Station,-7.9,-16.3,69,34.2,46.1,0.0,988.7
2024-09-25T16:00,Bharati Station,-7.9,-16.1,68,32.6,44.6,0.0,988.9
2024-09-25T17:00,Bharati Station,-7.9,-16.1,69,32.7,43.2,0.0,989.3
2024-09-25T18:00,Bharati Station,-7.9,-15.9,69,31.4,43.2,0.0,989.6
2024-09-25T19:00,Bharati Station,-7.8,-15.6,69,29.6,41.4,0.0,990.1
2024-09-25T20:00,Bharati Station,-7.8,-15.4,68,28.3,39.2,0.0,990.6
2024-09-25T21:00,Bharati Station,-7.7,-15.1,68,27.3,37.4,0.0,991.2
2024-09-25T22:00,Bharati Station,-7.7,-14.9,68,25.3,35.6,0.0,991.7
2024-09-25T23:00,Bharati Station,-7.9,-14.8,68,23.5,32.8,0.0,992.4
2024-09-26T00:00,Bharati Station,-7.9,-15.0,65,24.9,31.7,0.0,992.4
2024-09-26T01:00,Bharati Station,-8.5,-15.8,64,25.8,32.0,0.0,993.3
2024-09-26T02:00,Bharati Station,-8.7,-16.6,58,29.3,38.5,16.0,993.0
2024-09-26T03:00,Bharati Station,-8.8,-16.2,57,26.1,37.8,103.0,992.8
2024-09-26T04:00,Bharati Station,-8.6,-15.8,56,24.6,33.8,173.0,992.6
2024-09-26T05:00,Bharati Station,-8.5,-15.4,57,22.1,31.3,202.0,992.7
2024-09-26T06:00,Bharati Station,-8.4,-14.7,59,18.9,28.1,263.0,992.9
2024-09-26T07:00,Bharati Station,-8.4,-14.3,60,15.9,23.8,299.0,992.9
2024-09-26T08:00,Bharati Station,-8.5,-14.0,60,13.5,19.8,301.0,992.8
2024-09-26T09:00,Bharati Station,-8.6,-14.1,59,13.3,16.2,266.0,992.6
2024-09-26T10:00,Bharati Station,-9.0,-14.5,59,13.0,15.8,220.0,992.5
2024-09-26T11:00,Bharati Station,-9.5,-15.1,58,13.5,15.5,148.0,992.3
2024-09-26T12:00,Bharati Station,-10.3,-15.9,57,13.5,15.8,73.0,992.2
2024-09-26T13:00,Bharati Station,-10.8,-17.4,55,19.8,28.1,13.0,993.5
2024-09-26T14:00,Bharati Station,-11.5,-17.6,55,16.1,24.8,0.0,992.9
2024-09-26T15:00,Bharati Station,-12.1,-18.1,54,14.8,19.4,0.0,992.5
2024-09-26T16:00,Bharati Station,-12.8,-18.6,55,13.4,17.6,0.0,991.9
2024-09-26T17:00,Bharati Station,-13.2,-18.8,57,12.1,15.8,0.0,991.8
2024-09-26T18:00,Bharati Station,-13.5,-19.2,58,13.0,14.8,0.0,991.8
2024-09-26T19:00,Bharati Station,-13.4,-19.5,57,15.6,17.6,0.0,991.6
2024-09-26T20:00,Bharati Station,-13.0,-19.5,53,18.4,22.0,0.0,991.5
2024-09-26T21:00,Bharati Station,-12.9,-19.5,52,18.9,23.0,0.0,991.3
2024-09-26T22:00,Bharati Station,-13.2,-19.8,52,18.4,23.0,0.0,991.1
2024-09-26T23:00,Bharati Station,-13.4,-20.0,51,19.1,23.4,0.0,991.0
2024-09-27T00:00,Bharati Station,-13.6,-20.2,51,18.6,23.4,0.0,990.7
2024-09-27T01:00,Bharati Station,-13.9,-20.5,54,18.9,29.2,2.0,991.5
2024-09-27T02:00,Bharati Station,-14.6,-20.7,56,15.2,23.4,42.0,991.1
2024-09-27T03:00,Bharati Station,-15.0,-20.9,58,13.9,18.4,117.0,990.9
2024-09-27T04:00,Bharati Station,-14.9,-20.7,61,13.2,17.3,195.0,990.3
2024-09-27T05:00,Bharati Station,-14.4,-19.8,62,10.5,16.6,261.0,989.9
2024-09-27T06:00,Bharati Station,-13.8,-18.9,62,9.0,12.6,310.0,989.4
2024-09-27T07:00,Bharati Station,-13.2,-18.0,61,6.5,10.4,332.0,989.0
2024-09-27T08:00,Bharati Station,-11.9,-16.4,49,4.2,7.6,326.0,988.5
2024-09-27T09:00,Bharati Station,-11.6,-15.9,45,3.1,4.7,293.0,988.1
2024-09-27T10:00,Bharati Station,-11.8,-16.2,47,3.4,4.0,237.0,987.3
2024-09-27T11:00,Bharati Station,-12.6,-17.1,53,4.7,5.0,165.0,986.8
2024-09-27T12:00,Bharati Station,-14.2,-19.0,61,6.8,7.6,87.0,986.3
2024-09-27T13:00,Bharati Station,-15.6,-20.8,63,9.1,10.4,22.0,986.7
2024-09-27T14:00,Bharati Station,-16.1,-21.3,61,9.4,10.8,0.0,986.2
2024-09-27T15:00,Bharati Station,-16.3,-21.5,60,8.8,10.8,0.0,985.7
2024-09-27T16:00,Bharati Station,-17.1,-22.9,61,12.9,14.4,0.0,985.1
2024-09-27T17:00,Bharati Station,-17.8,-23.9,61,15.1,18.4,0.0,984.6
2024-09-27T18:00,Bharati Station,-18.1,-24.2,61,14.8,18.7,0.0,984.2
2024-09-27T19:00,Bharati Station,-18.3,-24.3,60,14.1,18.4,0.0,984.0
2024-09-27T20:00,Bharati Station,-18.4,-24.1,60,11.7,17.3,0.0,983.8
2024-09-27T21:00,Bharati Station,-18.5,-23.8,58,9.4,14.0,0.0,983.8
2024-09-27T22:00,Bharati Station,-18.5,-24.0,57,10.3,11.9,0.0,983.7
2024-09-27T23:00,Bharati Station,-18.4,-24.2,57,12.1,14.0,0.0,983.7
2024-09-28T00:00,Bharati Station,-18.4,-24.1,58,12.2,14.8,0.0,983.8
2024-09-28T01:00,Bharati Station,-18.5,-24.3,59,12.3,14.0,5.0,983.9
2024-09-28T02:00,Bharati Station,-18.1,-23.7,60,11.6,14.0,45.0,984.0
2024-09-28T03:00,Bharati Station,-17.1,-22.4,57,9.4,13.3,114.0,984.0
2024-09-28T04:00,Bharati Station,-15.9,-21.0,53,7.7,10.8,198.0,983.9
2024-09-28T05:00,Bharati Station,-15.9,-21.0,55,8.3,9.7,264.0,983.7
2024-09-28T06:00,Bharati Station,-15.3,-20.5,56,8.4,9.7,301.0,983.8
2024-09-28T07:00,Bharati Station,-14.5,-19.4,53,7.1,9.7,314.0,984.1
2024-09-28T08:00,Bharati Station,-14.1,-19.0,54,7.0,8.3,210.0,984.3
2024-09-28T09:00,Bharati Station,-14.5,-19.6,59,8.6,9.7,224.0,984.6
2024-09-28T10:00,Bharati Station,-14.5,-20.2,58,12.4,14.0,201.0,984.8
2024-09-28T11:00,Bharati Station,-14.5,-20.6,56,15.3,18.0,142.0,984.8
2024-09-28T12:00,Bharati Station,-14.7,-21.0,55,16.2,19.4,74.0,985.0
2024-09-28T13:00,Bharati Station,-15.7,-21.8,57,15.5,22.0,16.0,985.9
2024-09-28T14:00,Bharati Station,-16.3,-22.4,57,14.8,18.4,0.0,986.2
2024-09-28T15:00,Bharati Station,-16.9,-23.1,57,15.5,18.4,0.0,986.2
2024-09-28T16:00,Bharati Station,-17.4,-23.8,57,16.3,19.8,0.0,986.3
2024-09-28T17:00,Bharati Station,-18.0,-24.6,58,17.8,22.0,0.0,986.4
2024-09-28T18:00,Bharati Station,-18.6,-25.3,60,18.5,23.4,0.0,986.6
2024-09-28T19:00,Bharati Station,-19.1,-25.7,62,18.4,23.8,0.0,986.9
2024-09-28T20:00,Bharati Station,-19.1,-25.7,62,17.9,23.8,0.0,987.2
2024-09-28T21:00,Bharati Station,-19.0,-25.5,62,17.4,23.0,0.0,987.4
2024-09-28T22:00,Bharati Station,-18.7,-25.2,61,17.2,22.3,0.0,987.8
2024-09-28T23:00,Bharati Station,-18.9,-25.3,61,16.5,22.0,0.0,988.3
2024-09-29T00:00,Bharati Station,-19.0,-25.3,59,16.0,20.9,0.0,988.8
2024-09-29T01:00,Bharati Station,-17.7,-24.6,57,20.6,25.9,3.0,989.8
2024-09-29T02:00,Bharati Station,-17.5,-24.3,57,19.3,25.9,41.0,990.5
2024-09-29T03:00,Bharati Station,-17.4,-23.9,58,17.1,24.1,101.0,991.0
2024-09-29T04:00,Bharati Station,-17.3,-23.5,59,15.5,21.2,159.0,991.3
2024-09-29T05:00,Bharati Station,-17.2,-23.1,61,13.8,19.4,214.0,991.2
2024-09-29T06:00,Bharati Station,-17.1,-22.8,64,12.5,17.6,227.0,991.3
2024-09-29T07:00,Bharati Station,-16.9,-22.5,65,11.6,15.8,290.0,991.4
2024-09-29T08:00,Bharati Station,-16.8,-22.3,65,10.8,14.8,328.0,991.4
2024-09-29T09:00,Bharati Station,-16.9,-22.3,65,10.2,14.0,302.0,991.5
2024-09-29T10:00,Bharati Station,-17.1,-22.5,63,9.9,13.0,248.0,991.4
2024-09-29T11:00,Bharati Station,-17.5,-23.0,60,10.4,13.0,176.0,991.2
2024-09-29T12:00,Bharati Station,-18.2,-23.7,59,10.6,13.0,97.0,990.7
2024-09-29T13:00,Bharati Station,-18.7,-24.2,57,10.6,13.0,29.0,990.9
2024-09-29T14:00,Bharati Station,-19.5,-25.4,55,12.5,14.8,1.0,990.7
2024-09-29T15:00,Bharati Station,-20.7,-26.9,57,14.5,18.4,0.0,990.5
2024-09-29T16:00,Bharati Station,-21.6,-27.7,60,14.2,18.7,0.0,990.3
2024-09-29T17:00,Bharati Station,-21.8,-27.8,59,13.0,18.4,0.0,990.0
2024-09-29T18:00,Bharati Station,-22.0,-27.8,58,12.1,16.6,0.0,990.0
2024-09-29T19:00,Bharati Station,-22.1,-27.8,57,11.3,15.1,0.0,990.0
2024-09-29T20:00,Bharati Station,-22.2,-27.7,56,9.8,13.7,0.0,990.0
2024-09-29T21:00,Bharati Station,-22.4,-27.5,56,7.5,11.9,0.0,990.0
2024-09-29T22:00,Bharati Station,-22.6,-27.8,56,7.5,9.0,0.0,989.9
2024-09-29T23:00,Bharati Station,-22.6,-27.7,53,7.0,9.0,0.0,990.0
2024-09-30T00:00,Bharati Station,-22.5,-27.5,51,6.2,8.3,0.0,990.1
2024-09-30T01:00,Bharati Station,-20.9,-25.6,54,4.2,8.3,5.0,990.1
2024-09-30T02:00,Bharati Station,-21.7,-26.6,56,5.4,6.5,55.0,990.2
2024-09-30T03:00,Bharati Station,-20.4,-24.9,48,2.8,6.5,137.0,990.2
2024-09-30T04:00,Bharati Station,-20.5,-24.8,58,2.4,3.2,217.0,989.9
2024-09-30T05:00,Bharati Station,-20.4,-24.7,68,2.3,3.2,282.0,989.8
2024-09-30T06:00,Bharati Station,-20.9,-25.6,78,5.6,6.5,326.0,989.6
2024-09-30T07:00,Bharati Station,-20.7,-25.3,84,4.4,6.8,317.0,989.6
2024-09-30T08:00,Bharati Station,-20.6,-25.2,84,4.7,7.9,195.0,989.7
2024-09-30T09:00,Bharati Station,-20.6,-25.5,84,6.5,10.4,206.0,989.7
2024-09-30T10:00,Bharati Station,-20.8,-25.7,82,6.4,11.2,132.0,989.6
2024-09-30T11:00,Bharati Station,-21.0,-25.5,83,3.9,10.4,88.0,989.3
2024-09-30T12:00,Bharati Station,-21.1,-25.6,84,4.1,6.8,30.0,989.1
2024-09-30T13:00,Bharati Station,-21.9,-27.0,85,7.9,10.4,4.0,989.4
2024-09-30T14:00,Bharati Station,-22.4,-27.5,84,8.1,10.8,0.0,989.2
2024-09-30T15:00,Bharati Station,-22.8,-28.0,83,8.6,11.9,0.0,988.9
2024-09-30T16:00,Bharati Station,-23.2,-28.2,82,7.0,11.5,0.0,988.6
2024-09-30T17:00,Bharati Station,-23.4,-28.4,84,7.1,9.4,0.0,988.2
2024-09-30T18:00,Bharati Station,-23.6,-28.6,84,7.0,9.4,0.0,988.0
2024-09-30T19:00,Bharati Station,-23.8,-28.8,84,6.7,9.0,0.0,987.9
2024-09-30T20:00,Bharati Station,-24.0,-28.8,82,5.9,8.3,0.0,987.5
2024-09-30T21:00,Bharati Station,-24.3,-28.9,82,4.3,7.2,0.0,987.3
2024-09-30T22:00,Bharati Station,-24.2,-28.7,83,3.3,5.0,0.0,987.2
2024-09-30T23:00,Bharati Station,-23.8,-28.1,84,2.5,4.0,0.0,987.2
2024-10-01T00:00,Bharati Station,-23.9,-28.4,84,3.5,4.3,0.0,986.9
2024-10-01T01:00,Bharati Station,-23.6,-29.0,82,9.7,14.0,1.0,986.7
2024-10-01T02:00,Bharati Station,-23.4,-28.9,81,10.2,13.0,33.0,986.5
2024-10-01T03:00,Bharati Station,-23.0,-28.3,80,9.1,13.0,101.0,986.3
2024-10-01T04:00,Bharati Station,-22.6,-27.8,81,8.0,11.5,178.0,986.1
2024-10-01T05:00,Bharati Station,-22.4,-27.2,80,5.6,10.4,228.0,985.6
2024-10-01T06:00,Bharati Station,-22.1,-26.6,78,3.2,8.6,301.0,985.1
2024-10-01T07:00,Bharati Station,-21.9,-26.0,79,0.9,6.1,351.0,984.6
2024-10-01T08:00,Bharati Station,-21.7,-26.0,82,1.9,4.7,347.0,984.3
2024-10-01T09:00,Bharati Station,-21.5,-26.1,82,4.5,7.2,319.0,984.0
2024-10-01T10:00,Bharati Station,-21.5,-26.5,79,7.0,9.4,259.0,983.6
2024-10-01T11:00,Bharati Station,-21.6,-26.8,72,8.3,10.8,184.0,983.0
2024-10-01T12:00,Bharati Station,-21.9,-27.1,73,8.7,10.8,74.0,982.5
2024-10-01T13:00,Bharati Station,-22.6,-27.5,80,5.9,6.8,20.0,982.7
2024-10-01T14:00,Bharati Station,-23.0,-28.2,78,8.3,9.7,1.0,982.1
2024-10-01T15:00,Bharati Station,-23.2,-28.6,71,9.3,11.2,0.0,981.6
2024-10-01T16:00,Bharati Station,-23.5,-28.9,69,9.1,11.2,0.0,980.9
2024-10-01T17:00,Bharati Station,-23.8,-29.2,68,9.2,11.2,0.0,980.1
2024-10-01T18:00,Bharati Station,-24.0,-29.5,80,10.1,12.2,0.0,979.4
2024-10-01T19:00,Bharati Station,-23.8,-29.3,81,10.1,12.2,0.0,979.0
2024-10-01T20:00,Bharati Station,-23.6,-29.0,81,9.1,12.2,0.0,978.6
2024-10-01T21:00,Bharati Station,-23.5,-28.5,82,6.9,10.8,0.0,978.3
2024-10-01T22:00,Bharati Station,-23.0,-27.9,70,5.9,8.3,0.0,978.1
2024-10-01T23:00,Bharati Station,-22.3,-27.1,66,5.2,7.2,0.0,977.8
2024-10-02T00:00,Bharati Station,-22.2,-27.1,65,5.7,6.8,0.0,977.6
2024-10-02T01:00,Bharati Station,-24.5,-30.3,64,11.7,14.0,11.0,976.8
2024-10-02T02:00,Bharati Station,-24.2,-30.1,64,12.8,15.5,63.0,977.0
2024-10-02T03:00,Bharati Station,-23.6,-29.5,65,12.2,15.5,88.0,977.0
2024-10-02T04:00,Bharati Station,-23.0,-28.9,65,12.9,16.2,112.0,977.0
2024-10-02T05:00,Bharati Station,-22.6,-28.7,66,14.3,18.4,91.0,977.2
2024-10-02T06:00,Bharati Station,-22.2,-28.3,65,14.3,19.8,97.0,977.6
2024-10-02T07:00,Bharati Station,-21.6,-27.2,64,11.4,19.1,145.0,978.3
2024-10-02T08:00,Bharati Station,-21.2,-26.5,65,9.1,15.5,122.0,978.8
2024-10-02T09:00,Bharati Station,-20.9,-26.2,68,8.8,12.6,98.0,979.3
2024-10-02T10:00,Bharati Station,-20.6,-25.7,68,7.6,11.9,93.0,980.0
2024-10-02T11:00,Bharati Station,-20.5,-25.5,71,6.9,10.1,28.0,980.3
2024-10-02T12:00,Bharati Station,-20.8,-25.5,74,5.3,8.6,16.0,980.8
2024-10-02T13:00,Bharati Station,-20.8,-25.2,79,3.6,5.4,0.0,981.6
2024-10-02T14:00,Bharati Station,-20.8,-25.6,80,5.8,6.5,0.0,982.4
2024-10-02T15:00,Bharati Station,-20.9,-25.6,79,5.6,6.8,0.0,982.8
2024-10-02T16:00,Bharati Station,-20.8,-25.6,79,5.8,6.8,0.0,983.1
2024-10-02T17:00,Bharati Station,-20.7,-25.5,75,6.2,7.2,0.0,983.5
2024-10-02T18:00,Bharati Station,-20.6,-25.5,72,6.4,7.6,0.0,984.1
2024-10-02T19:00,Bharati Station,-20.2,-25.0,69,5.4,7.6,0.0,984.7
2024-10-02T20:00,Bharati Station,-19.0,-23.2,67,1.4,6.5,0.0,985.3
2024-10-02T21:00,Bharati Station,-19.4,-23.7,76,2.6,2.5,0.0,985.8
2024-10-02T22:00,Bharati Station,-20.9,-25.7,84,5.7,6.1,0.0,986.5
2024-10-02T23:00,Bharati Station,-21.0,-26.0,81,7.6,9.4,0.0,987.4
2024-10-03T00:00,Bharati Station,-21.3,-26.2,81,7.0,9.7,0.0,988.2
2024-10-03T01:00,Bharati Station,-21.1,-25.7,82,4.2,5.0,0.0,989.1
2024-10-03T02:00,Bharati Station,-21.4,-26.0,82,4.6,5.8,17.0,989.9
2024-10-03T03:00,Bharati Station,-21.0,-25.5,82,4.0,5.8,64.0,990.5
2024-10-03T04:00,Bharati Station,-20.6,-25.5,82,6.4,9.0,105.0,991.3
2024-10-03T05:00,Bharati Station,-20.5,-25.6,81,8.3,11.9,95.0,991.9
2024-10-03T06:00,Bharati Station,-20.4,-25.9,82,10.4,15.8,86.0,992.5
2024-10-03T07:00,Bharati Station,-20.2,-25.7,82,10.7,16.6,125.0,993.1
2024-10-03T08:00,Bharati Station,-19.8,-25.3,83,10.6,16.6,125.0,993.5
2024-10-03T09:00,Bharati Station,-19.6,-25.2,83,11.3,16.9,204.0,994.0
2024-10-03T10:00,Bharati Station,-19.4,-24.7,82,9.8,16.6,132.0,994.5
2024-10-03T11:00,Bharati Station,-19.6,-25.1,83,11.0,14.4,97.0,994.9
2024-10-03T12:00,Bharati Station,-20.6,-26.6,82,14.3,19.4,60.0,995.4
2024-10-03T13:00,Bharati Station,-22.8,-28.1,83,8.7,18.0,17.0,996.7
2024-10-03T14:00,Bharati Station,-22.8,-27.8,83,6.9,12.6,2.0,996.8
2024-10-03T15:00,Bharati Station,-23.2,-28.0,83,5.7,8.6,0.0,997.2
2024-10-03T16:00,Bharati Station,-23.6,-28.6,81,7.3,8.3,0.0,997.6
2024-10-03T17:00,Bharati Station,-23.9,-29.2,80,8.7,10.8,0.0,998.2
2024-10-03T18:00,Bharati Station,-24.0,-29.4,74,9.4,11.5,0.0,998.6
2024-10-03T19:00,Bharati Station,-24.2,-29.6,71,9.6,11.5,0.0,998.8
2024-10-03T20:00,Bharati Station,-24.4,-29.8,68,9.2,11.5,0.0,998.8
2024-10-03T21:00,Bharati Station,-24.6,-29.9,69,8.1,11.2,0.0,999.2
2024-10-03T22:00,Bharati Station,-24.6,-30.1,67,9.8,11.5,0.0,999.4
2024-10-03T23:00,Bharati Station,-24.9,-30.4,72,10.0,11.9,0.0,999.8
2024-10-04T00:00,Bharati Station,-25.2,-30.5,74,8.6,13.3,0.0,999.5
2024-10-04T01:00,Bharati Station,-25.4,-30.9,75,10.0,12.2,19.0,999.6
2024-10-04T02:00,Bharati Station,-25.0,-30.3,78,9.1,13.0,47.0,1000.0
2024-10-04T03:00,Bharati Station,-24.2,-29.6,76,9.4,12.6,144.0,999.6
2024-10-04T04:00,Bharati Station,-23.2,-28.2,76,6.6,11.9,208.0,999.6
2024-10-04T05:00,Bharati Station,-22.2,-27.3,66,7.9,9.4,229.0,999.9
2024-10-04T06:00,Bharati Station,-21.3,-26.5,61,8.2,10.8,290.0,999.5
2024-10-04T07:00,Bharati Station,-20.7,-25.8,74,7.9,10.4,353.0,999.7
2024-10-04T08:00,Bharati Station,-20.2,-25.5,68,9.1,11.9,384.0,999.5
2024-10-04T09:00,Bharati Station,-19.8,-25.1,69,9.4,11.9,246.0,999.3
2024-10-04T10:00,Bharati Station,-19.7,-24.9,69,8.6,11.9,194.0,999.2
2024-10-04T11:00,Bharati Station,-19.6,-24.7,67,7.8,10.4,37.0,998.6
2024-10-04T12:00,Bharati Station,-19.1,-23.9,65,6.1,9.4,6.0,998.2
2024-10-04T13:00,Bharati Station,-19.3,-24.2,67,6.4,7.9,1.0,998.3
2024-10-04T14:00,Bharati Station,-17.8,-22.4,63,5.0,7.6,0.0,997.7
2024-10-04T15:00,Bharati Station,-18.0,-22.7,64,5.4,6.5,0.0,997.0
2024-10-04T16:00,Bharati Station,-17.0,-21.6,59,4.6,6.8,0.0,996.6
2024-10-04T17:00,Bharati Station,-18.3,-23.2,62,6.9,7.9,0.0,996.3
2024-10-04T18:00,Bharati Station,-18.1,-23.2,59,7.5,9.4,0.0,995.6
2024-10-04T19:00,Bharati Station,-16.6,-21.3,53,5.6,9.0,0.0,995.1
2024-10-04T20:00,Bharati Station,-15.4,-19.9,53,4.1,6.8,0.0,994.3
2024-10-04T21:00,Bharati Station,-15.2,-19.7,51,3.9,5.0,0.0,993.8
2024-10-04T22:00,Bharati Station,-14.9,-19.6,49,5.2,6.1,0.0,993.4
2024-10-04T23:00,Bharati Station,-16.4,-21.4,58,7.2,8.3,0.0,992.9
2024-10-05T00:00,Bharati Station,-17.3,-22.5,66,9.0,10.4,0.0,992.3
2024-10-05T01:00,Bharati Station,-14.9,-19.5,60,5.3,6.5,0.0,991.1
2024-10-05T02:00,Bharati Station,-16.7,-21.9,64,9.0,10.1,0.0,990.8
2024-10-05T03:00,Bharati Station,-16.3,-21.9,64,12.1,14.4,1.0,990.5
2024-10-05T04:00,Bharati Station,-15.9,-21.1,65,8.8,14.4,4.0,989.9
2024-10-05T05:00,Bharati Station,-14.7,-19.4,58,6.2,10.4,8.0,989.2
2024-10-05T06:00,Bharati Station,-13.1,-17.3,49,2.3,7.2,5.0,988.5
2024-10-05T07:00,Bharati Station,-13.0,-17.0,52,1.4,2.9,13.0,987.8
2024-10-05T08:00,Bharati Station,-12.8,-16.9,55,2.3,2.9,11.0,987.1
2024-10-05T09:00,Bharati Station,-12.5,-16.7,55,2.7,3.6,17.0,986.6
2024-10-05T10:00,Bharati Station,-12.4,-16.5,55,2.3,3.2,3.0,986.1
2024-10-05T11:00,Bharati Station,-12.2,-16.6,55,3.8,4.3,1.0,985.5
2024-10-05T12:00,Bharati Station,-12.8,-17.3,61,5.1,5.8,0.0,984.7
2024-10-05T13:00,Bharati Station,-13.8,-18.5,71,6.3,8.3,0.0,984.9
2024-10-05T14:00,Bharati Station,-13.1,-17.6,72,5.2,7.6,0.0,984.4
2024-10-05T15:00,Bharati Station,-12.1,-16.3,72,3.9,6.5,0.0,984.2
2024-10-05T16:00,Bharati Station,-12.9,-17.5,64,5.7,6.5,0.0,983.7
2024-10-05T17:00,Bharati Station,-13.5,-18.3,65,6.9,7.9,0.0,983.1
2024-10-05T18:00,Bharati Station,-14.1,-19.2,67,8.7,10.4,0.0,982.2
2024-10-05T19:00,Bharati Station,-14.1,-19.2,68,9.0,10.8,0.0,981.7
2024-10-05T20:00,Bharati Station,-14.0,-19.7,65,12.8,14.8,0.0,981.2
2024-10-05T21:00,Bharati Station,-13.7,-19.8,65,15.8,19.4,0.0,980.7
2024-10-05T22:00,Bharati Station,-13.8,-19.7,65,14.4,19.4,0.0,980.5
2024-10-05T23:00,Bharati Station,-14.0,-19.6,64,12.4,17.3,0.0,980.0
2024-10-06T00:00,Bharati Station,-14.1,-19.7,64,12.1,14.8,0.0,979.3
2024-10-06T01:00,Bharati Station,-14.4,-20.5,65,16.2,20.2,2.0,977.8
2024-10-06T02:00,Bharati Station,-14.2,-20.2,65,15.6,19.8,24.0,977.4
2024-10-06T03:00,Bharati Station,-13.6,-19.6,67,15.2,19.1,25.0,977.2
2024-10-06T04:00,Bharati Station,-13.0,-18.5,67,12.0,18.4,43.0,976.9
2024-10-06T05:00,Bharati Station,-12.6,-17.4,65,7.2,14.4,22.0,976.5
2024-10-06T06:00,Bharati Station,-11.7,-16.2,59,5.4,8.6,27.0,976.0
2024-10-06T07:00,Bharati Station,-11.7,-16.1,64,5.2,6.5,52.0,975.5
2024-10-06T08:00,Bharati Station,-11.9,-16.4,70,5.9,7.2,50.0,975.0
2024-10-06T09:00,Bharati Station,-11.9,-16.5,72,7.1,7.9,59.0,974.4
2024-10-06T10:00,Bharati Station,-11.9,-16.7,71,7.6,9.7,32.0,973.8
2024-10-06T11:00,Bharati Station,-11.9,-16.6,72,7.3,9.0,22.0,973.3
2024-10-06T12:00,Bharati Station,-12.0,-17.0,73,9.0,10.4,4.0,972.8
2024-10-06T13:00,Bharati Station,-10.7,-16.0,73,12.1,14.0,0.0,971.0
2024-10-06T14:00,Bharati Station,-10.2,-15.9,75,15.0,17.6,0.0,970.4
2024-10-06T15:00,Bharati Station,-9.6,-16.1,74,20.5,24.8,0.0,970.8
2024-10-06T16:00,Bharati Station,-9.3,-16.8,69,27.2,33.8,0.0,971.0
2024-10-06T17:00,Bharati Station,-9.3,-17.0,67,28.5,38.9,0.0,971.2
2024-10-06T18:00,Bharati Station,-9.1,-17.1,64,30.1,38.2,0.0,971.4
2024-10-06T19:00,Bharati Station,-9.0,-17.6,63,34.4,44.6,0.0,971.5
2024-10-06T20:00,Bharati Station,-9.1,-17.5,63,33.2,45.0,0.0,971.6
2024-10-06T21:00,Bharati Station,-9.0,-17.5,63,33.4,43.6,0.0,971.7
2024-10-06T22:00,Bharati Station,-9.1,-17.3,63,31.7,43.2,0.0,972.1
2024-10-06T23:00,Bharati Station,-9.2,-17.0,63,29.2,41.0,0.0,972.4
2024-10-07T00:00,Bharati Station,-9.2,-17.0,62,28.9,37.8,0.0,972.5
2024-10-07T01:00,Bharati Station,-9.7,-16.8,67,24.0,37.4,1.0,972.1
2024-10-07T02:00,Bharati Station,-9.6,-16.4,67,22.4,31.0,0.0,972.3
2024-10-07T03:00,Bharati Station,-9.3,-15.9,67,20.9,29.2,3.0,972.7
2024-10-07T04:00,Bharati Station,-8.9,-15.4,68,19.9,27.0,5.0,973.0
2024-10-07T05:00,Bharati Station,-8.6,-14.8,69,18.7,25.6,4.0,973.6
2024-10-07T06:00,Bharati Station,-8.3,-14.4,70,17.9,23.8,4.0,973.7
2024-10-07T07:00,Bharati Station,-8.2,-14.2,74,17.8,23.0,5.0,974.1
2024-10-07T08:00,Bharati Station,-8.4,-13.9,79,14.7,23.0,11.0,974.5
2024-10-07T09:00,Bharati Station,-8.3,-14.3,80,18.3,22.3,2.0,974.9
2024-10-07T10:00,Bharati Station,-8.2,-15.2,80,24.8,31.7,1.0,975.3
2024-10-07T11:00,Bharati Station,-8.3,-16.0,78,29.8,38.2,1.0,975.7
2024-10-07T12:00,Bharati Station,-8.3,-16.2,78,31.1,40.7,1.0,976.3
2024-10-07T13:00,Bharati Station,-8.6,-16.4,82,30.5,44.6,0.0,978.3
2024-10-07T14:00,Bharati Station,-8.6,-15.8,80,26.2,39.6,0.0,979.1
2024-10-07T15:00,Bharati Station,-8.7,-15.0,80,20.2,33.8,0.0,979.7
2024-10-07T16:00,Bharati Station,-9.0,-14.6,78,15.1,25.9,0.0,980.3
2024-10-07T17:00,Bharati Station,-9.2,-14.7,72,13.9,18.7,0.0,980.8
2024-10-07T18:00,Bharati Station,-9.1,-14.8,68,15.0,18.7,0.0,981.4
2024-10-07T19:00,Bharati Station,-9.2,-15.0,67,15.6,19.4,0.0,982.0
2024-10-07T20:00,Bharati Station,-9.4,-15.3,67,15.8,19.8,0.0,982.4
2024-10-07T21:00,Bharati Station,-9.9,-15.6,67,14.3,19.8,0.0,982.8
2024-10-07T22:00,Bharati Station,-10.3,-15.7,66,12.7,17.6,0.0,983.1
2024-10-07T23:00,Bharati Station,-10.7,-16.1,64,12.3,15.5,0.0,983.6
2024-10-08T00:00,Bharati Station,-11.3,-16.9,58,12.9,15.8,0.0,983.8
2024-10-08T01:00,Bharati Station,-12.9,-18.8,52,14.1,17.6,21.0,983.3
2024-10-08T02:00,Bharati Station,-13.1,-18.8,51,12.8,17.6,75.0,983.2
2024-10-08T03:00,Bharati Station,-12.7,-18.3,51,11.7,15.5,159.0,983.5
2024-10-08T04:00,Bharati Station,-12.2,-18.3,52,15.7,19.4,235.0,983.6
2024-10-08T05:00,Bharati Station,-12.0,-17.9,57,14.7,20.2,278.0,983.6
2024-10-08T06:00,Bharati Station,-11.9,-17.5,61,12.3,18.4,338.0,983.6
2024-10-08T07:00,Bharati Station,-12.0,-17.1,65,9.6,15.5,344.0,983.5
2024-10-08T08:00,Bharati Station,-12.0,-16.5,69,5.8,11.9,376.0,983.3
2024-10-08T09:00,Bharati Station,-12.1,-16.3,72,3.7,7.2,360.0,983.0
2024-10-08T10:00,Bharati Station,-11.9,-16.2,61,3.6,4.0,305.0,982.7
2024-10-08T11:00,Bharati Station,-12.6,-17.3,65,6.8,6.8,225.0,982.2
2024-10-08T12:00,Bharati Station,-13.2,-18.2,63,8.4,9.4,117.0,981.9
2024-10-08T13:00,Bharati Station,-14.0,-19.4,59,10.8,12.6,45.0,982.5
2024-10-08T14:00,Bharati Station,-14.6,-20.1,59,11.0,13.0,1.0,982.5
2024-10-08T15:00,Bharati Station,-15.0,-20.5,60,11.2,13.3,0.0,982.3
2024-10-08T16:00,Bharati Station,-15.1,-20.6,60,11.2,13.7,0.0,981.8
2024-10-08T17:00,Bharati Station,-15.1,-20.4,60,9.6,13.3,0.0,981.6
2024-10-08T18:00,Bharati Station,-14.7,-19.7,55,7.5,10.8,0.0,981.4
2024-10-08T19:00,Bharati Station,-14.3,-19.1,51,6.6,8.6,0.0,981.4
2024-10-08T20:00,Bharati Station,-14.5,-19.3,53,6.7,7.9,0.0,981.5
2024-10-08T21:00,Bharati Station,-13.7,-18.4,49,5.6,7.6,0.0,981.4
2024-10-08T22:00,Bharati Station,-12.8,-17.4,44,4.8,6.5,0.0,981.2
2024-10-08T23:00,Bharati Station,-14.4,-19.2,53,6.7,7.2,0.0,980.9
2024-10-09T00:00,Bharati Station,-14.9,-19.9,57,7.6,8.6,0.0,980.8
2024-10-09T01:00,Bharati Station,-15.0,-20.5,67,11.7,13.3,1.0,980.2
2024-10-09T02:00,Bharati Station,-14.6,-20.0,68,11.1,14.0,1.0,979.9
2024-10-09T03:00,Bharati Station,-14.3,-19.5,67,9.5,12.6,12.0,979.2
2024-10-09T04:00,Bharati Station,-13.5,-18.2,64,6.7,10.8,22.0,978.5
2024-10-09T05:00,Bharati Station,-11.6,-15.9,51,3.0,7.6,21.0,977.9
2024-10-09T06:00,Bharati Station,-11.7,-15.9,52,2.7,3.6,22.0,977.5
2024-10-09T07:00,Bharati Station,-12.8,-17.3,69,5.1,5.8,31.0,977.1
2024-10-09T08:00,Bharati Station,-12.5,-16.8,68,4.3,6.1,29.0,977.0
2024-10-09T09:00,Bharati Station,-12.0,-16.2,63,3.4,5.0,28.0,976.7
2024-10-09T10:00,Bharati Station,-11.4,-15.6,59,2.7,4.0,20.0,976.4
2024-10-09T11:00,Bharati Station,-11.3,-15.3,60,2.2,3.2,9.0,976.3
2024-10-09T12:00,Bharati Station,-11.1,-15.1,60,2.1,2.5,6.0,976.0
2024-10-09T13:00,Bharati Station,-13.3,-17.9,77,5.9,6.5,1.0,976.1
2024-10-09T14:00,Bharati Station,-13.7,-18.4,77,6.6,7.6,0.0,976.1
2024-10-09T15:00,Bharati Station,-13.3,-17.7,74,4.8,7.6,0.0,976.3
2024-10-09T16:00,Bharati Station,-12.6,-16.8,70,3.6,5.4,0.0,976.7
2024-10-09T17:00,Bharati Station,-13.6,-18.1,74,5.5,5.4,0.0,977.1
2024-10-09T18:00,Bharati Station,-13.5,-19.3,73,14.2,15.5,0.0,977.7
2024-10-09T19:00,Bharati Station,-12.7,-19.4,72,21.0,25.9,0.0,978.2
2024-10-09T20:00,Bharati Station,-12.2,-19.5,71,24.8,31.3,0.0,978.7
2024-10-09T21:00,Bharati Station,-11.8,-19.4,68,27.3,35.3,0.0,979.1
2024-10-09T22:00,Bharati Station,-11.7,-19.3,65,26.7,35.6,0.0,979.5
2024-10-09T23:00,Bharati Station,-12.1,-19.5,64,25.4,34.6,0.0,979.9
2024-10-10T00:00,Bharati Station,-12.3,-19.5,63,24.0,32.8,1.0,980.2
2024-10-10T01:00,Bharati Station,-12.2,-19.9,60,27.0,36.4,12.0,979.8
2024-10-10T02:00,Bharati Station,-12.1,-19.4,62,24.3,35.3,44.0,980.1
2024-10-10T03:00,Bharati Station,-11.8,-18.9,60,22.9,31.7,136.0,980.6
2024-10-10T04:00,Bharati Station,-11.3,-18.2,61,21.6,29.5,228.0,981.5
2024-10-10T05:00,Bharati Station,-10.7,-17.3,61,20.1,27.7,129.0,981.7
2024-10-10T06:00,Bharati Station,-10.5,-17.0,61,19.1,25.9,223.0,982.1
2024-10-10T07:00,Bharati Station,-10.3,-16.6,61,18.2,24.5,333.0,982.3
2024-10-10T08:00,Bharati Station,-10.1,-16.2,61,16.5,23.4,330.0,982.4
2024-10-10T09:00,Bharati Station,-10.2,-16.0,61,14.3,20.9,339.0,982.4
2024-10-10T10:00,Bharati Station,-10.6,-16.0,62,12.3,18.0,292.0,982.4
2024-10-10T11:00,Bharati Station,-11.2,-16.6,63,11.4,15.1,201.0,982.2
2024-10-10T12:00,Bharati Station,-12.0,-17.4,63,11.6,14.0,121.0,982.0
2024-10-10T13:00,Bharati Station,-12.6,-17.9,63,10.9,12.2,63.0,983.3
2024-10-10T14:00,Bharati Station,-13.2,-18.8,63,12.4,14.4,9.0,983.7
2024-10-10T15:00,Bharati Station,-13.6,-19.4,63,13.8,16.6,0.0,983.9
2024-10-10T16:00,Bharati Station,-14.0,-19.9,62,14.2,16.9,0.0,984.3
2024-10-10T17:00,Bharati Station,-14.5,-20.5,60,15.0,18.0,0.0,984.6
2024-10-10T18:00,Bharati Station,-14.9,-21.1,60,15.8,19.1,0.0,985.0
2024-10-10T19:00,Bharati Station,-15.3,-21.5,61,16.1,20.2,0.0,985.2
2024-10-10T20:00,Bharati Station,-15.7,-22.0,61,16.5,20.5,0.0,985.6
2024-10-10T21:00,Bharati Station,-16.3,-22.5,62,16.1,20.5,0.0,985.9
2024-10-10T22:00,Bharati Station,-16.5,-22.7,61,15.6,20.2,0.0,986.4
2024-10-10T23:00,Bharati Station,-16.7,-22.8,60,15.1,19.4,0.0,986.9
2024-10-11T00:00,Bharati Station,-16.6,-22.7,58,15.0,18.7,4.0,987.2
2024-10-11T01:00,Bharati Station,-16.2,-21.9,58,12.4,17.6,43.0,986.9
2024-10-11T02:00,Bharati Station,-15.9,-21.2,59,9.7,14.4,120.0,987.3
2024-10-11T03:00,Bharati Station,-14.4,-19.3,52,6.5,10.8,208.0,987.7
2024-10-11T04:00,Bharati Station,-13.4,-18.0,47,5.0,7.6,288.0,988.2
2024-10-11T05:00,Bharati Station,-12.7,-17.2,45,4.2,5.8,355.0,988.1
2024-10-11T06:00,Bharati Station,-12.9,-17.4,53,4.6,5.0,403.0,988.4
2024-10-11T07:00,Bharati Station,-12.9,-17.4,59,4.6,5.4,423.0,988.6
2024-10-11T08:00,Bharati Station,-12.7,-17.1,60,4.5,5.4,412.0,988.8
2024-10-11T09:00,Bharati Station,-11.8,-15.9,49,1.7,5.0,382.0,988.9
2024-10-11T10:00,Bharati Station,-11.9,-16.2,49,2.8,2.9,324.0,989.1
2024-10-11T11:00,Bharati Station,-13.1,-17.6,59,4.9,5.4,247.0,989.3
2024-10-11T12:00,Bharati Station,-12.8,-17.3,53,4.5,5.8,160.0,989.5
2024-10-11T13:00,Bharati Station,-12.6,-16.9,56,3.0,3.2,77.0,989.8
2024-10-11T14:00,Bharati Station,-13.7,-18.3,59,5.3,5.8,17.0,990.1
2024-10-11T15:00,Bharati Station,-15.7,-20.7,62,8.1,9.0,0.0,990.1
2024-10-11T16:00,Bharati Station,-16.8,-22.2,62,10.4,11.5,0.0,990.4
2024-10-11T17:00,Bharati Station,-17.2,-22.6,62,10.6,12.2,0.0,990.8
2024-10-11T18:00,Bharati Station,-17.4,-22.7,63,9.4,12.2,0.0,991.1
2024-10-11T19:00,Bharati Station,-16.9,-22.0,59,8.3,10.8,0.0,991.2
2024-10-11T20:00,Bharati Station,-16.4,-21.4,56,7.4,9.4,0.0,991.5
2024-10-11T21:00,Bharati Station,-16.6,-21.6,56,7.0,8.3,0.0,991.8
2024-10-11T22:00,Bharati Station,-17.3,-22.3,57,7.5,8.3,0.0,992.3
2024-10-11T23:00,Bharati Station,-18.0,-23.2,59,8.6,9.7,0.0,992.7
2024-10-12T00:00,Bharati Station,-18.0,-23.2,57,8.5,10.1,5.0,993.0
2024-10-12T01:00,Bharati Station,-18.8,-23.8,60,6.9,7.9,48.0,992.4
2024-10-12T02:00,Bharati Station,-18.6,-23.6,61,7.4,8.6,126.0,992.7
2024-10-12T03:00,Bharati Station,-16.7,-21.3,50,4.1,8.6,212.0,993.3
2024-10-12T04:00,Bharati Station,-16.4,-20.7,49,2.2,4.7,292.0,993.8
2024-10-12T05:00,Bharati Station,-16.3,-20.6,50,2.3,2.9,323.0,994.1
2024-10-12T06:00,Bharati Station,-15.6,-19.7,49,0.9,2.9,314.0,994.5
2024-10-12T07:00,Bharati Station,-15.5,-19.6,55,1.2,1.4,299.0,994.9
2024-10-12T08:00,Bharati Station,-15.4,-19.4,57,1.2,1.4,359.0,995.1
2024-10-12T09:00,Bharati Station,-15.4,-19.4,71,1.7,1.8,373.0,995.6
2024-10-12T10:00,Bharati Station,-15.5,-19.8,72,3.3,3.2,322.0,995.8
2024-10-12T11:00,Bharati Station,-15.8,-20.5,72,5.8,6.5,245.0,996.0
2024-10-12T12:00,Bharati Station,-16.3,-21.1,72,6.7,7.6,158.0,996.1
2024-10-12T13:00,Bharati Station,-16.5,-20.4,78,0.6,2.9,77.0,995.7
2024-10-12T14:00,Bharati Station,-16.3,-20.4,75,2.1,2.2,18.0,995.9
2024-10-12T15:00,Bharati Station,-17.2,-21.9,70,5.3,5.4,0.0,996.1
2024-10-12T16:00,Bharati Station,-18.8,-23.9,67,8.4,9.4,0.0,996.1
2024-10-12T17:00,Bharati Station,-19.2,-24.8,62,11.0,12.6,0.0,996.0
2024-10-12T18:00,Bharati Station,-19.6,-25.4,60,12.5,14.8,0.0,995.9
2024-10-12T19:00,Bharati Station,-20.0,-26.0,60,13.3,16.6,0.0,995.8
2024-10-12T20:00,Bharati Station,-20.5,-26.6,60,13.9,17.6,0.0,995.8
2024-10-12T21:00,Bharati Station,-21.2,-27.3,61,14.2,18.4,0.0,995.6
2024-10-12T22:00,Bharati Station,-21.6,-27.7,61,14.1,18.7,0.0,995.7
2024-10-12T23:00,Bharati Station,-21.9,-28.0,61,14.4,18.7,0.0,995.8
2024-10-13T00:00,Bharati Station,-21.9,-28.2,60,15.0,19.8,7.0,995.6
2024-10-13T01:00,Bharati Station,-20.7,-27.0,62,15.3,20.5,55.0,995.3
2024-10-13T02:00,Bharati Station,-20.0,-26.0,64,13.9,19.8,136.0,995.1
2024-10-13T03:00,Bharati Station,-19.2,-25.1,64,13.6,18.0,226.0,994.9
2024-10-13T04:00,Bharati Station,-18.2,-24.1,65,13.1,17.3,310.0,994.3
2024-10-13T05:00,Bharati Station,-17.4,-23.0,65,11.5,16.9,379.0,993.9
2024-10-13T06:00,Bharati Station,-16.5,-22.0,65,10.8,14.8,426.0,993.8
2024-10-13T07:00,Bharati Station,-15.9,-21.1,65,9.3,13.7,446.0,993.1
2024-10-13T08:00,Bharati Station,-15.6,-20.8,64,8.9,11.5,439.0,992.8
2024-10-13T09:00,Bharati Station,-15.5,-20.7,63,9.4,11.9,404.0,992.1
2024-10-13T10:00,Bharati Station,-15.7,-20.8,63,8.1,11.5,346.0,991.6
2024-10-13T11:00,Bharati Station,-16.1,-21.3,61,8.9,10.4,268.0,991.4
2024-10-13T12:00,Bharati Station,-16.5,-22.2,57,11.9,13.7,179.0,991.0
2024-10-13T13:00,Bharati Station,-16.8,-22.8,52,13.9,16.6,91.0,989.5
2024-10-13T14:00,Bharati Station,-17.4,-23.6,51,15.6,19.1,24.0,988.4
2024-10-13T15:00,Bharati Station,-18.2,-24.3,52,14.7,19.1,0.0,987.7
2024-10-13T16:00,Bharati Station,-18.9,-24.9,53,13.4,17.6,0.0,987.3
2024-10-13T17:00,Bharati Station,-19.4,-25.5,52,14.8,18.0,0.0,986.5
2024-10-13T18:00,Bharati Station,-19.7,-25.9,53,15.0,18.4,0.0,985.9
2024-10-13T19:00,Bharati Station,-19.8,-26.1,52,15.2,18.4,0.0,985.3
2024-10-13T20:00,Bharati Station,-20.0,-26.0,52,13.3,18.7,0.0,984.9
2024-10-13T21:00,Bharati Station,-20.3,-26.0,52,11.6,15.8,0.0,984.7
2024-10-13T22:00,Bharati Station,-20.1,-26.1,49,13.3,15.1,0.0,984.4
2024-10-13T23:00,Bharati Station,-20.0,-26.0,48,13.4,16.2,0.0,984.3
2024-10-14T00:00,Bharati Station,-19.7,-25.9,46,14.6,16.6,10.0,984.2
2024-10-14T01:00,Bharati Station,-19.2,-25.6,48,16.2,20.2,62.0,983.8
2024-10-14T02:00,Bharati Station,-18.7,-24.0,49,8.3,19.1,146.0,983.7
2024-10-14T03:00,Bharati Station,-16.1,-20.6,37,2.7,9.7,232.0,983.7
2024-10-14T04:00,Bharati Station,-15.7,-20.1,39,3.0,3.2,320.0,983.3
2024-10-14T05:00,Bharati Station,-17.3,-22.4,56,7.7,9.0,390.0,982.5
2024-10-14T06:00,Bharati Station,-14.8,-19.3,34,3.6,9.0,438.0,982.2
2024-10-14T07:00,Bharati Station,-14.2,-18.4,37,1.8,4.0,458.0,982.1
2024-10-14T08:00,Bharati Station,-14.1,-18.2,41,0.9,2.2,453.0,982.1
2024-10-14T09:00,Bharati Station,-13.9,-18.0,43,1.3,1.4,410.0,982.3
2024-10-14T10:00,Bharati Station,-15.1,-20.0,59,7.0,7.2,260.0,982.1
2024-10-14T11:00,Bharati Station,-15.0,-20.8,57,13.5,15.1,158.0,981.8
2024-10-14T12:00,Bharati Station,-14.6,-21.3,52,19.3,22.7,54.0,981.4
2024-10-14T13:00,Bharati Station,-15.1,-21.5,53,17.3,20.9,13.0,982.1
2024-10-14T14:00,Bharati Station,-15.1,-21.6,49,17.8,22.0,1.0,982.1
2024-10-14T15:00,Bharati Station,-15.0,-21.7,46,18.9,23.0,0.0,982.1
2024-10-14T16:00,Bharati Station,-14.8,-21.9,47,21.8,27.0,0.0,982.1
2024-10-14T17:00,Bharati Station,-14.8,-21.8,48,20.9,28.1,0.0,982.4
2024-10-14T18:00,Bharati Station,-14.9,-21.6,49,19.1,25.9,0.0,982.8
2024-10-14T19:00,Bharati Station,-14.8,-21.4,49,18.2,23.8,0.0,983.1
2024-10-14T20:00,Bharati Station,-14.7,-21.2,49,18.0,22.3,0.0,982.9
2024-10-14T21:00,Bharati Station,-14.5,-21.0,50,17.8,22.3,0.0,983.0
2024-10-14T22:00,Bharati Station,-14.0,-20.5,49,17.8,22.3,0.0,982.9
2024-10-14T23:00,Bharati Station,-13.6,-20.2,50,18.7,23.0,0.0,982.7
2024-10-15T00:00,Bharati Station,-13.1,-19.7,53,18.9,24.5,0.0,982.5
2024-10-15T01:00,Bharati Station,-11.8,-18.5,58,20.7,25.2,7.0,981.4
2024-10-15T02:00,Bharati Station,-10.6,-17.5,57,22.0,27.4,14.0,981.4
2024-10-15T03:00,Bharati Station,-9.6,-16.7,55,23.4,29.5,21.0,981.5
2024-10-15T04:00,Bharati Station,-8.5,-15.8,56,25.4,31.7,57.0,981.4
2024-10-15T05:00,Bharati Station,-7.5,-14.8,58,25.8,32.8,33.0,981.6
2024-10-15T06:00,Bharati Station,-6.8,-14.0,60,25.4,32.8,13.0,981.6
2024-10-15T07:00,Bharati Station,-6.3,-13.6,61,26.2,33.8,7.0,981.7
2024-10-15T08:00,Bharati Station,-5.9,-13.0,63,25.3,33.8,13.0,981.8
2024-10-15T09:00,Bharati Station,-5.6,-12.6,65,25.0,32.4,7.0,982.0
2024-10-15T10:00,Bharati Station,-5.4,-12.2,68,23.6,32.0,3.0,982.1
2024-10-15T11:00,Bharati Station,-5.5,-11.8,69,20.7,29.9,3.0,982.4
2024-10-15T12:00,Bharati Station,-5.7,-11.6,71,18.2,26.3,1.0,982.9
2024-10-15T13:00,Bharati Station,-6.4,-12.0,77,16.3,19.8,0.0,983.2
2024-10-15T14:00,Bharati Station,-6.4,-12.1,78,16.6,20.9,0.0,983.8
2024-10-15T15:00,Bharati Station,-6.5,-12.0,76,15.3,20.5,0.0,984.3
2024-10-15T16:00,Bharati Station,-6.2,-12.0,74,16.8,19.8,0.0,984.8
2024-10-15T17:00,Bharati Station,-5.7,-11.8,71,19.4,23.8,0.0,985.0
2024-10-15T18:00,Bharati Station,-5.3,-11.9,67,22.7,28.1,0.0,985.5
2024-10-15T19:00,Bharati Station,-5.0,-12.0,65,25.3,32.0,0.0,986.1
2024-10-15T20:00,Bharati Station,-5.0,-12.1,64,25.9,33.1,0.0,986.3
2024-10-15T21:00,Bharati Station,-5.0,-12.0,64,25.2,33.1,0.0,986.6
2024-10-15T22:00,Bharati Station,-5.0,-12.0,63,25.5,32.4,0.0,987.1
2024-10-15T23:00,Bharati Station,-5.1,-12.4,61,27.1,34.2,0.0,987.5
2024-10-16T00:00,Bharati Station,-5.1,-12.6,58,28.5,36.4,1.0,987.7
2024-10-16T01:00,Bharati Station,-4.7,-12.2,59,27.7,38.9,2.0,987.5
2024-10-16T02:00,Bharati Station,-4.5,-11.7,57,26.2,35.6,18.0,987.2
2024-10-16T03:00,Bharati Station,-4.1,-12.5,52,33.7,42.8,123.0,986.9
2024-10-16T04:00,Bharati Station,-3.8,-12.8,51,38.1,50.0,203.0,986.8
2024-10-16T05:00,Bharati Station,-3.5,-11.6,52,32.2,50.0,271.0,987.0
2024-10-16T06:00,Bharati Station,-3.4,-9.4,59,18.3,41.8,57.0,987.5
2024-10-16T07:00,Bharati Station,-3.2,-8.4,64,13.7,23.0,16.0,987.9
2024-10-16T08:00,Bharati Station,-3.2,-8.2,67,12.8,16.6,225.0,988.1
2024-10-16T09:00,Bharati Station,-2.6,-8.8,62,20.4,24.8,222.0,987.9
2024-10-16T10:00,Bharati Station,-2.4,-9.5,59,27.2,34.6,30.0,987.6
2024-10-16T11:00,Bharati Station,-2.4,-9.7,57,27.6,35.6,15.0,987.4
2024-10-16T12:00,Bharati Station,-2.5,-10.1,54,29.1,37.4,16.0,987.3
2024-10-16T13:00,Bharati Station,-3.3,-10.4,60,26.0,36.0,6.0,988.4
2024-10-16T14:00,Bharati Station,-3.5,-11.2,58,30.2,38.5,0.0,988.6
2024-10-16T15:00,Bharati Station,-3.4,-11.7,56,33.7,43.9,0.0,988.4
2024-10-16T16:00,Bharati Station,-3.4,-11.3,53,31.3,43.9,0.0,988.6
2024-10-16T17:00,Bharati Station,-3.5,-11.5,51,31.0,41.0,0.0,988.9
2024-10-16T18:00,Bharati Station,-3.8,-11.7,50,30.4,40.0,0.0,989.2
2024-10-16T19:00,Bharati Station,-4.2,-12.1,48,29.6,40.0,0.0,989.4
2024-10-16T20:00,Bharati Station,-4.9,-11.9,49,23.9,38.2,0.0,989.6
2024-10-16T21:00,Bharati Station,-5.9,-12.2,51,18.8,30.2,0.0,990.0
2024-10-16T22:00,Bharati Station,-6.7,-12.6,54,15.5,23.0,0.0,990.4
2024-10-16T23:00,Bharati Station,-7.7,-13.4,56,14.0,18.7,0.0,990.9
2024-10-17T00:00,Bharati Station,-8.2,-13.9,58,14.7,17.3,8.0,991.1
2024-10-17T01:00,Bharati Station,-8.8,-14.4,59,13.8,17.6,30.0,990.8
2024-10-17T02:00,Bharati Station,-9.0,-14.7,65,14.6,18.0,74.0,990.8
2024-10-17T03:00,Bharati Station,-8.5,-14.0,69,13.4,18.0,141.0,991.0
2024-10-17T04:00,Bharati Station,-8.0,-13.2,70,11.7,16.6,248.0,990.8
2024-10-17T05:00,Bharati Station,-7.5,-12.5,71,11.0,14.4,303.0,990.5
2024-10-17T06:00,Bharati Station,-6.9,-11.8,71,10.3,13.7,362.0,990.1
2024-10-17T07:00,Bharati Station,-6.4,-11.1,71,9.3,12.6,400.0,989.8
2024-10-17T08:00,Bharati Station,-6.2,-10.7,70,7.6,11.2,373.0,989.4
2024-10-17T09:00,Bharati Station,-6.3,-10.7,68,7.5,9.0,356.0,988.8
2024-10-17T10:00,Bharati Station,-6.5,-10.8,68,6.5,8.6,315.0,988.1
2024-10-17T11:00,Bharati Station,-7.1,-11.5,69,6.5,7.9,227.0,987.4
2024-10-17T12:00,Bharati Station,-7.8,-12.3,68,7.0,8.3,122.0,986.9
2024-10-17T13:00,Bharati Station,-8.8,-13.6,71,8.9,9.7,35.0,988.0
2024-10-17T14:00,Bharati Station,-9.5,-14.7,67,11.7,14.0,7.0,987.3
2024-10-17T15:00,Bharati Station,-10.1,-15.5,63,12.2,14.8,0.0,986.4
2024-10-17T16:00,Bharati Station,-10.5,-15.9,60,12.2,14.8,0.0,985.8
2024-10-17T17:00,Bharati Station,-10.7,-16.5,59,14.4,17.6,0.0,985.2
2024-10-17T18:00,Bharati Station,-11.1,-17.0,61,15.0,18.7,0.0,984.9
2024-10-17T19:00,Bharati Station,-11.1,-17.0,61,14.9,18.4,0.0,984.6
2024-10-17T20:00,Bharati Station,-10.8,-16.7,57,14.5,18.4,0.0,984.3
2024-10-17T21:00,Bharati Station,-9.7,-16.5,50,20.5,24.1,0.0,984.3
2024-10-17T22:00,Bharati Station,-9.6,-16.7,51,23.1,28.8,0.0,984.1
2024-10-17T23:00,Bharati Station,-9.7,-16.8,49,22.8,28.8,0.0,984.0
2024-10-18T00:00,Bharati Station,-9.7,-16.7,48,22.5,29.2,15.0,983.9
2024-10-18T01:00,Bharati Station,-10.6,-17.4,53,21.0,28.4,42.0,984.8
2024-10-18T02:00,Bharati Station,-10.5,-16.8,56,17.5,26.3,124.0,984.9
2024-10-18T03:00,Bharati Station,-10.3,-16.0,58,13.4,21.6,213.0,984.8
2024-10-18T04:00,Bharati Station,-10.0,-15.0,61,9.5,16.2,321.0,984.6
2024-10-18T05:00,Bharati Station,-8.8,-13.3,52,5.6,11.2,390.0,984.5
2024-10-18T06:00,Bharati Station,-7.6,-11.7,42,2.7,6.8,423.0,984.3
2024-10-18T07:00,Bharati Station,-7.6,-11.3,44,0.7,3.2,435.0,984.2
2024-10-18T08:00,Bharati Station,-7.6,-11.6,45,2.3,2.5,428.0,984.1
2024-10-18T09:00,Bharati Station,-8.1,-12.3,55,4.3,5.0,414.0,983.8
2024-10-18T10:00,Bharati Station,-8.4,-12.7,60,5.4,6.5,369.0,983.6
2024-10-18T11:00,Bharati Station,-8.2,-12.6,57,5.2,6.5,289.0,983.5
2024-10-18T12:00,Bharati Station,-8.1,-12.5,56,5.2,6.5,196.0,983.2
2024-10-18T13:00,Bharati Station,-9.2,-16.2,55,22.7,28.8,107.0,984.5
2024-10-18T14:00,Bharati Station,-9.7,-16.7,52,22.5,28.8,30.0,984.3
2024-10-18T15:00,Bharati Station,-10.1,-17.4,50,23.8,30.2,1.0,984.2
2024-10-18T16:00,Bharati Station,-10.5,-17.7,49,23.4,30.6,0.0,984.0
2024-10-18T17:00,Bharati Station,-10.8,-17.8,48,21.5,29.5,0.0,983.7
2024-10-18T18:00,Bharati Station,-11.2,-18.1,48,20.9,27.0,0.0,983.6
2024-10-18T19:00,Bharati Station,-11.5,-18.5,47,21.6,27.0,0.0,983.4
2024-10-18T20:00,Bharati Station,-11.7,-18.7,46,21.8,27.7,0.0,983.2
2024-10-18T21:00,Bharati Station,-12.0,-18.9,46,20.9,27.4,0.0,983.0
2024-10-18T22:00,Bharati Station,-12.3,-19.2,46,20.9,26.3,0.0,982.9
2024-10-18T23:00,Bharati Station,-12.6,-19.5,47,20.6,25.9,0.0,982.7
2024-10-19T00:00,Bharati Station,-12.6,-19.4,47,20.2,25.6,23.0,982.4
2024-10-19T01:00,Bharati Station,-12.4,-19.3,47,20.7,36.0,89.0,982.3
2024-10-19T02:00,Bharati Station,-12.6,-18.5,51,14.6,25.9,178.0,982.1
2024-10-19T03:00,Bharati Station,-12.5,-17.8,55,10.2,17.6,271.0,981.7
2024-10-19T04:00,Bharati Station,-12.0,-17.2,57,9.7,11.9,357.0,981.2
2024-10-19T05:00,Bharati Station,-11.6,-16.7,60,9.6,11.5,427.0,981.0
2024-10-19T06:00,Bharati Station,-11.1,-15.8,63,8.2,11.5,473.0,980.7
2024-10-19T07:00,Bharati Station,-10.6,-15.0,64,7.4,9.7,492.0,980.5
2024-10-19T08:00,Bharati Station,-10.3,-14.6,66,6.1,8.6,483.0,980.3
2024-10-19T09:00,Bharati Station,-10.0,-14.4,63,5.7,7.2,447.0,980.0
2024-10-19T10:00,Bharati Station,-9.5,-13.9,56,4.8,6.8,386.0,979.7
2024-10-19T11:00,Bharati Station,-9.7,-14.3,55,5.6,6.1,306.0,979.5
2024-10-19T12:00,Bharati Station,-10.8,-16.1,60,11.1,12.2,215.0,979.8
2024-10-19T13:00,Bharati Station,-11.3,-16.2,56,7.8,8.3,123.0,980.4
2024-10-19T14:00,Bharati Station,-12.1,-18.1,55,15.2,17.3,45.0,980.8
2024-10-19T15:00,Bharati Station,-12.5,-19.2,53,19.7,24.1,4.0,981.2
2024-10-19T16:00,Bharati Station,-12.9,-19.6,50,20.0,24.8,0.0,981.6
2024-10-19T17:00,Bharati Station,-13.0,-20.0,48,21.1,26.3,0.0,982.0
2024-10-19T18:00,Bharati Station,-13.5,-20.5,48,21.2,27.0,0.0,982.7
2024-10-19T19:00,Bharati Station,-14.0,-20.7,49,19.3,26.6,0.0,983.3
2024-10-19T20:00,Bharati Station,-14.8,-21.4,52,18.8,24.1,0.0,983.7
2024-10-19T21:00,Bharati Station,-15.5,-22.2,54,19.0,24.1,0.0,984.2
2024-10-19T22:00,Bharati Station,-16.1,-22.7,56,18.5,24.1,0.0,984.8
2024-10-19T23:00,Bharati Station,-16.9,-23.5,58,18.8,24.1,0.0,985.3
2024-10-20T00:00,Bharati Station,-17.2,-23.8,60,18.1,24.1,27.0,985.4
2024-10-20T01:00,Bharati Station,-16.7,-22.3,55,10.9,18.0,96.0,984.7
2024-10-20T02:00,Bharati Station,-16.5,-21.9,58,9.9,13.0,187.0,984.9
2024-10-20T03:00,Bharati Station,-16.0,-21.3,60,9.9,11.9,282.0,984.8
2024-10-20T04:00,Bharati Station,-15.2,-20.5,61,9.6,12.2,368.0,984.9
2024-10-20T05:00,Bharati Station,-14.3,-19.4,61,8.9,11.5,437.0,984.9
2024-10-20T06:00,Bharati Station,-13.4,-18.5,61,10.2,13.0,483.0,984.8
2024-10-20T07:00,Bharati Station,-12.9,-17.3,63,6.4,13.0,501.0,984.6
2024-10-20T08:00,Bharati Station,-12.6,-16.6,63,3.3,7.9,491.0,984.9
2024-10-20T09:00,Bharati Station,-12.6,-16.9,65,4.3,4.7,454.0,984.9
2024-10-20T10:00,Bharati Station,-12.6,-17.2,65,5.9,6.8,393.0,984.8
2024-10-20T11:00,Bharati Station,-12.6,-17.1,62,4.6,6.8,312.0,985.0
2024-10-20T12:00,Bharati Station,-11.9,-16.4,54,4.3,5.8,219.0,985.3
2024-10-20T13:00,Bharati Station,-12.7,-16.7,57,1.3,4.0,126.0,987.5
2024-10-20T14:00,Bharati Station,-12.8,-17.2,57,4.4,5.0,46.0,987.8
2024-10-20T15:00,Bharati Station,-13.9,-18.6,59,6.0,7.2,4.0,988.3
2024-10-20T16:00,Bharati Station,-14.9,-19.9,62,7.9,9.0,0.0,988.6
2024-10-20T17:00,Bharati Station,-15.8,-21.4,63,12.1,13.3,0.0,989.1
2024-10-20T18:00,Bharati Station,-15.4,-21.6,61,16.0,18.7,0.0,989.9
2024-10-20T19:00,Bharati Station,-14.9,-21.8,58,20.6,24.8,0.0,990.6
2024-10-20T20:00,Bharati Station,-14.3,-22.1,55,26.4,32.8,0.0,991.2
2024-10-20T21:00,Bharati Station,-13.8,-22.2,55,31.3,40.0,0.0,992.2
2024-10-20T22:00,Bharati Station,-13.7,-21.8,55,28.8,40.3,0.0,992.9
2024-10-20T23:00,Bharati Station,-13.8,-21.4,55,25.7,37.1,0.0,993.8
2024-10-21T00:00,Bharati Station,-13.8,-21.2,56,24.4,33.1,17.0,994.5
2024-10-21T01:00,Bharati Station,-14.4,-21.2,57,20.2,31.0,77.0,995.0
2024-10-21T02:00,Bharati Station,-14.0,-20.6,56,18.7,25.9,144.0,995.5
2024-10-21T03:00,Bharati Station,-13.6,-20.0,57,17.5,23.8,259.0,995.7
2024-10-21T04:00,Bharati Station,-13.0,-19.0,57,15.5,22.3,359.0,996.0
2024-10-21T05:00,Bharati Station,-12.4,-18.2,59,13.8,19.8,439.0,996.4
2024-10-21T06:00,Bharati Station,-11.9,-17.5,59,13.4,17.6,488.0,996.7
2024-10-21T07:00,Bharati Station,-11.6,-17.1,60,13.6,18.0,501.0,997.1
2024-10-21T08:00,Bharati Station,-11.3,-16.6,63,12.6,17.6,455.0,997.5
2024-10-21T09:00,Bharati Station,-11.1,-16.5,64,12.3,16.2,353.0,997.5
2024-10-21T10:00,Bharati Station,-11.1,-16.5,61,11.7,15.8,300.0,997.9
2024-10-21T11:00,Bharati Station,-11.2,-16.5,61,10.7,14.8,196.0,997.9
2024-10-21T12:00,Bharati Station,-11.8,-17.1,63,10.7,13.3,163.0,998.0
2024-10-21T13:00,Bharati Station,-12.2,-17.8,66,12.8,16.2,76.0,999.6
2024-10-21T14:00,Bharati Station,-13.7,-19.7,66,15.3,19.4,31.0,999.7
2024-10-21T15:00,Bharati Station,-15.2,-21.1,67,14.2,19.4,5.0,999.5
2024-10-21T16:00,Bharati Station,-16.0,-22.0,65,14.3,18.4,0.0,999.4
2024-10-21T17:00,Bharati Station,-16.1,-22.0,63,14.3,18.7,0.0,999.4
2024-10-21T18:00,Bharati Station,-16.0,-21.9,60,13.9,18.0,0.0,999.3
2024-10-21T19:00,Bharati Station,-16.0,-21.7,58,12.7,17.3,0.0,999.2
2024-10-21T20:00,Bharati Station,-16.1,-21.7,57,11.7,15.1,0.0,999.2
2024-10-21T21:00,Bharati Station,-16.5,-22.0,57,10.8,13.7,0.0,999.1
2024-10-21T22:00,Bharati Station,-16.8,-22.5,56,12.1,14.0,0.0,999.0
2024-10-21T23:00,Bharati Station,-17.3,-23.3,56,14.3,16.9,1.0,998.9
2024-10-22T00:00,Bharati Station,-17.6,-23.7,58,15.0,18.7,32.0,998.7
2024-10-22T01:00,Bharati Station,-17.3,-23.3,61,14.1,18.4,102.0,998.8
2024-10-22T02:00,Bharati Station,-16.6,-22.4,63,13.0,18.0,191.0,998.2
2024-10-22T03:00,Bharati Station,-15.7,-21.2,63,11.5,16.6,285.0,998.0
2024-10-22T04:00,Bharati Station,-14.8,-19.9,63,8.6,14.4,370.0,997.5
2024-10-22T05:00,Bharati Station,-14.0,-18.7,64,6.7,10.4,439.0,997.2
2024-10-22T06:00,Bharati Station,-13.3,-17.9,64,7.0,8.6,486.0,996.8
2024-10-22T07:00,Bharati Station,-12.8,-17.4,58,8.1,10.1,506.0,996.5
2024-10-22T08:00,Bharati Station,-12.5,-17.2,61,8.4,10.8,497.0,996.3
2024-10-22T09:00,Bharati Station,-12.4,-17.4,64,9.2,11.9,462.0,995.8
2024-10-22T10:00,Bharati Station,-12.4,-17.4,66,8.3,11.5,401.0,995.7
2024-10-22T11:00,Bharati Station,-12.6,-17.0,64,4.6,10.1,321.0,995.3
2024-10-22T12:00,Bharati Station,-11.8,-16.0,49,2.4,5.4,230.0,995.2
2024-10-22T13:00,Bharati Station,-12.5,-16.7,52,2.4,3.2,136.0,996.0
2024-10-22T14:00,Bharati Station,-12.6,-16.8,56,2.8,3.2,56.0,995.7
2024-10-22T15:00,Bharati Station,-13.0,-17.4,55,4.0,4.3,8.0,995.4
2024-10-22T16:00,Bharati Station,-15.1,-20.0,58,6.8,7.6,0.0,994.9
2024-10-22T17:00,Bharati Station,-16.2,-21.3,57,8.5,9.7,0.0,994.4
2024-10-22T18:00,Bharati Station,-16.2,-21.3,53,8.3,10.1,0.0,994.0
2024-10-22T19:00,Bharati Station,-16.2,-21.4,50,8.1,9.7,0.0,993.6
2024-10-22T20:00,Bharati Station,-16.8,-22.0,52,8.7,10.1,0.0,993.4
2024-10-22T21:00,Bharati Station,-17.0,-22.3,51,9.2,10.8,0.0,993.2
2024-10-22T22:00,Bharati Station,-17.4,-22.8,52,9.9,11.5,0.0,992.8
2024-10-22T23:00,Bharati Station,-17.6,-23.2,53,11.2,13.0,2.0,992.4
2024-10-23T00:00,Bharati Station,-17.4,-23.1,53,11.8,13.7,37.0,992.1
2024-10-23T01:00,Bharati Station,-16.7,-22.7,56,13.9,18.4,110.0,991.7
2024-10-23T02:00,Bharati Station,-16.0,-21.7,56,11.9,16.6,200.0,991.1
2024-10-23T03:00,Bharati Station,-15.4,-20.8,57,10.3,14.0,295.0,990.7
2024-10-23T04:00,Bharati Station,-14.6,-19.7,57,8.5,11.9,380.0,990.3
2024-10-23T05:00,Bharati Station,-13.4,-18.1,52,6.2,10.1,448.0,989.9
2024-10-23T06:00,Bharati Station,-12.3,-16.5,42,4.1,7.2,495.0,989.5
2024-10-23T07:00,Bharati Station,-12.0,-15.9,43,3.4,4.7,515.0,989.1
2024-10-23T08:00,Bharati Station,-11.9,-15.8,44,3.1,4.3,506.0,988.9
2024-10-23T09:00,Bharati Station,-12.4,-16.7,57,4.5,5.4,470.0,988.4
2024-10-23T10:00,Bharati Station,-12.5,-17.1,59,5.5,6.5,409.0,988.0
2024-10-23T11:00,Bharati Station,-12.7,-17.3,58,6.0,6.8,329.0,987.4
2024-10-23T12:00,Bharati Station,-13.4,-18.2,62,7.2,8.3,237.0,986.8
2024-10-23T13:00,Bharati Station,-14.5,-19.4,63,7.4,8.6,144.0,987.0
2024-10-23T14:00,Bharati Station,-15.5,-20.8,64,9.8,11.2,62.0,987.0
2024-10-23T15:00,Bharati Station,-16.2,-21.7,62,11.2,13.0,11.0,986.7
2024-10-23T16:00,Bharati Station,-16.8,-22.5,61,12.1,14.0,0.0,986.3
2024-10-23T17:00,Bharati Station,-17.1,-22.8,60,12.5,15.1,0.0,986.1
2024-10-23T18:00,Bharati Station,-16.8,-22.1,57,9.3,14.8,0.0,986.2
2024-10-23T19:00,Bharati Station,-15.7,-20.8,50,7.9,11.2,0.0,986.4
2024-10-23T20:00,Bharati Station,-15.7,-20.9,50,8.5,9.7,0.0,986.4
2024-10-23T21:00,Bharati Station,-16.4,-21.9,53,10.3,11.9,0.0,986.5
2024-10-23T22:00,Bharati Station,-17.0,-22.8,55,12.4,14.0,0.0,986.8
2024-10-23T23:00,Bharati Station,-16.4,-22.8,51,16.7,19.1,3.0,987.0
2024-10-24T00:00,Bharati Station,-15.5,-22.3,50,20.0,24.5,39.0,987.2
2024-10-24T01:00,Bharati Station,-15.5,-21.9,55,17.2,25.2,112.0,988.5
2024-10-24T02:00,Bharati Station,-14.9,-21.0,56,15.0,20.9,175.0,989.0
2024-10-24T03:00,Bharati Station,-14.2,-20.2,56,14.7,18.0,186.0,989.3
2024-10-24T04:00,Bharati Station,-13.5,-19.3,57,13.6,17.6,220.0,989.5
2024-10-24T05:00,Bharati Station,-12.8,-18.3,60,12.0,16.2,281.0,989.6
2024-10-24T06:00,Bharati Station,-12.1,-17.5,63,11.6,14.4,342.0,989.6
2024-10-24T07:00,Bharati Station,-11.6,-16.7,65,11.0,14.4,305.0,989.8
2024-10-24T08:00,Bharati Station,-11.2,-16.0,68,8.7,13.3,341.0,990.2
2024-10-24T09:00,Bharati Station,-10.8,-15.4,67,6.9,10.4,276.0,990.4
2024-10-24T10:00,Bharati Station,-10.7,-15.6,62,8.9,10.1,307.0,990.7
2024-10-24T11:00,Bharati Station,-10.8,-16.1,62,11.0,13.0,269.0,990.8
2024-10-24T12:00,Bharati Station,-11.2,-16.8,62,12.9,15.1,173.0,990.9
2024-10-24T13:00,Bharati Station,-12.0,-17.7,63,13.4,15.8,82.0,991.9
2024-10-24T14:00,Bharati Station,-12.8,-18.5,62,12.9,16.6,26.0,992.0
2024-10-24T15:00,Bharati Station,-13.3,-19.0,58,13.3,15.5,3.0,992.0
2024-10-24T16:00,Bharati Station,-13.3,-19.5,54,16.0,18.7,0.0,992.1
2024-10-24T17:00,Bharati Station,-13.4,-19.7,53,16.7,20.2,0.0,992.3
2024-10-24T18:00,Bharati Station,-13.6,-20.0,53,17.9,21.2,0.0,992.7
2024-10-24T19:00,Bharati Station,-13.7,-20.4,52,19.4,23.8,0.0,992.9
2024-10-24T20:00,Bharati Station,-13.9,-20.6,52,19.8,24.5,0.0,993.1
2024-10-24T21:00,Bharati Station,-14.0,-20.8,51,19.9,24.8,0.0,993.4
2024-10-24T22:00,Bharati Station,-14.4,-21.2,52,19.8,24.8,0.0,993.7
2024-10-24T23:00,Bharati Station,-14.9,-21.6,54,19.6,24.5,3.0,993.9
2024-10-25T00:00,Bharati Station,-14.8,-21.4,55,18.5,24.5,43.0,994.0
2024-10-25T01:00,Bharati Station,-13.2,-20.2,49,21.2,29.5,118.0,993.9
2024-10-25T02:00,Bharati Station,-12.8,-19.4,51,18.7,26.6,212.0,994.2
2024-10-25T03:00,Bharati Station,-12.5,-18.5,54,15.0,23.0,302.0,994.4
2024-10-25T04:00,Bharati Station,-12.2,-17.5,59,10.7,18.4,388.0,994.4
2024-10-25T05:00,Bharati Station,-11.7,-16.6,61,8.6,12.6,459.0,994.3
2024-10-25T06:00,Bharati Station,-11.1,-15.3,59,6.0,10.1,505.0,994.1
2024-10-25T07:00,Bharati Station,-9.9,-13.7,45,3.6,7.2,524.0,994.0
2024-10-25T08:00,Bharati Station,-10.5,-14.9,59,8.2,9.4,511.0,993.7
2024-10-25T09:00,Bharati Station,-10.3,-15.3,60,10.7,13.3,474.0,993.2
2024-10-25T10:00,Bharati Station,-10.5,-15.4,66,8.8,13.3,416.0,993.0
2024-10-25T11:00,Bharati Station,-10.6,-15.2,67,6.8,10.8,336.0,992.8
2024-10-25T12:00,Bharati Station,-10.9,-15.8,62,8.1,9.4,245.0,992.5
2024-10-25T13:00,Bharati Station,-12.0,-16.9,67,7.8,12.2,131.0,992.5
2024-10-25T14:00,Bharati Station,-11.8,-18.0,56,16.6,18.7,53.0,992.5
2024-10-25T15:00,Bharati Station,-11.9,-18.7,51,20.5,25.2,12.0,992.3
2024-10-25T16:00,Bharati Station,-12.2,-19.2,48,21.6,26.6,0.0,992.2
2024-10-25T17:00,Bharati Station,-11.9,-19.6,46,26.0,32.8,0.0,992.4
2024-10-25T18:00,Bharati Station,-12.2,-19.6,47,23.8,33.1,0.0,992.7
2024-10-25T19:00,Bharati Station,-12.5,-19.7,46,22.9,29.9,0.0,992.9
2024-10-25T20:00,Bharati Station,-12.5,-19.9,45,24.3,30.2,0.0,993.3
2024-10-25T21:00,Bharati Station,-12.5,-20.1,45,25.4,32.8,0.0,993.5
2024-10-25T22:00,Bharati Station,-12.8,-20.2,45,24.5,32.8,0.0,993.7
2024-10-25T23:00,Bharati Station,-12.7,-20.4,45,25.8,32.4,6.0,993.9
2024-10-26T00:00,Bharati Station,-12.6,-20.1,46,24.7,33.1,49.0,994.0
2024-10-26T01:00,Bharati Station,-13.0,-20.9,48,28.0,45.4,127.0,994.1
2024-10-26T02:00,Bharati Station,-13.0,-19.3,52,16.5,36.0,221.0,993.9
2024-10-26T03:00,Bharati Station,-12.5,-17.2,54,6.0,20.2,315.0,993.9
2024-10-26T04:00,Bharati Station,-11.6,-16.1,54,4.8,7.2,400.0,994.1
2024-10-26T05:00,Bharati Station,-10.4,-14.2,43,0.6,5.8,462.0,993.9
2024-10-26T06:00,Bharati Station,-10.7,-14.7,55,4.6,5.4,507.0,993.8
2024-10-26T07:00,Bharati Station,-10.6,-14.6,63,6.3,7.2,525.0,993.7
2024-10-26T08:00,Bharati Station,-10.1,-14.4,60,7.6,9.0,522.0,993.6
2024-10-26T09:00,Bharati Station,-9.8,-14.5,60,8.5,10.1,483.0,993.4
2024-10-26T10:00,Bharati Station,-9.8,-14.8,63,9.4,11.2,419.0,993.3
2024-10-26T11:00,Bharati Station,-9.9,-15.1,62,10.9,12.6,341.0,993.0
2024-10-26T12:00,Bharati Station,-9.8,-15.8,56,15.4,17.6,250.0,992.7
2024-10-26T13:00,Bharati Station,-9.8,-16.8,51,22.3,26.6,155.0,992.6
2024-10-26T14:00,Bharati Station,-10.2,-18.1,49,28.0,36.4,72.0,992.7
2024-10-26T15:00,Bharati Station,-10.7,-18.7,48,28.6,36.7,17.0,992.5
2024-10-26T16:00,Bharati Station,-11.0,-18.9,47,27.9,36.7,0.0,992.1
2024-10-26T17:00,Bharati Station,-11.2,-19.2,47,28.6,36.7,0.0,992.0
2024-10-26T18:00,Bharati Station,-11.3,-19.5,47,30.1,38.9,0.0,991.8
2024-10-26T19:00,Bharati Station,-11.5,-19.6,48,29.2,38.9,0.0,991.5
2024-10-26T20:00,Bharati Station,-11.6,-19.5,48,27.9,37.4,0.0,991.6
2024-10-26T21:00,Bharati Station,-11.8,-19.7,48,27.5,36.4,0.0,991.4
2024-10-26T22:00,Bharati Station,-12.0,-19.8,48,27.5,36.0,0.0,991.1
2024-10-26T23:00,Bharati Station,-12.1,-19.8,48,26.1,35.3,7.0,991.0
2024-10-27T00:00,Bharati Station,-12.0,-19.6,49,25.6,33.5,51.0,990.8
2024-10-27T01:00,Bharati Station,-11.6,-18.6,55,22.0,34.6,128.0,990.0
2024-10-27T02:00,Bharati Station,-11.3,-17.7,56,18.2,28.1,219.0,989.5
2024-10-27T03:00,Bharati Station,-10.8,-16.9,57,16.2,22.7,312.0,989.2
2024-10-27T04:00,Bharati Station,-10.1,-16.0,57,15.1,20.2,395.0,988.7
2024-10-27T05:00,Bharati Station,-9.5,-14.7,63,11.9,19.1,461.0,988.3
2024-10-27T06:00,Bharati Station,-9.0,-13.7,65,10.2,14.8,504.0,987.8
2024-10-27T07:00,Bharati Station,-8.8,-12.7,69,6.4,12.2,519.0,987.3
2024-10-27T08:00,Bharati Station,-7.8,-11.1,51,1.2,7.6,511.0,986.8
2024-10-27T09:00,Bharati Station,-8.5,-12.7,70,5.8,6.1,464.0,986.3
2024-10-27T10:00,Bharati Station,-8.6,-13.3,67,8.0,9.7,396.0,985.5
2024-10-27T11:00,Bharati Station,-8.9,-13.7,69,8.7,10.8,294.0,984.7
2024-10-27T12:00,Bharati Station,-9.5,-14.3,69,8.3,10.8,219.0,984.1
2024-10-27T13:00,Bharati Station,-9.5,-13.9,62,5.8,9.7,106.0,984.3
2024-10-27T14:00,Bharati Station,-10.4,-15.2,62,7.7,8.6,43.0,984.1
2024-10-27T15:00,Bharati Station,-11.3,-16.7,62,11.5,13.3,7.0,983.7
2024-10-27T16:00,Bharati Station,-11.6,-17.2,61,12.4,15.5,0.0,983.6
2024-10-27T17:00,Bharati Station,-11.9,-17.0,61,9.2,14.8,0.0,983.4
2024-10-27T18:00,Bharati Station,-12.4,-17.4,62,8.6,11.2,0.0,983.2
2024-10-27T19:00,Bharati Station,-13.2,-18.4,64,9.4,11.2,0.0,983.1
2024-10-27T20:00,Bharati Station,-13.0,-18.1,60,9.0,11.5,0.0,983.1
2024-10-27T21:00,Bharati Station,-12.1,-17.1,56,8.4,10.8,0.0,983.0
2024-10-27T22:00,Bharati Station,-13.1,-18.8,60,13.4,15.1,0.0,983.3
2024-10-27T23:00,Bharati Station,-12.4,-19.0,60,19.4,23.4,6.0,983.8
2024-10-28T00:00,Bharati Station,-12.0,-18.6,60,19.8,25.2,36.0,984.0
2024-10-28T01:00,Bharati Station,-11.2,-18.2,60,22.7,29.2,101.0,982.9
2024-10-28T02:00,Bharati Station,-10.4,-17.4,62,22.8,30.2,163.0,983.5
2024-10-28T03:00,Bharati Station,-9.8,-16.2,63,19.5,29.5,274.0,984.0
2024-10-28T04:00,Bharati Station,-9.0,-15.3,62,19.0,25.2,358.0,984.6
2024-10-28T05:00,Bharati Station,-8.1,-14.2,60,17.8,24.5,424.0,984.8
2024-10-28T06:00,Bharati Station,-7.3,-13.0,60,16.8,23.0,466.0,985.3
2024-10-28T07:00,Bharati Station,-6.5,-12.4,61,19.5,25.2,483.0,985.7
2024-10-28T08:00,Bharati Station,-6.0,-12.0,64,20.1,26.3,485.0,986.1
2024-10-28T09:00,Bharati Station,-5.7,-11.7,67,18.8,25.9,403.0,986.4
2024-10-28T10:00,Bharati Station,-5.4,-11.3,69,18.3,24.5,181.0,986.7
2024-10-28T11:00,Bharati Station,-5.2,-11.2,70,18.4,23.8,46.0,986.9
2024-10-28T12:00,Bharati Station,-5.1,-11.3,70,20.0,25.6,1.0,987.1
2024-10-28T13:00,Bharati Station,-6.0,-11.6,79,17.0,25.2,6.0,988.2
2024-10-28T14:00,Bharati Station,-6.1,-11.7,76,16.1,22.0,9.0,988.5
2024-10-28T15:00,Bharati Station,-5.7,-11.9,71,19.6,24.8,0.0,988.8
2024-10-28T16:00,Bharati Station,-5.4,-12.1,70,23.6,30.2,0.0,988.9
2024-10-28T17:00,Bharati Station,-5.2,-12.1,70,25.1,32.8,0.0,989.4
2024-10-28T18:00,Bharati Station,-5.2,-12.3,68,26.3,34.9,0.0,989.9
2024-10-28T19:00,Bharati Station,-5.4,-12.6,70,27.3,36.0,0.0,990.4
2024-10-28T20:00,Bharati Station,-5.6,-12.7,72,26.3,36.0,0.0,990.7
2024-10-28T21:00,Bharati Station,-5.5,-13.0,70,28.8,37.8,0.0,991.3
2024-10-28T22:00,Bharati Station,-5.5,-13.4,69,31.6,41.4,0.0,991.7
2024-10-28T23:00,Bharati Station,-5.5,-13.6,67,33.3,43.9,0.0,992.1
2024-10-29T00:00,Bharati Station,-5.4,-13.6,67,33.6,44.3,0.0,992.3
2024-10-29T01:00,Bharati Station,-6.2,-14.2,63,31.3,42.8,2.0,993.0
2024-10-29T02:00,Bharati Station,-6.2,-13.9,64,29.6,41.4,13.0,993.3
2024-10-29T03:00,Bharati Station,-5.9,-13.3,65,27.1,38.9,36.0,993.5
2024-10-29T04:00,Bharati Station,-5.6,-12.6,65,25.0,35.6,47.0,993.4
2024-10-29T05:00,Bharati Station,-5.3,-12.2,65,24.2,32.8,252.0,993.5
2024-10-29T06:00,Bharati Station,-5.0,-11.8,65,24.1,32.4,282.0,993.4
2024-10-29T07:00,Bharati Station,-4.7,-11.4,65,22.9,31.7,210.0,993.2
2024-10-29T08:00,Bharati Station,-4.6,-11.1,65,22.1,30.2,192.0,993.0
2024-10-29T09:00,Bharati Station,-4.5,-11.0,66,22.2,29.2,185.0,992.8
2024-10-29T10:00,Bharati Station,-4.6,-11.0,68,21.7,29.2,162.0,992.9
2024-10-29T11:00,Bharati Station,-4.6,-11.0,69,21.7,28.4,82.0,992.6
2024-10-29T12:00,Bharati Station,-4.9,-11.1,71,20.5,28.1,35.0,992.2
2024-10-29T13:00,Bharati Station,-5.5,-12.3,82,25.1,34.9,3.0,993.3
2024-10-29T14:00,Bharati Station,-5.6,-11.8,83,21.4,33.1,1.0,993.1
2024-10-29T15:00,Bharati Station,-5.9,-11.5,85,17.2,28.1,0.0,993.0
2024-10-29T16:00,Bharati Station,-6.5,-11.4,86,12.3,22.3,0.0,992.8
2024-10-29T17:00,Bharati Station,-7.0,-11.5,86,9.3,16.2,0.0,992.2
2024-10-29T18:00,Bharati Station,-7.2,-11.8,82,9.5,12.2,0.0,991.9
2024-10-29T19:00,Bharati Station,-7.6,-12.2,81,9.0,11.9,0.0,991.7
2024-10-29T20:00,Bharati Station,-7.6,-12.5,73,10.5,12.6,0.0,991.5
2024-10-29T21:00,Bharati Station,-7.7,-13.0,69,12.4,14.8,0.0,991.1
2024-10-29T22:00,Bharati Station,-7.8,-13.8,62,16.7,21.2,0.0,990.6
2024-10-29T23:00,Bharati Station,-7.9,-14.7,56,22.5,28.1,0.0,990.3
2024-10-30T00:00,Bharati Station,-7.9,-15.3,57,26.3,34.2,4.0,990.0
2024-10-30T01:00,Bharati Station,-8.5,-15.6,58,23.5,33.5,31.0,989.3
2024-10-30T02:00,Bharati Station,-8.4,-15.3,60,22.3,30.2,104.0,989.1
2024-10-30T03:00,Bharati Station,-8.2,-14.6,65,20.1,28.8,109.0,988.7
2024-10-30T04:00,Bharati Station,-7.8,-13.9,59,17.8,25.9,118.0,988.3
2024-10-30T05:00,Bharati Station,-7.4,-13.1,56,14.5,23.0,176.0,987.7
2024-10-30T06:00,Bharati Station,-7.0,-12.4,57,12.8,19.1,197.0,987.1
2024-10-30T07:00,Bharati Station,-6.8,-12.2,58,12.6,16.9,212.0,986.6
2024-10-30T08:00,Bharati Station,-6.6,-11.8,57,11.3,16.6,193.0,986.0
2024-10-30T09:00,Bharati Station,-6.5,-11.7,59,11.4,14.8,205.0,985.4
2024-10-30T10:00,Bharati Station,-6.6,-12.0,60,13.4,17.3,146.0,985.1
2024-10-30T11:00,Bharati Station,-6.7,-12.2,62,13.6,18.7,73.0,984.6
2024-10-30T12:00,Bharati Station,-6.9,-12.2,65,12.3,17.6,29.0,984.0
2024-10-30T13:00,Bharati Station,-8.0,-14.9,76,23.8,34.6,1.0,984.4
2024-10-30T14:00,Bharati Station,-8.4,-14.7,79,20.3,31.3,0.0,984.1
2024-10-30T15:00,Bharati Station,-9.0,-14.2,85,13.3,26.6,0.0,983.8
2024-10-30T16:00,Bharati Station,-9.3,-13.9,86,8.6,17.6,0.0,983.3
2024-10-30T17:00,Bharati Station,-9.3,-13.8,82,7.8,11.5,0.0,982.7
2024-10-30T18:00,Bharati Station,-9.3,-13.9,79,8.2,10.8,0.0,982.1
2024-10-30T19:00,Bharati Station,-9.3,-14.1,78,8.9,11.2,0.0,981.8
2024-10-30T20:00,Bharati Station,-9.3,-14.4,76,11.7,14.4,0.0,981.6
2024-10-30T21:00,Bharati Station,-9.1,-15.2,71,17.6,22.3,0.0,981.7
2024-10-30T22:00,Bharati Station,-9.2,-15.5,75,19.0,24.8,0.0,981.6
2024-10-30T23:00,Bharati Station,-9.3,-15.4,78,17.9,24.8,0.0,981.9
2024-10-31T00:00,Bharati Station,-9.3,-15.4,74,18.2,23.8,0.0,981.8
2024-10-31T01:00,Bharati Station,-9.9,-16.3,67,19.6,24.8,1.0,981.4
2024-10-31T02:00,Bharati Station,-9.7,-16.8,67,24.3,31.3,38.0,981.4
2024-10-31T03:00,Bharati Station,-9.7,-16.8,74,24.9,34.2,61.0,981.6
2024-10-31T04:00,Bharati Station,-9.5,-16.0,73,20.6,32.8,36.0,981.5
2024-10-31T05:00,Bharati Station,-9.3,-15.3,70,17.4,27.7,45.0,981.3
2024-10-31T06:00,Bharati Station,-9.1,-14.8,68,14.6,24.1,102.0,981.1
2024-10-31T07:00,Bharati Station,-9.0,-14.4,67,12.8,20.5,182.0,981.0
2024-10-31T08:00,Bharati Station,-8.9,-14.1,66,11.5,18.7,212.0,980.9
2024-10-31T09:00,Bharati Station,-8.9,-13.8,64,9.3,17.3,239.0,980.8
2024-10-31T10:00,Bharati Station,-8.8,-13.5,63,7.4,14.0,244.0,980.7
2024-10-31T11:00,Bharati Station,-8.7,-13.1,61,5.5,11.5,191.0,980.6
2024-10-31T12:00,Bharati Station,-8.7,-12.7,58,2.7,8.6,158.0,980.3
2024-10-31T13:00,Bharati Station,-8.9,-14.1,73,11.5,14.8,94.0,979.6
2024-10-31T14:00,Bharati Station,-9.5,-14.5,72,9.7,14.8,68.0,979.5
2024-10-31T15:00,Bharati Station,-9.5,-15.5,62,16.2,19.1,12.0,979.4
2024-10-31T16:00,Bharati Station,-10.5,-16.5,66,16.6,23.4,1.0,979.2
2024-10-31T17:00,Bharati Station,-11.2,-17.2,67,15.6,20.9,0.0,979.2
2024-10-31T18:00,Bharati Station,-11.1,-17.2,66,16.3,20.5,0.0,979.1
2024-10-31T19:00,Bharati Station,-11.1,-17.1,64,15.7,20.9,0.0,978.8
2024-10-31T20:00,Bharati Station,-11.1,-16.9,62,14.8,19.8,0.0,978.5
2024-10-31T21:00,Bharati Station,-10.9,-16.9,58,15.9,19.4,0.0,977.7
2024-10-31T22:00,Bharati Station,-10.8,-17.4,54,20.0,25.2,0.0,977.0
2024-10-31T23:00,Bharati Station,-10.8,-17.6,54,20.7,26.6,14.0,976.3
2024-11-01T00:00,Bharati Station,-10.4,-17.1,55,20.1,26.6,72.0,975.5
2024-11-01T01:00,Bharati Station,-8.6,-16.2,55,27.1,35.6,132.0,973.8
2024-11-01T02:00,Bharati Station,-7.4,-15.5,55,31.2,40.3,185.0,972.7
2024-11-01T03:00,Bharati Station,-6.0,-14.5,53,33.9,43.9,55.0,971.7
2024-11-01T04:00,Bharati Station,-5.2,-14.2,52,37.6,48.2,44.0,970.8
2024-11-01T05:00,Bharati Station,-5.0,-13.8,55,36.4,51.8,20.0,970.4
2024-11-01T06:00,Bharati Station,-5.0,-13.4,58,34.2,47.5,53.0,970.1
2024-11-01T07:00,Bharati Station,-5.8,-14.4,70,36.5,52.2,38.0,970.2
2024-11-01T08:00,Bharati Station,-6.5,-14.6,77,33.1,48.2,47.0,970.5
2024-11-01T09:00,Bharati Station,-6.4,-14.8,78,35.2,46.4,80.0,970.9
2024-11-01T10:00,Bharati Station,-6.2,-14.5,78,34.9,47.2,6.0,971.3
2024-11-01T11:00,Bharati Station,-6.1,-13.8,79,31.2,46.1,10.0,971.6
2024-11-01T12:00,Bharati Station,-6.2,-13.5,80,28.5,41.0,0.0,971.7
2024-11-01T13:00,Bharati Station,-6.4,-14.5,82,33.3,54.0,0.0,971.8
2024-11-01T14:00,Bharati Station,-6.4,-13.3,81,25.6,43.2,0.0,971.9
2024-11-01T15:00,Bharati Station,-6.4,-13.0,81,23.3,33.1,0.0,972.2
2024-11-01T16:00,Bharati Station,-6.4,-13.1,83,24.1,31.0,0.0,972.7
2024-11-01T17:00,Bharati Station,-6.4,-13.0,84,23.9,31.7,0.0,973.2
2024-11-01T18:00,Bharati Station,-6.4,-12.5,85,20.4,31.0,0.0,973.6
2024-11-01T19:00,Bharati Station,-6.5,-11.8,86,15.4,26.3,0.0,974.1
2024-11-01T20:00,Bharati Station,-6.6,-11.7,86,13.9,19.8,0.0,974.6
2024-11-01T21:00,Bharati Station,-6.4,-12.0,85,16.4,20.5,0.0,975.2
2024-11-01T22:00,Bharati Station,-6.2,-12.1,85,18.6,23.8,0.0,976.0
2024-11-01T23:00,Bharati Station,-6.2,-11.7,86,16.6,24.1,0.0,977.1
2024-11-02T00:00,Bharati Station,-6.1,-11.2,85,13.7,21.2,0.0,977.8
2024-11-02T01:00,Bharati Station,-5.3,-12.1,84,25.7,33.1,0.0,977.3
2024-11-02T02:00,Bharati Station,-5.3,-11.9,85,24.3,33.8,0.0,978.3
2024-11-02T03:00,Bharati Station,-5.2,-10.9,86,18.0,31.7,1.0,979.0
2024-11-02T04:00,Bharati Station,-5.1,-9.9,86,12.4,23.0,1.0,979.7
2024-11-02T05:00,Bharati Station,-4.9,-9.2,86,8.8,15.8,9.0,980.6
2024-11-02T06:00,Bharati Station,-4.6,-8.6,85,7.0,10.8,3.0,981.3
2024-11-02T07:00,Bharati Station,-4.4,-8.2,85,5.9,8.6,5.0,981.9
2024-11-02T08:00,Bharati Station,-4.1,-7.9,84,5.9,7.2,7.0,982.6
2024-11-02T09:00,Bharati Station,-3.9,-7.7,83,6.4,7.6,5.0,983.3
2024-11-02T10:00,Bharati Station,-3.7,-7.7,82,7.8,9.4,6.0,983.9
2024-11-02T11:00,Bharati Station,-3.5,-7.7,81,8.7,10.4,4.0,984.5
2024-11-02T12:00,Bharati Station,-3.6,-7.8,80,9.0,10.4,0.0,985.3
2024-11-02T13:00,Bharati Station,-3.7,-9.4,85,19.0,26.3,0.0,986.7
2024-11-02T14:00,Bharati Station,-3.8,-9.3,86,17.8,24.5,0.0,987.3
2024-11-02T15:00,Bharati Station,-3.8,-9.4,86,19.0,24.5,0.0,988.1
2024-11-02T16:00,Bharati Station,-3.7,-9.5,85,20.0,25.6,0.0,988.8
2024-11-02T17:00,Bharati Station,-3.8,-9.4,88,18.9,25.6,0.0,989.5
2024-11-02T18:00,Bharati Station,-3.9,-9.5,90,18.6,24.5,0.0,990.2
2024-11-02T19:00,Bharati Station,-4.1,-9.5,91,17.1,24.1,0.0,990.5
2024-11-02T20:00,Bharati Station,-4.3,-9.3,91,14.7,22.0,0.0,990.8
2024-11-02T21:00,Bharati Station,-4.5,-9.2,88,12.1,18.7,0.0,991.3
2024-11-02T22:00,Bharati Station,-4.6,-9.3,84,11.9,15.1,0.0,991.8
2024-11-02T23:00,Bharati Station,-4.7,-9.8,81,13.9,17.6,0.0,992.1
2024-11-03T00:00,Bharati Station,-4.5,-10.1,79,17.0,21.6,1.0,992.3
2024-11-03T01:00,Bharati Station,-4.5,-10.8,72,21.2,30.6,1.0,992.2
2024-11-03T02:00,Bharati Station,-4.4,-10.2,73,18.0,27.4,2.0,992.6
2024-11-03T03:00,Bharati Station,-4.3,-9.5,76,14.3,23.4,12.0,992.7
2024-11-03T04:00,Bharati Station,-4.1,-8.6,76,10.3,18.4,24.0,992.5
2024-11-03T05:00,Bharati Station,-3.7,-7.8,72,6.9,13.3,83.0,992.5
2024-11-03T06:00,Bharati Station,-3.4,-6.9,65,2.4,8.6,189.0,992.4
2024-11-03T07:00,Bharati Station,-3.1,-6.7,66,6.2,8.6,338.0,992.1
2024-11-03T08:00,Bharati Station,-3.1,-7.3,72,10.9,14.8,365.0,991.9
2024-11-03T09:00,Bharati Station,-3.3,-8.0,76,13.0,17.6,356.0,991.7
2024-11-03T10:00,Bharati Station,-3.5,-8.2,81,12.2,17.6,277.0,991.5
2024-11-03T11:00,Bharati Station,-3.8,-8.6,83,13.3,17.3,237.0,991.1
2024-11-03T12:00,Bharati Station,-4.3,-9.5,82,14.8,19.1,147.0,990.3
2024-11-03T13:00,Bharati Station,-5.4,-10.8,81,15.5,20.2,185.0,989.8
2024-11-03T14:00,Bharati Station,-5.9,-11.3,78,15.2,19.8,99.0,989.0
2024-11-03T15:00,Bharati Station,-6.5,-12.0,78,15.3,19.4,20.0,988.3
2024-11-03T16:00,Bharati Station,-7.4,-12.8,75,13.6,19.4,3.0,987.5
2024-11-03T17:00,Bharati Station,-8.3,-13.1,72,9.8,16.6,0.0,986.6
2024-11-03T18:00,Bharati Station,-8.6,-13.5,68,9.2,11.5,0.0,985.7
2024-11-03T19:00,Bharati Station,-8.7,-13.9,65,10.9,13.7,0.0,984.7
2024-11-03T20:00,Bharati Station,-8.8,-13.9,66,10.7,13.7,0.0,984.0
2024-11-03T21:00,Bharati Station,-8.8,-13.8,65,9.8,13.3,0.0,983.4
2024-11-03T22:00,Bharati Station,-8.8,-13.9,63,10.2,12.2,0.0,983.0
2024-11-03T23:00,Bharati Station,-8.9,-14.1,62,10.9,13.0,1.0,982.7
2024-11-04T00:00,Bharati Station,-8.7,-14.1,61,12.0,14.4,36.0,982.1
2024-11-04T01:00,Bharati Station,-8.2,-14.1,64,15.9,19.4,65.0,982.4
2024-11-04T02:00,Bharati Station,-8.1,-13.6,66,13.8,19.8,226.0,982.3
2024-11-04T03:00,Bharati Station,-7.7,-12.8,67,11.4,17.3,324.0,982.1
2024-11-04T04:00,Bharati Station,-7.2,-11.9,69,9.0,14.0,432.0,982.0
2024-11-04T05:00,Bharati Station,-6.8,-10.8,66,6.5,11.2,505.0,981.7
2024-11-04T06:00,Bharati Station,-6.5,-9.8,59,4.2,8.3,551.0,981.6
2024-11-04T07:00,Bharati Station,-6.2,-9.3,55,2.8,6.1,571.0,981.1
2024-11-04T08:00,Bharati Station,-6.1,-9.0,52,1.8,5.0,564.0,980.8
2024-11-04T09:00,Bharati Station,-6.1,-9.3,52,2.1,4.0,529.0,980.3
2024-11-04T10:00,Bharati Station,-6.2,-9.8,54,1.8,4.3,470.0,979.7
2024-11-04T11:00,Bharati Station,-6.5,-10.1,73,2.2,3.2,390.0,979.0
2024-11-04T12:00,Bharati Station,-6.9,-10.7,70,3.3,3.6,298.0,978.2
2024-11-04T13:00,Bharati Station,-8.1,-12.1,84,4.8,9.4,174.0,978.1
2024-11-04T14:00,Bharati Station,-8.3,-12.3,77,4.0,5.8,105.0,977.2
2024-11-04T15:00,Bharati Station,-9.7,-14.3,76,7.6,7.9,43.0,976.4
2024-11-04T16:00,Bharati Station,-10.5,-16.0,68,12.5,15.1,4.0,975.5
2024-11-04T17:00,Bharati Station,-11.2,-16.8,67,13.5,16.9,0.0,974.6
2024-11-04T18:00,Bharati Station,-11.3,-16.9,65,13.6,16.9,0.0,974.1
2024-11-04T19:00,Bharati Station,-11.4,-17.2,64,14.1,17.3,0.0,973.6
2024-11-04T20:00,Bharati Station,-11.9,-17.6,64,14.1,17.6,0.0,973.1
2024-11-04T21:00,Bharati Station,-12.3,-18.0,64,13.9,17.6,0.0,972.6
2024-11-04T22:00,Bharati Station,-12.5,-18.3,64,13.9,17.6,0.0,972.2
2024-11-04T23:00,Bharati Station,-12.6,-18.2,65,13.1,17.6,9.0,972.0
2024-11-05T00:00,Bharati Station,-12.4,-17.9,65,11.8,16.6,51.0,971.6
2024-11-05T01:00,Bharati Station,-11.7,-16.9,67,10.5,16.9,139.0,970.8
2024-11-05T02:00,Bharati Station,-11.0,-15.8,68,8.1,12.6,232.0,970.8
2024-11-05T03:00,Bharati Station,-10.3,-14.8,70,6.5,9.7,308.0,970.8
2024-11-05T04:00,Bharati Station,-9.5,-13.8,72,5.2,7.6,390.0,970.9
2024-11-05T05:00,Bharati Station,-8.8,-12.4,69,3.1,6.1,433.0,970.9
2024-11-05T06:00,Bharati Station,-8.3,-11.6,52,2.7,4.3,463.0,971.0
2024-11-05T07:00,Bharati Station,-8.1,-11.6,53,4.5,6.8,483.0,970.7
2024-11-05T08:00,Bharati Station,-8.1,-12.1,57,6.6,9.7,427.0,970.9
2024-11-05T09:00,Bharati Station,-8.1,-12.4,61,7.1,10.8,375.0,971.1
2024-11-05T10:00,Bharati Station,-8.1,-12.6,62,6.5,10.8,357.0,971.4
2024-11-05T11:00,Bharati Station,-8.3,-12.7,65,5.9,9.4,290.0,971.5
2024-11-05T12:00,Bharati Station,-8.6,-12.9,69,5.6,7.9,245.0,971.7
2024-11-05T13:00,Bharati Station,-8.2,-12.0,61,1.3,1.4,187.0,972.5
2024-11-05T14:00,Bharati Station,-8.4,-12.2,65,1.8,2.2,109.0,972.7
2024-11-05T15:00,Bharati Station,-8.7,-12.6,70,2.8,3.2,31.0,973.1
2024-11-05T16:00,Bharati Station,-8.9,-12.9,70,3.6,4.3,5.0,973.7
2024-11-05T17:00,Bharati Station,-9.4,-13.6,67,4.3,5.0,0.0,974.1
2024-11-05T18:00,Bharati Station,-10.8,-15.2,67,5.7,6.8,0.0,974.9
2024-11-05T19:00,Bharati Station,-11.5,-16.2,66,7.0,8.6,0.0,975.5
2024-11-05T20:00,Bharati Station,-10.3,-14.7,59,4.8,8.6,0.0,975.9
2024-11-05T21:00,Bharati Station,-10.2,-14.4,59,3.7,5.8,0.0,976.4
2024-11-05T22:00,Bharati Station,-10.4,-14.6,58,3.7,4.7,0.0,976.8
2024-11-05T23:00,Bharati Station,-10.6,-14.6,62,2.0,4.3,3.0,977.2
2024-11-06T00:00,Bharati Station,-10.7,-14.7,69,2.7,3.2,8.0,977.4
2024-11-06T01:00,Bharati Station,-11.0,-15.1,68,3.1,3.6,34.0,978.2
2024-11-06T02:00,Bharati Station,-10.9,-15.1,77,4.4,5.0,10.0,978.5
2024-11-06T03:00,Bharati Station,-10.7,-15.0,79,5.4,8.6,24.0,979.0
2024-11-06T04:00,Bharati Station,-10.5,-14.8,82,6.1,9.7,26.0,979.0
2024-11-06T05:00,Bharati Station,-10.1,-14.8,82,9.0,14.0,174.0,979.0
2024-11-06T06:00,Bharati Station,-9.8,-14.5,81,10.8,16.2,246.0,979.0
2024-11-06T07:00,Bharati Station,-9.5,-14.1,81,10.8,16.6,278.0,979.1
2024-11-06T08:00,Bharati Station,-9.3,-13.8,81,9.7,16.2,254.0,979.3
2024-11-06T09:00,Bharati Station,-9.2,-13.6,81,6.6,15.1,173.0,979.4
2024-11-06T10:00,Bharati Station,-9.1,-13.1,80,4.2,11.5,153.0,979.5
2024-11-06T11:00,Bharati Station,-9.1,-12.7,78,1.2,8.3,79.0,979.7
2024-11-06T12:00,Bharati Station,-9.1,-12.9,77,2.4,5.0,55.0,979.9
2024-11-06T13:00,Bharati Station,-9.0,-12.7,75,1.5,1.8,79.0,980.5
2024-11-06T14:00,Bharati Station,-9.7,-13.7,79,3.6,4.0,57.0,980.6
2024-11-06T15:00,Bharati Station,-10.7,-15.0,83,5.9,6.8,12.0,981.0
2024-11-06T16:00,Bharati Station,-11.3,-16.0,83,8.1,9.4,1.0,981.3
2024-11-06T17:00,Bharati Station,-11.9,-16.7,81,8.5,10.1,0.0,981.3
2024-11-06T18:00,Bharati Station,-12.4,-17.3,78,8.5,10.1,0.0,981.6
2024-11-06T19:00,Bharati Station,-13.0,-17.9,76,8.4,10.1,0.0,982.0
2024-11-06T20:00,Bharati Station,-13.0,-17.7,72,7.1,10.1,0.0,982.3
2024-11-06T21:00,Bharati Station,-12.4,-17.0,70,5.8,8.3,0.0,982.6
2024-11-06T22:00,Bharati Station,-12.5,-17.0,71,5.5,6.8,3.0,982.9
2024-11-06T23:00,Bharati Station,-12.9,-17.3,73,5.0,6.5,30.0,983.3
2024-11-07T00:00,Bharati Station,-13.6,-18.0,78,5.2,6.1,80.0,983.6
2024-11-07T01:00,Bharati Station,-14.0,-18.3,84,4.5,6.5,144.0,983.8
2024-11-07T02:00,Bharati Station,-13.5,-17.7,82,3.8,5.4,242.0,983.9
2024-11-07T03:00,Bharati Station,-13.4,-17.7,85,5.0,8.3,342.0,984.1
2024-11-07T04:00,Bharati Station,-13.3,-18.0,90,7.6,12.2,433.0,984.6
2024-11-07T05:00,Bharati Station,-13.3,-17.5,92,7.5,13.3,484.0,985.0
2024-11-07T06:00,Bharati Station,-13.2,-16.9,92,6.9,13.3,508.0,985.2
2024-11-07T07:00,Bharati Station,-13.0,-16.7,91,7.1,13.3,526.0,985.5
2024-11-07T08:00,Bharati Station,-12.9,-16.7,90,7.0,13.3,499.0,985.5
2024-11-07T09:00,Bharati Station,-12.9,-17.0,90,6.9,13.3,429.0,985.7
2024-11-07T10:00,Bharati Station,-13.0,-17.6,88,8.0,14.0,375.0,985.6
2024-11-07T11:00,Bharati Station,-13.1,-17.7,86,7.4,14.0,314.0,985.6
2024-11-07T12:00,Bharati Station,-13.2,-17.8,85,6.5,13.3,235.0,985.4
2024-11-07T13:00,Bharati Station,-12.1,-16.3,83,4.4,5.8,210.0,985.4
2024-11-07T14:00,Bharati Station,-12.7,-17.1,86,5.6,6.5,125.0,985.1
2024-11-07T15:00,Bharati Station,-13.4,-18.0,88,6.4,7.6,55.0,984.8
2024-11-07T16:00,Bharati Station,-14.0,-18.8,87,7.6,9.0,11.0,984.5
2024-11-07T17:00,Bharati Station,-14.5,-19.3,84,7.7,9.4,0.0,984.4
2024-11-07T18:00,Bharati Station,-14.8,-19.6,80,7.2,9.4,0.0,984.1
2024-11-07T19:00,Bharati Station,-15.1,-20.0,76,7.6,9.0,0.0,983.9
2024-11-07T20:00,Bharati Station,-15.2,-20.2,72,8.1,9.7,0.0,983.5
2024-11-07T21:00,Bharati Station,-15.2,-20.2,70,8.2,10.1,0.0,983.0
2024-11-07T22:00,Bharati Station,-15.3,-20.3,70,8.1,9.7,5.0,982.2
2024-11-07T23:00,Bharati Station,-14.8,-19.6,68,7.0,9.7,39.0,981.6
2024-11-08T00:00,Bharati Station,-14.0,-18.7,67,6.1,8.6,103.0,981.0
2024-11-08T01:00,Bharati Station,-14.3,-19.3,70,8.8,10.1,190.0,980.3
2024-11-08T02:00,Bharati Station,-13.3,-18.5,71,9.7,12.2,282.0,979.2
2024-11-08T03:00,Bharati Station,-12.4,-17.3,72,8.5,11.9,384.0,978.5
2024-11-08T04:00,Bharati Station,-11.4,-16.1,73,8.1,10.4,465.0,978.1
2024-11-08T05:00,Bharati Station,-10.3,-14.7,61,9.1,11.5,530.0,977.5
2024-11-08T06:00,Bharati Station,-9.5,-13.7,60,9.8,12.6,577.0,976.6
2024-11-08T07:00,Bharati Station,-8.8,-12.8,64,9.0,13.0,600.0,976.0
2024-11-08T08:00,Bharati Station,-8.2,-11.8,66,6.9,11.9,592.0,975.3
2024-11-08T09:00,Bharati Station,-7.9,-11.4,69,5.0,9.0,557.0,974.5
2024-11-08T10:00,Bharati Station,-7.4,-11.3,61,4.4,6.1,496.0,973.8
2024-11-08T11:00,Bharati Station,-7.4,-11.7,57,5.4,6.5,416.0,973.2
2024-11-08T12:00,Bharati Station,-8.1,-12.7,61,7.2,8.6,324.0,972.6
2024-11-08T13:00,Bharati Station,-8.8,-14.1,59,11.5,13.3,227.0,972.4
2024-11-08T14:00,Bharati Station,-9.3,-15.3,54,15.8,19.1,136.0,972.1
2024-11-08T15:00,Bharati Station,-9.8,-16.4,51,19.2,24.1,61.0,971.9
2024-11-08T16:00,Bharati Station,-10.4,-17.3,50,21.4,27.4,14.0,971.7
2024-11-08T17:00,Bharati Station,-10.9,-18.0,49,22.5,28.4,0.0,971.6
2024-11-08T18:00,Bharati Station,-11.1,-18.5,48,24.4,31.7,0.0,971.6
2024-11-08T19:00,Bharati Station,-11.4,-18.9,48,24.8,32.0,0.0,971.7
2024-11-08T20:00,Bharati Station,-11.7,-19.2,49,24.8,32.4,0.0,971.8
2024-11-08T21:00,Bharati Station,-12.0,-19.4,49,24.5,32.0,0.0,971.8
2024-11-08T22:00,Bharati Station,-12.2,-19.5,49,24.1,31.3,7.0,972.0
2024-11-08T23:00,Bharati Station,-12.2,-19.5,50,23.4,31.0,42.0,972.3
2024-11-09T00:00,Bharati Station,-12.1,-19.2,50,22.7,30.2,105.0,972.5
2024-11-09T01:00,Bharati Station,-11.3,-17.9,60,19.8,31.0,192.0,972.2
2024-11-09T02:00,Bharati Station,-10.8,-17.1,60,17.6,25.9,294.0,972.0
2024-11-09T03:00,Bharati Station,-10.3,-16.2,57,14.8,22.7,391.0,972.0
2024-11-09T04:00,Bharati Station,-9.7,-15.1,56,12.3,19.1,476.0,972.0
2024-11-09T05:00,Bharati Station,-9.2,-13.8,56,9.9,15.8,542.0,972.1
2024-11-09T06:00,Bharati Station,-8.8,-12.7,55,7.7,13.0,587.0,971.9
2024-11-09T07:00,Bharati Station,-8.7,-12.1,51,5.3,10.4,606.0,972.0
2024-11-09T08:00,Bharati Station,-8.6,-11.6,48,2.4,7.9,598.0,972.2
2024-11-09T09:00,Bharati Station,-8.5,-11.4,47,0.4,5.0,561.0,972.4
2024-11-09T10:00,Bharati Station,-8.4,-12.0,50,1.7,3.6,496.0,972.4
2024-11-09T11:00,Bharati Station,-8.5,-12.5,64,3.1,4.0,414.0,972.5
2024-11-09T12:00,Bharati Station,-8.9,-13.2,68,5.0,6.1,323.0,972.5
2024-11-09T13:00,Bharati Station,-9.3,-13.5,71,5.0,6.5,217.0,972.2
2024-11-09T14:00,Bharati Station,-9.8,-14.2,69,6.0,7.2,126.0,972.4
2024-11-09T15:00,Bharati Station,-10.9,-15.8,74,9.2,11.2,58.0,972.8
2024-11-09T16:00,Bharati Station,-11.6,-16.8,73,10.9,13.3,13.0,973.1
2024-11-09T17:00,Bharati Station,-12.0,-17.6,69,12.7,15.8,0.0,973.3
2024-11-09T18:00,Bharati Station,-12.7,-18.5,69,14.4,18.4,0.0,973.4
2024-11-09T19:00,Bharati Station,-13.3,-19.2,71,15.2,19.4,0.0,973.7
2024-11-09T20:00,Bharati Station,-13.8,-19.8,72,15.7,20.5,0.0,973.6
2024-11-09T21:00,Bharati Station,-14.3,-20.4,74,16.2,21.2,0.0,973.8
2024-11-09T22:00,Bharati Station,-14.6,-20.6,76,15.9,21.6,5.0,973.9
2024-11-09T23:00,Bharati Station,-14.4,-20.4,77,15.4,21.2,30.0,974.1
2024-11-10T00:00,Bharati Station,-14.2,-20.0,80,14.5,20.5,75.0,974.3
2024-11-10T01:00,Bharati Station,-12.1,-17.4,68,11.1,16.9,177.0,973.8
2024-11-10T02:00,Bharati Station,-11.7,-16.7,72,9.8,13.7,295.0,973.8
2024-11-10T03:00,Bharati Station,-11.0,-15.8,76,8.4,12.2,386.0,973.8
2024-11-10T04:00,Bharati Station,-10.1,-14.6,73,7.3,10.4,459.0,973.8
2024-11-10T05:00,Bharati Station,-9.3,-13.1,63,6.0,9.0,532.0,974.1
2024-11-10T06:00,Bharati Station,-8.7,-12.2,53,5.1,7.6,583.0,974.2
2024-11-10T07:00,Bharati Station,-8.4,-11.5,50,3.8,6.8,601.0,974.2
2024-11-10T08:00,Bharati Station,-8.2,-11.2,50,2.5,6.1,588.0,974.3
2024-11-10T09:00,Bharati Station,-8.2,-11.3,51,1.4,5.0,554.0,974.3
2024-11-10T10:00,Bharati Station,-8.2,-11.7,54,1.7,3.6,492.0,974.1
2024-11-10T11:00,Bharati Station,-8.2,-12.1,67,2.7,4.0,410.0,973.9
2024-11-10T12:00,Bharati Station,-8.5,-12.4,66,3.0,3.6,298.0,973.7
2024-11-10T13:00,Bharati Station,-9.1,-13.4,72,5.3,7.2,188.0,973.6
2024-11-10T14:00,Bharati Station,-9.4,-13.7,68,5.3,6.5,106.0,973.5
2024-11-10T15:00,Bharati Station,-10.7,-15.5,74,8.4,9.4,37.0,973.6
2024-11-10T16:00,Bharati Station,-11.4,-17.0,71,13.3,16.2,11.0,973.7
2024-11-10T17:00,Bharati Station,-12.3,-18.2,70,15.3,19.4,0.0,973.7
2024-11-10T18:00,Bharati Station,-12.6,-18.6,70,15.7,20.2,0.0,973.3
2024-11-10T19:00,Bharati Station,-12.7,-18.6,68,15.4,20.2,0.0,973.3
2024-11-10T20:00,Bharati Station,-12.7,-18.8,66,16.1,20.2,0.0,973.1
2024-11-10T21:00,Bharati Station,-12.9,-18.9,65,15.8,20.5,0.0,973.0
2024-11-10T22:00,Bharati Station,-12.9,-18.8,64,15.1,19.8,4.0,973.1
2024-11-10T23:00,Bharati Station,-12.6,-18.6,63,15.5,19.4,25.0,973.0
2024-11-11T00:00,Bharati Station,-12.2,-18.1,62,14.7,19.4,65.0,973.2
2024-11-11T01:00,Bharati Station,-12.5,-18.1,72,13.5,21.2,127.0,972.6
2024-11-11T02:00,Bharati Station,-11.6,-16.9,71,11.9,17.3,193.0,972.6
2024-11-11T03:00,Bharati Station,-10.5,-15.7,70,11.3,15.1,281.0,972.6
2024-11-11T04:00,Bharati Station,-9.5,-14.3,72,8.8,14.4,323.0,972.9
2024-11-11T05:00,Bharati Station,-8.5,-12.4,71,5.8,10.8,401.0,973.4
2024-11-11T06:00,Bharati Station,-7.6,-11.2,62,5.7,7.2,460.0,973.5
2024-11-11T07:00,Bharati Station,-7.1,-10.7,58,6.5,8.3,453.0,973.6
2024-11-11T08:00,Bharati Station,-6.7,-10.4,57,6.7,8.6,456.0,973.6
2024-11-11T09:00,Bharati Station,-6.5,-10.3,59,6.0,8.6,469.0,973.7
2024-11-11T10:00,Bharati Station,-6.6,-10.6,65,5.2,7.6,406.0,973.9
2024-11-11T11:00,Bharati Station,-6.9,-10.9,68,4.4,6.1,309.0,974.1
2024-11-11T12:00,Bharati Station,-7.4,-11.8,69,6.5,7.6,205.0,974.1
2024-11-11T13:00,Bharati Station,-8.0,-12.4,69,6.5,8.3,103.0,974.8
2024-11-11T14:00,Bharati Station,-8.7,-13.5,69,9.1,10.4,50.0,975.0
2024-11-11T15:00,Bharati Station,-9.3,-14.4,68,10.3,12.2,11.0,975.2
2024-11-11T16:00,Bharati Station,-10.1,-15.3,66,11.2,13.7,1.0,975.4
2024-11-11T17:00,Bharati Station,-10.9,-16.3,67,12.0,15.1,0.0,975.8
2024-11-11T18:00,Bharati Station,-11.8,-17.2,68,12.1,15.5,0.0,976.2
2024-11-11T19:00,Bharati Station,-12.3,-17.8,67,12.4,15.8,0.0,976.5
2024-11-11T20:00,Bharati Station,-12.6,-18.3,65,13.5,16.9,0.0,976.9
2024-11-11T21:00,Bharati Station,-13.1,-19.0,65,14.7,18.7,0.0,977.1
2024-11-11T22:00,Bharati Station,-13.7,-19.8,67,15.9,20.5,7.0,977.6
2024-11-11T23:00,Bharati Station,-13.8,-19.8,69,15.6,20.5,35.0,977.9
2024-11-12T00:00,Bharati Station,-13.7,-19.6,72,14.5,20.5,97.0,978.1
2024-11-12T01:00,Bharati Station,-12.1,-17.5,73,12.0,17.3,96.0,977.2
2024-11-12T02:00,Bharati Station,-11.2,-16.4,74,11.2,15.1,184.0,977.4
2024-11-12T03:00,Bharati Station,-10.0,-15.1,73,10.8,14.0,301.0,977.7
2024-11-12T04:00,Bharati Station,-8.7,-13.5,70,9.3,13.7,349.0,978.0
2024-11-12T05:00,Bharati Station,-7.6,-12.4,60,11.6,14.0,369.0,978.3
2024-11-12T06:00,Bharati Station,-6.9,-12.4,61,16.7,21.6,297.0,978.4
2024-11-12T07:00,Bharati Station,-6.5,-12.1,63,18.1,23.4,291.0,978.7
2024-11-12T08:00,Bharati Station,-6.2,-11.7,62,17.8,24.1,355.0,978.8
2024-11-12T09:00,Bharati Station,-6.1,-11.7,60,17.2,23.4,335.0,978.9
2024-11-12T10:00,Bharati Station,-6.2,-11.5,62,14.7,22.7,420.0,979.0
2024-11-12T11:00,Bharati Station,-6.3,-11.3,67,11.2,18.7,340.0,979.0
2024-11-12T12:00,Bharati Station,-6.8,-11.6,68,9.7,14.0,290.0,978.8
2024-11-12T13:00,Bharati Station,-6.7,-10.7,74,4.9,6.5,73.0,979.5
2024-11-12T14:00,Bharati Station,-7.6,-12.5,72,10.0,11.2,121.0,979.5
2024-11-12T15:00,Bharati Station,-8.8,-14.3,70,13.3,16.6,25.0,979.7
2024-11-12T16:00,Bharati Station,-9.1,-14.7,69,14.0,18.0,4.0,980.2
2024-11-12T17:00,Bharati Station,-9.1,-14.8,66,14.9,19.1,0.0,980.5
2024-11-12T18:00,Bharati Station,-9.1,-14.9,65,15.2,19.4,0.0,980.7
2024-11-12T19:00,Bharati Station,-10.4,-16.4,66,16.5,20.9,0.0,980.8
2024-11-12T20:00,Bharati Station,-12.2,-18.4,70,17.7,23.4,0.0,980.9
2024-11-12T21:00,Bharati Station,-13.2,-19.5,72,17.7,23.4,0.0,981.2
2024-11-12T22:00,Bharati Station,-13.4,-19.7,72,17.6,23.4,9.0,981.6
2024-11-12T23:00,Bharati Station,-13.2,-19.3,71,16.5,23.0,45.0,982.1
2024-11-13T00:00,Bharati Station,-12.5,-18.4,68,14.7,21.6,120.0,982.5
2024-11-13T01:00,Bharati Station,-11.3,-16.7,66,11.7,16.9,205.0,982.6
2024-11-13T02:00,Bharati Station,-11.0,-16.5,72,13.3,17.3,300.0,982.7
2024-11-13T03:00,Bharati Station,-10.5,-15.4,77,10.0,17.3,395.0,982.7
2024-11-13T04:00,Bharati Station,-9.5,-13.9,79,7.7,13.0,480.0,982.8
2024-11-13T05:00,Bharati Station,-8.5,-11.8,77,4.5,10.1,549.0,983.1
2024-11-13T06:00,Bharati Station,-7.9,-10.7,62,2.9,5.8,595.0,983.3
2024-11-13T07:00,Bharati Station,-7.5,-10.4,59,4.1,6.5,614.0,983.6
2024-11-13T08:00,Bharati Station,-7.3,-10.6,65,6.3,9.4,606.0,983.7
2024-11-13T09:00,Bharati Station,-7.3,-11.1,68,8.4,11.5,571.0,983.5
2024-11-13T10:00,Bharati Station,-7.3,-11.7,72,10.0,13.3,511.0,983.7
2024-11-13T11:00,Bharati Station,-7.4,-12.2,74,9.7,13.3,432.0,983.6
2024-11-13T12:00,Bharati Station,-7.6,-12.0,76,6.8,12.6,340.0,983.7
2024-11-13T13:00,Bharati Station,-7.5,-11.7,64,5.3,7.2,244.0,983.8
2024-11-13T14:00,Bharati Station,-8.1,-12.6,63,6.7,7.6,152.0,983.7
2024-11-13T15:00,Bharati Station,-9.3,-14.3,65,9.9,11.5,76.0,983.5
2024-11-13T16:00,Bharati Station,-10.5,-15.9,65,11.7,13.7,24.0,983.7
2024-11-13T17:00,Bharati Station,-11.5,-17.2,64,13.7,16.9,2.0,983.8
2024-11-13T18:00,Bharati Station,-12.0,-18.0,65,15.8,19.4,0.0,984.0
2024-11-13T19:00,Bharati Station,-12.6,-18.9,67,17.8,23.0,0.0,983.3
2024-11-13T20:00,Bharati Station,-12.9,-19.2,68,17.2,23.0,0.0,983.0
2024-11-13T21:00,Bharati Station,-12.6,-19.0,66,17.9,22.7,1.0,982.4
2024-11-13T22:00,Bharati Station,-11.5,-18.0,60,19.1,23.8,15.0,981.9
2024-11-13T23:00,Bharati Station,-10.3,-17.1,57,21.1,26.3,55.0,981.3
2024-11-14T00:00,Bharati Station,-9.5,-16.4,57,22.2,28.1,121.0,981.0
2024-11-14T01:00,Bharati Station,-8.7,-16.4,58,28.3,36.7,152.0,979.8
2024-11-14T02:00,Bharati Station,-8.1,-15.4,60,25.8,37.1,174.0,978.7
2024-11-14T03:00,Bharati Station,-7.3,-14.1,61,23.0,33.5,35.0,977.7
2024-11-14T04:00,Bharati Station,-6.3,-13.1,62,22.8,29.9,11.0,976.5
2024-11-14T05:00,Bharati Station,-5.4,-12.3,64,24.3,31.3,10.0,975.5
2024-11-14T06:00,Bharati Station,-4.7,-11.8,66,25.8,33.8,9.0,974.2
2024-11-14T07:00,Bharati Station,-4.3,-11.4,66,26.3,34.6,8.0,972.9
2024-11-14T08:00,Bharati Station,-3.9,-10.6,65,23.7,34.6,19.0,972.1
2024-11-14T09:00,Bharati Station,-3.6,-9.7,65,19.7,31.0,22.0,971.1
2024-11-14T10:00,Bharati Station,-3.6,-9.7,66,19.8,25.6,17.0,970.3
2024-11-14T11:00,Bharati Station,-3.8,-10.2,68,22.1,28.4,12.0,969.8
2024-11-14T12:00,Bharati Station,-3.7,-10.5,67,24.8,31.7,16.0,969.0
2024-11-14T13:00,Bharati Station,-3.8,-11.1,66,28.2,36.7,11.0,968.3
2024-11-14T14:00,Bharati Station,-3.9,-11.2,65,27.9,37.8,7.0,967.6
2024-11-14T15:00,Bharati Station,-4.1,-11.5,63,28.3,36.7,9.0,967.1
2024-11-14T16:00,Bharati Station,-4.2,-11.9,62,30.5,39.6,2.0,967.1
2024-11-14T17:00,Bharati Station,-4.3,-12.4,61,33.4,43.6,0.0,966.7
2024-11-14T18:00,Bharati Station,-4.4,-12.7,62,34.3,44.6,0.0,966.0
2024-11-14T19:00,Bharati Station,-4.1,-12.9,61,37.9,49.7,0.0,965.3
2024-11-14T20:00,Bharati Station,-3.8,-12.9,61,39.9,52.6,0.0,964.6
2024-11-14T21:00,Bharati Station,-3.7,-12.7,63,39.4,53.3,0.0,963.8
2024-11-14T22:00,Bharati Station,-3.8,-12.2,73,36.1,52.2,0.0,963.0
2024-11-14T23:00,Bharati Station,-3.7,-11.8,90,36.1,48.6,0.0,963.3
2024-11-15T00:00,Bharati Station,-3.3,-11.6,91,38.0,53.6,0.0,963.9
2024-11-15T01:00,Bharati Station,-3.5,-12.2,88,39.9,51.5,0.0,963.2
2024-11-15T02:00,Bharati Station,-3.4,-11.6,85,36.8,53.3,0.0,963.6
2024-11-15T03:00,Bharati Station,-3.2,-11.5,86,37.4,48.6,0.0,964.3
2024-11-15T04:00,Bharati Station,-2.9,-11.5,87,39.7,51.8,0.0,964.6
2024-11-15T05:00,Bharati Station,-2.6,-11.2,87,40.1,53.3,0.0,965.0
2024-11-15T06:00,Bharati Station,-2.5,-10.9,90,39.4,52.9,0.0,965.6
2024-11-15T07:00,Bharati Station,-2.4,-10.7,91,38.9,52.6,0.0,966.1
2024-11-15T08:00,Bharati Station,-2.1,-10.4,89,39.2,51.1,0.0,966.5
2024-11-15T09:00,Bharati Station,-2.0,-10.4,88,39.8,52.2,3.0,966.7
2024-11-15T10:00,Bharati Station,-2.0,-10.5,88,40.6,53.3,0.0,966.8
2024-11-15T11:00,Bharati Station,-1.9,-10.8,91,43.1,56.5,0.0,967.2
2024-11-15T12:00,Bharati Station,-2.0,-10.9,92,43.5,57.2,0.0,967.5
2024-11-15T13:00,Bharati Station,-2.3,-11.3,92,43.8,57.2,0.0,967.7
2024-11-15T14:00,Bharati Station,-2.4,-11.6,93,45.5,60.5,0.0,968.4
2024-11-15T15:00,Bharati Station,-2.4,-11.7,91,45.5,60.1,0.0,969.2
2024-11-15T16:00,Bharati Station,-2.6,-11.9,92,45.6,60.8,0.0,970.1
2024-11-15T17:00,Bharati Station,-2.6,-11.2,93,40.7,59.8,0.0,970.9
2024-11-15T18:00,Bharati Station,-2.8,-11.0,92,38.1,53.3,0.0,971.6
2024-11-15T19:00,Bharati Station,-2.9,-10.9,91,36.4,50.0,0.0,972.2
2024-11-15T20:00,Bharati Station,-3.1,-10.9,90,35.1,47.9,0.0,972.7
2024-11-15T21:00,Bharati Station,-3.2,-10.9,89,33.3,46.1,0.0,973.0
2024-11-15T22:00,Bharati Station,-3.3,-11.0,87,34.0,44.6,0.0,973.4
2024-11-15T23:00,Bharati Station,-3.3,-11.0,85,32.9,44.6,0.0,974.0
2024-11-16T00:00,Bharati Station,-3.4,-10.7,82,30.5,43.2,2.0,974.2
2024-11-16T01:00,Bharati Station,-3.3,-10.8,75,30.9,41.0,140.0,973.4
2024-11-16T02:00,Bharati Station,-3.1,-10.4,79,29.7,40.3,39.0,973.7
2024-11-16T03:00,Bharati Station,-2.9,-9.9,76,28.2,38.9,26.0,974.0
2024-11-16T04:00,Bharati Station,-2.7,-9.8,72,27.8,37.1,95.0,974.2
2024-11-16T05:00,Bharati Station,-2.7,-9.4,74,26.0,36.4,48.0,974.6
2024-11-16T06:00,Bharati Station,-2.7,-9.2,76,25.3,34.2,61.0,974.6
2024-11-16T07:00,Bharati Station,-2.7,-8.5,76,22.5,33.5,202.0,974.4
2024-11-16T08:00,Bharati Station,-2.8,-7.6,77,19.5,29.9,575.0,974.1
2024-11-16T09:00,Bharati Station,-2.9,-7.1,77,14.0,25.9,565.0,973.7
2024-11-16T10:00,Bharati Station,-2.8,-6.2,76,6.3,18.7,507.0,973.3
2024-11-16T11:00,Bharati Station,-2.9,-6.4,80,4.3,8.6,432.0,972.8
2024-11-16T12:00,Bharati Station,-3.3,-7.6,84,9.8,11.9,341.0,972.4
2024-11-16T13:00,Bharati Station,-3.3,-6.8,76,3.4,3.2,211.0,971.9
2024-11-16T14:00,Bharati Station,-4.2,-8.5,72,7.6,8.3,145.0,971.8
2024-11-16T15:00,Bharati Station,-5.2,-10.3,64,11.8,13.7,74.0,971.3
2024-11-16T16:00,Bharati Station,-6.1,-11.7,61,15.1,18.4,18.0,971.4
2024-11-16T17:00,Bharati Station,-6.8,-13.0,58,18.0,22.3,3.0,971.4
2024-11-16T18:00,Bharati Station,-6.7,-13.2,55,20.4,26.3,0.0,971.3
2024-11-16T19:00,Bharati Station,-6.6,-13.0,54,19.6,26.3,0.0,971.2
2024-11-16T20:00,Bharati Station,-6.9,-13.4,53,19.8,25.6,0.0,971.1
2024-11-16T21:00,Bharati Station,-7.3,-13.9,52,20.2,26.3,0.0,970.8
2024-11-16T22:00,Bharati Station,-7.8,-14.6,51,21.1,27.4,5.0,970.5
2024-11-16T23:00,Bharati Station,-8.0,-14.8,51,21.4,27.7,32.0,970.4
2024-11-17T00:00,Bharati Station,-8.3,-14.9,51,20.5,27.7,110.0,970.0
2024-11-17T01:00,Bharati Station,-8.1,-15.7,53,26.7,36.4,142.0,969.3
2024-11-17T02:00,Bharati Station,-7.9,-15.2,54,25.4,34.9,270.0,969.2
2024-11-17T03:00,Bharati Station,-7.6,-14.5,56,22.9,33.1,400.0,968.7
2024-11-17T04:00,Bharati Station,-7.2,-13.1,57,18.2,29.9,472.0,968.5
2024-11-17T05:00,Bharati Station,-6.7,-11.4,58,13.3,23.8,541.0,968.4
2024-11-17T06:00,Bharati Station,-6.3,-10.0,56,9.2,17.3,609.0,967.9
2024-11-17T07:00,Bharati Station,-6.1,-9.1,52,5.5,13.0,615.0,967.5
2024-11-17T08:00,Bharati Station,-6.0,-8.4,50,1.7,9.0,627.0,967.4
2024-11-17T09:00,Bharati Station,-5.8,-8.6,48,2.1,4.7,595.0,967.0
2024-11-17T10:00,Bharati Station,-5.8,-9.6,52,6.4,9.0,537.0,966.7
2024-11-17T11:00,Bharati Station,-6.0,-11.0,59,10.9,14.4,460.0,966.4
2024-11-17T12:00,Bharati Station,-6.5,-11.4,71,11.0,14.8,369.0,966.4
2024-11-17T13:00,Bharati Station,-7.1,-12.0,72,10.5,13.7,271.0,966.0
2024-11-17T14:00,Bharati Station,-7.7,-12.9,71,12.4,15.5,169.0,966.2
2024-11-17T15:00,Bharati Station,-8.2,-13.7,69,13.6,16.9,75.0,966.2
2024-11-17T16:00,Bharati Station,-8.9,-14.6,65,14.9,19.1,26.0,966.4
2024-11-17T17:00,Bharati Station,-9.6,-15.6,61,16.3,20.5,5.0,966.4
2024-11-17T18:00,Bharati Station,-9.6,-15.7,57,16.5,20.9,0.0,966.7
2024-11-17T19:00,Bharati Station,-9.3,-15.4,55,17.1,21.6,0.0,966.9
2024-11-17T20:00,Bharati Station,-9.2,-15.7,55,19.3,24.5,0.0,967.1
2024-11-17T21:00,Bharati Station,-8.9,-15.7,56,21.6,27.7,0.0,967.3
2024-11-17T22:00,Bharati Station,-8.8,-15.7,56,22.2,28.4,1.0,967.6
2024-11-17T23:00,Bharati Station,-8.8,-15.8,56,23.1,30.2,3.0,968.1
2024-11-18T00:00,Bharati Station,-8.8,-16.0,56,24.6,32.0,12.0,968.1
2024-11-18T01:00,Bharati Station,-8.7,-15.8,63,24.2,32.4,0.0,967.6
2024-11-18T02:00,Bharati Station,-8.4,-15.3,65,23.4,32.0,0.0,967.7
2024-11-18T03:00,Bharati Station,-8.0,-15.3,66,25.8,33.1,3.0,967.6
2024-11-18T04:00,Bharati Station,-7.8,-15.9,67,32.1,41.4,20.0,967.9
2024-11-18T05:00,Bharati Station,-7.4,-15.2,70,30.2,42.1,58.0,968.1
2024-11-18T06:00,Bharati Station,-6.9,-14.3,74,27.8,39.6,37.0,968.4
2024-11-18T07:00,Bharati Station,-7.1,-13.4,81,21.5,36.7,79.0,968.5
2024-11-18T08:00,Bharati Station,-7.4,-13.0,81,17.9,29.2,137.0,969.1
2024-11-18T09:00,Bharati Station,-7.3,-13.0,78,18.3,25.6,217.0,969.0
2024-11-18T10:00,Bharati Station,-7.2,-13.0,76,17.5,25.6,198.0,969.0
2024-11-18T11:00,Bharati Station,-7.0,-12.6,77,16.0,24.1,201.0,969.0
2024-11-18T12:00,Bharati Station,-6.9,-12.1,79,13.5,22.0,148.0,969.0
2024-11-18T13:00,Bharati Station,-7.1,-12.8,82,16.9,24.1,7.0,969.0
2024-11-18T14:00,Bharati Station,-7.0,-12.5,85,16.0,22.3,7.0,969.0
2024-11-18T15:00,Bharati Station,-7.2,-13.3,79,19.3,24.8,2.0,968.9
2024-11-18T16:00,Bharati Station,-7.6,-14.2,65,21.4,28.1,0.0,968.8
2024-11-18T17:00,Bharati Station,-7.8,-14.3,60,20.2,28.1,0.0,968.8
2024-11-18T18:00,Bharati Station,-7.9,-14.4,59,19.6,26.3,0.0,968.9
2024-11-18T19:00,Bharati Station,-8.2,-14.4,59,18.0,25.6,0.0,968.9
2024-11-18T20:00,Bharati Station,-8.7,-14.6,61,16.3,23.0,0.0,969.1
2024-11-18T21:00,Bharati Station,-9.1,-15.0,60,15.8,21.2,0.0,969.2
2024-11-18T22:00,Bharati Station,-9.3,-15.4,58,16.3,21.2,0.0,969.4
2024-11-18T23:00,Bharati Station,-9.3,-15.3,56,15.9,21.2,3.0,969.7
2024-11-19T00:00,Bharati Station,-9.1,-15.0,55,15.6,20.9,5.0,970.0
2024-11-19T01:00,Bharati Station,-8.2,-14.8,55,19.9,25.2,14.0,968.7
2024-11-19T02:00,Bharati Station,-7.8,-15.0,54,24.8,32.0,23.0,968.9
2024-11-19T03:00,Bharati Station,-7.4,-14.5,56,24.6,33.5,156.0,969.0
2024-11-19T04:00,Bharati Station,-7.1,-14.3,58,25.1,33.5,171.0,969.3
2024-11-19T05:00,Bharati Station,-6.7,-13.9,59,25.5,33.8,35.0,969.5
2024-11-19T06:00,Bharati Station,-6.7,-13.9,60,25.5,34.2,20.0,969.9
2024-11-19T07:00,Bharati Station,-6.9,-13.8,66,24.0,33.5,0.0,970.3
2024-11-19T08:00,Bharati Station,-6.8,-13.6,70,23.6,31.7,0.0,970.5
2024-11-19T09:00,Bharati Station,-6.6,-13.5,68,24.5,32.4,0.0,970.6
2024-11-19T10:00,Bharati Station,-6.3,-13.1,68,23.7,32.0,0.0,970.8
2024-11-19T11:00,Bharati Station,-6.2,-12.7,69,22.1,31.0,18.0,970.9
2024-11-19T12:00,Bharati Station,-6.1,-12.3,69,19.9,29.2,3.0,971.0
2024-11-19T13:00,Bharati Station,-6.0,-10.2,71,6.3,10.1,52.0,970.8
2024-11-19T14:00,Bharati Station,-6.3,-10.5,74,6.3,7.9,27.0,971.0
2024-11-19T15:00,Bharati Station,-6.8,-11.2,72,7.4,8.3,16.0,971.3
2024-11-19T16:00,Bharati Station,-7.8,-12.9,67,11.2,13.7,5.0,971.6
2024-11-19T17:00,Bharati Station,-8.7,-13.9,68,11.9,15.8,0.0,972.0
2024-11-19T18:00,Bharati Station,-9.0,-14.2,67,11.3,15.5,0.0,972.3
2024-11-19T19:00,Bharati Station,-9.0,-14.2,65,11.1,14.4,0.0,972.8
2024-11-19T20:00,Bharati Station,-9.0,-14.1,65,10.1,14.0,0.0,973.1
2024-11-19T21:00,Bharati Station,-8.9,-13.9,65,10.0,13.0,0.0,973.5
2024-11-19T22:00,Bharati Station,-8.7,-13.8,63,10.4,13.3,2.0,974.1
2024-11-19T23:00,Bharati Station,-8.6,-13.8,62,11.2,14.0,7.0,974.4
2024-11-20T00:00,Bharati Station,-8.8,-14.0,63,11.0,14.4,25.0,974.5
2024-11-20T01:00,Bharati Station,-9.5,-14.5,72,10.3,15.8,100.0,972.8
2024-11-20T02:00,Bharati Station,-8.6,-13.4,73,8.8,13.3,178.0,973.4
2024-11-20T03:00,Bharati Station,-7.7,-12.1,71,7.2,11.2,286.0,973.7
2024-11-20T04:00,Bharati Station,-6.7,-10.7,68,6.6,9.4,468.0,973.7
2024-11-20T05:00,Bharati Station,-5.9,-9.2,65,5.6,8.6,555.0,973.9
2024-11-20T06:00,Bharati Station,-5.1,-7.7,64,3.5,7.9,610.0,974.1
2024-11-20T07:00,Bharati Station,-4.6,-6.8,60,2.4,6.1,634.0,974.1
2024-11-20T08:00,Bharati Station,-4.3,-6.5,60,2.0,5.0,626.0,974.2
2024-11-20T09:00,Bharati Station,-4.2,-6.9,61,3.4,6.1,590.0,974.4
2024-11-20T10:00,Bharati Station,-4.2,-7.7,63,5.6,8.3,538.0,974.3
2024-11-20T11:00,Bharati Station,-4.4,-8.2,69,5.4,8.6,466.0,974.2
2024-11-20T12:00,Bharati Station,-4.6,-8.3,76,4.1,7.2,373.0,974.3
2024-11-20T13:00,Bharati Station,-5.2,-9.3,76,6.4,6.8,262.0,975.0
2024-11-20T14:00,Bharati Station,-6.0,-10.7,73,9.8,11.5,170.0,975.0
2024-11-20T15:00,Bharati Station,-6.9,-12.0,71,11.8,14.4,92.0,975.5
2024-11-20T16:00,Bharati Station,-7.5,-13.1,68,14.4,17.6,39.0,975.6
2024-11-20T17:00,Bharati Station,-7.5,-13.2,67,15.4,18.7,8.0,976.0
2024-11-20T18:00,Bharati Station,-7.1,-12.9,71,16.7,20.2,0.0,976.4
2024-11-20T19:00,Bharati Station,-7.1,-12.9,75,17.3,22.0,0.0,976.7
2024-11-20T20:00,Bharati Station,-6.2,-12.0,67,16.7,21.2,0.0,976.8
2024-11-20T21:00,Bharati Station,-5.8,-12.6,66,23.2,29.2,0.0,976.9
2024-11-20T22:00,Bharati Station,-5.8,-12.7,62,24.0,31.0,2.0,976.9
2024-11-20T23:00,Bharati Station,-5.5,-12.4,61,24.1,31.3,4.0,977.1
2024-11-21T00:00,Bharati Station,-5.6,-12.4,60,23.1,31.0,28.0,977.1
2024-11-21T01:00,Bharati Station,-5.7,-12.3,59,21.7,29.9,123.0,976.1
2024-11-21T02:00,Bharati Station,-5.1,-11.9,58,23.6,30.6,166.0,976.1
2024-11-21T03:00,Bharati Station,-4.5,-11.2,62,23.3,31.7,240.0,976.0
2024-11-21T04:00,Bharati Station,-3.7,-10.2,62,22.7,30.2,322.0,975.9
2024-11-21T05:00,Bharati Station,-3.4,-9.4,64,22.1,30.6,381.0,976.0
2024-11-21T06:00,Bharati Station,-2.9,-7.7,66,17.2,28.8,432.0,976.0
2024-11-21T07:00,Bharati Station,-2.2,-6.6,63,14.1,22.3,331.0,975.5
2024-11-21T08:00,Bharati Station,-1.9,-5.6,61,10.9,18.4,506.0,975.1
2024-11-21T09:00,Bharati Station,-1.8,-5.0,58,7.4,14.0,596.0,974.4
2024-11-21T10:00,Bharati Station,-1.8,-5.4,57,7.5,9.7,540.0,973.8
2024-11-21T11:00,Bharati Station,-2.2,-6.7,55,9.3,11.2,469.0,973.2
2024-11-21T12:00,Bharati Station,-2.9,-8.1,53,12.2,14.8,380.0,972.5
2024-11-21T13:00,Bharati Station,-3.7,-9.8,50,18.5,22.7,283.0,972.0
2024-11-21T14:00,Bharati Station,-4.7,-11.9,48,24.7,31.3,192.0,971.0
2024-11-21T15:00,Bharati Station,-5.6,-13.3,46,27.9,36.4,111.0,969.7
2024-11-21T16:00,Bharati Station,-6.4,-14.6,45,30.9,40.3,50.0,968.2
2024-11-21T17:00,Bharati Station,-7.2,-16.7,45,39.6,51.1,14.0,966.6
2024-11-21T18:00,Bharati Station,-7.8,-18.3,45,46.5,60.5,2.0,965.1
2024-11-21T19:00,Bharati Station,-7.9,-18.8,45,48.7,65.2,0.0,963.5
2024-11-21T20:00,Bharati Station,-7.4,-17.2,46,42.0,64.1,0.0,961.8
2024-11-21T21:00,Bharati Station,-6.5,-14.5,47,29.9,55.1,7.0,960.6
2024-11-21T22:00,Bharati Station,-6.1,-12.7,50,21.1,38.9,25.0,959.1
2024-11-21T23:00,Bharati Station,-5.6,-11.6,52,17.3,26.3,44.0,957.9
2024-11-22T00:00,Bharati Station,-4.7,-10.8,54,17.7,21.6,69.0,956.6
2024-11-22T01:00,Bharati Station,-3.5,-10.6,54,26.0,40.3,99.0,955.3
2024-11-22T02:00,Bharati Station,-2.8,-9.5,55,23.1,33.1,159.0,953.9
2024-11-22T03:00,Bharati Station,-2.0,-7.5,59,16.4,29.5,229.0,952.8
2024-11-22T04:00,Bharati Station,-1.3,-5.3,59,5.6,20.2,257.0,951.9
2024-11-22T05:00,Bharati Station,-1.0,-4.6,63,6.5,6.5,236.0,951.7
2024-11-22T06:00,Bharati Station,-0.2,-5.1,68,15.1,17.6,84.0,951.8
2024-11-22T07:00,Bharati Station,-0.6,-6.1,76,18.7,23.4,0.0,951.9
2024-11-22T08:00,Bharati Station,-0.1,-5.8,75,20.5,26.6,8.0,951.9
2024-11-22T09:00,Bharati Station,0.1,-5.3,74,19.1,26.6,23.0,951.9
2024-11-22T10:00,Bharati Station,-0.1,-5.3,76,17.2,24.5,5.0,952.2
2024-11-22T11:00,Bharati Station,-0.4,-4.9,80,13.0,22.0,16.0,952.4
2024-11-22T12:00,Bharati Station,-1.1,-4.9,88,8.7,16.2,8.0,952.9
2024-11-22T13:00,Bharati Station,-1.8,-5.8,88,9.6,19.4,43.0,953.4
2024-11-22T14:00,Bharati Station,-1.0,-7.1,71,22.3,23.8,33.0,952.5
2024-11-22T15:00,Bharati Station,-1.2,-10.9,66,46.3,58.0,16.0,952.5
2024-11-22T16:00,Bharati Station,-1.7,-11.3,76,45.9,60.8,0.0,954.1
2024-11-22T17:00,Bharati Station,-2.3,-13.3,69,54.6,71.6,0.0,954.7
2024-11-22T18:00,Bharati Station,-3.1,-15.4,80,64.9,91.8,0.0,956.2
2024-11-22T19:00,Bharati Station,-3.7,-15.6,85,61.8,92.2,0.0,958.0
2024-11-22T20:00,Bharati Station,-4.5,-16.8,88,64.4,89.3,0.0,960.4
2024-11-22T21:00,Bharati Station,-5.3,-17.2,87,60.9,85.3,0.0,963.1
2024-11-22T22:00,Bharati Station,-5.8,-16.7,86,53.7,81.0,0.0,966.8
2024-11-22T23:00,Bharati Station,-5.6,-14.5,81,39.8,70.6,0.0,969.7
2024-11-23T00:00,Bharati Station,-5.6,-13.0,82,29.4,52.2,6.0,971.9
2024-11-23T01:00,Bharati Station,-4.7,-13.1,86,37.0,47.9,35.0,971.5
2024-11-23T02:00,Bharati Station,-4.3,-13.0,84,39.2,51.5,97.0,972.8
2024-11-23T03:00,Bharati Station,-3.9,-12.8,82,40.9,53.6,250.0,974.0
2024-11-23T04:00,Bharati Station,-3.7,-13.1,81,44.2,58.3,239.0,975.4
2024-11-23T05:00,Bharati Station,-3.6,-12.8,79,43.2,59.0,168.0,976.5
2024-11-23T06:00,Bharati Station,-3.5,-12.0,79,40.6,56.9,251.0,977.5
2024-11-23T07:00,Bharati Station,-3.4,-11.4,78,35.5,53.3,115.0,978.4
2024-11-23T08:00,Bharati Station,-3.3,-11.0,76,33.9,48.2,141.0,978.9
2024-11-23T09:00,Bharati Station,-3.2,-10.6,76,29.8,45.0,50.0,979.5
2024-11-23T10:00,Bharati Station,-3.2,-10.2,76,27.4,39.6,84.0,979.7
2024-11-23T11:00,Bharati Station,-3.2,-10.0,76,26.3,36.4,131.0,979.9
2024-11-23T12:00,Bharati Station,-3.3,-9.9,78,25.1,34.9,86.0,980.0
2024-11-23T13:00,Bharati Station,-3.8,-9.0,82,15.7,26.6,1.0,980.8
2024-11-23T14:00,Bharati Station,-4.3,-9.1,88,12.7,20.9,120.0,980.9
2024-11-23T15:00,Bharati Station,-4.8,-9.3,88,11.0,16.2,60.0,980.8
2024-11-23T16:00,Bharati Station,-5.3,-9.9,87,10.5,13.7,19.0,980.9
2024-11-23T17:00,Bharati Station,-5.8,-10.6,83,11.4,13.7,8.0,981.1
2024-11-23T18:00,Bharati Station,-6.3,-11.2,81,11.8,14.4,1.0,981.4
2024-11-23T19:00,Bharati Station,-6.3,-11.1,81,11.5,14.4,0.0,981.5
2024-11-23T20:00,Bharati Station,-6.1,-11.1,79,12.3,15.5,0.0,981.7
2024-11-23T21:00,Bharati Station,-5.8,-10.9,77,12.6,16.2,1.0,981.4
2024-11-23T22:00,Bharati Station,-5.4,-10.7,72,13.8,17.3,5.0,981.4
2024-11-23T23:00,Bharati Station,-5.3,-10.6,71,14.1,18.0,15.0,981.2
2024-11-24T00:00,Bharati Station,-5.2,-10.5,71,14.4,18.4,17.0,981.2
2024-11-24T01:00,Bharati Station,-6.4,-12.7,71,20.5,27.4,203.0,980.0
2024-11-24T02:00,Bharati Station,-6.0,-11.9,70,18.0,27.0,257.0,979.6
2024-11-24T03:00,Bharati Station,-5.5,-10.7,67,12.8,23.4,369.0,979.1
2024-11-24T04:00,Bharati Station,-5.2,-9.6,61,10.4,17.3,476.0,978.6
2024-11-24T05:00,Bharati Station,-4.9,-9.0,59,9.9,15.8,414.0,977.8
2024-11-24T06:00,Bharati Station,-4.7,-8.2,57,8.5,15.5,559.0,976.8
2024-11-24T07:00,Bharati Station,-4.4,-7.3,55,5.9,13.7,653.0,976.0
2024-11-24T08:00,Bharati Station,-4.2,-6.4,52,1.4,10.8,641.0,975.3
2024-11-24T09:00,Bharati Station,-4.2,-7.0,54,4.2,8.3,610.0,974.6
2024-11-24T10:00,Bharati Station,-4.3,-8.2,62,9.3,14.0,554.0,973.7
2024-11-24T11:00,Bharati Station,-4.5,-9.3,71,12.8,18.0,477.0,972.9
2024-11-24T12:00,Bharati Station,-4.7,-9.5,77,12.1,18.4,389.0,972.0
2024-11-24T13:00,Bharati Station,-4.9,-9.4,80,9.6,15.8,288.0,972.6
2024-11-24T14:00,Bharati Station,-5.5,-10.2,78,10.7,13.7,196.0,972.1
2024-11-24T15:00,Bharati Station,-6.2,-11.1,74,10.8,14.4,115.0,971.7
2024-11-24T16:00,Bharati Station,-6.6,-11.5,69,10.6,13.7,54.0,971.5
2024-11-24T17:00,Bharati Station,-6.6,-11.8,63,12.2,14.4,10.0,971.5
2024-11-24T18:00,Bharati Station,-6.5,-12.0,60,14.0,16.9,1.0,971.3
2024-11-24T19:00,Bharati Station,-6.7,-12.3,58,14.4,16.9,0.0,971.2
2024-11-24T20:00,Bharati Station,-6.6,-12.9,56,18.9,22.7,0.0,971.2
2024-11-24T21:00,Bharati Station,-6.6,-13.2,58,21.1,26.6,0.0,971.3
2024-11-24T22:00,Bharati Station,-6.5,-13.2,58,22.3,28.4,3.0,971.5
2024-11-24T23:00,Bharati Station,-6.2,-12.9,59,21.8,28.1,9.0,971.9
2024-11-25T00:00,Bharati Station,-5.9,-12.6,59,22.2,28.8,20.0,972.2
2024-11-25T01:00,Bharati Station,-5.8,-12.9,62,24.9,34.6,47.0,973.2
2024-11-25T02:00,Bharati Station,-5.4,-11.9,64,21.8,32.4,47.0,973.3
2024-11-25T03:00,Bharati Station,-4.8,-10.6,65,17.1,28.1,113.0,973.6
2024-11-25T04:00,Bharati Station,-4.1,-9.1,65,12.2,22.0,159.0,973.7
2024-11-25T05:00,Bharati Station,-3.5,-7.3,62,6.5,15.8,216.0,973.9
2024-11-25T06:00,Bharati Station,-3.1,-6.1,55,3.4,9.0,237.0,973.8
2024-11-25T07:00,Bharati Station,-2.9,-6.5,58,8.8,12.6,291.0,973.8
2024-11-25T08:00,Bharati Station,-2.6,-6.5,61,10.6,15.1,238.0,973.7
2024-11-25T09:00,Bharati Station,-2.2,-6.1,61,9.4,15.5,287.0,973.7
2024-11-25T10:00,Bharati Station,-1.9,-5.9,62,7.4,13.3,216.0,973.9
2024-11-25T11:00,Bharati Station,-1.9,-5.8,72,6.6,10.4,171.0,973.7
2024-11-25T12:00,Bharati Station,-2.2,-6.1,77,7.0,8.6,115.0,973.6
2024-11-25T13:00,Bharati Station,-2.5,-6.8,76,9.4,11.9,60.0,974.6
2024-11-25T14:00,Bharati Station,-2.8,-7.5,71,11.2,13.3,25.0,974.7
2024-11-25T15:00,Bharati Station,-3.3,-8.4,68,13.3,16.2,3.0,974.8
2024-11-25T16:00,Bharati Station,-4.2,-9.6,67,14.9,18.7,2.0,974.7
2024-11-25T17:00,Bharati Station,-5.7,-11.4,71,16.2,20.9,1.0,974.6
2024-11-25T18:00,Bharati Station,-6.1,-11.8,70,16.5,21.2,0.0,974.6
2024-11-25T19:00,Bharati Station,-5.6,-11.3,65,16.1,21.2,0.0,974.6
2024-11-25T20:00,Bharati Station,-4.6,-10.9,56,19.6,23.8,0.0,974.8
2024-11-25T21:00,Bharati Station,-4.6,-11.3,58,22.4,28.4,0.0,974.8
2024-11-25T22:00,Bharati Station,-4.6,-11.3,59,22.4,28.8,0.0,974.9
2024-11-25T23:00,Bharati Station,-4.4,-11.1,60,22.8,29.2,2.0,974.9
2024-11-26T00:00,Bharati Station,-4.3,-11.3,60,24.7,32.0,11.0,974.8
2024-11-26T01:00,Bharati Station,-4.0,-11.0,62,25.9,33.5,33.0,974.9
2024-11-26T02:00,Bharati Station,-3.7,-9.8,65,20.3,33.5,38.0,974.9
2024-11-26T03:00,Bharati Station,-3.2,-8.8,64,16.7,26.3,107.0,974.5
2024-11-26T04:00,Bharati Station,-2.7,-8.0,62,15.0,21.6,158.0,974.1
2024-11-26T05:00,Bharati Station,-2.2,-7.2,61,14.7,19.8,201.0,974.1
2024-11-26T06:00,Bharati Station,-2.0,-6.9,57,15.0,20.2,253.0,973.8
2024-11-26T07:00,Bharati Station,-1.9,-6.5,53,13.8,19.8,230.0,973.5
2024-11-26T08:00,Bharati Station,-1.8,-6.3,49,11.6,18.7,195.0,973.1
2024-11-26T09:00,Bharati Station,-1.8,-6.0,48,7.9,16.2,188.0,972.8
2024-11-26T10:00,Bharati Station,-1.8,-5.7,46,4.5,11.5,257.0,972.5
2024-11-26T11:00,Bharati Station,-1.8,-5.5,43,1.2,7.2,270.0,972.3
2024-11-26T12:00,Bharati Station,-2.1,-6.2,62,6.1,7.2,247.0,972.2
2024-11-26T13:00,Bharati Station,-2.5,-7.2,72,11.6,14.4,116.0,972.5
2024-11-26T14:00,Bharati Station,-3.0,-7.7,74,11.8,15.5,56.0,972.3
2024-11-26T15:00,Bharati Station,-4.1,-8.9,76,12.1,15.1,35.0,972.3
2024-11-26T16:00,Bharati Station,-4.4,-9.6,71,13.6,16.9,5.0,972.1
2024-11-26T17:00,Bharati Station,-4.3,-10.1,61,16.9,20.9,0.0,972.2
2024-11-26T18:00,Bharati Station,-4.4,-10.6,58,19.2,23.8,0.0,972.1
2024-11-26T19:00,Bharati Station,-4.4,-10.9,59,21.5,27.0,0.0,972.1
2024-11-26T20:00,Bharati Station,-4.6,-11.1,62,22.2,28.1,0.0,972.4
2024-11-26T21:00,Bharati Station,-4.4,-10.8,65,21.6,28.4,0.0,972.7
2024-11-26T22:00,Bharati Station,-4.0,-10.0,67,19.3,27.7,0.0,972.7
2024-11-26T23:00,Bharati Station,-3.6,-9.5,66,18.7,24.5,0.0,972.9
2024-11-27T00:00,Bharati Station,-3.3,-9.4,65,20.6,26.3,5.0,973.0
2024-11-27T01:00,Bharati Station,-3.7,-9.7,65,19.2,29.5,25.0,972.9
2024-11-27T02:00,Bharati Station,-3.3,-9.0,66,17.3,24.8,89.0,973.3
2024-11-27T03:00,Bharati Station,-2.7,-7.8,66,13.3,22.0,87.0,973.2
2024-11-27T04:00,Bharati Station,-1.9,-6.9,64,12.7,16.9,133.0,973.3
2024-11-27T05:00,Bharati Station,-1.4,-5.6,60,9.5,16.6,234.0,973.0
2024-11-27T06:00,Bharati Station,-1.1,-4.3,56,6.0,13.3,318.0,972.9
2024-11-27T07:00,Bharati Station,-0.8,-3.1,52,2.6,9.7,424.0,972.8
2024-11-27T08:00,Bharati Station,-0.6,-3.6,52,4.2,7.2,326.0,972.7
2024-11-27T09:00,Bharati Station,-0.6,-4.5,59,10.1,14.4,347.0,972.6
2024-11-27T10:00,Bharati Station,-0.6,-4.9,66,12.4,17.3,398.0,972.4
2024-11-27T11:00,Bharati Station,-0.9,-5.5,73,12.0,17.3,297.0,972.2
2024-11-27T12:00,Bharati Station,-1.3,-5.9,77,12.5,16.2,254.0,972.1
2024-11-27T13:00,Bharati Station,-1.3,-6.2,65,13.3,15.8,114.0,972.1
2024-11-27T14:00,Bharati Station,-1.9,-7.8,67,19.9,25.2,34.0,972.1
2024-11-27T15:00,Bharati Station,-2.5,-8.0,75,17.7,27.0,23.0,972.4
2024-11-27T16:00,Bharati Station,-2.9,-7.7,75,12.7,22.3,2.0,972.4
2024-11-27T17:00,Bharati Station,-3.3,-7.9,71,10.8,15.8,0.0,972.2
2024-11-27T18:00,Bharati Station,-3.5,-8.3,68,11.1,13.3,0.0,972.2
2024-11-27T19:00,Bharati Station,-3.6,-8.5,67,12.0,14.8,0.0,971.9
2024-11-27T20:00,Bharati Station,-3.6,-8.5,67,12.2,15.1,0.0,971.9
2024-11-27T21:00,Bharati Station,-3.5,-8.5,64,12.5,15.5,0.0,971.9
2024-11-27T22:00,Bharati Station,-3.9,-9.0,62,13.1,16.2,0.0,971.9
2024-11-27T23:00,Bharati Station,-4.0,-9.3,61,13.3,16.9,1.0,972.0
2024-11-28T00:00,Bharati Station,-3.9,-9.2,59,13.7,17.3,7.0,972.0
2024-11-28T01:00,Bharati Station,-3.4,-8.4,62,11.7,14.4,34.0,971.6
2024-11-28T02:00,Bharati Station,-3.0,-8.7,60,16.8,21.2,35.0,971.5
2024-11-28T03:00,Bharati Station,-2.8,-8.8,64,19.6,25.6,55.0,971.9
2024-11-28T04:00,Bharati Station,-2.5,-8.5,61,19.6,25.9,80.0,972.2
2024-11-28T05:00,Bharati Station,-2.3,-8.4,59,19.3,26.6,67.0,972.4
2024-11-28T06:00,Bharati Station,-2.4,-8.1,61,17.4,25.6,61.0,972.5
2024-11-28T07:00,Bharati Station,-2.4,-8.0,67,17.8,24.5,57.0,972.8
2024-11-28T08:00,Bharati Station,-2.2,-7.4,65,15.6,24.5,95.0,973.0
2024-11-28T09:00,Bharati Station,-2.0,-7.0,59,12.5,21.6,81.0,973.2
2024-11-28T10:00,Bharati Station,-1.8,-6.3,55,9.2,17.6,73.0,973.3
2024-11-28T11:00,Bharati Station,-1.5,-5.8,56,7.4,13.3,49.0,973.4
2024-11-28T12:00,Bharati Station,-1.5,-5.6,65,7.4,10.1,23.0,973.7
2024-11-28T13:00,Bharati Station,-2.5,-6.9,67,9.2,19.1,2.0,974.7
2024-11-28T14:00,Bharati Station,-2.7,-6.7,75,7.4,11.9,1.0,975.2
2024-11-28T15:00,Bharati Station,-3.0,-7.9,77,13.3,16.2,0.0,975.8
2024-11-28T16:00,Bharati Station,-3.5,-9.0,78,17.6,22.3,0.0,976.1
2024-11-28T17:00,Bharati Station,-3.6,-9.3,79,18.2,24.5,0.0,976.3
2024-11-28T18:00,Bharati Station,-3.9,-8.9,78,13.9,23.4,0.0,976.7
2024-11-28T19:00,Bharati Station,-4.0,-9.2,71,14.2,17.6,0.0,977.0
2024-11-28T20:00,Bharati Station,-4.2,-10.3,69,20.4,25.6,0.0,977.5
2024-11-28T21:00,Bharati Station,-4.3,-11.1,71,24.8,32.0,0.0,977.9
2024-11-28T22:00,Bharati Station,-4.3,-11.4,70,27.2,35.6,0.0,978.4
2024-11-28T23:00,Bharati Station,-4.1,-11.3,69,27.4,35.6,1.0,979.1
2024-11-29T00:00,Bharati Station,-4.1,-11.3,70,27.6,36.0,1.0,979.6
2024-11-29T01:00,Bharati Station,-4.1,-11.7,72,30.5,40.0,0.0,978.9
2024-11-29T02:00,Bharati Station,-3.9,-11.7,71,32.2,42.5,2.0,979.3
2024-11-29T03:00,Bharati Station,-3.6,-11.3,69,31.1,42.8,8.0,979.8
2024-11-29T04:00,Bharati Station,-3.3,-10.6,69,28.2,40.7,13.0,980.4
2024-11-29T05:00,Bharati Station,-3.0,-9.9,68,26.0,37.1,3.0,980.9
2024-11-29T06:00,Bharati Station,-2.9,-9.5,67,24.5,33.8,4.0,981.3
2024-11-29T07:00,Bharati Station,-2.8,-9.2,68,22.3,32.0,12.0,982.1
2024-11-29T08:00,Bharati Station,-2.7,-8.8,68,20.6,29.9,25.0,982.6
2024-11-29T09:00,Bharati Station,-2.6,-8.6,69,20.3,27.7,53.0,982.9
2024-11-29T10:00,Bharati Station,-2.5,-8.1,70,19.4,27.7,214.0,983.4
2024-11-29T11:00,Bharati Station,-2.6,-8.1,71,17.1,26.6,236.0,983.9
2024-11-29T12:00,Bharati Station,-2.7,-7.8,71,14.2,23.4,243.0,984.5
2024-11-29T13:00,Bharati Station,-2.5,-7.3,78,13.2,20.9,144.0,985.2
2024-11-29T14:00,Bharati Station,-2.9,-7.7,80,13.1,17.3,115.0,985.7
2024-11-29T15:00,Bharati Station,-3.2,-8.0,80,12.9,16.9,55.0,986.6
2024-11-29T16:00,Bharati Station,-3.3,-8.2,77,13.1,16.6,6.0,987.1
2024-11-29T17:00,Bharati Station,-3.4,-8.4,75,13.8,17.3,1.0,987.8
2024-11-29T18:00,Bharati Station,-3.8,-8.9,75,13.7,17.6,0.0,988.5
2024-11-29T19:00,Bharati Station,-4.0,-9.1,72,13.8,17.3,0.0,988.9
2024-11-29T20:00,Bharati Station,-4.2,-9.4,68,13.8,17.6,0.0,989.8
2024-11-29T21:00,Bharati Station,-4.2,-9.4,66,13.4,17.3,0.0,990.7
2024-11-29T22:00,Bharati Station,-4.2,-9.3,66,12.8,16.9,1.0,991.5
2024-11-29T23:00,Bharati Station,-4.3,-9.3,66,12.4,16.2,10.0,992.5
2024-11-30T00:00,Bharati Station,-4.2,-9.4,65,13.5,17.3,46.0,993.3
2024-11-30T01:00,Bharati Station,-4.1,-8.9,72,11.7,17.3,85.0,993.5
2024-11-30T02:00,Bharati Station,-3.3,-8.7,69,16.1,20.2,258.0,994.3
2024-11-30T03:00,Bharati Station,-2.9,-8.9,72,20.9,27.0,390.0,995.3
2024-11-30T04:00,Bharati Station,-2.5,-8.6,73,23.1,30.2,328.0,996.0
2024-11-30T05:00,Bharati Station,-2.4,-8.4,75,24.9,33.5,352.0,996.9
2024-11-30T06:00,Bharati Station,-2.2,-7.8,73,24.2,33.8,420.0,997.6
2024-11-30T07:00,Bharati Station,-1.9,-7.5,71,22.7,33.1,262.0,998.2
2024-11-30T08:00,Bharati Station,-1.9,-7.7,71,23.6,32.4,251.0,998.7
2024-11-30T09:00,Bharati Station,-1.9,-7.7,73,23.1,32.4,224.0,999.2
2024-11-30T10:00,Bharati Station,-1.9,-7.8,75,20.9,31.7,135.0,999.6
2024-11-30T11:00,Bharati Station,-1.9,-7.6,74,19.3,28.4,117.0,999.8
2024-11-30T12:00,Bharati Station,-1.9,-7.5,73,18.5,25.9,85.0,1000.2
2024-11-30T13:00,Bharati Station,-2.2,-6.8,79,12.2,23.4,219.0,1001.0
2024-11-30T14:00,Bharati Station,-2.5,-6.9,78,10.7,15.8,130.0,1001.2
2024-11-30T15:00,Bharati Station,-3.2,-7.8,75,10.7,13.7,94.0,1001.5
2024-11-30T16:00,Bharati Station,-4.0,-8.5,75,9.9,13.3,25.0,1001.6
2024-11-30T17:00,Bharati Station,-4.5,-9.1,73,10.0,12.2,13.0,1001.5
2024-11-30T18:00,Bharati Station,-5.2,-10.1,72,11.4,13.7,5.0,1001.5
2024-11-30T19:00,Bharati Station,-6.0,-11.0,70,11.9,14.4,3.0,1001.6
2024-11-30T20:00,Bharati Station,-6.1,-11.0,68,10.7,14.4,4.0,1001.8
2024-11-30T21:00,Bharati Station,-6.0,-10.8,65,9.7,13.0,15.0,1001.8
2024-11-30T22:00,Bharati Station,-6.1,-11.0,66,10.1,11.9,42.0,1001.8
2024-11-30T23:00,Bharati Station,-6.4,-11.2,68,10.3,12.6,93.0,1001.9
2024-12-01T00:00,Bharati Station,-6.2,-11.0,70,9.8,12.6,166.0,1001.8
2024-12-01T01:00,Bharati Station,-5.8,-10.4,76,9.0,16.2,253.0,1001.2
2024-12-01T02:00,Bharati Station,-4.7,-8.6,77,5.8,11.5,348.0,1001.1
2024-12-01T03:00,Bharati Station,-3.7,-7.3,74,4.0,7.6,445.0,1000.9
2024-12-01T04:00,Bharati Station,-2.8,-6.0,73,5.6,9.0,530.0,1000.8
2024-12-01T05:00,Bharati Station,-2.1,-4.9,71,6.0,10.4,595.0,1000.7
2024-12-01T06:00,Bharati Station,-1.5,-4.0,73,6.7,11.5,641.0,1000.4
2024-12-01T07:00,Bharati Station,-1.0,-3.8,75,9.8,14.8,662.0,1000.0
2024-12-01T08:00,Bharati Station,-0.6,-3.7,77,11.9,17.6,656.0,999.6
2024-12-01T09:00,Bharati Station,-0.4,-3.9,75,12.8,18.4,624.0,999.2
2024-12-01T10:00,Bharati Station,-0.3,-4.2,79,13.5,19.1,569.0,998.7
2024-12-01T11:00,Bharati Station,-0.4,-4.7,84,13.7,19.1,494.0,998.3
2024-12-01T12:00,Bharati Station,-0.7,-5.1,85,13.0,18.7,406.0,997.8
2024-12-01T13:00,Bharati Station,-1.2,-5.4,81,10.6,15.1,308.0,998.4
2024-12-01T14:00,Bharati Station,-2.1,-6.6,76,10.9,13.7,216.0,998.1
2024-12-01T15:00,Bharati Station,-3.8,-8.7,74,12.6,16.6,134.0,997.8
2024-12-01T16:00,Bharati Station,-5.4,-10.7,75,14.1,18.7,71.0,997.5
2024-12-01T17:00,Bharati Station,-6.8,-12.3,76,15.2,20.2,30.0,997.3
2024-12-01T18:00,Bharati Station,-7.8,-13.5,77,15.7,20.9,11.0,996.9
2024-12-01T19:00,Bharati Station,-8.0,-13.7,73,15.7,21.2,5.0,996.6
2024-12-01T20:00,Bharati Station,-8.1,-13.7,71,14.9,20.9,7.0,996.6
2024-12-01T21:00,Bharati Station,-8.3,-13.8,70,14.5,19.8,19.0,996.3
2024-12-01T22:00,Bharati Station,-8.4,-13.9,71,14.4,19.1,50.0,996.3
2024-12-01T23:00,Bharati Station,-8.1,-13.6,71,14.3,19.1,106.0,996.3
2024-12-02T00:00,Bharati Station,-7.4,-12.7,71,13.6,18.7,182.0,996.5
2024-12-02T01:00,Bharati Station,-5.3,-10.1,70,10.6,17.3,273.0,996.2
2024-12-02T02:00,Bharati Station,-4.1,-8.6,69,8.7,13.7,371.0,996.0
2024-12-02T03:00,Bharati Station,-2.9,-7.1,65,7.2,11.2,467.0,996.0
2024-12-02T04:00,Bharati Station,-1.9,-5.5,57,6.8,9.4,552.0,996.1
2024-12-02T05:00,Bharati Station,-1.4,-4.5,54,6.7,10.1,620.0,996.1
2024-12-02T06:00,Bharati Station,-1.1,-4.0,54,7.0,11.5,666.0,995.9
2024-12-02T07:00,Bharati Station,-1.0,-3.4,52,4.9,11.5,686.0,996.0
2024-12-02T08:00,Bharati Station,-1.0,-2.9,50,1.9,9.7,680.0,995.9
2024-12-02T09:00,Bharati Station,-0.9,-2.8,49,0.5,6.5,646.0,995.8
2024-12-02T10:00,Bharati Station,-0.8,-3.3,50,1.3,5.4,588.0,995.7
2024-12-02T11:00,Bharati Station,-0.8,-3.9,50,1.7,5.4,510.0,995.4
2024-12-02T12:00,Bharati Station,-0.8,-4.3,52,2.0,5.4,419.0,995.0
2024-12-02T13:00,Bharati Station,-1.9,-5.8,76,7.2,13.0,323.0,994.5
2024-12-02T14:00,Bharati Station,-2.8,-6.9,76,7.9,10.4,228.0,994.4
2024-12-02T15:00,Bharati Station,-3.8,-8.3,73,9.7,12.6,143.0,994.2
2024-12-02T16:00,Bharati Station,-4.8,-9.6,70,11.1,14.4,76.0,993.7
2024-12-02T17:00,Bharati Station,-5.8,-10.9,69,12.3,16.2,33.0,993.2
2024-12-02T18:00,Bharati Station,-6.9,-12.3,71,14.1,18.7,12.0,992.4
2024-12-02T19:00,Bharati Station,-7.7,-13.4,72,15.4,20.5,6.0,991.9
2024-12-02T20:00,Bharati Station,-8.4,-14.2,74,15.8,21.6,8.0,991.4
2024-12-02T21:00,Bharati Station,-8.9,-14.6,76,15.9,21.6,21.0,991.0
2024-12-02T22:00,Bharati Station,-8.9,-14.6,76,15.1,21.6,53.0,990.6
2024-12-02T23:00,Bharati Station,-8.6,-14.0,76,13.9,20.5,109.0,990.3
2024-12-03T00:00,Bharati Station,-7.9,-13.2,76,12.9,19.1,187.0,989.8
2024-12-03T01:00,Bharati Station,-6.7,-11.7,73,11.6,18.4,280.0,989.3
2024-12-03T02:00,Bharati Station,-5.2,-9.9,70,9.4,15.5,379.0,988.8
2024-12-03T03:00,Bharati Station,-3.9,-8.0,66,6.4,12.6,475.0,988.8
2024-12-03T04:00,Bharati Station,-2.9,-6.0,56,3.3,8.6,561.0,988.7
2024-12-03T05:00,Bharati Station,-2.4,-4.7,53,1.9,6.1,629.0,988.8
2024-12-03T06:00,Bharati Station,-2.2,-4.1,54,1.7,6.5,676.0,988.7
2024-12-03T07:00,Bharati Station,-2.0,-4.2,56,4.1,9.4,696.0,988.9
2024-12-03T08:00,Bharati Station,-1.8,-4.6,56,7.7,13.3,689.0,989.2
2024-12-03T09:00,Bharati Station,-1.7,-5.0,55,9.4,15.1,655.0,989.6
2024-12-03T10:00,Bharati Station,-1.6,-5.4,56,9.5,15.5,596.0,989.9
2024-12-03T11:00,Bharati Station,-1.6,-5.9,58,10.0,15.1,517.0,990.2
2024-12-03T12:00,Bharati Station,-1.7,-6.2,63,10.0,14.8,426.0,990.5
2024-12-03T13:00,Bharati Station,-1.8,-6.6,71,12.5,16.2,327.0,991.3
2024-12-03T14:00,Bharati Station,-2.0,-6.9,70,13.1,16.9,230.0,991.6
2024-12-03T15:00,Bharati Station,-2.5,-7.1,71,11.2,16.9,144.0,991.9
2024-12-03T16:00,Bharati Station,-3.0,-7.6,71,10.2,14.0,69.0,992.0
2024-12-03T17:00,Bharati Station,-3.1,-7.9,72,12.2,15.1,11.0,992.1
2024-12-03T18:00,Bharati Station,-3.9,-9.1,75,14.6,19.1,5.0,991.9
2024-12-03T19:00,Bharati Station,-3.9,-9.1,76,14.9,19.4,1.0,991.9
2024-12-03T20:00,Bharati Station,-3.0,-8.2,75,15.3,19.4,1.0,991.6
2024-12-03T21:00,Bharati Station,-2.4,-7.6,74,15.6,20.2,4.0,991.4
2024-12-03T22:00,Bharati Station,-2.0,-7.0,74,14.1,19.8,12.0,991.0
2024-12-03T23:00,Bharati Station,-2.6,-7.6,73,13.9,17.6,70.0,990.7
2024-12-04T00:00,Bharati Station,-2.7,-7.4,75,12.3,17.6,134.0,990.3
2024-12-04T01:00,Bharati Station,-1.8,-5.9,75,8.1,13.3,156.0,989.6
2024-12-04T02:00,Bharati Station,-0.9,-4.6,77,7.2,9.7,28.0,989.4
2024-12-04T03:00,Bharati Station,-0.5,-4.3,80,8.1,10.1,7.0,989.0
2024-12-04T04:00,Bharati Station,-0.1,-3.6,80,6.0,9.7,19.0,988.3
2024-12-04T05:00,Bharati Station,-0.1,-3.1,80,2.7,7.9,0.0,987.8
2024-12-04T06:00,Bharati Station,-0.2,-3.4,83,4.5,7.2,0.0,987.2
2024-12-04T07:00,Bharati Station,-0.0,-4.0,86,10.4,14.8,112.0,986.4
2024-12-04T08:00,Bharati Station,0.3,-3.7,87,11.5,16.9,206.0,985.8
2024-12-04T09:00,Bharati Station,-0.2,-4.1,89,11.1,16.9,270.0,984.9
2024-12-04T10:00,Bharati Station,-0.2,-3.8,89,10.7,14.4,417.0,984.4
2024-12-04T11:00,Bharati Station,-0.2,-4.1,88,10.7,14.0,442.0,983.8
2024-12-04T12:00,Bharati Station,-0.2,-4.3,88,11.1,14.0,362.0,983.3
2024-12-04T13:00,Bharati Station,0.7,-3.3,84,10.7,14.8,143.0,982.5
2024-12-04T14:00,Bharati Station,0.4,-3.3,84,9.3,13.7,92.0,982.2
2024-12-04T15:00,Bharati Station,-0.2,-3.9,82,8.0,11.5,81.0,981.8
2024-12-04T16:00,Bharati Station,-0.6,-4.4,74,7.1,9.4,45.0,981.6
2024-12-04T17:00,Bharati Station,-1.1,-4.8,66,4.7,8.3,26.0,981.5
2024-12-04T18:00,Bharati Station,-1.8,-5.9,62,7.3,7.9,12.0,981.6
2024-12-04T19:00,Bharati Station,-2.2,-6.8,62,9.7,11.2,6.0,981.4
2024-12-04T20:00,Bharati Station,-2.4,-7.1,62,10.7,13.0,8.0,981.4
2024-12-04T21:00,Bharati Station,-2.7,-7.4,64,11.2,13.7,20.0,981.4
2024-12-04T22:00,Bharati Station,-2.8,-7.6,66,11.5,14.0,50.0,981.7
2024-12-04T23:00,Bharati Station,-2.8,-7.5,68,11.0,14.0,104.0,982.0
2024-12-05T00:00,Bharati Station,-2.1,-6.6,68,10.1,13.7,173.0,982.2
2024-12-05T01:00,Bharati Station,-0.6,-5.9,68,16.9,21.2,231.0,982.0
2024-12-05T02:00,Bharati Station,-0.9,-5.6,74,13.1,21.6,234.0,982.5
2024-12-05T03:00,Bharati Station,-0.5,-5.2,74,13.8,16.9,274.0,983.2
2024-12-05T04:00,Bharati Station,-0.1,-5.5,72,18.2,23.0,277.0,983.4
2024-12-05T05:00,Bharati Station,0.2,-5.4,72,20.9,27.0,277.0,984.0
2024-12-05T06:00,Bharati Station,0.4,-5.5,72,22.8,29.2,190.0,984.4
2024-12-05T07:00,Bharati Station,0.3,-5.4,76,21.6,29.5,118.0,984.6
2024-12-05T08:00,Bharati Station,0.3,-5.1,81,19.7,27.7,60.0,984.9
2024-12-05T09:00,Bharati Station,0.2,-4.6,85,16.3,25.2,15.0,984.8
2024-12-05T10:00,Bharati Station,0.1,-4.1,87,11.9,20.5,17.0,984.6
2024-12-05T11:00,Bharati Station,0.1,-3.4,86,7.9,14.4,24.0,984.3
2024-12-05T12:00,Bharati Station,0.4,-2.5,84,3.5,9.4,16.0,984.0
2024-12-05T13:00,Bharati Station,-0.1,-3.2,89,4.9,5.4,0.0,984.9
2024-12-05T14:00,Bharati Station,-0.1,-3.6,89,7.7,8.6,0.0,984.9
2024-12-05T15:00,Bharati Station,-0.1,-3.9,89,9.7,11.5,0.0,984.7
2024-12-05T16:00,Bharati Station,-0.1,-3.7,89,8.5,11.5,0.0,984.4
2024-12-05T17:00,Bharati Station,-0.0,-3.4,89,6.9,9.7,0.0,984.0
2024-12-05T18:00,Bharati Station,-0.1,-3.6,90,7.3,7.9,0.0,983.8
2024-12-05T19:00,Bharati Station,-0.2,-4.0,90,9.5,10.8,0.0,983.7
2024-12-05T20:00,Bharati Station,-0.3,-4.1,89,9.6,11.5,0.0,983.6
2024-12-05T21:00,Bharati Station,0.1,-4.5,87,15.1,16.6,0.0,983.4
2024-12-05T22:00,Bharati Station,-0.1,-6.2,89,25.1,31.7,0.0,983.5
2024-12-05T23:00,Bharati Station,-0.5,-6.4,91,24.4,32.4,0.0,983.8
2024-12-06T00:00,Bharati Station,-0.6,-6.6,92,24.7,32.0,0.0,983.7
2024-12-06T01:00,Bharati Station,-1.1,-7.2,91,24.4,34.9,1.0,983.9
2024-12-06T02:00,Bharati Station,-0.7,-6.1,87,20.3,31.0,58.0,983.9
2024-12-06T03:00,Bharati Station,-0.5,-5.6,86,18.3,25.6,11.0,983.9
2024-12-06T04:00,Bharati Station,-0.7,-6.3,90,21.8,27.0,6.0,984.3
2024-12-06T05:00,Bharati Station,-1.1,-7.3,94,26.3,33.1,19.0,984.9
2024-12-06T06:00,Bharati Station,-1.3,-7.5,93,25.4,34.2,38.0,985.6
2024-12-06T07:00,Bharati Station,-1.4,-7.4,91,24.3,32.8,46.0,986.1
2024-12-06T08:00,Bharati Station,-1.5,-8.0,93,27.3,34.9,15.0,987.0
2024-12-06T09:00,Bharati Station,-1.9,-9.4,88,32.9,41.8,4.0,988.2
2024-12-06T10:00,Bharati Station,-2.1,-10.0,81,34.9,46.4,5.0,989.3
2024-12-06T11:00,Bharati Station,-2.3,-10.0,86,34.2,45.7,9.0,990.3
2024-12-06T12:00,Bharati Station,-1.9,-9.4,84,32.6,44.6,12.0,991.0
2024-12-06T13:00,Bharati Station,-1.4,-8.9,86,33.7,43.9,36.0,991.8
2024-12-06T14:00,Bharati Station,-1.1,-8.5,84,32.6,43.6,17.0,992.2
2024-12-06T15:00,Bharati Station,-0.9,-7.9,79,29.6,42.1,22.0,992.7
2024-12-06T16:00,Bharati Station,-0.8,-7.3,75,25.3,37.8,18.0,993.3
2024-12-06T17:00,Bharati Station,-0.8,-6.9,70,22.2,32.0,6.0,993.7
2024-12-06T18:00,Bharati Station,-0.9,-6.1,68,15.8,28.1,2.0,993.8
2024-12-06T19:00,Bharati Station,-1.5,-6.1,66,10.9,19.4,6.0,994.0
2024-12-06T20:00,Bharati Station,-2.2,-7.0,63,11.9,14.4,9.0,993.6
2024-12-06T21:00,Bharati Station,-3.3,-8.4,69,13.3,18.0,11.0,993.1
2024-12-06T22:00,Bharati Station,-3.9,-9.0,71,13.5,18.7,36.0,992.5
2024-12-06T23:00,Bharati Station,-3.6,-8.5,72,12.7,19.1,85.0,992.1
2024-12-07T00:00,Bharati Station,-2.7,-7.2,71,10.4,17.6,124.0,991.7
2024-12-07T01:00,Bharati Station,-1.3,-5.3,72,7.5,11.2,73.0,991.9
2024-12-07T02:00,Bharati Station,-0.9,-4.7,71,6.4,8.6,164.0,991.7
2024-12-07T03:00,Bharati Station,-0.1,-3.7,68,5.4,7.6,225.0,991.5
2024-12-07T04:00,Bharati Station,0.7,-2.8,67,5.0,6.1,260.0,991.2
2024-12-07T05:00,Bharati Station,1.2,-2.0,68,4.9,5.8,336.0,991.2
2024-12-07T06:00,Bharati Station,1.1,-2.5,71,7.6,8.3,228.0,990.6
2024-12-07T07:00,Bharati Station,1.1,-3.1,74,11.1,12.2,183.0,990.4
2024-12-07T08:00,Bharati Station,1.3,-2.4,74,12.4,14.4,403.0,990.2
2024-12-07T09:00,Bharati Station,1.4,-2.5,74,10.4,14.4,268.0,989.9
2024-12-07T10:00,Bharati Station,1.7,-2.1,73,8.7,11.9,280.0,989.5
2024-12-07T11:00,Bharati Station,1.8,-2.0,72,8.3,9.7,270.0,989.4
2024-12-07T12:00,Bharati Station,1.7,-2.0,71,8.4,9.4,188.0,989.2
2024-12-07T13:00,Bharati Station,2.2,-1.1,64,4.3,10.4,12.0,990.7
2024-12-07T14:00,Bharati Station,2.1,-1.1,65,3.8,5.0,17.0,990.8
2024-12-07T15:00,Bharati Station,1.7,-1.9,67,6.6,7.2,42.0,990.7
2024-12-07T16:00,Bharati Station,1.5,-2.5,67,9.1,10.1,22.0,990.4
2024-12-07T17:00,Bharati Station,1.1,-3.2,68,11.4,12.6,1.0,990.1
2024-12-07T18:00,Bharati Station,0.5,-4.1,71,12.7,14.8,0.0,989.9
2024-12-07T19:00,Bharati Station,0.0,-4.6,73,13.0,15.5,0.0,989.5
2024-12-07T20:00,Bharati Station,0.3,-3.9,72,10.6,15.5,0.0,989.5
2024-12-07T21:00,Bharati Station,0.8,-3.3,66,9.6,12.2,0.0,989.5
2024-12-07T22:00,Bharati Station,1.3,-3.3,63,12.2,13.7,1.0,989.5
2024-12-07T23:00,Bharati Station,1.4,-3.2,63,12.6,14.4,11.0,989.6
2024-12-08T00:00,Bharati Station,1.3,-3.3,64,12.7,14.8,28.0,989.3
2024-12-08T01:00,Bharati Station,1.2,-4.1,61,17.3,28.1,69.0,989.3
2024-12-08T02:00,Bharati Station,0.8,-3.5,64,10.5,20.5,118.0,989.2
2024-12-08T03:00,Bharati Station,0.7,-2.7,65,4.3,11.9,260.0,989.1
2024-12-08T04:00,Bharati Station,0.5,-3.0,68,5.4,5.0,364.0,988.9
2024-12-08T05:00,Bharati Station,0.4,-3.5,73,11.4,12.6,431.0,988.7
2024-12-08T06:00,Bharati Station,0.5,-3.3,76,13.8,16.2,523.0,988.4
2024-12-08T07:00,Bharati Station,0.6,-3.2,76,14.4,16.9,513.0,988.0
2024-12-08T08:00,Bharati Station,0.5,-3.3,78,14.7,17.3,492.0,987.6
2024-12-08T09:00,Bharati Station,0.4,-3.6,81,14.0,17.3,408.0,987.3
2024-12-08T10:00,Bharati Station,0.4,-3.8,82,12.4,16.6,319.0,987.1
2024-12-08T11:00,Bharati Station,0.5,-3.7,81,11.7,14.4,274.0,986.8
2024-12-08T12:00,Bharati Station,0.7,-3.5,80,11.8,13.7,242.0,986.5
2024-12-08T13:00,Bharati Station,-0.0,-4.6,81,14.0,17.3,206.0,987.7
2024-12-08T14:00,Bharati Station,-0.2,-4.5,83,12.0,16.6,94.0,987.5
2024-12-08T15:00,Bharati Station,-0.1,-3.9,81,9.1,14.0,43.0,987.4
2024-12-08T16:00,Bharati Station,-0.1,-3.7,81,7.1,10.4,16.0,987.3
2024-12-08T17:00,Bharati Station,-0.2,-3.7,80,6.7,7.9,6.0,987.5
2024-12-08T18:00,Bharati Station,-0.2,-3.9,76,6.7,7.6,2.0,987.4
2024-12-08T19:00,Bharati Station,-0.2,-4.0,68,6.6,7.6,3.0,987.5
2024-12-08T20:00,Bharati Station,0.1,-3.7,61,6.4,7.2,1.0,987.6
2024-12-08T21:00,Bharati Station,0.3,-4.1,59,9.4,10.1,1.0,987.6
2024-12-08T22:00,Bharati Station,0.3,-4.6,59,12.8,14.8,9.0,987.7
2024-12-08T23:00,Bharati Station,0.3,-5.0,58,15.4,18.0,19.0,988.0
2024-12-09T00:00,Bharati Station,0.1,-5.4,61,18.0,21.2,36.0,988.1
2024-12-09T01:00,Bharati Station,-0.2,-7.1,61,26.6,33.1,64.0,988.6
2024-12-09T02:00,Bharati Station,-0.4,-7.3,64,26.7,34.2,115.0,988.6
2024-12-09T03:00,Bharati Station,-0.4,-6.9,64,24.5,33.5,134.0,988.6
2024-12-09T04:00,Bharati Station,-0.3,-6.4,63,22.0,30.6,178.0,988.3
2024-12-09T05:00,Bharati Station,-0.1,-6.0,62,20.0,27.4,212.0,988.2
2024-12-09T06:00,Bharati Station,-0.3,-5.4,65,18.1,24.5,359.0,988.2
2024-12-09T07:00,Bharati Station,-0.5,-4.8,68,15.8,22.0,492.0,988.3
2024-12-09T08:00,Bharati Station,-0.6,-4.5,70,14.1,19.1,588.0,988.2
2024-12-09T09:00,Bharati Station,-0.7,-4.3,72,12.1,16.9,615.0,988.1
2024-12-09T10:00,Bharati Station,-0.8,-4.4,74,10.7,14.4,583.0,988.1
2024-12-09T11:00,Bharati Station,-0.9,-4.8,77,9.4,12.6,516.0,988.1
2024-12-09T12:00,Bharati Station,-1.1,-5.0,80,7.9,10.8,426.0,988.1
2024-12-09T13:00,Bharati Station,-1.4,-6.0,80,12.8,19.4,334.0,988.5
2024-12-09T14:00,Bharati Station,-1.5,-5.8,79,10.8,15.5,243.0,988.6
2024-12-09T15:00,Bharati Station,-1.6,-5.5,78,7.8,13.0,154.0,988.5
2024-12-09T16:00,Bharati Station,-1.6,-5.2,75,4.9,9.0,88.0,988.5
2024-12-09T17:00,Bharati Station,-1.7,-5.4,72,5.3,5.8,42.0,988.4
2024-12-09T18:00,Bharati Station,-1.9,-6.0,67,7.0,7.9,18.0,988.4
2024-12-09T19:00,Bharati Station,-2.3,-6.7,62,8.8,10.8,10.0,988.6
2024-12-09T20:00,Bharati Station,-2.8,-7.3,64,9.7,13.0,12.0,988.9
2024-12-09T21:00,Bharati Station,-3.1,-7.7,64,9.9,13.7,25.0,989.0
2024-12-09T22:00,Bharati Station,-3.0,-7.6,63,9.8,13.7,57.0,989.4
2024-12-09T23:00,Bharati Station,-2.9,-7.4,63,9.3,13.7,112.0,989.8
2024-12-10T00:00,Bharati Station,-2.6,-6.9,62,8.2,13.0,187.0,990.0
2024-12-10T01:00,Bharati Station,-1.9,-6.1,64,7.8,12.6,276.0,989.4
2024-12-10T02:00,Bharati Station,-1.7,-5.5,67,5.9,9.7,372.0,989.6
2024-12-10T03:00,Bharati Station,-1.5,-5.1,68,4.3,7.2,467.0,989.9
2024-12-10T04:00,Bharati Station,-1.3,-4.3,66,3.3,5.0,552.0,990.1
2024-12-10T05:00,Bharati Station,-1.3,-3.7,68,3.4,4.0,622.0,990.7
2024-12-10T06:00,Bharati Station,-1.3,-3.1,68,1.4,4.0,668.0,991.0
2024-12-10T07:00,Bharati Station,-1.2,-2.8,67,1.5,1.8,690.0,991.6
2024-12-10T08:00,Bharati Station,-1.0,-2.9,68,2.8,3.2,684.0,992.1
2024-12-10T09:00,Bharati Station,-0.9,-3.0,70,3.5,4.0,653.0,992.6
2024-12-10T10:00,Bharati Station,-0.8,-3.5,73,4.3,4.7,597.0,992.8
2024-12-10T11:00,Bharati Station,-0.8,-4.0,76,5.1,5.8,521.0,993.1
2024-12-10T12:00,Bharati Station,-0.9,-4.5,80,6.2,6.8,432.0,993.3
2024-12-10T13:00,Bharati Station,-1.0,-4.3,76,3.6,4.0,336.0,994.1
2024-12-10T14:00,Bharati Station,-1.2,-4.6,79,4.9,5.4,235.0,994.5
2024-12-10T15:00,Bharati Station,-1.3,-4.8,79,4.9,5.8,93.0,994.8
2024-12-10T16:00,Bharati Station,-1.4,-4.8,77,4.5,5.8,33.0,994.9
2024-12-10T17:00,Bharati Station,-1.5,-5.0,74,4.5,5.0,16.0,995.1
2024-12-10T18:00,Bharati Station,-1.7,-5.4,71,5.8,6.5,6.0,995.3
2024-12-10T19:00,Bharati Station,-2.2,-6.6,60,8.4,10.1,9.0,995.6
2024-12-10T20:00,Bharati Station,-3.0,-7.6,62,9.9,13.7,12.0,995.7
2024-12-10T21:00,Bharati Station,-3.3,-7.9,62,9.8,14.0,26.0,995.9
2024-12-10T22:00,Bharati Station,-3.1,-7.6,60,8.7,14.0,59.0,996.0
2024-12-10T23:00,Bharati Station,-2.8,-7.2,58,7.6,12.6,114.0,996.1
2024-12-11T00:00,Bharati Station,-2.7,-7.0,57,7.2,10.8,189.0,996.1
2024-12-11T01:00,Bharati Station,-3.4,-7.7,63,7.1,12.2,279.0,995.5
2024-12-11T02:00,Bharati Station,-3.1,-7.2,64,6.4,10.4,369.0,995.4
2024-12-11T03:00,Bharati Station,-2.8,-6.7,67,5.8,9.7,443.0,995.3
2024-12-11T04:00,Bharati Station,-2.4,-6.0,64,5.9,8.6,506.0,995.1
2024-12-11T05:00,Bharati Station,-2.0,-5.2,69,7.8,9.7,619.0,995.0
2024-12-11T06:00,Bharati Station,-1.8,-5.0,73,9.5,11.9,618.0,994.9
2024-12-11T07:00,Bharati Station,-1.7,-5.0,79,10.5,13.0,542.0,994.9
2024-12-11T08:00,Bharati Station,-1.6,-4.4,83,8.9,13.0,628.0,994.9
2024-12-11T09:00,Bharati Station,-1.4,-3.9,84,5.9,10.8,617.0,994.7
2024-12-11T10:00,Bharati Station,-1.4,-4.0,83,3.9,6.8,525.0,994.6
2024-12-11T11:00,Bharati Station,-1.4,-4.6,83,3.2,4.3,379.0,994.3
2024-12-11T12:00,Bharati Station,-1.4,-4.5,83,2.8,3.6,355.0,993.9
2024-12-11T13:00,Bharati Station,-1.2,-5.4,80,10.3,11.9,317.0,993.7
2024-12-11T14:00,Bharati Station,-1.2,-5.3,77,9.6,12.6,232.0,993.2
2024-12-11T15:00,Bharati Station,-1.1,-5.1,71,7.7,11.2,157.0,992.6
2024-12-11T16:00,Bharati Station,-1.2,-5.5,62,8.4,9.7,90.0,992.1
2024-12-11T17:00,Bharati Station,-1.4,-6.1,55,9.8,11.5,41.0,991.8
2024-12-11T18:00,Bharati Station,-1.6,-6.6,52,11.6,14.0,18.0,991.5
2024-12-11T19:00,Bharati Station,-1.8,-6.8,53,11.9,14.8,9.0,991.2
2024-12-11T20:00,Bharati Station,-1.7,-6.7,53,12.1,14.8,6.0,991.2
2024-12-11T21:00,Bharati Station,-1.2,-6.5,50,13.9,16.6,8.0,990.9
2024-12-11T22:00,Bharati Station,-0.9,-6.5,49,15.5,18.7,14.0,990.7
2024-12-11T23:00,Bharati Station,-0.8,-6.3,51,15.3,19.1,28.0,990.4
2024-12-12T00:00,Bharati Station,-0.7,-6.1,52,14.7,18.7,73.0,990.2
2024-12-12T01:00,Bharati Station,-0.8,-5.9,53,12.6,21.2,146.0,990.7
2024-12-12T02:00,Bharati Station,-1.1,-5.1,61,6.0,15.1,273.0,990.3
2024-12-12T03:00,Bharati Station,-1.0,-4.4,60,2.0,6.5,330.0,990.0
2024-12-12T04:00,Bharati Station,-0.8,-4.1,59,1.7,2.2,270.0,989.5
2024-12-12T05:00,Bharati Station,-0.6,-3.7,59,2.4,2.9,317.0,989.1
2024-12-12T06:00,Bharati Station,-0.6,-3.6,61,3.8,4.3,349.0,988.7
2024-12-12T07:00,Bharati Station,-0.8,-3.9,65,5.9,6.5,367.0,988.6
2024-12-12T08:00,Bharati Station,-0.8,-3.9,67,5.5,6.8,349.0,988.6
2024-12-12T09:00,Bharati Station,-0.6,-3.9,67,4.7,6.1,299.0,988.3
2024-12-12T10:00,Bharati Station,-0.5,-3.8,66,3.9,5.4,302.0,988.0
2024-12-12T11:00,Bharati Station,-0.4,-3.7,66,3.1,4.3,234.0,987.7
2024-12-12T12:00,Bharati Station,-0.3,-3.6,65,2.4,3.6,168.0,987.7
2024-12-12T13:00,Bharati Station,0.0,-3.6,64,5.0,5.4,151.0,987.4
2024-12-12T14:00,Bharati Station,0.1,-3.8,66,7.2,7.6,90.0,987.6
2024-12-12T15:00,Bharati Station,0.1,-4.4,68,11.8,12.6,15.0,988.0
2024-12-12T16:00,Bharati Station,-0.1,-5.2,70,16.3,19.4,4.0,988.2
2024-12-12T17:00,Bharati Station,-0.6,-5.5,73,14.9,19.8,2.0,988.7
2024-12-12T18:00,Bharati Station,-1.1,-5.9,76,14.1,18.0,1.0,988.8
2024-12-12T19:00,Bharati Station,-1.5,-6.5,78,15.6,18.7,0.0,989.4
2024-12-12T20:00,Bharati Station,-1.8,-7.4,82,19.9,24.5,0.0,990.0
2024-12-12T21:00,Bharati Station,-2.2,-8.4,83,24.0,30.2,3.0,990.6
2024-12-12T22:00,Bharati Station,-2.3,-8.8,82,25.3,32.4,14.0,991.2
2024-12-12T23:00,Bharati Station,-2.4,-9.1,81,27.1,34.9,12.0,991.9
2024-12-13T00:00,Bharati Station,-2.5,-9.5,79,28.8,37.1,21.0,992.5
2024-12-13T01:00,Bharati Station,-2.3,-9.7,83,31.7,41.4,6.0,992.7
2024-12-13T02:00,Bharati Station,-2.3,-9.9,79,32.4,43.6,1.0,993.1
2024-12-13T03:00,Bharati Station,-2.3,-9.5,78,30.2,42.1,23.0,993.5
2024-12-13T04:00,Bharati Station,-2.2,-9.1,77,27.5,39.2,44.0,993.9
2024-12-13T05:00,Bharati Station,-2.2,-8.5,78,23.5,35.3,53.0,994.4
2024-12-13T06:00,Bharati Station,-2.1,-8.1,77,21.5,29.9,80.0,994.8
2024-12-13T07:00,Bharati Station,-1.9,-7.5,77,18.7,27.4,134.0,995.2
2024-12-13T08:00,Bharati Station,-1.9,-7.3,77,17.7,23.8,80.0,995.3
2024-12-13T09:00,Bharati Station,-1.8,-7.1,79,16.9,23.0,263.0,995.5
2024-12-13T10:00,Bharati Station,-1.8,-6.8,80,14.8,21.2,295.0,995.7
2024-12-13T11:00,Bharati Station,-1.8,-6.4,79,12.6,18.4,214.0,995.9
2024-12-13T12:00,Bharati Station,-1.8,-6.1,78,10.4,15.5,123.0,995.8
2024-12-13T13:00,Bharati Station,-2.3,-6.1,75,6.2,17.3,307.0,995.9
2024-12-13T14:00,Bharati Station,-2.4,-5.8,75,3.8,8.6,181.0,995.8
2024-12-13T15:00,Bharati Station,-2.7,-7.2,80,10.7,13.7,139.0,996.1
2024-12-13T16:00,Bharati Station,-3.1,-7.5,83,10.4,15.1,67.0,996.1
2024-12-13T17:00,Bharati Station,-3.5,-7.7,84,9.0,14.4,40.0,996.1
2024-12-13T18:00,Bharati Station,-4.0,-8.0,84,7.2,13.0,18.0,995.8
2024-12-13T19:00,Bharati Station,-4.3,-8.5,81,8.0,11.9,11.0,996.1
2024-12-13T20:00,Bharati Station,-4.4,-8.6,76,8.0,12.6,12.0,995.9
2024-12-13T21:00,Bharati Station,-4.1,-8.1,75,6.3,12.2,25.0,995.8
2024-12-13T22:00,Bharati Station,-3.8,-7.6,69,4.5,10.4,54.0,995.7
2024-12-13T23:00,Bharati Station,-3.6,-7.5,68,4.7,7.9,104.0,995.7
2024-12-14T00:00,Bharati Station,-3.6,-7.6,70,5.9,9.4,181.0,995.4
2024-12-14T01:00,Bharati Station,-3.9,-7.8,71,4.8,9.4,270.0,995.3
2024-12-14T02:00,Bharati Station,-3.8,-7.8,74,6.3,10.1,364.0,994.9
2024-12-14T03:00,Bharati Station,-3.6,-7.6,76,7.2,11.2,459.0,994.7
2024-12-14T04:00,Bharati Station,-3.4,-7.1,79,8.5,12.2,544.0,994.4
2024-12-14T05:00,Bharati Station,-3.2,-6.8,83,10.6,14.8,615.0,994.2
2024-12-14T06:00,Bharati Station,-3.0,-6.4,84,11.4,15.5,661.0,993.9
2024-12-14T07:00,Bharati Station,-2.8,-6.0,83,11.2,15.5,684.0,993.8
2024-12-14T08:00,Bharati Station,-2.6,-5.7,81,10.3,15.1,669.0,993.5
2024-12-14T09:00,Bharati Station,-2.5,-5.6,80,9.3,14.0,617.0,993.1
2024-12-14T10:00,Bharati Station,-2.4,-5.8,81,8.5,12.6,546.0,992.8
2024-12-14T11:00,Bharati Station,-2.4,-6.0,82,6.9,11.5,474.0,992.5
2024-12-14T12:00,Bharati Station,-2.3,-5.8,80,4.6,9.4,373.0,992.2
2024-12-14T13:00,Bharati Station,-2.0,-5.9,79,7.4,10.8,184.0,991.7
2024-12-14T14:00,Bharati Station,-2.0,-5.8,79,6.3,9.4,148.0,991.6
2024-12-14T15:00,Bharati Station,-2.2,-5.9,76,5.6,7.6,87.0,991.4
2024-12-14T16:00,Bharati Station,-2.3,-6.1,73,5.7,7.6,25.0,991.2
2024-12-14T17:00,Bharati Station,-2.3,-6.1,71,5.3,7.9,6.0,991.0
2024-12-14T18:00,Bharati Station,-2.5,-6.2,72,4.9,7.6,3.0,990.9
2024-12-14T19:00,Bharati Station,-2.7,-6.5,75,5.9,8.6,2.0,991.0
2024-12-14T20:00,Bharati Station,-2.8,-6.9,75,8.1,11.2,2.0,991.2
2024-12-14T21:00,Bharati Station,-2.8,-7.2,76,10.0,13.7,3.0,991.2
2024-12-14T22:00,Bharati Station,-2.9,-7.4,78,11.3,15.5,11.0,991.3
2024-12-14T23:00,Bharati Station,-2.8,-7.4,79,12.2,16.2,22.0,991.5
2024-12-15T00:00,Bharati Station,-2.7,-7.5,77,12.5,16.9,56.0,991.8
2024-12-15T01:00,Bharati Station,-2.2,-7.4,76,15.5,20.5,91.0,991.0
2024-12-15T02:00,Bharati Station,-2.1,-7.6,73,17.5,22.0,144.0,991.3
2024-12-15T03:00,Bharati Station,-2.5,-8.5,78,21.9,27.7,410.0,991.5
2024-12-15T04:00,Bharati Station,-2.6,-8.6,83,21.9,28.8,247.0,991.7
2024-12-15T05:00,Bharati Station,-2.5,-8.7,85,23.5,29.9,127.0,992.0
2024-12-15T06:00,Bharati Station,-2.4,-8.5,86,23.2,31.3,20.0,992.2
2024-12-15T07:00,Bharati Station,-2.1,-8.0,82,21.9,29.9,45.0,992.6
2024-12-15T08:00,Bharati Station,-1.8,-7.6,77,23.1,28.8,342.0,992.9
2024-12-15T09:00,Bharati Station,-2.0,-7.5,79,24.3,31.0,548.0,993.2
2024-12-15T10:00,Bharati Station,-2.0,-7.6,79,23.6,31.0,565.0,993.4
2024-12-15T11:00,Bharati Station,-2.1,-8.1,80,23.3,30.2,479.0,993.6
2024-12-15T12:00,Bharati Station,-2.2,-8.4,81,23.0,29.9,404.0,994.0
2024-12-15T13:00,Bharati Station,-2.3,-8.6,82,23.6,30.2,279.0,993.9
2024-12-15T14:00,Bharati Station,-2.4,-8.4,85,22.4,30.2,144.0,994.2
2024-12-15T15:00,Bharati Station,-2.4,-8.2,85,20.9,28.4,38.0,994.7
2024-12-15T16:00,Bharati Station,-2.7,-8.0,88,18.1,27.0,5.0,995.0
2024-12-15T17:00,Bharati Station,-2.7,-7.9,89,17.0,23.8,0.0,995.3
2024-12-15T18:00,Bharati Station,-2.6,-7.7,85,15.8,22.3,0.0,995.6
2024-12-15T19:00,Bharati Station,-2.6,-7.4,82,13.9,20.5,1.0,996.0
2024-12-15T20:00,Bharati Station,-2.4,-7.3,78,14.0,18.4,1.0,996.4
2024-12-15T21:00,Bharati Station,-2.5,-7.3,75,13.1,18.0,7.0,996.6
2024-12-15T22:00,Bharati Station,-2.8,-7.5,71,11.3,16.9,44.0,996.8
2024-12-15T23:00,Bharati Station,-3.2,-7.6,73,9.4,15.1,68.0,996.9
2024-12-16T00:00,Bharati Station,-3.4,-7.8,74,9.0,13.3,126.0,997.1
2024-12-16T01:00,Bharati Station,-2.6,-6.7,78,8.3,11.2,48.0,996.6
2024-12-16T02:00,Bharati Station,-2.5,-6.3,85,6.9,12.2,121.0,996.8
2024-12-16T03:00,Bharati Station,-2.5,-6.0,84,5.0,10.1,298.0,997.1
2024-12-16T04:00,Bharati Station,-2.4,-5.6,82,4.5,7.6,461.0,996.9
2024-12-16T05:00,Bharati Station,-2.3,-5.3,78,3.5,6.8,397.0,997.0
2024-12-16T06:00,Bharati Station,-2.2,-4.9,76,2.5,5.8,412.0,997.0
2024-12-16T07:00,Bharati Station,-2.1,-3.8,74,1.8,4.7,641.0,996.9
2024-12-16T08:00,Bharati Station,-2.0,-3.9,74,3.6,5.0,700.0,996.7
2024-12-16T09:00,Bharati Station,-2.0,-4.5,76,5.4,7.2,676.0,996.5
2024-12-16T10:00,Bharati Station,-2.0,-5.0,76,6.2,7.9,611.0,996.2
2024-12-16T11:00,Bharati Station,-2.0,-5.6,77,6.8,8.6,525.0,995.8
2024-12-16T12:00,Bharati Station,-2.1,-6.1,78,7.8,10.1,431.0,995.4
2024-12-16T13:00,Bharati Station,-2.0,-5.1,80,2.1,4.0,344.0,994.9
2024-12-16T14:00,Bharati Station,-2.1,-5.9,78,6.6,7.6,249.0,994.9
2024-12-16T15:00,Bharati Station,-2.5,-6.5,80,8.1,10.4,163.0,994.6
2024-12-16T16:00,Bharati Station,-2.9,-7.0,79,8.4,11.5,90.0,994.5
2024-12-16T17:00,Bharati Station,-3.1,-7.5,76,9.3,13.0,26.0,993.9
2024-12-16T18:00,Bharati Station,-2.9,-7.1,72,8.3,13.0,5.0,993.6
2024-12-16T19:00,Bharati Station,-2.5,-6.5,70,6.2,11.9,2.0,993.3
2024-12-16T20:00,Bharati Station,-2.2,-5.9,65,4.2,9.0,1.0,992.9
2024-12-16T21:00,Bharati Station,-2.2,-6.3,65,7.5,9.7,3.0,992.4
2024-12-16T22:00,Bharati Station,-2.6,-7.3,65,10.3,13.7,6.0,992.0
2024-12-16T23:00,Bharati Station,-3.5,-8.3,66,11.1,15.8,15.0,991.4
2024-12-17T00:00,Bharati Station,-4.2,-8.8,70,10.2,15.8,26.0,990.9
2024-12-17T01:00,Bharati Station,-3.5,-7.5,80,7.3,14.4,56.0,989.1
2024-12-17T02:00,Bharati Station,-2.8,-6.8,63,5.2,11.5,117.0,988.6
2024-12-17T03:00,Bharati Station,-2.4,-6.1,56,2.5,8.3,344.0,988.1
2024-12-17T04:00,Bharati Station,-2.3,-6.1,55,5.1,7.2,490.0,987.7
2024-12-17T05:00,Bharati Station,-2.4,-5.8,59,6.9,9.7,589.0,987.3
2024-12-17T06:00,Bharati Station,-2.4,-5.5,65,8.0,10.8,668.0,986.9
2024-12-17T07:00,Bharati Station,-2.3,-5.4,69,9.3,12.2,692.0,986.5
2024-12-17T08:00,Bharati Station,-2.2,-5.4,70,9.9,13.0,690.0,986.0
2024-12-17T09:00,Bharati Station,-2.1,-5.4,71,9.8,13.3,660.0,985.6
2024-12-17T10:00,Bharati Station,-2.0,-5.6,70,9.6,12.6,606.0,985.2
2024-12-17T11:00,Bharati Station,-2.0,-6.0,70,8.9,12.2,533.0,984.8
2024-12-17T12:00,Bharati Station,-2.1,-6.2,72,7.9,11.5,446.0,984.2
2024-12-17T13:00,Bharati Station,-1.9,-5.5,76,5.2,6.1,350.0,984.3
2024-12-17T14:00,Bharati Station,-2.0,-5.7,77,5.5,6.8,254.0,983.9
2024-12-17T15:00,Bharati Station,-2.2,-5.7,78,4.3,6.5,168.0,983.7
2024-12-17T16:00,Bharati Station,-2.4,-5.9,74,4.1,5.4,98.0,983.3
2024-12-17T17:00,Bharati Station,-2.9,-6.9,72,6.7,9.0,49.0,983.1
2024-12-17T18:00,Bharati Station,-3.6,-8.2,69,10.1,14.0,18.0,982.9
2024-12-17T19:00,Bharati Station,-3.6,-8.5,64,11.7,16.2,8.0,982.7
2024-12-17T20:00,Bharati Station,-3.2,-8.3,56,12.1,16.6,6.0,982.8
2024-12-17T21:00,Bharati Station,-3.1,-8.3,55,12.6,16.9,14.0,982.6
2024-12-17T22:00,Bharati Station,-3.1,-8.2,56,12.2,16.9,45.0,982.4
2024-12-17T23:00,Bharati Station,-3.0,-8.3,52,12.8,17.3,103.0,982.4
2024-12-18T00:00,Bharati Station,-3.0,-8.4,50,13.5,17.6,177.0,982.3
2024-12-18T01:00,Bharati Station,-3.0,-9.0,52,17.9,23.0,275.0,982.2
2024-12-18T02:00,Bharati Station,-2.9,-9.1,53,19.2,25.6,372.0,982.1
2024-12-18T03:00,Bharati Station,-2.8,-8.7,50,17.7,25.2,469.0,982.3
2024-12-18T04:00,Bharati Station,-2.6,-8.0,51,16.3,23.0,555.0,982.0
2024-12-18T05:00,Bharati Station,-2.4,-7.0,53,14.6,21.2,630.0,982.0
2024-12-18T06:00,Bharati Station,-2.3,-6.2,54,12.1,19.1,669.0,981.8
2024-12-18T07:00,Bharati Station,-2.3,-5.7,54,10.2,15.8,692.0,981.8
2024-12-18T08:00,Bharati Station,-2.2,-5.7,55,8.2,13.3,538.0,981.6
2024-12-18T09:00,Bharati Station,-2.2,-5.9,56,7.5,11.2,422.0,981.7
2024-12-18T10:00,Bharati Station,-2.3,-6.1,58,7.5,10.4,453.0,981.6
2024-12-18T11:00,Bharati Station,-2.3,-6.5,60,6.9,10.1,386.0,981.5
2024-12-18T12:00,Bharati Station,-2.4,-6.3,62,5.4,9.7,389.0,981.3
2024-12-18T13:00,Bharati Station,-2.4,-6.3,63,5.0,8.6,290.0,981.8
2024-12-18T14:00,Bharati Station,-2.6,-6.5,66,5.0,7.2,225.0,981.9
2024-12-18T15:00,Bharati Station,-2.8,-6.7,70,5.4,7.9,164.0,981.9
2024-12-18T16:00,Bharati Station,-3.2,-7.2,72,6.5,9.4,95.0,981.6
2024-12-18T17:00,Bharati Station,-3.5,-7.7,72,7.8,11.2,49.0,981.7
2024-12-18T18:00,Bharati Station,-3.9,-8.3,69,8.3,12.6,22.0,981.7
2024-12-18T19:00,Bharati Station,-4.5,-9.0,69,8.9,13.7,12.0,982.0
2024-12-18T20:00,Bharati Station,-4.9,-9.6,70,9.9,15.1,12.0,982.1
2024-12-18T21:00,Bharati Station,-4.9,-9.7,70,10.5,15.8,29.0,982.2
2024-12-18T22:00,Bharati Station,-4.3,-9.1,66,11.1,16.2,61.0,982.3
2024-12-18T23:00,Bharati Station,-3.7,-8.7,61,12.3,16.6,116.0,982.6
2024-12-19T00:00,Bharati Station,-3.4,-9.0,54,15.2,20.2,191.0,983.2
2024-12-19T01:00,Bharati Station,-3.6,-10.1,55,21.7,28.1,267.0,983.4
2024-12-19T02:00,Bharati Station,-3.4,-9.9,54,21.9,29.2,356.0,983.7
2024-12-19T03:00,Bharati Station,-3.3,-9.6,54,20.1,28.8,440.0,984.1
2024-12-19T04:00,Bharati Station,-3.0,-8.8,53,18.3,26.3,484.0,984.3
2024-12-19T05:00,Bharati Station,-2.8,-8.1,54,17.1,24.1,518.0,984.7
2024-12-19T06:00,Bharati Station,-2.7,-7.3,54,15.8,22.3,610.0,985.0
2024-12-19T07:00,Bharati Station,-2.5,-6.9,52,14.2,20.5,609.0,985.2
2024-12-19T08:00,Bharati Station,-2.3,-6.4,50,12.8,18.4,614.0,985.5
2024-12-19T09:00,Bharati Station,-2.2,-6.2,50,11.1,16.6,600.0,985.8
2024-12-19T10:00,Bharati Station,-2.2,-6.2,49,9.2,14.4,528.0,986.3
2024-12-19T11:00,Bharati Station,-2.1,-6.5,48,7.1,11.9,422.0,986.6
2024-12-19T12:00,Bharati Station,-2.0,-6.1,47,4.9,9.4,329.0,986.9
2024-12-19T13:00,Bharati Station,-1.9,-5.5,68,4.2,9.4,212.0,987.8
2024-12-19T14:00,Bharati Station,-2.1,-6.4,62,8.2,10.1,113.0,988.2
2024-12-19T15:00,Bharati Station,-2.4,-6.8,64,8.7,11.2,58.0,988.7
2024-12-19T16:00,Bharati Station,-2.8,-7.3,66,9.7,13.0,30.0,989.0
2024-12-19T17:00,Bharati Station,-3.1,-7.8,66,11.1,15.1,7.0,989.3
2024-12-19T18:00,Bharati Station,-3.4,-8.3,67,12.2,16.6,2.0,989.7
2024-12-19T19:00,Bharati Station,-3.7,-8.8,68,13.2,18.0,1.0,990.1
2024-12-19T20:00,Bharati Station,-3.9,-9.1,68,13.5,18.7,0.0,990.4
2024-12-19T21:00,Bharati Station,-3.8,-9.0,67,13.4,18.7,3.0,990.8
2024-12-19T22:00,Bharati Station,-3.7,-8.8,65,12.9,18.7,8.0,991.0
2024-12-19T23:00,Bharati Station,-3.3,-8.2,61,11.7,18.0,63.0,991.3
2024-12-20T00:00,Bharati Station,-2.8,-7.8,55,11.5,16.2,129.0,991.7
2024-12-20T01:00,Bharati Station,-2.0,-7.6,49,15.9,18.7,179.0,991.8
2024-12-20T02:00,Bharati Station,-1.8,-8.1,51,20.3,25.2,295.0,992.2
2024-12-20T03:00,Bharati Station,-1.7,-7.8,52,19.3,25.6,417.0,992.6
2024-12-20T04:00,Bharati Station,-1.6,-6.7,55,15.0,23.8,537.0,992.6
2024-12-20T05:00,Bharati Station,-1.5,-5.4,58,10.5,18.4,616.0,992.5
2024-12-20T06:00,Bharati Station,-1.5,-4.2,64,5.8,12.6,658.0,992.3
2024-12-20T07:00,Bharati Station,-1.5,-3.2,62,1.5,6.5,690.0,992.4
2024-12-20T08:00,Bharati Station,-1.5,-4.1,63,6.4,6.8,693.0,992.1
2024-12-20T09:00,Bharati Station,-1.6,-5.0,65,10.3,12.6,665.0,991.8
2024-12-20T10:00,Bharati Station,-1.7,-5.3,70,10.2,13.0,612.0,991.5
2024-12-20T11:00,Bharati Station,-1.7,-5.5,74,8.6,12.2,539.0,991.3
2024-12-20T12:00,Bharati Station,-1.7,-5.6,78,7.5,10.4,452.0,991.2
2024-12-20T13:00,Bharati Station,-1.7,-6.0,79,11.0,13.7,335.0,991.1
2024-12-20T14:00,Bharati Station,-1.7,-5.8,80,9.1,13.3,251.0,990.9
2024-12-20T15:00,Bharati Station,-1.7,-5.5,78,7.2,10.8,166.0,990.5
2024-12-20T16:00,Bharati Station,-1.7,-5.6,71,7.0,8.3,100.0,989.9
2024-12-20T17:00,Bharati Station,-1.6,-6.0,60,8.6,9.4,53.0,989.5
2024-12-20T18:00,Bharati Station,-1.3,-6.4,51,12.0,14.0,20.0,989.1
2024-12-20T19:00,Bharati Station,-1.1,-6.8,48,16.1,19.1,9.0,988.8
2024-12-20T20:00,Bharati Station,-1.2,-7.5,47,19.8,24.5,12.0,988.4
2024-12-20T21:00,Bharati Station,-1.3,-8.0,46,22.7,28.1,19.0,988.2
2024-12-20T22:00,Bharati Station,-1.3,-8.2,46,24.6,30.6,43.0,988.0
2024-12-20T23:00,Bharati Station,-1.2,-8.3,47,25.6,32.0,92.0,987.9
2024-12-21T00:00,Bharati Station,-1.1,-8.1,49,25.4,32.0,161.0,987.6
2024-12-21T01:00,Bharati Station,-1.2,-8.6,53,29.0,38.5,221.0,986.6
2024-12-21T02:00,Bharati Station,-1.0,-7.7,54,24.2,36.7,308.0,986.4
2024-12-21T03:00,Bharati Station,-0.9,-6.7,57,18.7,29.9,407.0,986.1
2024-12-21T04:00,Bharati Station,-0.8,-5.6,62,13.9,22.7,495.0,985.8
2024-12-21T05:00,Bharati Station,-0.7,-4.4,65,10.6,16.6,594.0,985.7
2024-12-21T06:00,Bharati Station,-0.4,-3.6,65,10.0,12.2,665.0,985.8
2024-12-21T07:00,Bharati Station,-0.2,-3.3,65,10.8,12.2,702.0,985.7
2024-12-21T08:00,Bharati Station,0.2,-3.0,65,11.4,13.0,700.0,985.5
2024-12-21T09:00,Bharati Station,0.6,-3.0,64,12.3,13.7,668.0,985.3
2024-12-21T10:00,Bharati Station,0.9,-3.3,63,14.8,16.6,611.0,985.1
2024-12-21T11:00,Bharati Station,1.2,-3.7,63,16.3,19.1,536.0,985.0
2024-12-21T12:00,Bharati Station,1.2,-3.9,63,15.4,19.1,446.0,985.0
2024-12-21T13:00,Bharati Station,0.5,-4.3,71,14.0,18.4,347.0,986.5
2024-12-21T14:00,Bharati Station,0.3,-4.4,72,13.6,15.8,246.0,986.9
2024-12-21T15:00,Bharati Station,0.1,-4.5,73,13.0,15.8,141.0,987.2
2024-12-21T16:00,Bharati Station,0.0,-4.3,72,11.3,14.8,62.0,987.5
2024-12-21T17:00,Bharati Station,0.2,-4.0,71,9.9,13.0,12.0,987.7
2024-12-21T18:00,Bharati Station,0.4,-3.8,70,10.1,11.2,1.0,987.9
2024-12-21T19:00,Bharati Station,0.5,-4.1,69,12.8,14.0,1.0,988.1
2024-12-21T20:00,Bharati Station,0.8,-4.1,68,14.8,16.9,0.0,988.6
2024-12-21T21:00,Bharati Station,0.9,-4.2,68,16.2,18.7,2.0,988.9
2024-12-21T22:00,Bharati Station,0.9,-4.3,68,17.2,20.2,4.0,989.3
2024-12-21T23:00,Bharati Station,0.8,-4.2,69,15.8,20.2,11.0,989.8
2024-12-22T00:00,Bharati Station,0.7,-4.0,69,13.7,18.4,36.0,990.3
2024-12-22T01:00,Bharati Station,0.8,-4.2,73,16.6,22.7,12.0,990.0
2024-12-22T02:00,Bharati Station,0.9,-3.8,74,14.5,19.4,197.0,990.2
2024-12-22T03:00,Bharati Station,0.7,-3.5,75,11.1,16.6,136.0,990.3
2024-12-22T04:00,Bharati Station,0.6,-3.3,77,9.5,12.6,258.0,990.4
2024-12-22T05:00,Bharati Station,1.0,-3.0,72,10.0,10.8,23.0,990.2
2024-12-22T06:00,Bharati Station,1.3,-2.7,69,13.4,14.8,433.0,990.2
2024-12-22T07:00,Bharati Station,1.7,-3.2,67,16.4,18.7,284.0,990.3
2024-12-22T08:00,Bharati Station,1.7,-3.0,68,14.6,19.1,258.0,990.4
2024-12-22T09:00,Bharati Station,1.9,-2.3,67,10.7,16.9,120.0,990.3
2024-12-22T10:00,Bharati Station,2.1,-1.8,66,8.6,11.9,67.0,990.4
2024-12-22T11:00,Bharati Station,2.2,-1.5,66,7.1,9.7,141.0,990.2
2024-12-22T12:00,Bharati Station,2.3,-1.2,67,5.9,7.9,69.0,990.1
2024-12-22T13:00,Bharati Station,2.0,-2.4,65,12.4,12.6,255.0,989.9
2024-12-22T14:00,Bharati Station,2.4,-3.9,57,23.8,27.4,68.0,989.6
2024-12-22T15:00,Bharati Station,2.0,-4.7,57,26.7,32.4,26.0,989.6
2024-12-22T16:00,Bharati Station,1.6,-5.3,58,27.3,34.2,35.0,989.6
2024-12-22T17:00,Bharati Station,1.3,-5.3,59,25.5,33.5,29.0,989.7
2024-12-22T18:00,Bharati Station,0.7,-5.1,67,20.3,31.3,7.0,990.2
2024-12-22T19:00,Bharati Station,0.3,-4.4,71,13.5,24.5,0.0,990.2
2024-12-22T20:00,Bharati Station,0.5,-4.2,65,12.8,15.5,0.0,990.1
2024-12-22T21:00,Bharati Station,0.7,-4.7,59,16.8,19.4,0.0,989.9
2024-12-22T22:00,Bharati Station,0.7,-5.0,58,18.7,22.0,1.0,989.9
2024-12-22T23:00,Bharati Station,0.7,-5.0,59,19.1,23.4,6.0,989.9
2024-12-23T00:00,Bharati Station,0.6,-5.2,60,19.3,23.4,20.0,989.8
2024-12-23T01:00,Bharati Station,1.1,-4.4,60,18.2,22.0,53.0,988.4
2024-12-23T02:00,Bharati Station,1.0,-4.4,60,17.1,21.2,286.0,988.1
2024-12-23T03:00,Bharati Station,1.0,-4.6,61,18.7,22.0,422.0,987.8
2024-12-23T04:00,Bharati Station,0.7,-4.2,67,15.9,22.3,488.0,987.6
2024-12-23T05:00,Bharati Station,0.5,-3.0,70,10.6,18.4,572.0,987.2
2024-12-23T06:00,Bharati Station,0.8,-1.9,68,6.9,11.9,615.0,986.7
2024-12-23T07:00,Bharati Station,1.2,-0.8,66,3.7,7.6,627.0,986.3
2024-12-23T08:00,Bharati Station,1.3,-0.7,66,4.1,4.0,669.0,985.7
2024-12-23T09:00,Bharati Station,1.0,-1.6,68,7.3,7.9,650.0,985.4
2024-12-23T10:00,Bharati Station,0.9,-2.2,70,7.9,8.6,599.0,985.0
2024-12-23T11:00,Bharati Station,1.1,-2.6,69,8.7,9.7,528.0,984.8
2024-12-23T12:00,Bharati Station,1.3,-2.7,68,8.6,10.1,442.0,984.4
2024-12-23T13:00,Bharati Station,1.0,-3.2,74,11.1,15.5,340.0,985.4
2024-12-23T14:00,Bharati Station,1.4,-2.6,69,9.2,12.6,250.0,985.3
2024-12-23T15:00,Bharati Station,2.0,-3.8,55,19.4,20.9,166.0,985.0
2024-12-23T16:00,Bharati Station,2.1,-4.7,52,26.5,31.7,98.0,985.0
2024-12-23T17:00,Bharati Station,1.7,-5.3,53,27.5,33.8,49.0,985.0
2024-12-23T18:00,Bharati Station,1.5,-5.6,54,28.3,35.3,19.0,985.1
2024-12-23T19:00,Bharati Station,1.4,-5.8,54,28.9,35.6,4.0,985.1
2024-12-23T20:00,Bharati Station,1.1,-6.1,54,29.1,36.7,8.0,985.3
2024-12-23T21:00,Bharati Station,0.9,-6.1,54,27.0,36.4,19.0,985.7
2024-12-23T22:00,Bharati Station,0.6,-5.8,55,23.3,33.5,52.0,985.9
2024-12-23T23:00,Bharati Station,0.4,-5.7,55,21.1,28.4,105.0,986.0
2024-12-24T00:00,Bharati Station,0.4,-5.5,58,20.0,25.6,181.0,986.3
2024-12-24T01:00,Bharati Station,0.7,-5.8,61,24.9,30.2,240.0,986.3
2024-12-24T02:00,Bharati Station,0.8,-6.0,62,26.9,33.8,308.0,986.7
2024-12-24T03:00,Bharati Station,0.5,-5.9,68,25.4,33.1,288.0,986.9
2024-12-24T04:00,Bharati Station,0.0,-5.8,78,24.3,31.3,521.0,987.3
2024-12-24T05:00,Bharati Station,-0.1,-5.2,82,22.4,29.9,591.0,987.3
2024-12-24T06:00,Bharati Station,-0.1,-4.7,84,20.9,27.4,663.0,987.3
2024-12-24T07:00,Bharati Station,-0.2,-4.5,85,19.8,25.2,644.0,987.4
2024-12-24T08:00,Bharati Station,-0.1,-4.5,84,19.2,24.1,610.0,987.2
2024-12-24T09:00,Bharati Station,-0.1,-4.8,83,20.8,25.6,612.0,987.1
2024-12-24T10:00,Bharati Station,-0.2,-4.9,85,19.0,25.6,587.0,986.7
2024-12-24T11:00,Bharati Station,-0.4,-5.0,87,16.2,23.0,517.0,985.9
2024-12-24T12:00,Bharati Station,-0.7,-5.4,89,15.8,19.4,427.0,985.1
2024-12-24T13:00,Bharati Station,0.0,-4.4,90,14.3,22.7,11.0,984.7
2024-12-24T14:00,Bharati Station,-0.3,-3.9,93,9.2,17.3,9.0,984.0
2024-12-24T15:00,Bharati Station,-0.2,-3.9,91,9.0,11.2,32.0,983.3
2024-12-24T16:00,Bharati Station,-0.3,-3.8,91,7.3,10.8,79.0,982.2
2024-12-24T17:00,Bharati Station,-0.3,-4.3,90,11.0,12.2,47.0,981.3
2024-12-24T18:00,Bharati Station,-0.1,-4.3,85,11.5,15.8,21.0,980.2
2024-12-24T19:00,Bharati Station,0.5,-3.6,74,10.0,13.7,3.0,978.9
2024-12-24T20:00,Bharati Station,2.2,-4.2,61,25.0,29.5,0.0,977.8
2024-12-24T21:00,Bharati Station,2.6,-4.1,61,28.0,34.9,1.0,977.2
2024-12-24T22:00,Bharati Station,2.7,-3.6,62,24.9,34.6,0.0,976.7
2024-12-24T23:00,Bharati Station,3.0,-3.2,63,24.7,30.6,9.0,976.0
2024-12-25T00:00,Bharati Station,3.4,-3.5,60,29.4,35.3,6.0,975.4
2024-12-25T01:00,Bharati Station,3.1,-3.6,59,27.2,36.4,5.0,974.6
2024-12-25T02:00,Bharati Station,3.4,-3.2,58,27.3,33.5,50.0,974.2
2024-12-25T03:00,Bharati Station,3.7,-3.1,58,28.2,35.6,140.0,974.1
2024-12-25T04:00,Bharati Station,3.9,-2.9,58,28.9,34.9,112.0,973.6
2024-12-25T05:00,Bharati Station,4.3,-2.9,58,31.3,38.2,67.0,973.2
2024-12-25T06:00,Bharati Station,3.9,-2.4,61,25.6,38.5,23.0,973.2
2024-12-25T07:00,Bharati Station,4.0,-1.9,61,23.1,31.0,126.0,973.0
2024-12-25T08:00,Bharati Station,4.4,-1.7,59,24.7,28.1,170.0,972.7
2024-12-25T09:00,Bharati Station,4.4,-2.0,60,26.6,32.4,93.0,972.5
2024-12-25T10:00,Bharati Station,4.1,-2.3,62,26.6,32.4,10.0,972.6
2024-12-25T11:00,Bharati Station,2.4,-2.3,74,15.6,33.1,0.0,973.4
2024-12-25T12:00,Bharati Station,1.2,-1.8,83,5.1,18.0,0.0,974.1
2024-12-25T13:00,Bharati Station,0.8,-2.8,85,8.5,12.6,0.0,974.0
2024-12-25T14:00,Bharati Station,1.0,-3.1,86,12.7,17.3,0.0,974.5
2024-12-25T15:00,Bharati Station,1.5,-1.1,83,2.2,14.8,8.0,974.7
2024-12-25T16:00,Bharati Station,2.1,-2.9,73,17.5,18.0,9.0,975.1
2024-12-25T17:00,Bharati Station,1.7,-2.9,74,14.9,23.0,8.0,975.6
2024-12-25T18:00,Bharati Station,1.3,-2.4,77,8.4,17.3,2.0,976.2
2024-12-25T19:00,Bharati Station,1.2,-1.6,76,2.2,9.4,0.0,976.5
2024-12-25T20:00,Bharati Station,0.9,-3.4,81,12.4,12.6,1.0,977.0
2024-12-25T21:00,Bharati Station,0.4,-4.5,86,17.5,20.5,0.0,977.2
2024-12-25T22:00,Bharati Station,0.2,-4.4,87,15.1,20.9,1.0,977.2
2024-12-25T23:00,Bharati Station,0.2,-3.6,87,10.0,18.0,2.0,977.1
2024-12-26T00:00,Bharati Station,0.8,-2.6,82,6.9,11.5,41.0,977.2
2024-12-26T01:00,Bharati Station,1.9,-4.3,68,24.3,26.3,38.0,977.1
2024-12-26T02:00,Bharati Station,2.1,-5.2,65,31.6,42.1,98.0,977.4
2024-12-26T03:00,Bharati Station,1.5,-4.3,70,22.3,39.2,241.0,977.8
2024-12-26T04:00,Bharati Station,0.9,-4.9,77,22.5,27.0,134.0,978.5
2024-12-26T05:00,Bharati Station,0.3,-7.0,86,33.6,40.3,2.0,979.7
2024-12-26T06:00,Bharati Station,0.3,-6.2,84,27.9,43.2,225.0,980.3
2024-12-26T07:00,Bharati Station,0.4,-5.1,82,23.6,34.9,366.0,981.0
2024-12-26T08:00,Bharati Station,0.5,-4.9,81,20.0,29.2,163.0,981.3
2024-12-26T09:00,Bharati Station,0.6,-4.4,82,17.6,24.5,52.0,981.5
2024-12-26T10:00,Bharati Station,0.7,-4.1,81,15.9,21.2,87.0,981.7
2024-12-26T11:00,Bharati Station,0.8,-4.0,80,16.4,20.2,111.0,981.8
2024-12-26T12:00,Bharati Station,1.0,-3.6,79,14.8,19.8,200.0,981.8
2024-12-26T13:00,Bharati Station,0.8,-4.1,82,17.6,22.3,0.0,981.9
2024-12-26T14:00,Bharati Station,0.6,-3.7,84,13.1,20.9,87.0,982.0
2024-12-26T15:00,Bharati Station,0.8,-3.3,81,10.9,15.1,126.0,982.5
2024-12-26T16:00,Bharati Station,1.0,-3.5,77,13.9,16.2,63.0,983.1
2024-12-26T17:00,Bharati Station,0.8,-3.1,79,9.8,15.8,1.0,983.7
2024-12-26T18:00,Bharati Station,0.9,-2.8,78,8.3,10.8,0.0,983.9
2024-12-26T19:00,Bharati Station,1.0,-2.8,75,9.0,10.1,0.0,983.9
2024-12-26T20:00,Bharati Station,0.8,-3.4,74,10.9,11.9,1.0,984.1
2024-12-26T21:00,Bharati Station,0.2,-4.3,70,12.1,14.0,12.0,984.0
2024-12-26T22:00,Bharati Station,0.1,-4.3,68,11.3,14.4,23.0,984.0
2024-12-26T23:00,Bharati Station,0.2,-4.0,67,9.8,13.3,61.0,984.0
2024-12-27T00:00,Bharati Station,0.4,-3.5,67,7.3,11.2,46.0,983.9
2024-12-27T01:00,Bharati Station,0.4,-3.2,66,4.9,9.0,235.0,983.0
2024-12-27T02:00,Bharati Station,0.5,-2.9,66,3.6,5.4,331.0,982.8
2024-12-27T03:00,Bharati Station,0.2,-3.8,71,8.6,9.0,426.0,982.5
2024-12-27T04:00,Bharati Station,0.0,-3.7,75,9.7,11.5,516.0,982.3
2024-12-27T05:00,Bharati Station,-0.1,-3.2,78,8.8,11.5,598.0,982.3
2024-12-27T06:00,Bharati Station,-0.3,-3.0,81,8.7,10.4,641.0,982.3
2024-12-27T07:00,Bharati Station,-0.2,-2.8,82,9.0,10.4,653.0,982.4
2024-12-27T08:00,Bharati Station,0.0,-2.8,82,10.0,11.9,603.0,982.3
2024-12-27T09:00,Bharati Station,0.2,-3.4,81,10.9,12.6,424.0,982.2
2024-12-27T10:00,Bharati Station,0.2,-4.3,81,13.7,16.2,310.0,981.7
2024-12-27T11:00,Bharati Station,0.3,-4.4,81,15.2,18.4,331.0,981.4
2024-12-27T12:00,Bharati Station,0.3,-4.5,82,16.0,19.4,182.0,981.0
2024-12-27T13:00,Bharati Station,-0.3,-4.5,89,12.6,15.1,125.0,981.8
2024-12-27T14:00,Bharati Station,-0.4,-4.5,91,11.8,15.1,259.0,981.8
2024-12-27T15:00,Bharati Station,-0.6,-4.8,91,12.6,15.1,161.0,981.5
2024-12-27T16:00,Bharati Station,-0.6,-4.9,91,13.0,15.8,91.0,981.3
2024-12-27T17:00,Bharati Station,-0.4,-4.6,89,12.1,15.5,46.0,981.0
2024-12-27T18:00,Bharati Station,-0.6,-4.6,87,10.2,14.4,20.0,981.0
2024-12-27T19:00,Bharati Station,-1.1,-5.1,81,9.0,11.9,10.0,981.1
2024-12-27T20:00,Bharati Station,-1.2,-5.5,68,9.7,11.5,8.0,981.5
2024-12-27T21:00,Bharati Station,-1.1,-5.5,63,9.8,11.9,16.0,981.5
2024-12-27T22:00,Bharati Station,-0.7,-5.3,63,11.0,13.0,24.0,981.8
2024-12-27T23:00,Bharati Station,-0.1,-4.9,59,12.8,14.8,28.0,982.0
2024-12-28T00:00,Bharati Station,0.1,-5.0,58,14.0,16.6,57.0,982.2
2024-12-28T01:00,Bharati Station,-0.2,-4.9,60,11.8,13.0,196.0,981.8
2024-12-28T02:00,Bharati Station,-0.0,-5.3,60,15.9,18.7,331.0,981.7
2024-12-28T03:00,Bharati Station,-0.1,-5.2,65,15.4,19.1,434.0,981.6
2024-12-28T04:00,Bharati Station,-0.2,-4.7,70,13.8,18.4,518.0,981.7
2024-12-28T05:00,Bharati Station,-0.2,-4.0,73,11.7,16.2,582.0,981.8
2024-12-28T06:00,Bharati Station,-0.3,-3.2,78,9.5,13.7,660.0,981.8
2024-12-28T07:00,Bharati Station,-0.4,-2.7,81,6.6,11.2,639.0,981.8
2024-12-28T08:00,Bharati Station,-0.4,-2.7,82,4.9,7.6,544.0,981.7
2024-12-28T09:00,Bharati Station,-0.4,-2.7,82,4.8,5.4,560.0,981.6
2024-12-28T10:00,Bharati Station,-0.3,-3.2,81,4.5,5.4,454.0,981.3
2024-12-28T11:00,Bharati Station,-0.3,-3.4,81,4.1,4.7,446.0,981.0
2024-12-28T12:00,Bharati Station,-0.4,-3.5,81,3.9,4.3,361.0,980.6
2024-12-28T13:00,Bharati Station,-0.3,-3.8,77,5.5,7.6,347.0,981.1
2024-12-28T14:00,Bharati Station,-0.3,-3.6,77,4.0,6.1,259.0,980.9
2024-12-28T15:00,Bharati Station,-0.4,-3.7,76,3.7,4.3,172.0,980.6
2024-12-28T16:00,Bharati Station,-0.7,-4.0,76,4.1,4.3,101.0,980.3
2024-12-28T17:00,Bharati Station,-1.0,-4.8,73,7.2,7.6,50.0,980.1
2024-12-28T18:00,Bharati Station,-1.4,-6.0,63,10.6,12.2,23.0,979.7
2024-12-28T19:00,Bharati Station,-2.5,-7.4,64,12.5,16.2,13.0,979.4
2024-12-28T20:00,Bharati Station,-3.4,-8.6,68,13.9,19.1,13.0,979.2
2024-12-28T21:00,Bharati Station,-3.7,-8.9,68,14.1,19.8,25.0,978.7
2024-12-28T22:00,Bharati Station,-3.2,-8.3,64,13.2,19.8,54.0,978.4
2024-12-28T23:00,Bharati Station,-2.4,-7.3,59,11.6,18.0,106.0,978.4
2024-12-29T00:00,Bharati Station,-1.8,-7.0,54,13.2,16.6,180.0,977.9
2024-12-29T01:00,Bharati Station,-1.6,-6.6,57,13.0,15.1,274.0,977.4
2024-12-29T02:00,Bharati Station,-1.4,-7.6,55,20.5,25.2,368.0,977.1
2024-12-29T03:00,Bharati Station,-1.3,-7.4,56,20.6,25.9,464.0,977.0
2024-12-29T04:00,Bharati Station,-1.2,-7.0,57,20.4,25.6,549.0,976.7
2024-12-29T05:00,Bharati Station,-1.1,-6.3,60,19.3,25.2,609.0,976.4
2024-12-29T06:00,Bharati Station,-1.1,-5.5,62,16.1,23.8,632.0,976.1
2024-12-29T07:00,Bharati Station,-1.0,-4.5,63,11.5,19.8,647.0,976.0
2024-12-29T08:00,Bharati Station,-1.0,-3.8,65,8.0,14.0,673.0,975.8
2024-12-29T09:00,Bharati Station,-0.9,-3.3,69,4.9,9.7,657.0,975.7
2024-12-29T10:00,Bharati Station,-0.9,-3.1,68,1.8,5.8,596.0,975.4
2024-12-29T11:00,Bharati Station,-0.9,-3.6,70,1.9,1.8,532.0,975.2
2024-12-29T12:00,Bharati Station,-1.0,-4.3,72,3.6,4.3,438.0,975.0
2024-12-29T13:00,Bharati Station,-1.1,-4.8,76,6.3,6.8,170.0,975.4
2024-12-29T14:00,Bharati Station,-1.1,-4.8,77,6.3,7.9,174.0,975.4
2024-12-29T15:00,Bharati Station,-1.2,-5.0,74,6.9,7.6,94.0,975.3
2024-12-29T16:00,Bharati Station,-1.8,-6.1,68,8.9,10.8,50.0,975.5
2024-12-29T17:00,Bharati Station,-2.3,-7.0,67,10.9,14.0,40.0,975.6
2024-12-29T18:00,Bharati Station,-1.8,-7.1,59,14.3,17.6,22.0,975.9
2024-12-29T19:00,Bharati Station,-1.7,-7.2,56,15.7,20.2,12.0,976.1
2024-12-29T20:00,Bharati Station,-2.1,-7.5,56,14.8,19.8,12.0,976.6
2024-12-29T21:00,Bharati Station,-2.5,-8.0,57,15.6,20.2,22.0,977.0
2024-12-29T22:00,Bharati Station,-2.5,-8.4,57,18.1,23.4,45.0,977.5
2024-12-29T23:00,Bharati Station,-2.2,-8.2,58,19.1,24.8,99.0,978.0
2024-12-30T00:00,Bharati Station,-2.2,-8.2,61,20.0,25.6,173.0,978.4
2024-12-30T01:00,Bharati Station,-1.9,-8.2,66,22.5,28.8,242.0,977.3
2024-12-30T02:00,Bharati Station,-1.7,-7.9,68,21.9,28.4,317.0,977.7
2024-12-30T03:00,Bharati Station,-1.5,-7.6,66,21.7,27.7,466.0,978.2
2024-12-30T04:00,Bharati Station,-1.2,-7.1,61,21.9,27.7,553.0,978.5
2024-12-30T05:00,Bharati Station,-1.1,-6.6,63,21.8,28.1,627.0,979.0
2024-12-30T06:00,Bharati Station,-1.0,-6.2,70,21.4,27.4,532.0,979.3
2024-12-30T07:00,Bharati Station,-0.9,-5.7,75,20.3,26.6,570.0,979.9
2024-12-30T08:00,Bharati Station,-0.9,-5.0,77,16.9,25.2,628.0,980.2
2024-12-30T09:00,Bharati Station,-0.8,-4.4,77,12.9,20.5,628.0,980.6
2024-12-30T10:00,Bharati Station,-0.9,-4.2,78,9.6,15.5,592.0,980.7
2024-12-30T11:00,Bharati Station,-0.9,-4.4,80,7.3,11.5,517.0,980.8
2024-12-30T12:00,Bharati Station,-0.9,-4.8,80,8.0,9.4,428.0,981.2
2024-12-30T13:00,Bharati Station,-0.9,-4.3,84,5.5,7.2,356.0,980.9
2024-12-30T14:00,Bharati Station,-1.1,-4.5,86,5.8,6.5,260.0,980.9
2024-12-30T15:00,Bharati Station,-1.2,-4.4,88,4.5,6.8,166.0,981.1
2024-12-30T16:00,Bharati Station,-1.3,-4.6,85,4.8,5.4,82.0,981.4
2024-12-30T17:00,Bharati Station,-1.7,-5.6,80,7.3,9.4,42.0,981.5
2024-12-30T18:00,Bharati Station,-2.1,-6.5,73,9.9,13.0,18.0,981.8
2024-12-30T19:00,Bharati Station,-2.7,-7.7,66,12.6,16.6,8.0,981.9
2024-12-30T20:00,Bharati Station,-3.0,-7.9,64,11.4,17.3,5.0,982.4
2024-12-30T21:00,Bharati Station,-3.4,-8.1,70,11.1,16.6,13.0,982.3
2024-12-30T22:00,Bharati Station,-4.0,-8.7,72,11.2,16.6,45.0,982.3
2024-12-30T23:00,Bharati Station,-3.6,-8.3,71,11.1,16.6,89.0,982.2
2024-12-31T00:00,Bharati Station,-2.9,-7.4,70,10.0,16.2,167.0,982.2
2024-12-31T01:00,Bharati Station,-1.5,-6.4,70,13.5,16.2,215.0,981.5
2024-12-31T02:00,Bharati Station,-1.4,-6.6,76,16.6,20.9,189.0,981.6
2024-12-31T03:00,Bharati Station,-1.2,-6.7,79,18.9,23.4,217.0,981.3
2024-12-31T04:00,Bharati Station,-1.3,-7.0,83,21.3,26.6,96.0,981.3
2024-12-31T05:00,Bharati Station,-1.2,-8.3,93,31.7,38.9,0.0,981.1
2024-12-31T06:00,Bharati Station,-1.2,-8.1,91,29.9,41.8,0.0,981.3
2024-12-31T07:00,Bharati Station,-1.2,-7.1,85,22.8,38.2,47.0,981.3
2024-12-31T08:00,Bharati Station,-1.0,-5.9,80,16.5,28.8,295.0,980.9
2024-12-31T09:00,Bharati Station,-1.0,-4.9,79,9.9,20.5,315.0,980.6
2024-12-31T10:00,Bharati Station,-1.2,-4.6,80,4.3,12.6,286.0,980.1
2024-12-31T11:00,Bharati Station,-1.3,-4.8,81,5.2,7.2,237.0,979.7
2024-12-31T12:00,Bharati Station,-1.4,-5.8,84,11.7,14.8,276.0,979.0
2024-12-31T13:00,Bharati Station,-0.8,-3.8,84,2.5,5.0,286.0,978.3
2024-12-31T14:00,Bharati Station,-0.9,-3.9,84,2.8,2.9,247.0,977.9
2024-12-31T15:00,Bharati Station,-1.1,-4.4,85,4.8,5.0,169.0,977.6
2024-12-31T16:00,Bharati Station,-1.4,-4.8,85,5.6,6.1,96.0,977.2
2024-12-31T17:00,Bharati Station,-2.0,-5.9,80,7.7,9.7,47.0,976.7
2024-12-31T18:00,Bharati Station,-3.2,-7.8,76,11.0,14.8,21.0,976.4
2024-12-31T19:00,Bharati Station,-4.2,-9.3,73,13.1,18.4,10.0,976.1
2024-12-31T20:00,Bharati Station,-4.9,-10.2,72,14.0,20.2,10.0,975.7
2024-12-31T21:00,Bharati Station,-5.3,-10.8,72,15.2,22.0,22.0,975.5
2024-12-31T22:00,Bharati Station,-5.4,-10.9,72,15.2,22.3,50.0,975.1
2024-12-31T23:00,Bharati Station,-5.3,-10.7,72,15.0,22.3,98.0,974.9
