timestamp,station,temperature_c,feels_like_c,humidity_pct,wind_speed_ms,wind_gust_ms,solar_irradiance_wm2,pressure_hpa
2024-01-01T00:00,Maitri Station,-6.0,-13.4,56,26.9,45.7,8.0,963.2
2024-01-01T01:00,Maitri Station,-5.7,-12.7,55,23.8,41.4,25.0,962.7
2024-01-01T02:00,Maitri Station,-5.7,-12.4,55,22.1,40.7,27.0,962.3
2024-01-01T03:00,Maitri Station,-5.1,-11.4,55,20.0,38.2,15.0,961.9
2024-01-01T04:00,Maitri Station,-4.7,-11.8,54,24.9,42.1,26.0,962.0
2024-01-01T05:00,Maitri Station,-4.5,-11.8,56,27.2,46.8,70.0,962.1
2024-01-01T06:00,Maitri Station,-4.4,-11.9,57,28.5,48.6,207.0,962.6
2024-01-01T07:00,Maitri Station,-4.3,-12.0,57,30.0,50.8,318.0,963.1
2024-01-01T08:00,Maitri Station,-4.1,-11.8,56,31.5,53.6,381.0,963.4
2024-01-01T09:00,Maitri Station,-3.8,-11.2,55,31.6,54.4,415.0,963.7
2024-01-01T10:00,Maitri Station,-3.5,-10.5,55,31.4,54.4,589.0,963.8
2024-01-01T11:00,Maitri Station,-3.4,-10.4,55,32.4,54.7,652.0,963.9
2024-01-01T12:00,Maitri Station,-3.4,-10.3,56,32.2,55.1,686.0,964.2
2024-01-01T13:00,Maitri Station,-3.0,-9.3,58,28.2,50.0,668.0,963.9
2024-01-01T14:00,Maitri Station,-3.0,-9.2,59,26.1,47.9,626.0,964.5
2024-01-01T15:00,Maitri Station,-3.1,-9.2,60,23.9,44.6,560.0,965.1
2024-01-01T16:00,Maitri Station,-3.4,-9.5,61,20.8,41.0,479.0,965.4
2024-01-01T17:00,Maitri Station,-3.8,-9.7,63,18.2,36.0,390.0,965.8
2024-01-01T18:00,Maitri Station,-4.4,-10.1,64,16.8,31.3,298.0,966.1
2024-01-01T19:00,Maitri Station,-5.1,-10.8,62,16.6,28.8,211.0,966.6
2024-01-01T20:00,Maitri Station,-5.6,-11.5,59,17.5,28.8,136.0,967.0
2024-01-01T21:00,Maitri Station,-6.1,-12.1,55,17.1,28.8,78.0,967.4
2024-01-01T22:00,Maitri Station,-6.8,-12.6,52,15.3,28.1,34.0,967.7
2024-01-01T23:00,Maitri Station,-7.4,-12.9,51,13.0,24.5,11.0,968.0
2024-01-02T00:00,Maitri Station,-8.0,-13.3,52,11.4,20.9,5.0,968.5
2024-01-02T01:00,Maitri Station,-7.5,-12.6,55,10.1,21.2,12.0,967.8
2024-01-02T02:00,Maitri Station,-6.8,-11.5,48,7.9,15.1,34.0,968.3
2024-01-02T03:00,Maitri Station,-6.9,-11.5,49,6.8,11.2,84.0,968.4
2024-01-02T04:00,Maitri Station,-7.5,-12.1,58,7.2,11.2,137.0,968.5
2024-01-02T05:00,Maitri Station,-6.9,-11.6,59,8.6,12.6,183.0,969.0
2024-01-02T06:00,Maitri Station,-5.6,-10.4,56,9.4,14.0,248.0,969.4
2024-01-02T07:00,Maitri Station,-5.0,-9.5,61,8.3,13.7,317.0,969.8
2024-01-02T08:00,Maitri Station,-4.5,-8.2,65,5.9,11.5,401.0,970.3
2024-01-02T09:00,Maitri Station,-3.9,-6.6,62,3.0,8.3,518.0,970.9
2024-01-02T10:00,Maitri Station,-3.6,-5.5,60,0.8,4.3,567.0,971.1
2024-01-02T11:00,Maitri Station,-3.3,-5.0,60,1.1,3.2,610.0,971.2
2024-01-02T12:00,Maitri Station,-2.9,-5.2,57,4.3,6.1,595.0,971.4
2024-01-02T13:00,Maitri Station,-3.0,-5.0,57,2.3,5.0,661.0,970.8
2024-01-02T14:00,Maitri Station,-3.0,-5.3,50,1.6,5.0,617.0,970.9
2024-01-02T15:00,Maitri Station,-3.4,-5.9,72,1.5,4.0,551.0,970.8
2024-01-02T16:00,Maitri Station,-4.2,-7.6,74,3.4,5.4,468.0,970.6
2024-01-02T17:00,Maitri Station,-5.1,-8.9,77,4.7,7.2,380.0,970.3
2024-01-02T18:00,Maitri Station,-5.8,-10.2,78,8.5,11.9,291.0,970.1
2024-01-02T19:00,Maitri Station,-6.3,-11.2,74,11.0,16.2,205.0,970.1
2024-01-02T20:00,Maitri Station,-7.3,-12.2,67,9.7,16.2,133.0,970.1
2024-01-02T21:00,Maitri Station,-6.9,-11.6,54,7.4,14.4,77.0,970.3
2024-01-02T22:00,Maitri Station,-4.6,-8.9,39,4.8,10.8,41.0,970.4
2024-01-02T23:00,Maitri Station,-4.7,-9.0,37,4.4,6.8,24.0,970.5
2024-01-03T00:00,Maitri Station,-5.1,-9.5,36,5.1,6.8,20.0,970.4
2024-01-03T01:00,Maitri Station,-5.2,-9.3,40,3.3,10.1,29.0,970.0
2024-01-03T02:00,Maitri Station,-5.8,-9.7,41,1.8,5.0,54.0,970.0
2024-01-03T03:00,Maitri Station,-9.4,-14.2,59,7.6,9.7,99.0,969.5
2024-01-03T04:00,Maitri Station,-9.2,-14.4,61,10.8,14.8,165.0,969.2
2024-01-03T05:00,Maitri Station,-8.4,-13.3,62,9.8,15.1,245.0,969.2
2024-01-03T06:00,Maitri Station,-7.4,-12.1,63,8.0,13.7,334.0,969.0
2024-01-03T07:00,Maitri Station,-6.5,-10.7,64,5.8,10.8,423.0,968.9
2024-01-03T08:00,Maitri Station,-5.5,-9.0,62,4.0,8.3,497.0,969.1
2024-01-03T09:00,Maitri Station,-4.9,-7.5,51,1.3,5.4,563.0,969.1
2024-01-03T10:00,Maitri Station,-4.6,-6.6,53,0.4,3.2,618.0,968.9
2024-01-03T11:00,Maitri Station,-4.3,-6.2,55,1.5,4.3,659.0,968.6
2024-01-03T12:00,Maitri Station,-3.8,-5.8,56,3.0,6.1,666.0,968.4
2024-01-03T13:00,Maitri Station,-3.5,-6.3,65,7.6,12.2,661.0,967.3
2024-01-03T14:00,Maitri Station,-3.5,-6.5,68,7.6,12.2,616.0,967.2
2024-01-03T15:00,Maitri Station,-3.7,-6.9,71,6.2,11.9,557.0,966.9
2024-01-03T16:00,Maitri Station,-3.5,-6.8,59,2.3,8.6,480.0,966.7
2024-01-03T17:00,Maitri Station,-4.8,-8.7,69,5.1,8.3,388.0,966.4
2024-01-03T18:00,Maitri Station,-6.0,-10.4,73,7.4,11.9,294.0,966.2
2024-01-03T19:00,Maitri Station,-6.6,-11.4,68,9.7,15.1,207.0,966.1
2024-01-03T20:00,Maitri Station,-7.2,-12.4,63,11.8,18.0,133.0,966.1
2024-01-03T21:00,Maitri Station,-7.9,-13.2,60,12.0,18.4,77.0,966.0
2024-01-03T22:00,Maitri Station,-8.7,-14.0,57,11.9,18.4,41.0,965.7
2024-01-03T23:00,Maitri Station,-9.2,-14.4,54,10.2,17.6,24.0,965.5
2024-01-04T00:00,Maitri Station,-9.8,-15.2,52,11.6,16.9,22.0,965.2
2024-01-04T01:00,Maitri Station,-8.0,-13.4,53,12.5,16.9,30.0,964.3
2024-01-04T02:00,Maitri Station,-8.8,-14.5,59,14.8,20.9,55.0,964.2
2024-01-04T03:00,Maitri Station,-8.7,-14.3,61,14.3,21.2,101.0,963.8
2024-01-04T04:00,Maitri Station,-8.0,-13.5,60,13.2,20.2,166.0,963.5
2024-01-04T05:00,Maitri Station,-7.5,-12.9,62,12.9,18.7,249.0,963.3
2024-01-04T06:00,Maitri Station,-6.7,-12.0,64,12.7,19.4,340.0,963.3
2024-01-04T07:00,Maitri Station,-5.6,-10.6,61,11.0,19.1,433.0,963.5
2024-01-04T08:00,Maitri Station,-4.5,-9.1,55,10.9,18.7,520.0,963.8
2024-01-04T09:00,Maitri Station,-3.8,-8.6,50,14.8,25.2,593.0,964.0
2024-01-04T10:00,Maitri Station,-3.6,-8.4,53,17.2,29.2,648.0,964.1
2024-01-04T11:00,Maitri Station,-3.4,-7.7,58,16.3,29.2,678.0,964.3
2024-01-04T12:00,Maitri Station,-3.4,-7.4,63,15.0,27.0,685.0,964.3
2024-01-04T13:00,Maitri Station,-3.1,-6.4,67,10.8,18.7,663.0,963.4
2024-01-04T14:00,Maitri Station,-3.3,-6.7,71,10.2,18.0,621.0,963.3
2024-01-04T15:00,Maitri Station,-3.6,-7.3,73,9.3,17.3,557.0,963.2
2024-01-04T16:00,Maitri Station,-4.2,-8.3,75,8.4,15.5,477.0,963.2
2024-01-04T17:00,Maitri Station,-5.0,-9.5,74,8.9,14.0,388.0,962.9
2024-01-04T18:00,Maitri Station,-6.0,-10.6,71,8.9,14.4,296.0,962.9
2024-01-04T19:00,Maitri Station,-6.9,-11.7,67,9.2,14.0,209.0,962.8
2024-01-04T20:00,Maitri Station,-7.6,-12.4,63,9.0,14.0,134.0,962.9
2024-01-04T21:00,Maitri Station,-8.3,-13.3,61,9.7,14.0,78.0,963.0
2024-01-04T22:00,Maitri Station,-8.7,-13.8,58,10.0,14.4,42.0,963.0
2024-01-04T23:00,Maitri Station,-8.1,-13.0,51,8.6,14.0,24.0,963.3
2024-01-05T00:00,Maitri Station,-7.9,-12.7,47,8.1,11.9,20.0,963.3
2024-01-05T01:00,Maitri Station,-7.5,-12.1,51,6.9,10.1,28.0,962.4
2024-01-05T02:00,Maitri Station,-9.9,-14.9,61,9.4,12.6,52.0,962.5
2024-01-05T03:00,Maitri Station,-9.5,-14.8,59,11.2,15.5,96.0,962.7
2024-01-05T04:00,Maitri Station,-9.2,-14.5,60,11.5,15.8,161.0,963.0
2024-01-05T05:00,Maitri Station,-8.1,-13.4,58,12.0,17.3,241.0,963.8
2024-01-05T06:00,Maitri Station,-6.8,-12.1,55,12.6,19.4,330.0,964.3
2024-01-05T07:00,Maitri Station,-6.0,-11.3,56,12.2,20.5,424.0,964.8
2024-01-05T08:00,Maitri Station,-5.4,-9.9,56,10.2,19.8,510.0,965.2
2024-01-05T09:00,Maitri Station,-4.8,-8.2,59,6.6,16.6,585.0,965.2
2024-01-05T10:00,Maitri Station,-4.2,-6.3,57,1.8,11.2,640.0,965.5
2024-01-05T11:00,Maitri Station,-4.1,-6.3,49,2.6,4.7,674.0,965.6
2024-01-05T12:00,Maitri Station,-4.4,-6.9,58,5.8,9.0,682.0,965.7
2024-01-05T13:00,Maitri Station,-3.5,-6.2,58,6.3,9.4,662.0,964.8
2024-01-05T14:00,Maitri Station,-3.8,-6.7,66,6.6,10.4,620.0,965.0
2024-01-05T15:00,Maitri Station,-4.1,-7.2,72,5.4,9.7,557.0,965.2
2024-01-05T16:00,Maitri Station,-4.9,-8.5,76,4.9,8.3,477.0,965.0
2024-01-05T17:00,Maitri Station,-4.3,-8.1,61,3.5,7.6,388.0,965.0
2024-01-05T18:00,Maitri Station,-4.3,-8.1,56,3.2,5.8,296.0,965.1
2024-01-05T19:00,Maitri Station,-4.5,-8.5,51,3.3,5.4,209.0,965.4
2024-01-05T20:00,Maitri Station,-4.8,-9.0,48,4.4,6.1,134.0,965.7
2024-01-05T21:00,Maitri Station,-4.8,-9.2,45,5.3,7.6,77.0,966.0
2024-01-05T22:00,Maitri Station,-5.1,-9.5,42,5.7,7.9,40.0,966.3
2024-01-05T23:00,Maitri Station,-5.2,-9.7,38,5.2,7.9,22.0,966.5
2024-01-06T00:00,Maitri Station,-5.2,-9.7,35,5.5,7.9,19.0,966.9
2024-01-06T01:00,Maitri Station,-5.2,-9.7,37,5.8,9.0,26.0,966.1
2024-01-06T02:00,Maitri Station,-8.7,-13.6,48,7.9,10.4,50.0,966.1
2024-01-06T03:00,Maitri Station,-9.4,-14.8,55,12.3,16.9,95.0,966.2
2024-01-06T04:00,Maitri Station,-8.3,-13.7,53,12.5,18.4,159.0,966.6
2024-01-06T05:00,Maitri Station,-7.3,-12.8,54,12.8,19.1,238.0,967.1
2024-01-06T06:00,Maitri Station,-6.7,-11.8,57,11.3,18.7,328.0,967.6
2024-01-06T07:00,Maitri Station,-6.0,-10.7,59,8.9,17.3,421.0,968.1
2024-01-06T08:00,Maitri Station,-5.3,-9.0,63,5.6,13.7,506.0,968.4
2024-01-06T09:00,Maitri Station,-4.3,-7.1,59,3.3,9.0,582.0,968.7
2024-01-06T10:00,Maitri Station,-3.5,-5.9,38,1.3,6.1,637.0,969.0
2024-01-06T11:00,Maitri Station,-3.7,-5.6,44,0.8,4.0,671.0,969.4
2024-01-06T12:00,Maitri Station,-3.5,-5.7,58,3.9,7.6,679.0,969.7
2024-01-06T13:00,Maitri Station,-3.0,-5.0,60,3.1,5.8,663.0,969.1
2024-01-06T14:00,Maitri Station,-3.2,-5.5,72,3.7,7.6,619.0,969.2
2024-01-06T15:00,Maitri Station,-3.6,-6.3,75,3.8,7.9,555.0,969.4
2024-01-06T16:00,Maitri Station,-4.2,-8.0,75,6.1,10.8,475.0,969.4
2024-01-06T17:00,Maitri Station,-5.0,-9.3,74,7.4,12.6,385.0,969.5
2024-01-06T18:00,Maitri Station,-5.8,-10.4,69,9.5,15.5,292.0,969.6
2024-01-06T19:00,Maitri Station,-6.5,-11.5,64,11.0,17.6,206.0,969.6
2024-01-06T20:00,Maitri Station,-7.4,-12.6,60,11.2,17.6,131.0,969.8
2024-01-06T21:00,Maitri Station,-7.3,-12.2,53,8.5,16.9,75.0,970.0
2024-01-06T22:00,Maitri Station,-5.2,-9.8,41,6.8,13.7,39.0,970.0
2024-01-06T23:00,Maitri Station,-4.3,-8.8,35,5.6,11.2,21.0,970.2
2024-01-07T00:00,Maitri Station,-5.0,-9.7,34,6.6,9.7,18.0,970.3
2024-01-07T01:00,Maitri Station,-7.7,-12.7,50,9.0,13.0,25.0,969.2
2024-01-07T02:00,Maitri Station,-8.8,-14.0,56,10.8,15.1,48.0,968.9
2024-01-07T03:00,Maitri Station,-8.6,-13.8,57,10.7,15.5,93.0,968.7
2024-01-07T04:00,Maitri Station,-7.6,-12.3,53,7.9,15.1,159.0,968.7
2024-01-07T05:00,Maitri Station,-7.5,-12.2,57,7.9,11.9,240.0,968.5
2024-01-07T06:00,Maitri Station,-7.3,-11.8,62,7.2,11.9,330.0,968.2
2024-01-07T07:00,Maitri Station,-6.2,-10.3,62,5.1,10.8,423.0,968.4
2024-01-07T08:00,Maitri Station,-4.6,-8.1,48,3.3,8.6,510.0,968.4
2024-01-07T09:00,Maitri Station,-4.0,-6.8,52,2.9,7.6,584.0,968.4
2024-01-07T10:00,Maitri Station,-3.5,-5.7,57,2.3,7.6,639.0,968.1
2024-01-07T11:00,Maitri Station,-3.4,-5.6,57,4.0,9.4,671.0,968.0
2024-01-07T12:00,Maitri Station,-3.4,-5.6,65,4.7,10.4,679.0,967.8
2024-01-07T13:00,Maitri Station,-2.8,-4.7,57,1.9,5.0,661.0,966.7
2024-01-07T14:00,Maitri Station,-3.3,-5.4,67,2.3,5.8,619.0,966.6
2024-01-07T15:00,Maitri Station,-3.5,-5.9,68,1.1,5.4,556.0,966.4
2024-01-07T16:00,Maitri Station,-3.4,-6.5,66,0.8,4.0,476.0,965.8
2024-01-07T17:00,Maitri Station,-3.7,-7.0,68,1.5,3.2,387.0,965.6
2024-01-07T18:00,Maitri Station,-4.1,-7.6,70,2.4,2.9,295.0,965.3
2024-01-07T19:00,Maitri Station,-4.4,-8.4,60,4.6,6.1,207.0,965.5
2024-01-07T20:00,Maitri Station,-4.5,-8.6,59,5.0,7.6,132.0,965.5
2024-01-07T21:00,Maitri Station,-5.5,-9.9,59,6.4,9.0,75.0,965.4
2024-01-07T22:00,Maitri Station,-6.8,-11.5,55,8.0,11.9,38.0,965.3
2024-01-07T23:00,Maitri Station,-8.4,-13.4,51,9.6,13.7,21.0,965.3
2024-01-08T00:00,Maitri Station,-9.0,-14.6,50,13.0,18.7,17.0,965.5
2024-01-08T01:00,Maitri Station,-8.6,-14.1,54,12.3,19.4,25.0,965.1
2024-01-08T02:00,Maitri Station,-8.6,-14.1,54,12.8,18.7,49.0,965.3
2024-01-08T03:00,Maitri Station,-8.2,-13.6,53,11.9,19.1,94.0,965.1
2024-01-08T04:00,Maitri Station,-7.1,-12.6,49,12.7,22.0,159.0,965.5
2024-01-08T05:00,Maitri Station,-4.9,-11.3,43,18.9,32.0,238.0,966.2
2024-01-08T06:00,Maitri Station,-4.1,-10.9,43,22.6,38.5,329.0,966.6
2024-01-08T07:00,Maitri Station,-3.7,-11.1,47,26.6,44.6,422.0,967.2
2024-01-08T08:00,Maitri Station,-3.6,-10.9,54,28.8,49.0,508.0,967.8
2024-01-08T09:00,Maitri Station,-3.3,-9.9,56,27.3,48.6,579.0,968.5
2024-01-08T10:00,Maitri Station,-3.0,-8.8,57,23.7,46.1,633.0,969.1
2024-01-08T11:00,Maitri Station,-2.6,-7.7,57,20.7,40.0,668.0,969.5
2024-01-08T12:00,Maitri Station,-2.5,-7.3,58,19.6,35.6,676.0,969.8
2024-01-08T13:00,Maitri Station,-2.0,-6.9,59,19.9,36.4,654.0,969.5
2024-01-08T14:00,Maitri Station,-2.3,-7.1,61,18.0,33.5,606.0,970.0
2024-01-08T15:00,Maitri Station,-2.6,-7.5,62,16.3,30.6,540.0,970.5
2024-01-08T16:00,Maitri Station,-3.0,-8.2,63,14.7,27.7,462.0,970.5
2024-01-08T17:00,Maitri Station,-3.6,-8.9,63,14.3,24.8,377.0,970.8
2024-01-08T18:00,Maitri Station,-4.0,-9.7,59,16.3,26.6,285.0,970.8
2024-01-08T19:00,Maitri Station,-4.4,-10.4,55,17.9,29.2,200.0,970.9
2024-01-08T20:00,Maitri Station,-4.8,-11.1,53,19.5,31.3,128.0,971.3
2024-01-08T21:00,Maitri Station,-5.1,-11.6,51,20.3,32.4,72.0,971.7
2024-01-08T22:00,Maitri Station,-5.7,-12.0,50,18.7,32.4,36.0,972.0
2024-01-08T23:00,Maitri Station,-6.4,-12.4,50,16.5,29.5,18.0,972.3
2024-01-09T00:00,Maitri Station,-7.6,-13.1,52,12.9,25.6,15.0,972.5
2024-01-09T01:00,Maitri Station,-7.0,-12.7,55,14.3,20.2,22.0,972.6
2024-01-09T02:00,Maitri Station,-8.2,-13.8,60,14.5,20.2,44.0,972.9
2024-01-09T03:00,Maitri Station,-8.4,-13.8,62,12.8,20.2,86.0,973.4
2024-01-09T04:00,Maitri Station,-7.2,-12.7,57,13.3,19.1,148.0,973.6
2024-01-09T05:00,Maitri Station,-5.7,-11.3,54,14.1,22.7,228.0,973.8
2024-01-09T06:00,Maitri Station,-4.7,-10.0,53,12.9,22.7,316.0,974.2
2024-01-09T07:00,Maitri Station,-4.4,-9.0,58,8.6,20.5,407.0,974.2
2024-01-09T08:00,Maitri Station,-3.0,-6.6,45,3.7,14.4,493.0,974.5
2024-01-09T09:00,Maitri Station,-2.3,-5.2,36,1.9,8.6,568.0,974.8
2024-01-09T10:00,Maitri Station,-2.6,-5.0,61,4.0,9.0,625.0,974.8
2024-01-09T11:00,Maitri Station,-2.4,-4.7,60,4.8,10.4,658.0,975.0
2024-01-09T12:00,Maitri Station,-2.3,-4.1,62,2.4,10.1,666.0,975.2
2024-01-09T13:00,Maitri Station,-1.6,-3.6,66,3.1,6.8,649.0,974.3
2024-01-09T14:00,Maitri Station,-1.4,-3.6,52,1.6,5.4,606.0,974.2
2024-01-09T15:00,Maitri Station,-1.2,-4.1,49,2.3,4.3,545.0,974.0
2024-01-09T16:00,Maitri Station,-1.1,-4.7,45,2.6,4.3,466.0,973.6
2024-01-09T17:00,Maitri Station,-1.3,-5.2,43,3.6,4.7,378.0,973.3
2024-01-09T18:00,Maitri Station,-1.5,-5.6,41,4.3,5.8,286.0,972.9
2024-01-09T19:00,Maitri Station,-2.1,-6.3,39,4.4,6.1,200.0,972.6
2024-01-09T20:00,Maitri Station,-2.7,-7.0,38,4.7,6.5,125.0,972.2
2024-01-09T21:00,Maitri Station,-3.3,-7.6,38,4.8,7.2,69.0,972.0
2024-01-09T22:00,Maitri Station,-3.6,-7.9,37,4.3,7.2,34.0,971.9
2024-01-09T23:00,Maitri Station,-4.2,-8.7,35,5.4,7.9,17.0,971.5
2024-01-10T00:00,Maitri Station,-5.3,-10.0,33,6.1,9.0,14.0,971.0
2024-01-10T01:00,Maitri Station,-4.7,-9.2,35,5.1,7.9,20.0,970.2
2024-01-10T02:00,Maitri Station,-4.8,-9.0,35,3.0,7.9,42.0,969.9
2024-01-10T03:00,Maitri Station,-5.2,-9.1,36,1.4,5.4,82.0,969.4
2024-01-10T04:00,Maitri Station,-5.5,-9.4,37,1.3,4.0,143.0,968.9
2024-01-10T05:00,Maitri Station,-5.6,-9.6,39,1.8,3.2,222.0,968.6
2024-01-10T06:00,Maitri Station,-6.6,-10.9,55,5.4,7.6,311.0,968.4
2024-01-10T07:00,Maitri Station,-6.4,-11.0,60,7.9,11.9,402.0,968.1
2024-01-10T08:00,Maitri Station,-5.5,-9.9,60,9.2,14.4,480.0,967.5
2024-01-10T09:00,Maitri Station,-4.6,-8.2,60,7.8,14.4,553.0,967.3
2024-01-10T10:00,Maitri Station,-4.1,-6.7,63,3.9,13.0,614.0,966.8
2024-01-10T11:00,Maitri Station,-3.7,-6.1,56,3.8,7.9,651.0,966.5
2024-01-10T12:00,Maitri Station,-3.4,-6.1,62,6.8,9.7,660.0,966.2
2024-01-10T13:00,Maitri Station,-3.2,-5.9,61,5.9,9.4,652.0,964.6
2024-01-10T14:00,Maitri Station,-3.6,-6.9,67,8.9,14.8,610.0,963.9
2024-01-10T15:00,Maitri Station,-3.8,-7.3,71,7.4,14.8,542.0,963.4
2024-01-10T16:00,Maitri Station,-4.4,-8.6,73,8.3,12.6,467.0,962.8
2024-01-10T17:00,Maitri Station,-5.3,-9.6,71,7.4,12.6,381.0,962.1
2024-01-10T18:00,Maitri Station,-5.6,-10.6,60,11.3,17.3,290.0,962.5
2024-01-10T19:00,Maitri Station,-5.3,-11.4,51,17.7,30.6,203.0,962.6
2024-01-10T20:00,Maitri Station,-7.6,-12.9,54,12.1,29.9,128.0,962.4
2024-01-10T21:00,Maitri Station,-8.8,-14.0,54,10.4,19.8,72.0,962.0
2024-01-10T22:00,Maitri Station,-7.9,-13.0,44,9.2,15.1,34.0,962.1
2024-01-10T23:00,Maitri Station,-9.8,-15.3,50,12.2,15.8,18.0,962.2
2024-01-11T00:00,Maitri Station,-9.2,-15.1,51,14.8,21.6,14.0,962.1
2024-01-11T01:00,Maitri Station,-7.2,-13.5,49,18.4,28.4,21.0,961.9
2024-01-11T02:00,Maitri Station,-7.5,-13.6,51,16.9,27.7,43.0,961.9
2024-01-11T03:00,Maitri Station,-7.3,-13.3,50,16.2,26.3,85.0,961.9
2024-01-11T04:00,Maitri Station,-6.8,-12.7,50,15.9,26.3,148.0,962.0
2024-01-11T05:00,Maitri Station,-6.3,-12.1,52,15.1,25.2,227.0,962.2
2024-01-11T06:00,Maitri Station,-5.8,-11.3,52,14.1,23.8,318.0,962.7
2024-01-11T07:00,Maitri Station,-4.8,-10.3,51,14.3,24.5,410.0,963.0
2024-01-11T08:00,Maitri Station,-4.2,-9.0,54,11.9,23.8,498.0,963.1
2024-01-11T09:00,Maitri Station,-3.8,-7.4,59,8.2,18.4,573.0,963.3
2024-01-11T10:00,Maitri Station,-3.3,-6.0,65,5.7,12.6,630.0,963.7
2024-01-11T11:00,Maitri Station,-2.9,-4.8,69,3.3,8.3,664.0,963.9
2024-01-11T12:00,Maitri Station,-2.4,-4.2,51,1.1,5.4,672.0,964.3
2024-01-11T13:00,Maitri Station,-2.5,-4.5,67,3.3,3.6,653.0,963.8
2024-01-11T14:00,Maitri Station,-2.6,-5.6,63,6.7,9.4,610.0,964.0
2024-01-11T15:00,Maitri Station,-2.9,-6.6,61,8.4,13.0,548.0,963.9
2024-01-11T16:00,Maitri Station,-3.5,-7.9,60,8.9,13.7,469.0,964.1
2024-01-11T17:00,Maitri Station,-4.5,-9.0,62,8.2,13.0,380.0,964.1
2024-01-11T18:00,Maitri Station,-5.6,-10.3,63,9.3,13.0,288.0,964.4
2024-01-11T19:00,Maitri Station,-6.7,-11.6,63,10.4,14.4,200.0,964.6
2024-01-11T20:00,Maitri Station,-7.3,-12.1,56,9.0,14.0,124.0,965.3
2024-01-11T21:00,Maitri Station,-5.9,-10.7,41,7.2,12.2,67.0,965.9
2024-01-11T22:00,Maitri Station,-6.0,-10.8,37,7.3,10.1,32.0,966.6
2024-01-11T23:00,Maitri Station,-4.5,-9.3,29,6.4,10.1,16.0,967.2
2024-01-12T00:00,Maitri Station,-4.4,-8.7,29,3.8,8.6,12.0,967.8
2024-01-12T01:00,Maitri Station,-4.1,-8.5,39,5.4,7.9,18.0,967.4
2024-01-12T02:00,Maitri Station,-4.4,-8.7,39,4.3,7.2,38.0,968.0
2024-01-12T03:00,Maitri Station,-3.8,-8.2,36,4.7,6.5,79.0,968.4
2024-01-12T04:00,Maitri Station,-4.9,-9.4,39,6.0,8.6,140.0,969.0
2024-01-12T05:00,Maitri Station,-6.3,-10.9,47,6.8,9.0,219.0,969.2
2024-01-12T06:00,Maitri Station,-6.9,-11.5,58,7.0,9.4,307.0,969.8
2024-01-12T07:00,Maitri Station,-6.3,-10.9,60,7.5,10.1,399.0,970.5
2024-01-12T08:00,Maitri Station,-5.6,-9.7,62,7.3,10.4,485.0,971.2
2024-01-12T09:00,Maitri Station,-4.8,-8.3,65,6.9,10.1,559.0,971.9
2024-01-12T10:00,Maitri Station,-4.2,-7.0,67,6.0,9.7,616.0,972.3
2024-01-12T11:00,Maitri Station,-3.7,-6.1,70,5.2,8.6,652.0,972.7
2024-01-12T12:00,Maitri Station,-3.3,-5.4,74,4.8,7.6,661.0,972.9
2024-01-12T13:00,Maitri Station,-2.6,-5.1,67,5.6,7.9,644.0,972.1
2024-01-12T14:00,Maitri Station,-2.7,-5.5,70,5.9,8.6,604.0,972.4
2024-01-12T15:00,Maitri Station,-3.2,-6.5,71,6.4,9.0,542.0,972.5
2024-01-12T16:00,Maitri Station,-3.7,-7.5,68,5.7,9.0,459.0,972.6
2024-01-12T17:00,Maitri Station,-3.5,-7.6,57,5.4,7.9,352.0,972.8
2024-01-12T18:00,Maitri Station,-2.5,-6.5,44,3.7,7.2,267.0,973.2
2024-01-12T19:00,Maitri Station,-2.7,-6.8,42,3.8,5.4,191.0,973.8
2024-01-12T20:00,Maitri Station,-3.3,-7.6,42,5.4,7.9,120.0,974.3
2024-01-12T21:00,Maitri Station,-3.6,-8.0,38,4.9,7.9,64.0,974.6
2024-01-12T22:00,Maitri Station,-3.8,-8.3,34,5.7,8.6,29.0,974.9
2024-01-12T23:00,Maitri Station,-7.1,-12.0,42,8.3,11.9,14.0,974.6
2024-01-13T00:00,Maitri Station,-9.5,-15.3,50,14.4,19.8,11.0,974.7
2024-01-13T01:00,Maitri Station,-6.8,-12.7,55,16.3,24.8,16.0,975.0
2024-01-13T02:00,Maitri Station,-6.6,-12.8,53,18.1,27.7,35.0,974.9
2024-01-13T03:00,Maitri Station,-6.2,-12.5,51,18.4,29.2,75.0,974.7
2024-01-13T04:00,Maitri Station,-5.8,-12.2,49,19.4,31.3,136.0,974.6
2024-01-13T05:00,Maitri Station,-5.2,-12.1,48,22.5,36.4,214.0,974.6
2024-01-13T06:00,Maitri Station,-4.8,-11.8,49,23.4,38.9,303.0,974.8
2024-01-13T07:00,Maitri Station,-4.5,-11.6,50,24.6,41.0,395.0,974.9
2024-01-13T08:00,Maitri Station,-4.2,-10.8,53,23.2,41.4,480.0,975.0
2024-01-13T09:00,Maitri Station,-3.8,-9.4,55,19.3,38.9,554.0,974.8
2024-01-13T10:00,Maitri Station,-3.4,-7.9,55,15.3,32.4,610.0,974.5
2024-01-13T11:00,Maitri Station,-2.9,-6.6,55,11.6,25.6,645.0,974.2
2024-01-13T12:00,Maitri Station,-2.5,-5.7,56,9.3,19.8,656.0,973.7
2024-01-13T13:00,Maitri Station,-2.6,-5.3,61,6.2,15.1,643.0,972.8
2024-01-13T14:00,Maitri Station,-2.8,-5.3,64,3.7,10.4,604.0,972.3
2024-01-13T15:00,Maitri Station,-2.4,-5.6,47,3.4,7.2,544.0,971.5
2024-01-13T16:00,Maitri Station,-2.6,-6.5,43,4.0,6.5,467.0,970.8
2024-01-13T17:00,Maitri Station,-2.5,-6.7,38,4.2,6.5,379.0,970.5
2024-01-13T18:00,Maitri Station,-4.2,-8.6,44,5.8,8.3,286.0,969.8
2024-01-13T19:00,Maitri Station,-7.1,-12.0,58,9.4,13.0,198.0,969.3
2024-01-13T20:00,Maitri Station,-7.5,-12.9,52,12.8,18.4,122.0,969.3
2024-01-13T21:00,Maitri Station,-8.2,-13.8,50,13.4,19.4,66.0,969.1
2024-01-13T22:00,Maitri Station,-8.9,-14.9,51,16.3,23.4,31.0,968.4
2024-01-13T23:00,Maitri Station,-9.0,-15.2,49,17.3,25.9,14.0,967.7
2024-01-14T00:00,Maitri Station,-8.9,-15.3,47,18.4,28.4,11.0,967.4
2024-01-14T01:00,Maitri Station,-6.6,-14.0,42,25.0,39.2,17.0,967.2
2024-01-14T02:00,Maitri Station,-6.1,-14.3,42,30.6,50.0,38.0,967.0
2024-01-14T03:00,Maitri Station,-6.2,-14.3,43,30.4,50.4,79.0,967.3
2024-01-14T04:00,Maitri Station,-6.1,-14.6,45,33.6,55.8,141.0,967.2
2024-01-14T05:00,Maitri Station,-6.0,-14.5,48,33.5,55.8,224.0,967.4
2024-01-14T06:00,Maitri Station,-5.7,-14.1,51,33.2,56.5,286.0,967.4
2024-01-14T07:00,Maitri Station,-5.3,-13.5,54,32.2,55.4,303.0,967.5
2024-01-14T08:00,Maitri Station,-4.8,-13.0,55,32.7,54.7,272.0,967.3
2024-01-14T09:00,Maitri Station,-4.2,-12.2,57,32.1,54.7,139.0,967.1
2024-01-14T10:00,Maitri Station,-3.8,-11.6,58,32.2,54.0,84.0,966.9
2024-01-14T11:00,Maitri Station,-3.4,-11.1,59,32.9,55.1,91.0,966.7
2024-01-14T12:00,Maitri Station,-3.2,-11.0,61,33.6,55.8,83.0,966.5
2024-01-14T13:00,Maitri Station,-3.6,-11.0,63,31.4,52.2,83.0,965.6
2024-01-14T14:00,Maitri Station,-3.5,-11.3,64,32.3,54.0,57.0,965.5
2024-01-14T15:00,Maitri Station,-3.5,-11.5,64,33.2,55.4,58.0,965.3
2024-01-14T16:00,Maitri Station,-3.4,-11.4,63,33.1,55.8,81.0,965.0
2024-01-14T17:00,Maitri Station,-3.3,-11.5,59,33.5,56.5,69.0,964.7
2024-01-14T18:00,Maitri Station,-3.4,-11.7,57,34.0,57.2,28.0,964.6
2024-01-14T19:00,Maitri Station,-3.6,-11.7,56,32.6,57.2,14.0,964.7
2024-01-14T20:00,Maitri Station,-3.8,-11.6,55,30.8,54.7,1.0,965.1
2024-01-14T21:00,Maitri Station,-4.1,-12.1,54,31.7,53.3,6.0,965.4
2024-01-14T22:00,Maitri Station,-4.7,-12.7,54,31.7,54.4,9.0,965.7
2024-01-14T23:00,Maitri Station,-5.1,-13.1,55,31.2,54.0,1.0,966.3
2024-01-15T00:00,Maitri Station,-5.3,-13.5,54,32.5,55.1,1.0,966.7
2024-01-15T01:00,Maitri Station,-4.7,-12.6,54,30.6,52.2,0.0,966.7
2024-01-15T02:00,Maitri Station,-4.8,-12.5,54,29.2,51.8,0.0,967.3
2024-01-15T03:00,Maitri Station,-5.0,-12.7,55,29.3,49.7,4.0,967.4
2024-01-15T04:00,Maitri Station,-4.9,-12.6,55,29.1,49.7,13.0,967.7
2024-01-15T05:00,Maitri Station,-4.6,-12.2,55,28.7,49.7,39.0,967.8
2024-01-15T06:00,Maitri Station,-4.2,-11.6,55,27.6,48.6,57.0,968.2
2024-01-15T07:00,Maitri Station,-3.8,-11.1,56,26.9,47.2,83.0,968.3
2024-01-15T08:00,Maitri Station,-3.5,-10.6,57,26.0,46.1,168.0,968.6
2024-01-15T09:00,Maitri Station,-3.1,-9.9,58,25.8,44.6,245.0,968.9
2024-01-15T10:00,Maitri Station,-2.8,-9.4,59,26.4,44.6,259.0,969.3
2024-01-15T11:00,Maitri Station,-2.7,-8.9,61,25.6,44.6,305.0,969.4
2024-01-15T12:00,Maitri Station,-2.6,-8.5,62,24.8,43.2,319.0,969.3
2024-01-15T13:00,Maitri Station,-2.8,-8.6,65,23.1,41.0,285.0,969.4
2024-01-15T14:00,Maitri Station,-2.7,-8.6,65,22.3,39.2,304.0,969.5
2024-01-15T15:00,Maitri Station,-2.8,-8.8,66,20.5,37.8,210.0,969.7
2024-01-15T16:00,Maitri Station,-3.0,-8.8,67,18.8,34.9,130.0,969.4
2024-01-15T17:00,Maitri Station,-3.2,-9.0,66,18.1,32.4,95.0,969.1
2024-01-15T18:00,Maitri Station,-3.5,-9.5,65,19.0,32.8,106.0,969.2
2024-01-15T19:00,Maitri Station,-4.2,-10.4,64,19.8,33.8,84.0,969.2
2024-01-15T20:00,Maitri Station,-4.8,-11.1,62,20.7,34.9,72.0,969.6
2024-01-15T21:00,Maitri Station,-5.3,-11.8,60,21.3,35.6,33.0,969.8
2024-01-15T22:00,Maitri Station,-5.6,-12.2,58,21.9,36.7,13.0,970.1
2024-01-15T23:00,Maitri Station,-5.5,-12.2,56,22.4,37.4,3.0,970.2
2024-01-16T00:00,Maitri Station,-5.4,-12.3,55,23.2,38.9,1.0,970.6
2024-01-16T01:00,Maitri Station,-5.3,-12.0,55,22.5,38.9,5.0,970.7
2024-01-16T02:00,Maitri Station,-5.4,-11.7,56,19.5,37.8,11.0,970.9
2024-01-16T03:00,Maitri Station,-5.7,-11.7,55,17.3,33.5,42.0,970.9
2024-01-16T04:00,Maitri Station,-4.8,-11.2,52,19.9,33.1,76.0,970.9
2024-01-16T05:00,Maitri Station,-4.4,-11.0,52,21.5,36.7,151.0,971.2
2024-01-16T06:00,Maitri Station,-4.1,-10.9,53,22.7,38.5,251.0,971.5
2024-01-16T07:00,Maitri Station,-3.7,-10.2,55,22.1,38.9,328.0,971.9
2024-01-16T08:00,Maitri Station,-3.4,-9.4,57,19.7,37.8,426.0,971.9
2024-01-16T09:00,Maitri Station,-2.9,-8.4,58,19.1,34.2,526.0,972.3
2024-01-16T10:00,Maitri Station,-2.6,-8.0,57,20.9,36.0,590.0,972.4
2024-01-16T11:00,Maitri Station,-2.4,-7.6,57,20.4,36.4,629.0,972.4
2024-01-16T12:00,Maitri Station,-2.3,-7.0,57,17.8,35.6,640.0,972.3
2024-01-16T13:00,Maitri Station,-1.4,-5.7,59,15.7,28.8,626.0,971.4
2024-01-16T14:00,Maitri Station,-1.5,-6.1,60,16.2,28.4,585.0,971.4
2024-01-16T15:00,Maitri Station,-1.7,-6.8,60,17.3,29.9,522.0,971.4
2024-01-16T16:00,Maitri Station,-1.9,-7.8,59,19.2,33.1,443.0,971.5
2024-01-16T17:00,Maitri Station,-2.4,-8.5,59,20.4,34.9,355.0,971.5
2024-01-16T18:00,Maitri Station,-2.8,-9.4,57,22.5,38.2,264.0,971.5
2024-01-16T19:00,Maitri Station,-3.2,-10.2,55,25.1,42.5,178.0,971.4
2024-01-16T20:00,Maitri Station,-3.7,-10.8,55,25.5,43.9,106.0,971.7
2024-01-16T21:00,Maitri Station,-4.6,-11.3,56,23.1,43.6,52.0,971.8
2024-01-16T22:00,Maitri Station,-5.9,-12.0,58,18.0,39.6,21.0,971.9
2024-01-16T23:00,Maitri Station,-6.4,-12.7,54,19.3,33.1,8.0,972.1
2024-01-17T00:00,Maitri Station,-6.0,-13.1,55,24.2,41.4,5.0,972.5
2024-01-17T01:00,Maitri Station,-5.0,-12.3,61,26.9,46.1,7.0,972.8
2024-01-17T02:00,Maitri Station,-5.0,-12.4,64,27.7,47.5,21.0,973.2
2024-01-17T03:00,Maitri Station,-5.1,-12.3,66,27.3,47.5,55.0,973.6
2024-01-17T04:00,Maitri Station,-4.8,-11.8,67,25.9,46.4,105.0,973.9
2024-01-17T05:00,Maitri Station,-4.4,-11.3,68,24.9,43.9,169.0,974.0
2024-01-17T06:00,Maitri Station,-3.9,-10.5,68,24.0,42.8,192.0,974.2
2024-01-17T07:00,Maitri Station,-3.3,-9.8,69,23.2,41.4,207.0,974.3
2024-01-17T08:00,Maitri Station,-3.0,-9.4,71,23.0,40.0,183.0,974.5
2024-01-17T09:00,Maitri Station,-2.8,-8.9,72,23.2,39.6,349.0,974.5
2024-01-17T10:00,Maitri Station,-2.6,-8.0,73,22.5,40.0,578.0,974.3
2024-01-17T11:00,Maitri Station,-2.3,-7.3,73,21.3,38.5,611.0,974.0
2024-01-17T12:00,Maitri Station,-2.1,-6.8,74,19.9,36.7,605.0,973.9
2024-01-17T13:00,Maitri Station,-1.8,-6.8,72,19.1,34.6,345.0,973.5
2024-01-17T14:00,Maitri Station,-1.8,-6.4,73,17.4,31.7,544.0,973.5
2024-01-17T15:00,Maitri Station,-1.9,-6.6,75,15.6,29.2,518.0,973.1
2024-01-17T16:00,Maitri Station,-2.2,-7.1,77,13.8,26.3,435.0,973.0
2024-01-17T17:00,Maitri Station,-2.7,-7.4,77,12.2,23.8,350.0,972.9
2024-01-17T18:00,Maitri Station,-3.6,-8.2,78,10.9,20.5,259.0,972.9
2024-01-17T19:00,Maitri Station,-4.5,-9.2,76,10.6,18.0,172.0,972.9
2024-01-17T20:00,Maitri Station,-4.9,-9.2,74,7.7,16.9,100.0,973.1
2024-01-17T21:00,Maitri Station,-4.2,-8.4,69,7.1,13.3,47.0,973.3
2024-01-17T22:00,Maitri Station,-2.2,-6.2,61,5.8,11.5,17.0,973.5
2024-01-17T23:00,Maitri Station,-3.5,-7.7,63,6.6,10.8,5.0,973.6
2024-01-18T00:00,Maitri Station,-4.5,-8.8,63,6.9,11.5,3.0,973.7
2024-01-18T01:00,Maitri Station,-5.0,-9.4,69,8.4,14.4,6.0,973.3
2024-01-18T02:00,Maitri Station,-4.8,-9.9,69,12.6,20.5,18.0,973.5
2024-01-18T03:00,Maitri Station,-3.8,-9.1,67,15.0,24.8,51.0,973.7
2024-01-18T04:00,Maitri Station,-3.0,-8.4,70,15.6,26.3,102.0,974.5
2024-01-18T05:00,Maitri Station,-2.4,-7.5,73,14.8,26.6,137.0,975.0
2024-01-18T06:00,Maitri Station,-1.6,-6.3,76,13.1,25.9,109.0,975.9
2024-01-18T07:00,Maitri Station,-1.1,-6.0,75,14.7,26.3,165.0,976.6
2024-01-18T08:00,Maitri Station,-0.7,-6.0,77,18.0,31.3,259.0,977.6
2024-01-18T09:00,Maitri Station,-0.4,-5.9,78,20.3,34.9,304.0,978.6
2024-01-18T10:00,Maitri Station,-0.2,-5.2,80,19.8,35.3,376.0,979.2
2024-01-18T11:00,Maitri Station,0.2,-4.3,81,18.5,33.8,399.0,979.9
2024-01-18T12:00,Maitri Station,0.4,-4.0,81,17.7,31.7,356.0,980.5
2024-01-18T13:00,Maitri Station,0.6,-3.0,82,14.1,26.3,504.0,980.7
2024-01-18T14:00,Maitri Station,0.7,-3.1,82,13.4,25.2,392.0,981.5
2024-01-18T15:00,Maitri Station,0.6,-3.7,83,13.0,23.4,252.0,981.8
2024-01-18T16:00,Maitri Station,0.5,-3.7,84,12.3,23.0,187.0,982.2
2024-01-18T17:00,Maitri Station,0.2,-4.0,86,12.3,22.0,116.0,982.6
2024-01-18T18:00,Maitri Station,0.3,-3.9,86,12.1,22.0,73.0,982.9
2024-01-18T19:00,Maitri Station,0.3,-4.1,86,13.9,24.1,2.0,983.4
2024-01-18T20:00,Maitri Station,0.1,-4.6,85,15.5,27.0,0.0,984.0
2024-01-18T21:00,Maitri Station,-0.1,-5.1,85,17.2,29.9,6.0,984.2
2024-01-18T22:00,Maitri Station,-0.3,-5.6,83,19.0,33.1,2.0,984.1
2024-01-18T23:00,Maitri Station,-0.5,-5.6,82,16.9,32.8,1.0,984.2
2024-01-19T00:00,Maitri Station,-1.2,-6.7,79,18.7,31.7,1.0,984.0
2024-01-19T01:00,Maitri Station,-0.2,-6.6,67,24.9,41.4,0.0,983.9
2024-01-19T02:00,Maitri Station,0.1,-6.5,65,25.9,43.9,0.0,983.8
2024-01-19T03:00,Maitri Station,-0.1,-6.6,64,25.3,43.9,2.0,983.5
2024-01-19T04:00,Maitri Station,0.0,-6.5,62,25.0,43.2,6.0,983.1
2024-01-19T05:00,Maitri Station,-0.0,-6.5,59,24.1,42.8,19.0,982.9
2024-01-19T06:00,Maitri Station,0.0,-6.2,57,21.9,41.4,47.0,982.7
2024-01-19T07:00,Maitri Station,0.0,-7.0,54,26.9,45.4,125.0,982.5
2024-01-19T08:00,Maitri Station,0.1,-6.5,57,24.0,46.4,256.0,982.4
2024-01-19T09:00,Maitri Station,0.2,-5.7,60,21.6,41.0,359.0,982.0
2024-01-19T10:00,Maitri Station,0.5,-4.7,62,20.6,37.8,416.0,981.4
2024-01-19T11:00,Maitri Station,0.6,-4.0,66,18.9,36.0,505.0,980.6
2024-01-19T12:00,Maitri Station,0.9,-3.6,67,17.9,33.1,424.0,979.7
2024-01-19T13:00,Maitri Station,1.4,-3.2,66,16.7,34.6,215.0,978.8
2024-01-19T14:00,Maitri Station,1.3,-3.1,68,14.5,29.5,177.0,978.1
2024-01-19T15:00,Maitri Station,1.2,-3.3,70,12.7,25.9,179.0,977.4
2024-01-19T16:00,Maitri Station,1.0,-3.1,71,10.4,23.4,150.0,976.4
2024-01-19T17:00,Maitri Station,0.3,-3.7,73,9.4,19.1,108.0,975.5
2024-01-19T18:00,Maitri Station,-0.7,-4.9,72,9.3,16.6,110.0,974.7
2024-01-19T19:00,Maitri Station,-1.5,-5.9,67,9.8,15.8,76.0,974.0
2024-01-19T20:00,Maitri Station,-2.1,-6.9,61,11.0,17.3,29.0,973.6
2024-01-19T21:00,Maitri Station,-2.2,-7.5,55,13.9,21.6,22.0,973.3
2024-01-19T22:00,Maitri Station,-1.7,-7.6,50,18.0,28.4,2.0,973.0
2024-01-19T23:00,Maitri Station,-1.9,-8.3,48,21.2,33.5,0.0,972.6
2024-01-20T00:00,Maitri Station,-2.0,-8.4,47,20.6,33.8,0.0,972.5
2024-01-20T01:00,Maitri Station,-1.9,-8.2,46,20.0,32.4,1.0,971.8
2024-01-20T02:00,Maitri Station,-1.7,-8.5,44,23.1,36.7,4.0,971.5
2024-01-20T03:00,Maitri Station,-1.7,-8.7,44,24.3,38.5,28.0,970.9
2024-01-20T04:00,Maitri Station,-1.4,-8.0,45,22.0,38.2,64.0,970.4
2024-01-20T05:00,Maitri Station,-1.1,-7.2,46,19.2,34.2,78.0,970.6
2024-01-20T06:00,Maitri Station,-0.7,-6.2,49,15.6,29.9,50.0,970.9
2024-01-20T07:00,Maitri Station,-0.1,-5.0,53,12.0,24.8,77.0,971.4
2024-01-20T08:00,Maitri Station,0.3,-4.9,52,14.7,24.8,146.0,972.0
2024-01-20T09:00,Maitri Station,0.5,-4.5,54,13.8,25.6,167.0,972.3
2024-01-20T10:00,Maitri Station,1.0,-2.8,55,10.0,22.7,288.0,972.2
2024-01-20T11:00,Maitri Station,1.3,-1.8,57,7.1,17.3,364.0,972.1
2024-01-20T12:00,Maitri Station,1.5,-1.0,58,5.7,13.3,505.0,972.0
2024-01-20T13:00,Maitri Station,1.1,-1.0,46,1.3,6.8,610.0,972.5
2024-01-20T14:00,Maitri Station,0.7,-1.5,68,2.9,5.8,575.0,972.6
2024-01-20T15:00,Maitri Station,0.3,-2.7,65,4.9,7.2,513.0,972.4
2024-01-20T16:00,Maitri Station,-0.2,-4.0,62,6.1,8.3,432.0,972.1
2024-01-20T17:00,Maitri Station,-0.8,-4.9,58,6.9,9.4,347.0,972.1
2024-01-20T18:00,Maitri Station,-1.8,-6.1,58,8.0,10.8,256.0,972.3
2024-01-20T19:00,Maitri Station,-3.0,-7.7,58,10.0,13.7,170.0,972.2
2024-01-20T20:00,Maitri Station,-3.6,-8.3,54,9.3,14.4,99.0,972.4
2024-01-20T21:00,Maitri Station,-4.4,-9.2,55,9.7,14.4,46.0,972.7
2024-01-20T22:00,Maitri Station,-4.1,-8.9,53,9.1,14.8,16.0,973.0
2024-01-20T23:00,Maitri Station,-6.2,-11.7,59,14.0,18.0,4.0,973.5
2024-01-21T00:00,Maitri Station,-4.8,-10.9,54,18.1,26.6,1.0,974.2
2024-01-21T01:00,Maitri Station,-5.5,-10.9,60,13.8,23.0,3.0,974.2
2024-01-21T02:00,Maitri Station,-5.8,-11.1,60,13.0,18.7,8.0,974.3
2024-01-21T03:00,Maitri Station,-5.5,-10.6,60,12.2,18.0,22.0,974.5
2024-01-21T04:00,Maitri Station,-6.3,-10.6,62,6.2,16.9,66.0,974.9
2024-01-21T05:00,Maitri Station,-6.2,-10.5,65,6.3,8.6,138.0,975.5
2024-01-21T06:00,Maitri Station,-5.0,-9.3,62,6.5,10.1,244.0,975.8
2024-01-21T07:00,Maitri Station,-3.6,-7.7,55,4.8,8.6,348.0,976.0
2024-01-21T08:00,Maitri Station,-2.4,-6.2,34,1.8,7.9,451.0,976.3
2024-01-21T09:00,Maitri Station,-2.1,-5.3,33,1.4,5.8,528.0,976.4
2024-01-21T10:00,Maitri Station,-1.9,-4.7,52,3.7,7.9,584.0,976.3
2024-01-21T11:00,Maitri Station,-1.8,-4.3,52,4.0,8.6,623.0,976.2
2024-01-21T12:00,Maitri Station,-1.7,-3.9,49,1.9,7.9,632.0,975.9
2024-01-21T13:00,Maitri Station,-1.9,-4.3,61,3.7,5.0,611.0,975.9
2024-01-21T14:00,Maitri Station,-2.2,-5.2,70,6.0,8.6,574.0,975.7
2024-01-21T15:00,Maitri Station,-2.6,-6.1,73,6.4,9.7,514.0,975.5
2024-01-21T16:00,Maitri Station,-3.4,-7.1,73,4.7,9.4,436.0,975.0
2024-01-21T17:00,Maitri Station,-2.6,-6.4,58,3.5,7.2,347.0,974.8
2024-01-21T18:00,Maitri Station,-2.8,-6.4,55,1.8,5.4,255.0,974.6
2024-01-21T19:00,Maitri Station,-3.1,-6.6,54,1.1,3.2,169.0,974.4
2024-01-21T20:00,Maitri Station,-3.8,-7.4,56,1.6,2.2,96.0,974.4
2024-01-21T21:00,Maitri Station,-4.4,-8.3,56,3.9,5.4,44.0,974.5
2024-01-21T22:00,Maitri Station,-4.4,-8.7,51,5.9,8.3,15.0,974.6
2024-01-21T23:00,Maitri Station,-6.4,-11.0,52,7.6,11.2,3.0,974.6
2024-01-22T00:00,Maitri Station,-8.1,-13.1,53,9.5,14.4,1.0,974.5
2024-01-22T01:00,Maitri Station,-7.1,-12.5,61,12.7,19.8,2.0,974.8
2024-01-22T02:00,Maitri Station,-7.1,-12.5,62,13.7,20.9,11.0,974.6
2024-01-22T03:00,Maitri Station,-6.9,-12.4,59,13.6,22.0,42.0,974.6
2024-01-22T04:00,Maitri Station,-6.7,-12.0,56,11.8,21.6,92.0,974.4
2024-01-22T05:00,Maitri Station,-5.6,-11.3,51,15.1,25.2,161.0,974.3
2024-01-22T06:00,Maitri Station,-5.0,-11.4,50,20.2,33.5,230.0,974.5
2024-01-22T07:00,Maitri Station,-4.7,-11.3,51,21.2,35.3,323.0,974.7
2024-01-22T08:00,Maitri Station,-4.3,-10.7,54,20.6,35.6,412.0,974.8
2024-01-22T09:00,Maitri Station,-3.8,-9.4,58,18.5,34.6,464.0,974.9
2024-01-22T10:00,Maitri Station,-3.3,-8.2,61,15.8,31.0,470.0,975.1
2024-01-22T11:00,Maitri Station,-3.1,-7.5,64,15.2,27.0,543.0,975.2
2024-01-22T12:00,Maitri Station,-3.2,-7.4,67,14.6,26.3,605.0,975.2
2024-01-22T13:00,Maitri Station,-2.7,-6.0,72,9.7,18.0,592.0,975.1
2024-01-22T14:00,Maitri Station,-3.0,-6.4,74,8.8,16.6,558.0,975.1
2024-01-22T15:00,Maitri Station,-3.3,-7.4,74,10.2,17.3,499.0,974.9
2024-01-22T16:00,Maitri Station,-3.7,-8.6,71,12.4,20.2,425.0,974.9
2024-01-22T17:00,Maitri Station,-4.3,-9.6,66,14.1,23.4,339.0,975.0
2024-01-22T18:00,Maitri Station,-4.9,-10.6,60,16.5,26.6,250.0,974.9
2024-01-22T19:00,Maitri Station,-5.3,-11.6,54,19.6,31.7,164.0,974.6
2024-01-22T20:00,Maitri Station,-5.8,-12.4,52,21.4,35.3,92.0,974.9
2024-01-22T21:00,Maitri Station,-6.1,-13.3,51,24.7,41.4,40.0,975.3
2024-01-22T22:00,Maitri Station,-6.4,-14.0,53,27.7,46.4,12.0,975.4
2024-01-22T23:00,Maitri Station,-6.6,-14.2,52,27.7,46.8,2.0,975.6
2024-01-23T00:00,Maitri Station,-5.7,-13.1,53,27.1,46.1,0.0,975.5
2024-01-23T01:00,Maitri Station,-4.4,-11.9,58,28.0,47.2,0.0,975.2
2024-01-23T02:00,Maitri Station,-4.8,-12.2,61,28.3,47.9,0.0,975.4
2024-01-23T03:00,Maitri Station,-5.1,-12.7,62,28.9,49.3,0.0,975.6
2024-01-23T04:00,Maitri Station,-5.0,-13.0,59,31.4,52.6,0.0,975.8
2024-01-23T05:00,Maitri Station,-5.0,-13.3,61,33.5,56.2,4.0,976.0
2024-01-23T06:00,Maitri Station,-4.8,-13.1,62,34.0,57.2,50.0,976.3
2024-01-23T07:00,Maitri Station,-4.5,-12.7,62,33.7,57.2,144.0,976.8
2024-01-23T08:00,Maitri Station,-4.0,-12.1,62,33.0,56.5,149.0,977.0
2024-01-23T09:00,Maitri Station,-3.7,-11.7,61,32.8,55.4,165.0,977.1
2024-01-23T10:00,Maitri Station,-3.5,-11.1,60,32.6,55.1,389.0,977.2
2024-01-23T11:00,Maitri Station,-3.4,-10.7,61,32.5,54.7,568.0,977.5
2024-01-23T12:00,Maitri Station,-3.2,-10.1,62,31.1,54.4,533.0,977.7
2024-01-23T13:00,Maitri Station,-2.8,-9.5,63,29.0,51.5,536.0,977.8
2024-01-23T14:00,Maitri Station,-2.7,-9.4,63,27.4,48.6,404.0,978.1
2024-01-23T15:00,Maitri Station,-2.7,-9.5,63,25.8,45.7,312.0,978.3
2024-01-23T16:00,Maitri Station,-2.9,-9.7,62,24.6,43.2,325.0,978.6
2024-01-23T17:00,Maitri Station,-3.5,-10.5,59,25.3,42.5,322.0,978.9
2024-01-23T18:00,Maitri Station,-4.1,-11.6,57,28.6,47.5,237.0,979.3
2024-01-23T19:00,Maitri Station,-4.5,-12.4,55,31.2,52.2,151.0,979.4
2024-01-23T20:00,Maitri Station,-4.8,-13.1,54,33.1,54.7,77.0,979.8
2024-01-23T21:00,Maitri Station,-5.0,-13.3,52,33.3,55.8,25.0,980.1
2024-01-23T22:00,Maitri Station,-4.5,-12.8,52,33.6,56.2,2.0,980.3
2024-01-23T23:00,Maitri Station,-4.1,-12.5,53,33.7,56.5,0.0,980.5
2024-01-24T00:00,Maitri Station,-4.2,-12.5,52,32.9,56.2,0.0,981.0
2024-01-24T01:00,Maitri Station,-3.6,-11.9,61,34.7,58.3,0.0,981.1
2024-01-24T02:00,Maitri Station,-3.6,-11.8,61,34.4,58.0,0.0,981.3
2024-01-24T03:00,Maitri Station,-3.9,-12.2,57,34.3,57.6,5.0,981.6
2024-01-24T04:00,Maitri Station,-4.2,-12.5,54,33.8,57.2,19.0,981.7
2024-01-24T05:00,Maitri Station,-3.9,-12.1,52,32.8,56.2,29.0,982.1
2024-01-24T06:00,Maitri Station,-3.9,-11.9,50,31.0,54.7,23.0,982.5
2024-01-24T07:00,Maitri Station,-3.8,-11.5,50,28.8,51.8,111.0,982.8
2024-01-24T08:00,Maitri Station,-3.7,-10.9,51,26.1,48.6,322.0,983.0
2024-01-24T09:00,Maitri Station,-3.4,-9.9,50,23.7,44.6,501.0,983.0
2024-01-24T10:00,Maitri Station,-3.0,-9.4,50,24.8,42.1,557.0,982.7
2024-01-24T11:00,Maitri Station,-3.0,-9.8,51,28.7,48.2,599.0,982.6
2024-01-24T12:00,Maitri Station,-2.9,-9.5,54,28.3,48.6,608.0,982.6
2024-01-24T13:00,Maitri Station,-1.8,-7.8,51,24.3,41.0,586.0,981.4
2024-01-24T14:00,Maitri Station,-1.8,-8.0,54,24.0,41.4,549.0,981.4
2024-01-24T15:00,Maitri Station,-2.0,-8.5,55,24.2,41.0,487.0,981.1
2024-01-24T16:00,Maitri Station,-2.2,-9.1,55,25.4,42.8,408.0,980.8
2024-01-24T17:00,Maitri Station,-2.5,-9.5,56,25.6,43.6,320.0,980.7
2024-01-24T18:00,Maitri Station,-2.9,-10.0,56,25.8,43.9,226.0,980.7
2024-01-24T19:00,Maitri Station,-3.4,-10.7,57,27.3,45.7,133.0,980.6
2024-01-24T20:00,Maitri Station,-3.7,-11.1,59,28.4,47.5,60.0,980.7
2024-01-24T21:00,Maitri Station,-3.3,-10.6,62,27.9,47.5,4.0,980.8
2024-01-24T22:00,Maitri Station,-3.0,-10.0,65,26.9,46.8,0.0,980.8
2024-01-24T23:00,Maitri Station,-3.0,-10.0,61,25.9,45.4,0.0,980.6
2024-01-25T00:00,Maitri Station,-3.5,-10.7,56,26.6,45.0,0.0,980.6
2024-01-25T01:00,Maitri Station,-2.9,-10.6,57,30.2,51.1,0.0,980.5
2024-01-25T02:00,Maitri Station,-3.1,-10.7,55,29.2,50.8,1.0,980.3
2024-01-25T03:00,Maitri Station,-3.4,-10.9,52,27.8,49.3,14.0,980.1
2024-01-25T04:00,Maitri Station,-3.3,-10.7,51,27.5,46.8,57.0,979.9
2024-01-25T05:00,Maitri Station,-3.1,-10.5,49,27.8,47.2,122.0,979.8
2024-01-25T06:00,Maitri Station,-2.9,-10.4,49,28.0,46.8,196.0,979.8
2024-01-25T07:00,Maitri Station,-2.6,-10.2,49,29.3,49.0,226.0,979.8
2024-01-25T08:00,Maitri Station,-2.4,-10.1,51,29.9,50.4,369.0,979.4
2024-01-25T09:00,Maitri Station,-2.0,-9.2,53,28.8,50.0,439.0,979.4
2024-01-25T10:00,Maitri Station,-1.4,-8.2,57,26.9,48.6,266.0,979.1
2024-01-25T11:00,Maitri Station,-1.0,-7.5,60,24.3,45.4,111.0,978.9
2024-01-25T12:00,Maitri Station,-1.1,-7.2,62,22.1,41.0,107.0,978.7
2024-01-25T13:00,Maitri Station,-0.9,-6.2,60,20.1,37.1,457.0,978.5
2024-01-25T14:00,Maitri Station,-0.9,-6.4,59,19.9,34.9,471.0,978.1
2024-01-25T15:00,Maitri Station,-1.1,-6.8,58,19.2,34.2,450.0,977.7
2024-01-25T16:00,Maitri Station,-1.6,-7.5,58,19.2,33.5,404.0,977.5
2024-01-25T17:00,Maitri Station,-2.2,-8.0,57,17.9,32.8,325.0,977.3
2024-01-25T18:00,Maitri Station,-2.9,-8.7,55,16.9,31.0,237.0,977.3
2024-01-25T19:00,Maitri Station,-4.0,-9.6,54,15.6,28.8,152.0,977.1
2024-01-25T20:00,Maitri Station,-4.8,-10.6,52,15.6,26.3,82.0,977.0
2024-01-25T21:00,Maitri Station,-5.7,-11.6,51,16.2,25.6,33.0,976.8
2024-01-25T22:00,Maitri Station,-6.5,-12.5,51,16.7,25.2,8.0,976.6
2024-01-25T23:00,Maitri Station,-7.7,-13.9,54,17.8,25.9,1.0,976.2
2024-01-26T00:00,Maitri Station,-9.1,-15.5,61,19.2,27.7,0.0,976.1
2024-01-26T01:00,Maitri Station,-5.9,-12.1,51,18.5,31.7,0.0,975.7
2024-01-26T02:00,Maitri Station,-6.6,-12.8,52,17.6,28.8,7.0,975.3
2024-01-26T03:00,Maitri Station,-7.0,-13.0,54,16.7,26.6,37.0,975.2
2024-01-26T04:00,Maitri Station,-6.8,-12.5,54,14.5,24.8,91.0,975.3
2024-01-26T05:00,Maitri Station,-6.4,-11.7,55,11.8,21.2,165.0,975.3
2024-01-26T06:00,Maitri Station,-5.9,-10.8,55,9.6,18.0,253.0,975.3
2024-01-26T07:00,Maitri Station,-5.3,-9.8,58,7.2,15.1,345.0,975.3
2024-01-26T08:00,Maitri Station,-4.8,-8.9,62,5.6,11.9,432.0,975.3
2024-01-26T09:00,Maitri Station,-4.2,-7.7,63,4.9,9.4,509.0,975.4
2024-01-26T10:00,Maitri Station,-3.8,-6.9,67,5.1,8.3,567.0,975.3
2024-01-26T11:00,Maitri Station,-3.5,-6.3,67,5.2,9.0,603.0,975.3
2024-01-26T12:00,Maitri Station,-3.2,-5.9,64,4.6,8.6,613.0,975.3
2024-01-26T13:00,Maitri Station,-3.2,-6.2,65,6.2,12.2,591.0,975.1
2024-01-26T14:00,Maitri Station,-3.4,-6.9,69,8.0,14.4,551.0,975.0
2024-01-26T15:00,Maitri Station,-3.7,-7.4,75,6.8,14.4,488.0,974.8
2024-01-26T16:00,Maitri Station,-4.4,-8.1,79,4.8,12.2,408.0,974.7
2024-01-26T17:00,Maitri Station,-3.9,-7.6,68,3.7,9.0,318.0,974.6
2024-01-26T18:00,Maitri Station,-3.7,-7.5,58,3.6,6.8,227.0,974.5
2024-01-26T19:00,Maitri Station,-3.8,-7.5,50,2.3,6.1,139.0,974.6
2024-01-26T20:00,Maitri Station,-4.1,-7.7,47,1.1,4.7,72.0,975.0
2024-01-26T21:00,Maitri Station,-4.7,-9.0,53,5.9,7.6,24.0,975.3
2024-01-26T22:00,Maitri Station,-6.9,-11.4,62,6.7,10.4,4.0,975.4
2024-01-26T23:00,Maitri Station,-8.8,-13.6,60,8.5,11.9,0.0,975.5
2024-01-27T00:00,Maitri Station,-8.6,-13.3,55,7.4,12.6,0.0,975.6
2024-01-27T01:00,Maitri Station,-7.6,-12.0,61,6.1,9.4,0.0,975.9
2024-01-27T02:00,Maitri Station,-7.7,-12.2,59,6.2,8.6,1.0,976.0
2024-01-27T03:00,Maitri Station,-7.8,-12.3,58,6.0,8.6,8.0,976.1
2024-01-27T04:00,Maitri Station,-7.9,-12.4,58,6.2,9.0,44.0,976.0
2024-01-27T05:00,Maitri Station,-7.5,-11.8,57,5.4,9.0,120.0,976.3
2024-01-27T06:00,Maitri Station,-7.1,-11.3,65,5.1,7.9,186.0,976.6
2024-01-27T07:00,Maitri Station,-6.0,-9.9,63,3.7,7.9,246.0,976.8
2024-01-27T08:00,Maitri Station,-4.8,-8.6,55,2.9,6.8,320.0,976.9
2024-01-27T09:00,Maitri Station,-4.1,-7.6,59,2.8,6.1,386.0,977.1
2024-01-27T10:00,Maitri Station,-3.3,-6.4,58,3.2,5.8,453.0,977.0
2024-01-27T11:00,Maitri Station,-2.8,-5.6,63,4.3,5.8,517.0,977.0
2024-01-27T12:00,Maitri Station,-2.6,-5.1,73,4.0,6.1,572.0,977.1
2024-01-27T13:00,Maitri Station,-1.9,-4.6,75,5.9,9.7,584.0,976.1
2024-01-27T14:00,Maitri Station,-2.2,-5.0,79,5.0,9.4,545.0,976.2
2024-01-27T15:00,Maitri Station,-2.4,-5.7,75,4.8,7.6,484.0,976.3
2024-01-27T16:00,Maitri Station,-2.5,-6.3,67,5.2,7.2,406.0,976.5
2024-01-27T17:00,Maitri Station,-2.9,-7.0,61,6.2,8.3,318.0,976.7
2024-01-27T18:00,Maitri Station,-3.4,-7.7,54,6.5,9.0,228.0,977.2
2024-01-27T19:00,Maitri Station,-3.7,-8.2,46,6.8,9.7,143.0,977.7
2024-01-27T20:00,Maitri Station,-4.7,-9.4,46,7.6,10.4,74.0,978.0
2024-01-27T21:00,Maitri Station,-4.8,-9.5,43,7.2,10.8,27.0,978.8
2024-01-27T22:00,Maitri Station,-3.2,-7.8,35,6.5,10.4,5.0,979.3
2024-01-27T23:00,Maitri Station,-2.7,-7.2,32,6.1,9.4,0.0,979.9
2024-01-28T00:00,Maitri Station,-2.9,-7.4,33,5.5,8.6,0.0,980.5
2024-01-28T01:00,Maitri Station,-6.3,-11.2,48,8.7,11.9,0.0,980.7
2024-01-28T02:00,Maitri Station,-6.3,-11.1,48,8.2,11.9,7.0,981.4
2024-01-28T03:00,Maitri Station,-4.3,-8.8,41,6.4,11.2,31.0,982.0
2024-01-28T04:00,Maitri Station,-3.5,-7.8,39,4.7,8.6,79.0,982.4
2024-01-28T05:00,Maitri Station,-3.5,-7.7,40,3.8,6.1,146.0,983.0
2024-01-28T06:00,Maitri Station,-3.6,-7.7,41,3.6,5.4,223.0,983.3
2024-01-28T07:00,Maitri Station,-3.4,-7.3,41,2.6,5.4,299.0,983.3
2024-01-28T08:00,Maitri Station,-3.4,-7.2,43,1.8,4.0,375.0,983.6
2024-01-28T09:00,Maitri Station,-3.7,-7.2,47,2.3,3.6,454.0,984.0
2024-01-28T10:00,Maitri Station,-4.1,-7.1,59,3.1,5.0,511.0,984.1
2024-01-28T11:00,Maitri Station,-4.1,-7.0,59,3.3,6.1,531.0,984.4
2024-01-28T12:00,Maitri Station,-4.3,-7.1,66,4.5,7.6,536.0,984.4
2024-01-28T13:00,Maitri Station,-4.7,-7.7,76,4.9,9.0,427.0,984.6
2024-01-28T14:00,Maitri Station,-5.4,-8.5,84,4.0,9.4,316.0,984.5
2024-01-28T15:00,Maitri Station,-5.6,-9.3,85,4.3,8.6,292.0,984.5
2024-01-28T16:00,Maitri Station,-6.3,-10.0,90,4.3,8.6,226.0,984.6
2024-01-28T17:00,Maitri Station,-6.9,-10.6,93,4.3,7.9,205.0,984.6
2024-01-28T18:00,Maitri Station,-7.7,-11.3,93,3.3,7.6,116.0,984.8
2024-01-28T19:00,Maitri Station,-8.4,-12.1,92,3.4,5.8,88.0,984.8
2024-01-28T20:00,Maitri Station,-8.8,-12.5,91,3.3,5.4,36.0,985.2
2024-01-28T21:00,Maitri Station,-9.2,-13.2,88,4.7,6.1,13.0,985.5
2024-01-28T22:00,Maitri Station,-8.7,-12.6,84,4.0,6.1,2.0,985.7
2024-01-28T23:00,Maitri Station,-9.3,-13.4,84,4.9,6.8,0.0,986.1
2024-01-29T00:00,Maitri Station,-9.5,-13.5,84,4.7,7.2,0.0,986.5
2024-01-29T01:00,Maitri Station,-7.4,-11.2,78,3.8,5.0,0.0,986.4
2024-01-29T02:00,Maitri Station,-8.1,-11.8,83,2.5,6.1,3.0,986.8
2024-01-29T03:00,Maitri Station,-8.4,-11.9,85,1.3,4.0,13.0,987.0
2024-01-29T04:00,Maitri Station,-8.3,-11.9,84,1.8,3.2,43.0,987.1
2024-01-29T05:00,Maitri Station,-8.2,-11.7,86,2.1,3.2,88.0,987.3
2024-01-29T06:00,Maitri Station,-7.8,-11.3,81,1.1,4.0,140.0,987.6
2024-01-29T07:00,Maitri Station,-7.3,-10.7,79,0.8,4.0,211.0,987.9
2024-01-29T08:00,Maitri Station,-6.1,-9.6,72,1.8,5.0,270.0,988.2
2024-01-29T09:00,Maitri Station,-5.4,-8.6,70,0.8,5.0,355.0,988.4
2024-01-29T10:00,Maitri Station,-5.4,-8.3,75,1.8,5.4,426.0,988.3
2024-01-29T11:00,Maitri Station,-4.4,-6.8,69,1.1,5.4,489.0,988.4
2024-01-29T12:00,Maitri Station,-3.5,-6.0,62,1.8,5.4,494.0,988.3
2024-01-29T13:00,Maitri Station,-3.8,-6.1,61,0.0,3.6,540.0,988.6
2024-01-29T14:00,Maitri Station,-3.5,-6.2,72,2.6,4.7,522.0,988.5
2024-01-29T15:00,Maitri Station,-2.7,-6.2,54,2.7,6.1,474.0,988.4
2024-01-29T16:00,Maitri Station,-2.6,-6.1,54,1.6,5.4,406.0,988.2
2024-01-29T17:00,Maitri Station,-1.8,-5.6,49,3.7,6.1,317.0,988.0
2024-01-29T18:00,Maitri Station,-3.1,-7.6,50,7.2,11.2,225.0,987.7
2024-01-29T19:00,Maitri Station,-5.2,-10.4,53,11.3,17.3,140.0,987.5
2024-01-29T20:00,Maitri Station,-4.9,-9.8,45,9.0,18.0,70.0,987.7
2024-01-29T21:00,Maitri Station,-6.0,-10.8,45,8.3,15.1,24.0,987.9
2024-01-29T22:00,Maitri Station,-8.1,-13.4,50,11.3,19.1,4.0,987.9
2024-01-29T23:00,Maitri Station,-5.9,-12.4,42,19.4,32.4,0.0,987.7
2024-01-30T00:00,Maitri Station,-4.3,-11.8,39,26.1,43.9,0.0,987.4
2024-01-30T01:00,Maitri Station,-3.6,-11.3,38,28.1,47.9,0.0,986.9
2024-01-30T02:00,Maitri Station,-3.8,-11.6,39,28.4,49.0,5.0,986.2
2024-01-30T03:00,Maitri Station,-3.9,-11.6,41,28.1,49.0,28.0,986.0
2024-01-30T04:00,Maitri Station,-4.0,-11.8,45,29.2,50.4,77.0,985.7
2024-01-30T05:00,Maitri Station,-4.2,-12.1,50,30.0,51.8,149.0,985.7
2024-01-30T06:00,Maitri Station,-3.8,-11.8,52,31.0,53.6,233.0,985.0
2024-01-30T07:00,Maitri Station,-3.3,-11.4,54,32.1,55.4,322.0,984.6
2024-01-30T08:00,Maitri Station,-2.6,-11.1,53,35.8,60.1,408.0,983.5
2024-01-30T09:00,Maitri Station,-1.9,-11.0,50,41.0,69.8,486.0,982.2
2024-01-30T10:00,Maitri Station,-1.2,-10.4,48,43.2,73.4,547.0,980.9
2024-01-30T11:00,Maitri Station,-0.6,-9.8,48,44.5,75.2,583.0,979.3
2024-01-30T12:00,Maitri Station,-0.5,-9.9,48,46.3,78.1,582.0,977.8
2024-01-30T13:00,Maitri Station,-0.1,-9.6,48,46.6,78.1,563.0,976.5
2024-01-30T14:00,Maitri Station,0.1,-10.2,47,50.6,85.0,460.0,974.7
2024-01-30T15:00,Maitri Station,0.1,-10.7,47,52.3,87.5,311.0,972.9
2024-01-30T16:00,Maitri Station,0.3,-11.1,45,56.2,94.0,189.0,971.3
2024-01-30T17:00,Maitri Station,0.1,-11.9,45,60.2,100.4,59.0,969.8
2024-01-30T18:00,Maitri Station,0.2,-12.3,43,63.0,105.1,16.0,968.7
2024-01-30T19:00,Maitri Station,0.1,-12.8,43,65.7,109.4,3.0,967.5
2024-01-30T20:00,Maitri Station,0.1,-13.0,46,67.1,112.0,0.0,967.1
2024-01-30T21:00,Maitri Station,-0.5,-13.7,53,69.0,115.2,0.0,967.0
2024-01-30T22:00,Maitri Station,-1.0,-14.3,58,70.1,115.9,0.0,966.9
2024-01-30T23:00,Maitri Station,-1.3,-14.7,63,70.7,118.1,0.0,966.8
2024-01-31T00:00,Maitri Station,-1.4,-14.9,66,72.2,120.6,0.0,966.3
2024-01-31T01:00,Maitri Station,-1.2,-14.3,61,68.4,115.2,0.0,965.7
2024-01-31T02:00,Maitri Station,-1.3,-14.1,66,67.5,114.1,0.0,965.7
2024-01-31T03:00,Maitri Station,-1.5,-14.0,69,65.7,112.7,0.0,965.4
2024-01-31T04:00,Maitri Station,-1.5,-13.6,69,63.0,109.4,0.0,965.0
2024-01-31T05:00,Maitri Station,-1.5,-13.5,70,61.8,105.5,0.0,964.2
2024-01-31T06:00,Maitri Station,-1.4,-13.2,71,61.1,103.0,0.0,963.3
2024-01-31T07:00,Maitri Station,-1.2,-13.0,72,61.9,103.0,0.0,962.7
2024-01-31T08:00,Maitri Station,-1.0,-12.7,73,61.0,103.3,0.0,962.3
2024-01-31T09:00,Maitri Station,-0.8,-12.4,73,60.0,101.9,0.0,961.9
2024-01-31T10:00,Maitri Station,-0.6,-12.0,74,59.4,100.1,0.0,961.1
2024-01-31T11:00,Maitri Station,-0.4,-11.9,74,60.0,99.4,0.0,960.6
2024-01-31T12:00,Maitri Station,-0.3,-11.6,75,58.6,99.7,0.0,960.3
2024-01-31T13:00,Maitri Station,-0.5,-11.3,77,55.7,95.4,0.0,960.2
2024-01-31T14:00,Maitri Station,-0.5,-11.1,76,54.2,92.5,0.0,960.0
2024-01-31T15:00,Maitri Station,-0.2,-10.6,74,52.7,90.4,2.0,959.9
2024-01-31T16:00,Maitri Station,-0.2,-10.4,74,51.0,88.2,0.0,960.0
2024-01-31T17:00,Maitri Station,-0.4,-10.2,77,48.8,85.3,0.0,960.3
2024-01-31T18:00,Maitri Station,-0.5,-9.8,78,46.1,81.4,0.0,960.5
2024-01-31T19:00,Maitri Station,-0.4,-9.4,79,43.8,77.4,0.0,961.0
2024-01-31T20:00,Maitri Station,-0.4,-9.2,79,42.3,73.4,0.0,961.4
2024-01-31T21:00,Maitri Station,-0.5,-9.4,79,43.1,72.0,0.0,961.6
2024-01-31T22:00,Maitri Station,-0.4,-9.4,77,44.0,73.4,0.0,962.0
2024-01-31T23:00,Maitri Station,-0.4,-9.6,75,44.8,74.9,0.0,962.3
2024-02-01T00:00,Maitri Station,-0.2,-9.3,76,44.3,75.2,0.0,962.3
2024-02-01T01:00,Maitri Station,-0.3,-8.8,78,40.6,71.6,0.0,962.8
2024-02-01T02:00,Maitri Station,-0.2,-9.0,76,42.7,72.4,0.0,963.1
2024-02-01T03:00,Maitri Station,-0.2,-8.8,77,40.9,72.7,0.0,963.5
2024-02-01T04:00,Maitri Station,-0.3,-9.3,77,44.0,72.7,0.0,964.0
2024-02-01T05:00,Maitri Station,-0.3,-8.8,80,40.6,74.5,0.0,964.4
2024-02-01T06:00,Maitri Station,-0.1,-8.5,82,40.8,70.2,0.0,964.9
2024-02-01T07:00,Maitri Station,0.2,-8.6,82,43.7,72.7,1.0,965.3
2024-02-01T08:00,Maitri Station,0.3,-8.7,82,45.0,76.7,0.0,965.6
2024-02-01T09:00,Maitri Station,0.6,-8.7,83,47.0,78.5,6.0,966.2
2024-02-01T10:00,Maitri Station,0.6,-8.2,86,44.3,78.8,1.0,966.9
2024-02-01T11:00,Maitri Station,0.8,-7.9,87,43.8,76.3,8.0,967.5
2024-02-01T12:00,Maitri Station,0.9,-7.4,88,41.8,74.5,6.0,968.1
2024-02-01T13:00,Maitri Station,1.0,-7.2,89,40.8,70.6,4.0,969.2
2024-02-01T14:00,Maitri Station,1.0,-6.8,89,38.5,67.7,0.0,969.9
2024-02-01T15:00,Maitri Station,1.0,-6.7,89,37.5,64.4,0.0,970.4
2024-02-01T16:00,Maitri Station,1.0,-6.7,88,37.4,62.6,0.0,970.8
2024-02-01T17:00,Maitri Station,1.0,-6.7,88,37.4,63.0,0.0,971.2
2024-02-01T18:00,Maitri Station,1.0,-6.6,88,36.9,62.3,0.0,971.7
2024-02-01T19:00,Maitri Station,1.0,-6.6,86,36.1,61.2,0.0,972.3
2024-02-01T20:00,Maitri Station,1.0,-6.5,84,35.6,60.8,0.0,973.0
2024-02-01T21:00,Maitri Station,0.9,-6.4,83,34.4,59.8,0.0,973.5
2024-02-01T22:00,Maitri Station,0.8,-6.4,83,33.5,58.0,0.0,973.7
2024-02-01T23:00,Maitri Station,0.8,-6.4,81,32.8,56.5,0.0,973.8
2024-02-02T00:00,Maitri Station,0.8,-6.3,79,31.5,55.4,0.0,973.7
2024-02-02T01:00,Maitri Station,0.6,-6.5,78,31.6,55.1,0.0,973.8
2024-02-02T02:00,Maitri Station,0.7,-6.3,77,30.4,53.6,0.0,973.8
2024-02-02T03:00,Maitri Station,0.6,-5.9,76,27.3,51.1,0.0,973.6
2024-02-02T04:00,Maitri Station,0.6,-5.6,74,25.0,46.8,3.0,973.2
2024-02-02T05:00,Maitri Station,0.6,-5.4,72,22.6,42.5,15.0,973.0
2024-02-02T06:00,Maitri Station,0.8,-4.7,70,19.3,38.2,51.0,972.6
2024-02-02T07:00,Maitri Station,0.9,-4.1,70,16.1,33.5,190.0,972.1
2024-02-02T08:00,Maitri Station,0.9,-3.7,69,12.8,28.1,317.0,971.4
2024-02-02T09:00,Maitri Station,1.3,-2.8,65,9.9,22.7,422.0,970.9
2024-02-02T10:00,Maitri Station,1.3,-1.6,70,5.6,18.0,495.0,970.1
2024-02-02T11:00,Maitri Station,2.5,-0.1,47,1.9,11.2,539.0,969.3
2024-02-02T12:00,Maitri Station,1.6,-1.3,68,7.2,8.6,558.0,968.3
2024-02-02T13:00,Maitri Station,1.9,-1.4,67,9.4,13.3,551.0,966.7
2024-02-02T14:00,Maitri Station,2.0,-1.5,71,10.1,15.5,516.0,965.7
2024-02-02T15:00,Maitri Station,1.5,-2.1,75,8.7,14.8,455.0,964.6
2024-02-02T16:00,Maitri Station,0.7,-3.1,72,8.0,12.2,374.0,963.5
2024-02-02T17:00,Maitri Station,-0.2,-4.2,66,8.4,11.5,284.0,962.9
2024-02-02T18:00,Maitri Station,-0.6,-5.2,60,11.2,15.1,191.0,962.3
2024-02-02T19:00,Maitri Station,-0.9,-6.1,55,14.2,20.2,113.0,961.8
2024-02-02T20:00,Maitri Station,-1.2,-6.9,51,16.8,24.5,55.0,961.9
2024-02-02T21:00,Maitri Station,-2.0,-7.8,52,17.1,24.8,15.0,961.7
2024-02-02T22:00,Maitri Station,-2.9,-8.8,54,17.3,24.8,1.0,961.7
2024-02-02T23:00,Maitri Station,-3.1,-9.1,52,18.0,27.4,0.0,961.8
2024-02-03T00:00,Maitri Station,-3.0,-9.3,49,19.4,31.3,0.0,962.0
2024-02-03T01:00,Maitri Station,-1.0,-9.2,42,33.3,55.4,0.0,962.2
2024-02-03T02:00,Maitri Station,-1.3,-9.8,45,35.0,57.6,1.0,962.6
2024-02-03T03:00,Maitri Station,-1.4,-10.2,47,37.0,61.2,17.0,963.4
2024-02-03T04:00,Maitri Station,-1.7,-10.5,50,37.9,62.6,59.0,964.1
2024-02-03T05:00,Maitri Station,-1.6,-10.0,51,34.7,62.6,127.0,964.9
2024-02-03T06:00,Maitri Station,-1.4,-9.2,50,30.9,58.3,211.0,965.6
2024-02-03T07:00,Maitri Station,-1.2,-8.6,51,28.8,52.6,301.0,966.2
2024-02-03T08:00,Maitri Station,-1.0,-8.2,53,27.4,49.3,387.0,966.9
2024-02-03T09:00,Maitri Station,-0.9,-7.6,56,24.8,46.8,462.0,967.5
2024-02-03T10:00,Maitri Station,-0.7,-6.7,59,22.6,42.8,518.0,968.0
2024-02-03T11:00,Maitri Station,-0.6,-6.1,61,21.0,38.9,552.0,968.1
2024-02-03T12:00,Maitri Station,-0.5,-5.6,62,19.1,36.0,562.0,968.4
2024-02-03T13:00,Maitri Station,-0.7,-5.6,64,17.8,33.1,546.0,968.1
2024-02-03T14:00,Maitri Station,-0.7,-6.1,64,19.0,33.1,506.0,968.4
2024-02-03T15:00,Maitri Station,-0.9,-6.9,65,20.8,36.4,443.0,968.7
2024-02-03T16:00,Maitri Station,-1.2,-7.4,65,22.2,38.2,360.0,968.8
2024-02-03T17:00,Maitri Station,-1.5,-7.8,67,22.6,38.9,270.0,969.0
2024-02-03T18:00,Maitri Station,-2.1,-8.3,69,21.9,38.9,184.0,969.4
2024-02-03T19:00,Maitri Station,-2.7,-8.7,71,20.5,37.8,100.0,969.9
2024-02-03T20:00,Maitri Station,-2.6,-8.4,73,19.5,35.3,18.0,970.3
2024-02-03T21:00,Maitri Station,-2.1,-7.9,72,19.8,33.8,2.0,970.7
2024-02-03T22:00,Maitri Station,-2.3,-8.0,70,19.2,33.8,0.0,971.1
2024-02-03T23:00,Maitri Station,-2.3,-8.2,68,19.5,33.1,0.0,971.3
2024-02-04T00:00,Maitri Station,-2.6,-8.5,68,19.3,33.1,0.0,971.6
2024-02-04T01:00,Maitri Station,-3.3,-8.6,70,15.7,27.0,0.0,972.4
2024-02-04T02:00,Maitri Station,-3.7,-9.3,68,16.4,27.7,0.0,972.7
2024-02-04T03:00,Maitri Station,-3.3,-9.1,64,17.4,29.5,0.0,972.9
2024-02-04T04:00,Maitri Station,-3.1,-9.1,60,19.2,32.4,0.0,973.2
2024-02-04T05:00,Maitri Station,-2.8,-8.8,61,19.2,32.8,6.0,973.5
2024-02-04T06:00,Maitri Station,-2.6,-8.3,62,17.9,32.0,6.0,973.7
2024-02-04T07:00,Maitri Station,-2.5,-7.8,63,14.8,29.9,110.0,973.8
2024-02-04T08:00,Maitri Station,-2.2,-7.0,64,11.7,25.2,267.0,973.9
2024-02-04T09:00,Maitri Station,-1.9,-6.4,65,9.7,20.2,397.0,974.0
2024-02-04T10:00,Maitri Station,-1.7,-5.5,66,8.4,17.3,455.0,974.1
2024-02-04T11:00,Maitri Station,-1.5,-4.8,67,6.7,15.5,503.0,974.3
2024-02-04T12:00,Maitri Station,-1.4,-4.5,68,6.2,13.0,531.0,974.4
2024-02-04T13:00,Maitri Station,-1.4,-5.0,70,9.5,17.3,528.0,974.8
2024-02-04T14:00,Maitri Station,-1.4,-5.3,72,9.8,17.6,509.0,974.9
2024-02-04T15:00,Maitri Station,-1.5,-5.7,74,9.0,16.9,409.0,974.8
2024-02-04T16:00,Maitri Station,-2.0,-6.0,77,7.9,15.5,298.0,974.7
2024-02-04T17:00,Maitri Station,-3.1,-7.1,78,7.5,13.7,262.0,974.6
2024-02-04T18:00,Maitri Station,-3.9,-8.4,75,10.0,14.8,181.0,974.6
2024-02-04T19:00,Maitri Station,-4.8,-9.6,72,11.5,16.9,104.0,974.7
2024-02-04T20:00,Maitri Station,-5.8,-10.7,71,11.2,16.9,42.0,974.6
2024-02-04T21:00,Maitri Station,-6.1,-10.8,67,9.4,15.8,9.0,974.9
2024-02-04T22:00,Maitri Station,-4.5,-8.9,57,7.3,13.0,0.0,975.0
2024-02-04T23:00,Maitri Station,-2.8,-6.8,50,4.1,10.1,0.0,975.2
2024-02-05T00:00,Maitri Station,-3.2,-7.0,51,3.1,5.8,0.0,975.3
2024-02-05T01:00,Maitri Station,-4.1,-8.0,55,4.0,5.8,0.0,975.7
2024-02-05T02:00,Maitri Station,-4.7,-8.5,57,2.6,5.8,0.0,976.0
2024-02-05T03:00,Maitri Station,-5.4,-8.9,60,1.0,3.6,9.0,976.2
2024-02-05T04:00,Maitri Station,-5.0,-8.9,58,3.3,5.4,43.0,976.3
2024-02-05T05:00,Maitri Station,-6.1,-10.3,64,6.0,8.3,109.0,976.4
2024-02-05T06:00,Maitri Station,-6.4,-10.6,68,6.0,8.6,193.0,976.4
2024-02-05T07:00,Maitri Station,-6.4,-10.6,72,6.1,8.6,287.0,976.5
2024-02-05T08:00,Maitri Station,-5.6,-9.9,71,7.3,9.4,380.0,976.5
2024-02-05T09:00,Maitri Station,-5.0,-9.2,70,7.1,9.7,460.0,976.6
2024-02-05T10:00,Maitri Station,-4.6,-8.2,70,5.9,9.4,515.0,976.7
2024-02-05T11:00,Maitri Station,-4.2,-7.3,71,4.3,8.3,545.0,976.8
2024-02-05T12:00,Maitri Station,-4.0,-6.4,78,1.6,6.5,555.0,976.6
2024-02-05T13:00,Maitri Station,-3.4,-6.4,70,4.0,7.6,537.0,976.4
2024-02-05T14:00,Maitri Station,-3.6,-6.5,76,2.3,5.4,497.0,976.3
2024-02-05T15:00,Maitri Station,-3.3,-6.9,61,2.5,4.7,437.0,976.1
2024-02-05T16:00,Maitri Station,-4.0,-7.8,63,4.1,7.2,361.0,975.8
2024-02-05T17:00,Maitri Station,-4.9,-9.1,62,5.9,9.7,273.0,975.7
2024-02-05T18:00,Maitri Station,-6.3,-11.1,63,9.4,14.4,184.0,975.6
2024-02-05T19:00,Maitri Station,-6.9,-12.2,59,12.5,18.7,104.0,975.5
2024-02-05T20:00,Maitri Station,-7.3,-13.0,57,14.6,22.3,42.0,975.5
2024-02-05T21:00,Maitri Station,-7.6,-13.6,57,16.3,25.2,8.0,975.6
2024-02-05T22:00,Maitri Station,-7.8,-14.0,57,18.0,27.7,0.0,975.6
2024-02-05T23:00,Maitri Station,-8.0,-14.4,57,18.8,29.5,0.0,975.7
2024-02-06T00:00,Maitri Station,-8.2,-14.8,56,20.6,31.7,0.0,975.7
2024-02-06T01:00,Maitri Station,-5.5,-11.8,59,19.8,31.7,0.0,974.9
2024-02-06T02:00,Maitri Station,-6.5,-13.4,54,22.6,36.4,0.0,974.9
2024-02-06T03:00,Maitri Station,-6.7,-13.9,49,24.9,40.0,7.0,975.0
2024-02-06T04:00,Maitri Station,-6.5,-13.9,48,26.0,43.2,26.0,974.9
2024-02-06T05:00,Maitri Station,-5.6,-12.9,49,26.0,42.8,22.0,974.7
2024-02-06T06:00,Maitri Station,-5.5,-12.9,47,26.1,44.3,125.0,974.8
2024-02-06T07:00,Maitri Station,-5.3,-12.8,47,27.4,46.4,206.0,974.9
2024-02-06T08:00,Maitri Station,-5.1,-13.0,48,30.0,50.0,301.0,975.1
2024-02-06T09:00,Maitri Station,-5.0,-13.1,50,31.9,53.3,397.0,975.1
2024-02-06T10:00,Maitri Station,-4.7,-12.6,53,31.7,54.4,461.0,975.1
2024-02-06T11:00,Maitri Station,-4.3,-11.8,55,30.6,53.6,479.0,974.9
2024-02-06T12:00,Maitri Station,-4.0,-11.5,56,30.7,51.8,388.0,974.4
2024-02-06T13:00,Maitri Station,-4.3,-11.6,60,29.8,50.4,367.0,974.1
2024-02-06T14:00,Maitri Station,-4.2,-11.9,63,30.9,52.6,282.0,973.8
2024-02-06T15:00,Maitri Station,-4.3,-12.4,64,33.6,56.2,211.0,973.6
2024-02-06T16:00,Maitri Station,-4.4,-13.0,66,36.6,61.6,103.0,973.2
2024-02-06T17:00,Maitri Station,-4.6,-13.4,67,38.0,63.7,47.0,972.9
2024-02-06T18:00,Maitri Station,-4.5,-13.5,67,39.2,65.9,10.0,972.6
2024-02-06T19:00,Maitri Station,-4.7,-14.0,64,41.5,69.5,0.0,972.4
2024-02-06T20:00,Maitri Station,-4.8,-14.4,63,43.0,71.6,0.0,972.0
2024-02-06T21:00,Maitri Station,-4.9,-14.8,61,44.6,73.8,0.0,972.0
2024-02-06T22:00,Maitri Station,-5.1,-15.1,58,45.5,76.0,0.0,971.7
2024-02-06T23:00,Maitri Station,-5.1,-15.3,55,46.7,77.8,0.0,971.2
2024-02-07T00:00,Maitri Station,-4.9,-15.6,55,49.5,82.1,0.0,970.7
2024-02-07T01:00,Maitri Station,-4.2,-14.9,58,50.8,83.9,0.0,970.2
2024-02-07T02:00,Maitri Station,-4.1,-15.0,59,51.9,86.0,0.0,969.7
2024-02-07T03:00,Maitri Station,-4.1,-14.8,60,51.1,86.0,0.0,969.4
2024-02-07T04:00,Maitri Station,-4.1,-14.7,57,49.8,85.0,5.0,969.0
2024-02-07T05:00,Maitri Station,-4.1,-14.8,53,50.2,84.2,2.0,968.6
2024-02-07T06:00,Maitri Station,-3.8,-14.7,50,50.7,84.6,21.0,968.3
2024-02-07T07:00,Maitri Station,-3.6,-14.7,48,52.3,86.8,57.0,968.0
2024-02-07T08:00,Maitri Station,-3.6,-15.1,49,55.2,91.8,116.0,967.5
2024-02-07T09:00,Maitri Station,-3.2,-15.0,52,57.7,96.1,117.0,967.2
2024-02-07T10:00,Maitri Station,-2.8,-14.4,55,56.8,96.1,131.0,966.8
2024-02-07T11:00,Maitri Station,-2.5,-13.9,56,56.2,94.3,129.0,966.3
2024-02-07T12:00,Maitri Station,-2.3,-13.9,57,58.2,96.8,173.0,965.8
2024-02-07T13:00,Maitri Station,-2.1,-13.9,59,59.1,100.1,113.0,965.7
2024-02-07T14:00,Maitri Station,-1.9,-13.6,58,58.3,98.3,165.0,965.3
2024-02-07T15:00,Maitri Station,-2.0,-13.8,57,58.9,98.3,51.0,965.0
2024-02-07T16:00,Maitri Station,-1.9,-13.7,55,59.1,98.6,33.0,964.5
2024-02-07T17:00,Maitri Station,-2.0,-13.9,54,59.7,99.7,57.0,964.2
2024-02-07T18:00,Maitri Station,-2.1,-14.1,53,59.5,100.1,24.0,964.2
2024-02-07T19:00,Maitri Station,-2.1,-14.1,53,59.7,99.4,8.0,964.0
2024-02-07T20:00,Maitri Station,-2.2,-13.9,52,57.7,99.4,2.0,963.9
2024-02-07T21:00,Maitri Station,-2.2,-13.8,50,57.0,96.5,0.0,963.4
2024-02-07T22:00,Maitri Station,-2.1,-13.7,48,56.3,95.0,0.0,963.0
2024-02-07T23:00,Maitri Station,-2.1,-13.6,49,56.2,94.7,0.0,962.7
2024-02-08T00:00,Maitri Station,-2.1,-13.5,50,55.4,94.0,0.0,962.3
2024-02-08T01:00,Maitri Station,-2.0,-13.5,47,55.7,95.0,0.0,962.1
2024-02-08T02:00,Maitri Station,-2.0,-13.4,47,54.8,93.2,0.0,961.8
2024-02-08T03:00,Maitri Station,-1.8,-13.3,47,55.4,92.9,0.0,961.5
2024-02-08T04:00,Maitri Station,-1.7,-13.2,49,55.9,94.0,3.0,960.8
2024-02-08T05:00,Maitri Station,-1.5,-12.9,51,56.1,94.0,5.0,960.6
2024-02-08T06:00,Maitri Station,-1.2,-12.3,53,53.8,93.6,7.0,960.7
2024-02-08T07:00,Maitri Station,-0.9,-11.6,53,52.0,90.0,6.0,960.4
2024-02-08T08:00,Maitri Station,-0.6,-11.2,54,51.4,87.5,0.0,960.0
2024-02-08T09:00,Maitri Station,-0.2,-10.7,56,50.6,86.8,7.0,959.6
2024-02-08T10:00,Maitri Station,0.1,-10.2,57,49.9,85.0,42.0,959.2
2024-02-08T11:00,Maitri Station,0.4,-9.6,58,48.0,84.2,45.0,958.6
2024-02-08T12:00,Maitri Station,0.6,-9.2,58,47.0,80.6,8.0,958.2
2024-02-08T13:00,Maitri Station,0.6,-9.5,59,48.9,82.4,94.0,957.4
2024-02-08T14:00,Maitri Station,0.7,-9.7,60,51.5,86.0,119.0,956.9
2024-02-08T15:00,Maitri Station,0.6,-10.1,64,53.5,89.6,69.0,956.8
2024-02-08T16:00,Maitri Station,0.4,-9.9,67,51.8,89.3,8.0,956.5
2024-02-08T17:00,Maitri Station,0.4,-9.6,70,49.9,86.8,3.0,956.7
2024-02-08T18:00,Maitri Station,0.2,-9.9,72,50.7,84.6,19.0,957.1
2024-02-08T19:00,Maitri Station,0.1,-9.8,74,49.9,84.6,0.0,957.7
2024-02-08T20:00,Maitri Station,-0.1,-10.1,75,50.7,84.6,0.0,958.3
2024-02-08T21:00,Maitri Station,-0.1,-10.0,75,49.3,84.6,0.0,959.1
2024-02-08T22:00,Maitri Station,-0.2,-9.9,75,48.5,82.4,0.0,959.5
2024-02-08T23:00,Maitri Station,-0.2,-9.4,74,44.4,81.0,0.0,959.9
2024-02-09T00:00,Maitri Station,-0.3,-9.2,74,42.7,74.9,0.0,960.5
2024-02-09T01:00,Maitri Station,-0.4,-9.6,71,43.8,79.9,0.0,962.2
2024-02-09T02:00,Maitri Station,-0.3,-9.0,70,40.3,73.8,0.0,962.5
2024-02-09T03:00,Maitri Station,-0.2,-8.8,69,39.8,69.8,0.0,962.9
2024-02-09T04:00,Maitri Station,-0.1,-8.6,67,38.9,67.7,0.0,962.9
2024-02-09T05:00,Maitri Station,0.0,-8.4,66,38.5,67.0,4.0,963.2
2024-02-09T06:00,Maitri Station,0.2,-8.2,66,38.2,65.5,16.0,963.6
2024-02-09T07:00,Maitri Station,0.6,-7.7,66,37.7,64.8,54.0,963.9
2024-02-09T08:00,Maitri Station,0.9,-7.3,67,37.4,64.1,74.0,964.5
2024-02-09T09:00,Maitri Station,1.0,-6.9,68,35.6,63.4,90.0,964.9
2024-02-09T10:00,Maitri Station,1.2,-6.6,69,35.3,60.5,61.0,965.3
2024-02-09T11:00,Maitri Station,1.5,-6.1,70,33.8,59.8,70.0,965.8
2024-02-09T12:00,Maitri Station,1.6,-5.8,70,32.8,57.6,68.0,966.4
2024-02-09T13:00,Maitri Station,1.0,-5.6,72,27.0,52.9,34.0,967.6
2024-02-09T14:00,Maitri Station,1.1,-5.3,71,26.1,46.4,0.0,968.1
2024-02-09T15:00,Maitri Station,1.1,-5.3,72,26.6,46.1,7.0,968.5
2024-02-09T16:00,Maitri Station,1.0,-5.5,73,27.2,46.8,0.0,968.8
2024-02-09T17:00,Maitri Station,0.9,-6.0,74,30.1,51.1,0.0,969.5
2024-02-09T18:00,Maitri Station,0.7,-6.1,76,29.3,51.1,0.0,970.4
2024-02-09T19:00,Maitri Station,0.3,-6.6,78,30.2,51.1,0.0,971.3
2024-02-09T20:00,Maitri Station,-0.0,-6.9,82,30.1,51.5,0.0,972.8
2024-02-09T21:00,Maitri Station,-0.5,-7.8,84,33.1,55.4,0.0,974.2
2024-02-09T22:00,Maitri Station,-0.8,-8.5,83,35.6,59.4,0.0,975.6
2024-02-09T23:00,Maitri Station,-0.9,-8.5,80,33.6,59.4,0.0,976.7
2024-02-10T00:00,Maitri Station,-0.7,-8.5,74,34.6,58.0,0.0,977.4
2024-02-10T01:00,Maitri Station,-0.8,-8.7,69,34.6,58.3,0.0,978.1
2024-02-10T02:00,Maitri Station,-0.6,-8.6,69,35.5,59.4,0.0,978.7
2024-02-10T03:00,Maitri Station,-0.6,-8.5,71,34.9,59.8,0.0,979.2
2024-02-10T04:00,Maitri Station,-0.8,-8.8,70,35.4,59.8,14.0,979.5
2024-02-10T05:00,Maitri Station,-0.8,-8.7,70,34.3,59.8,47.0,980.0
2024-02-10T06:00,Maitri Station,-0.6,-8.3,71,33.7,57.6,98.0,980.6
2024-02-10T07:00,Maitri Station,-0.3,-7.7,71,32.0,56.9,157.0,980.9
2024-02-10T08:00,Maitri Station,0.0,-7.3,71,31.7,54.4,242.0,981.0
2024-02-10T09:00,Maitri Station,0.4,-6.9,70,31.4,54.0,287.0,981.3
2024-02-10T10:00,Maitri Station,0.6,-6.5,69,30.1,52.9,341.0,981.2
2024-02-10T11:00,Maitri Station,0.8,-5.9,69,28.6,50.8,365.0,980.9
2024-02-10T12:00,Maitri Station,0.9,-5.1,71,24.8,48.2,417.0,980.8
2024-02-10T13:00,Maitri Station,1.1,-4.7,73,21.7,42.5,223.0,980.8
2024-02-10T14:00,Maitri Station,1.0,-4.3,73,18.7,37.4,38.0,980.5
2024-02-10T15:00,Maitri Station,0.7,-4.3,73,16.4,32.8,244.0,979.9
2024-02-10T16:00,Maitri Station,0.1,-4.7,73,14.4,28.8,243.0,979.2
2024-02-10T17:00,Maitri Station,-0.8,-5.7,72,14.0,25.9,236.0,978.5
2024-02-10T18:00,Maitri Station,-1.5,-6.8,67,16.4,26.6,155.0,977.9
2024-02-10T19:00,Maitri Station,-2.0,-7.6,61,16.9,27.7,79.0,977.4
2024-02-10T20:00,Maitri Station,-2.8,-8.4,59,16.5,27.7,24.0,976.9
2024-02-10T21:00,Maitri Station,-3.7,-9.0,58,14.0,25.6,2.0,976.5
2024-02-10T22:00,Maitri Station,-4.6,-9.7,57,11.3,22.0,0.0,975.8
2024-02-10T23:00,Maitri Station,-4.2,-9.0,51,8.8,17.6,0.0,975.3
2024-02-11T00:00,Maitri Station,-5.0,-9.9,50,9.1,13.3,0.0,974.7
2024-02-11T01:00,Maitri Station,-5.3,-10.8,59,13.9,22.0,0.0,974.1
2024-02-11T02:00,Maitri Station,-5.5,-11.1,56,15.2,22.3,0.0,973.6
2024-02-11T03:00,Maitri Station,-5.0,-10.9,51,16.4,25.9,3.0,973.2
2024-02-11T04:00,Maitri Station,-4.5,-10.6,48,17.4,28.4,30.0,972.3
2024-02-11T05:00,Maitri Station,-4.0,-10.3,47,18.7,30.6,91.0,971.8
2024-02-11T06:00,Maitri Station,-3.6,-10.0,47,20.2,33.5,171.0,971.6
2024-02-11T07:00,Maitri Station,-3.3,-9.8,49,20.6,34.9,260.0,971.6
2024-02-11T08:00,Maitri Station,-3.3,-9.4,53,19.2,34.9,346.0,971.5
2024-02-11T09:00,Maitri Station,-3.3,-9.0,60,17.0,32.8,422.0,971.4
2024-02-11T10:00,Maitri Station,-3.4,-8.5,66,14.5,29.2,483.0,971.0
2024-02-11T11:00,Maitri Station,-3.4,-7.8,70,11.9,25.2,521.0,970.5
2024-02-11T12:00,Maitri Station,-3.4,-7.4,72,10.2,21.2,538.0,970.0
2024-02-11T13:00,Maitri Station,-3.6,-7.6,70,9.1,19.4,512.0,969.1
2024-02-11T14:00,Maitri Station,-3.8,-7.9,72,8.4,16.2,474.0,968.6
2024-02-11T15:00,Maitri Station,-4.4,-8.4,75,6.3,14.8,416.0,968.1
2024-02-11T16:00,Maitri Station,-4.8,-8.8,70,5.2,11.5,338.0,967.3
2024-02-11T17:00,Maitri Station,-5.3,-9.5,63,6.2,10.1,250.0,966.8
2024-02-11T18:00,Maitri Station,-6.2,-10.7,58,7.3,11.2,161.0,966.4
2024-02-11T19:00,Maitri Station,-7.5,-12.4,56,9.1,14.0,81.0,966.1
2024-02-11T20:00,Maitri Station,-8.3,-13.4,53,10.2,15.8,25.0,965.7
2024-02-11T21:00,Maitri Station,-8.2,-13.2,49,9.2,15.5,1.0,965.8
2024-02-11T22:00,Maitri Station,-7.4,-12.2,43,7.7,14.0,0.0,965.7
2024-02-11T23:00,Maitri Station,-4.6,-9.2,32,5.4,11.9,0.0,965.8
2024-02-12T00:00,Maitri Station,-4.4,-8.9,30,5.2,9.4,0.0,965.6
2024-02-12T01:00,Maitri Station,-9.9,-14.9,55,9.4,15.8,0.0,964.6
2024-02-12T02:00,Maitri Station,-9.2,-15.0,49,14.2,22.7,0.0,964.6
2024-02-12T03:00,Maitri Station,-7.9,-14.5,45,19.3,31.0,2.0,964.6
2024-02-12T04:00,Maitri Station,-7.8,-14.4,46,19.5,31.7,27.0,964.8
2024-02-12T05:00,Maitri Station,-7.3,-14.0,46,20.7,33.5,86.0,964.7
2024-02-12T06:00,Maitri Station,-6.7,-13.6,47,22.4,36.7,166.0,965.1
2024-02-12T07:00,Maitri Station,-6.2,-13.2,50,23.0,38.5,254.0,965.3
2024-02-12T08:00,Maitri Station,-5.9,-12.7,53,22.7,38.5,336.0,965.7
2024-02-12T09:00,Maitri Station,-5.4,-12.2,54,22.4,38.2,408.0,966.0
2024-02-12T10:00,Maitri Station,-5.3,-11.4,55,19.2,37.1,475.0,966.3
2024-02-12T11:00,Maitri Station,-5.1,-10.1,56,13.8,31.7,492.0,966.3
2024-02-12T12:00,Maitri Station,-5.0,-9.5,57,11.3,23.0,530.0,966.1
2024-02-12T13:00,Maitri Station,-5.3,-9.3,61,7.2,20.2,486.0,966.0
2024-02-12T14:00,Maitri Station,-5.2,-9.0,51,3.0,13.0,471.0,965.9
2024-02-12T15:00,Maitri Station,-4.9,-8.9,40,2.7,6.5,406.0,965.7
2024-02-12T16:00,Maitri Station,-5.0,-9.3,39,4.0,6.5,324.0,965.5
2024-02-12T17:00,Maitri Station,-7.2,-11.8,51,6.9,10.1,226.0,965.2
2024-02-12T18:00,Maitri Station,-7.8,-12.6,47,7.2,10.8,146.0,965.1
2024-02-12T19:00,Maitri Station,-6.0,-10.6,33,5.9,10.4,76.0,965.2
2024-02-12T20:00,Maitri Station,-6.0,-10.7,31,6.1,9.4,22.0,965.6
2024-02-12T21:00,Maitri Station,-9.4,-14.4,41,8.6,12.6,1.0,965.8
2024-02-12T22:00,Maitri Station,-11.7,-17.3,50,12.3,16.2,0.0,965.7
2024-02-12T23:00,Maitri Station,-11.6,-17.6,52,14.8,20.2,0.0,966.0
2024-02-13T00:00,Maitri Station,-11.8,-17.8,53,14.8,20.9,0.0,966.2
2024-02-13T01:00,Maitri Station,-11.8,-17.3,53,11.7,15.8,0.0,966.9
2024-02-13T02:00,Maitri Station,-11.9,-17.6,54,13.3,17.6,0.0,967.1
2024-02-13T03:00,Maitri Station,-12.1,-17.9,55,13.5,18.4,1.0,967.1
2024-02-13T04:00,Maitri Station,-12.0,-17.5,55,12.1,18.4,21.0,967.3
2024-02-13T05:00,Maitri Station,-11.8,-17.2,56,10.7,16.2,78.0,967.8
2024-02-13T06:00,Maitri Station,-11.5,-16.9,59,11.4,15.8,160.0,968.2
2024-02-13T07:00,Maitri Station,-10.7,-16.0,62,11.3,16.6,249.0,968.7
2024-02-13T08:00,Maitri Station,-9.3,-14.1,59,7.9,15.8,335.0,969.1
2024-02-13T09:00,Maitri Station,-7.3,-11.8,45,5.1,12.2,412.0,969.6
2024-02-13T10:00,Maitri Station,-7.0,-11.9,49,9.7,16.9,472.0,969.7
2024-02-13T11:00,Maitri Station,-6.4,-12.0,49,15.9,26.6,508.0,970.1
2024-02-13T12:00,Maitri Station,-6.5,-12.0,56,16.5,28.1,514.0,970.4
2024-02-13T13:00,Maitri Station,-6.5,-11.0,66,10.0,21.2,496.0,970.4
2024-02-13T14:00,Maitri Station,-6.9,-11.1,73,6.3,17.3,450.0,970.7
2024-02-13T15:00,Maitri Station,-7.2,-11.3,71,4.6,11.5,392.0,970.7
2024-02-13T16:00,Maitri Station,-7.9,-12.2,68,5.8,9.7,318.0,970.6
2024-02-13T17:00,Maitri Station,-8.7,-13.3,64,7.1,11.2,232.0,970.6
2024-02-13T18:00,Maitri Station,-9.4,-14.2,57,8.0,12.2,146.0,971.0
2024-02-13T19:00,Maitri Station,-9.6,-14.5,51,8.2,12.6,69.0,971.3
2024-02-13T20:00,Maitri Station,-9.2,-14.1,44,7.7,13.0,18.0,972.1
2024-02-13T21:00,Maitri Station,-7.2,-11.9,35,6.2,11.9,0.0,972.5
2024-02-13T22:00,Maitri Station,-7.9,-12.7,35,6.7,9.4,0.0,972.6
2024-02-13T23:00,Maitri Station,-10.0,-15.0,39,7.8,10.4,0.0,972.6
2024-02-14T00:00,Maitri Station,-13.7,-19.2,52,11.4,14.8,0.0,972.6
2024-02-14T01:00,Maitri Station,-12.6,-18.4,56,13.7,19.1,0.0,972.2
2024-02-14T02:00,Maitri Station,-13.1,-18.6,57,11.5,18.0,0.0,972.8
2024-02-14T03:00,Maitri Station,-13.4,-18.8,58,11.2,15.8,1.0,972.9
2024-02-14T04:00,Maitri Station,-13.1,-18.7,58,12.4,16.9,20.0,972.9
2024-02-14T05:00,Maitri Station,-12.3,-17.8,58,12.3,16.9,74.0,973.6
2024-02-14T06:00,Maitri Station,-11.0,-16.4,56,10.9,16.9,151.0,973.9
2024-02-14T07:00,Maitri Station,-9.7,-14.6,53,8.0,16.2,241.0,974.4
2024-02-14T08:00,Maitri Station,-8.5,-14.0,52,12.3,19.8,325.0,974.7
2024-02-14T09:00,Maitri Station,-7.3,-13.4,53,17.5,29.5,400.0,975.2
2024-02-14T10:00,Maitri Station,-7.1,-12.7,56,15.2,29.5,458.0,975.3
2024-02-14T11:00,Maitri Station,-6.8,-12.3,58,15.9,27.4,494.0,975.4
2024-02-14T12:00,Maitri Station,-6.6,-12.2,59,17.6,29.5,506.0,975.3
2024-02-14T13:00,Maitri Station,-6.0,-11.2,63,14.4,26.6,494.0,974.5
2024-02-14T14:00,Maitri Station,-6.2,-11.4,66,13.0,24.8,440.0,974.6
2024-02-14T15:00,Maitri Station,-6.5,-11.7,67,12.6,22.0,364.0,974.4
2024-02-14T16:00,Maitri Station,-6.9,-12.4,65,14.3,23.4,228.0,974.1
2024-02-14T17:00,Maitri Station,-7.2,-13.0,62,16.1,26.3,136.0,973.9
2024-02-14T18:00,Maitri Station,-7.5,-13.5,59,16.8,27.4,62.0,974.0
2024-02-14T19:00,Maitri Station,-7.7,-13.8,57,17.3,28.1,4.0,973.8
2024-02-14T20:00,Maitri Station,-7.9,-14.1,55,18.1,28.8,0.0,974.0
2024-02-14T21:00,Maitri Station,-7.9,-14.1,53,17.9,29.2,0.0,973.8
2024-02-14T22:00,Maitri Station,-8.3,-14.6,51,18.0,28.1,0.0,973.7
2024-02-14T23:00,Maitri Station,-8.0,-14.2,51,17.3,27.7,0.0,973.4
2024-02-15T00:00,Maitri Station,-9.0,-15.0,50,15.8,26.3,0.0,973.2
2024-02-15T01:00,Maitri Station,-8.7,-14.3,55,13.0,24.1,0.0,972.8
2024-02-15T02:00,Maitri Station,-8.7,-14.0,59,11.7,18.0,0.0,972.8
2024-02-15T03:00,Maitri Station,-8.3,-13.4,61,10.1,16.6,0.0,972.8
2024-02-15T04:00,Maitri Station,-7.2,-12.7,53,13.1,21.2,0.0,972.8
2024-02-15T05:00,Maitri Station,-6.5,-12.2,51,14.8,24.8,4.0,972.6
2024-02-15T06:00,Maitri Station,-6.1,-12.0,51,16.1,27.4,8.0,972.4
2024-02-15T07:00,Maitri Station,-6.1,-11.7,52,14.2,27.7,45.0,971.9
2024-02-15T08:00,Maitri Station,-6.0,-10.9,56,9.7,25.2,46.0,971.7
2024-02-15T09:00,Maitri Station,-6.1,-10.8,62,9.1,18.4,39.0,972.1
2024-02-15T10:00,Maitri Station,-6.4,-11.1,67,9.5,18.7,86.0,972.0
2024-02-15T11:00,Maitri Station,-6.3,-11.8,67,14.5,25.6,146.0,971.4
2024-02-15T12:00,Maitri Station,-6.2,-12.3,66,18.5,32.4,171.0,970.5
2024-02-15T13:00,Maitri Station,-6.2,-12.4,64,19.1,33.5,140.0,969.3
2024-02-15T14:00,Maitri Station,-6.3,-12.7,66,20.5,35.6,105.0,968.8
2024-02-15T15:00,Maitri Station,-6.5,-13.3,66,23.1,39.2,115.0,968.1
2024-02-15T16:00,Maitri Station,-7.0,-14.0,65,24.3,41.8,136.0,967.5
2024-02-15T17:00,Maitri Station,-7.3,-14.6,66,26.5,45.0,60.0,966.9
2024-02-15T18:00,Maitri Station,-7.6,-15.1,67,28.0,47.2,9.0,966.2
2024-02-15T19:00,Maitri Station,-7.6,-15.4,62,29.5,49.7,3.0,965.1
2024-02-15T20:00,Maitri Station,-7.2,-15.1,58,30.3,50.8,0.0,964.6
2024-02-15T21:00,Maitri Station,-7.0,-15.4,58,33.8,56.5,0.0,964.3
2024-02-15T22:00,Maitri Station,-7.1,-15.8,60,36.1,60.1,0.0,963.9
2024-02-15T23:00,Maitri Station,-7.1,-16.2,60,38.8,64.4,0.0,963.1
2024-02-16T00:00,Maitri Station,-7.2,-16.6,59,40.0,66.6,0.0,962.6
2024-02-16T01:00,Maitri Station,-7.0,-16.6,57,42.1,72.7,0.0,962.7
2024-02-16T02:00,Maitri Station,-6.2,-15.8,56,41.5,70.6,0.0,962.1
2024-02-16T03:00,Maitri Station,-7.2,-17.3,57,45.1,76.7,0.0,961.8
2024-02-16T04:00,Maitri Station,-7.8,-18.0,57,45.7,76.3,0.0,961.9
2024-02-16T05:00,Maitri Station,-7.5,-17.7,56,45.7,76.7,2.0,961.6
2024-02-16T06:00,Maitri Station,-7.2,-17.8,59,48.3,80.3,3.0,961.4
2024-02-16T07:00,Maitri Station,-6.9,-17.7,60,50.1,82.4,16.0,961.0
2024-02-16T08:00,Maitri Station,-6.7,-17.7,60,51.7,85.3,10.0,960.6
2024-02-16T09:00,Maitri Station,-6.3,-17.4,61,52.2,86.4,51.0,960.2
2024-02-16T10:00,Maitri Station,-6.1,-17.2,62,53.0,87.1,7.0,960.0
2024-02-16T11:00,Maitri Station,-6.1,-17.5,63,54.8,90.7,1.0,959.6
2024-02-16T12:00,Maitri Station,-6.0,-17.5,63,55.6,91.8,8.0,959.5
2024-02-16T13:00,Maitri Station,-5.9,-17.3,62,55.4,91.8,61.0,958.6
2024-02-16T14:00,Maitri Station,-5.6,-17.1,62,55.6,92.5,64.0,958.4
2024-02-16T15:00,Maitri Station,-5.5,-17.3,62,57.8,95.4,67.0,958.0
2024-02-16T16:00,Maitri Station,-5.3,-17.3,63,58.9,97.6,35.0,957.6
2024-02-16T17:00,Maitri Station,-5.1,-17.2,63,59.7,98.6,1.0,957.2
2024-02-16T18:00,Maitri Station,-4.9,-16.8,63,58.8,98.6,2.0,957.3
2024-02-16T19:00,Maitri Station,-4.7,-16.7,63,59.4,98.3,0.0,957.4
2024-02-16T20:00,Maitri Station,-4.6,-16.5,64,59.4,99.0,0.0,957.4
2024-02-16T21:00,Maitri Station,-4.4,-16.5,64,60.4,100.1,0.0,957.4
2024-02-16T22:00,Maitri Station,-4.2,-16.3,64,60.7,100.8,0.0,957.6
2024-02-16T23:00,Maitri Station,-4.1,-16.1,64,60.5,101.2,0.0,957.5
2024-02-17T00:00,Maitri Station,-3.9,-16.0,62,60.4,100.4,0.0,957.8
2024-02-17T01:00,Maitri Station,-3.8,-16.2,60,62.7,105.8,0.0,957.5
2024-02-17T02:00,Maitri Station,-3.8,-15.7,61,59.7,104.0,0.0,958.1
2024-02-17T03:00,Maitri Station,-3.8,-15.9,63,60.8,100.8,0.0,958.5
2024-02-17T04:00,Maitri Station,-4.0,-16.6,61,63.6,104.8,0.0,958.4
2024-02-17T05:00,Maitri Station,-4.1,-16.5,61,62.5,105.5,0.0,958.7
2024-02-17T06:00,Maitri Station,-4.0,-16.2,61,61.4,104.0,0.0,958.8
2024-02-17T07:00,Maitri Station,-3.9,-16.1,63,61.0,101.9,0.0,959.0
2024-02-17T08:00,Maitri Station,-3.8,-15.9,64,60.8,101.5,0.0,958.9
2024-02-17T09:00,Maitri Station,-3.7,-15.9,65,61.3,102.2,0.0,958.8
2024-02-17T10:00,Maitri Station,-3.5,-15.6,65,60.6,102.2,0.0,958.9
2024-02-17T11:00,Maitri Station,-3.4,-15.5,65,61.1,101.9,1.0,958.9
2024-02-17T12:00,Maitri Station,-3.3,-15.6,68,62.9,104.0,3.0,958.7
2024-02-17T13:00,Maitri Station,-3.4,-16.1,71,65.5,108.4,0.0,958.1
2024-02-17T14:00,Maitri Station,-3.3,-15.9,72,65.6,108.7,2.0,957.8
2024-02-17T15:00,Maitri Station,-3.3,-16.0,72,66.1,109.4,2.0,957.5
2024-02-17T16:00,Maitri Station,-3.2,-15.8,72,66.2,109.4,0.0,957.3
2024-02-17T17:00,Maitri Station,-3.0,-15.6,73,65.7,109.4,0.0,957.4
2024-02-17T18:00,Maitri Station,-2.9,-15.2,73,64.1,108.4,0.0,957.4
2024-02-17T19:00,Maitri Station,-2.7,-14.7,75,62.5,106.2,0.0,957.4
2024-02-17T20:00,Maitri Station,-2.4,-14.2,77,61.2,103.3,0.0,957.6
2024-02-17T21:00,Maitri Station,-2.3,-13.6,80,58.5,101.2,0.0,957.9
2024-02-17T22:00,Maitri Station,-2.1,-13.1,81,56.5,96.5,0.0,958.3
2024-02-17T23:00,Maitri Station,-2.0,-12.7,81,54.3,92.9,0.0,958.6
2024-02-18T00:00,Maitri Station,-2.0,-12.4,81,52.3,89.3,0.0,958.8
2024-02-18T01:00,Maitri Station,-2.1,-12.3,82,50.9,84.2,0.0,959.5
2024-02-18T02:00,Maitri Station,-2.1,-12.6,79,52.5,86.8,0.0,959.8
2024-02-18T03:00,Maitri Station,-2.1,-12.6,77,52.4,87.1,0.0,960.1
2024-02-18T04:00,Maitri Station,-2.2,-12.6,75,51.7,87.1,0.0,960.2
2024-02-18T05:00,Maitri Station,-2.0,-12.5,74,52.0,86.8,0.0,960.5
2024-02-18T06:00,Maitri Station,-1.8,-12.3,72,52.1,87.1,0.0,960.7
2024-02-18T07:00,Maitri Station,-1.7,-12.2,72,52.3,87.5,0.0,960.8
2024-02-18T08:00,Maitri Station,-1.5,-12.0,71,52.6,87.5,2.0,961.0
2024-02-18T09:00,Maitri Station,-1.1,-11.5,70,51.7,87.5,7.0,961.2
2024-02-18T10:00,Maitri Station,-0.9,-11.2,68,50.4,86.4,30.0,960.9
2024-02-18T11:00,Maitri Station,-0.6,-10.8,66,49.9,84.2,9.0,960.9
2024-02-18T12:00,Maitri Station,-0.4,-10.4,65,49.1,83.5,26.0,960.7
2024-02-18T13:00,Maitri Station,-0.6,-11.0,69,51.6,86.4,0.0,960.5
2024-02-18T14:00,Maitri Station,-0.4,-10.7,68,50.7,86.0,0.0,960.4
2024-02-18T15:00,Maitri Station,-0.3,-10.4,67,49.8,84.2,0.0,960.3
2024-02-18T16:00,Maitri Station,-0.3,-10.3,65,48.6,83.2,2.0,960.0
2024-02-18T17:00,Maitri Station,-0.4,-10.3,63,48.0,81.4,18.0,960.1
2024-02-18T18:00,Maitri Station,-0.5,-10.2,62,46.5,80.3,4.0,960.1
2024-02-18T19:00,Maitri Station,-0.5,-10.1,63,45.7,78.1,0.0,960.0
2024-02-18T20:00,Maitri Station,-0.5,-10.1,64,45.7,77.0,0.0,960.2
2024-02-18T21:00,Maitri Station,-0.5,-10.0,64,45.5,77.0,0.0,960.2
2024-02-18T22:00,Maitri Station,-0.5,-9.9,62,44.0,76.3,0.0,960.3
2024-02-18T23:00,Maitri Station,-0.5,-9.9,59,43.2,74.2,0.0,960.3
2024-02-19T00:00,Maitri Station,-1.1,-10.5,56,43.0,73.1,0.0,960.3
2024-02-19T01:00,Maitri Station,-1.3,-10.5,58,41.6,70.6,0.0,961.7
2024-02-19T02:00,Maitri Station,-1.4,-10.5,61,41.5,70.2,0.0,961.9
2024-02-19T03:00,Maitri Station,-1.9,-10.8,75,41.3,70.6,0.0,962.5
2024-02-19T04:00,Maitri Station,-2.0,-10.0,84,36.4,69.1,0.0,963.6
2024-02-19T05:00,Maitri Station,-1.7,-8.9,78,30.2,60.8,1.0,964.1
2024-02-19T06:00,Maitri Station,-1.8,-9.7,70,34.1,57.2,56.0,964.6
2024-02-19T07:00,Maitri Station,-1.5,-9.5,66,34.3,58.7,63.0,965.1
2024-02-19T08:00,Maitri Station,-1.2,-9.0,63,32.7,57.6,76.0,965.4
2024-02-19T09:00,Maitri Station,-1.0,-8.7,58,31.1,55.1,116.0,965.6
2024-02-19T10:00,Maitri Station,-0.6,-8.0,55,29.5,52.9,212.0,965.7
2024-02-19T11:00,Maitri Station,-0.4,-7.4,54,26.7,49.7,278.0,965.7
2024-02-19T12:00,Maitri Station,-0.3,-6.8,53,23.8,45.7,383.0,965.8
2024-02-19T13:00,Maitri Station,0.0,-6.3,58,22.9,44.6,368.0,965.8
2024-02-19T14:00,Maitri Station,-0.1,-6.0,57,19.3,39.2,405.0,966.0
2024-02-19T15:00,Maitri Station,-0.6,-6.1,56,16.6,33.5,361.0,966.0
2024-02-19T16:00,Maitri Station,-1.3,-6.6,56,14.8,28.4,286.0,966.0
2024-02-19T17:00,Maitri Station,-2.3,-7.6,54,14.0,24.5,201.0,966.2
2024-02-19T18:00,Maitri Station,-3.4,-8.9,54,14.8,22.7,116.0,966.5
2024-02-19T19:00,Maitri Station,-4.7,-10.3,55,15.3,22.7,45.0,966.6
2024-02-19T20:00,Maitri Station,-6.0,-11.7,57,15.2,22.3,6.0,967.0
2024-02-19T21:00,Maitri Station,-6.9,-12.4,57,13.2,21.2,0.0,967.5
2024-02-19T22:00,Maitri Station,-7.7,-13.0,57,11.7,18.4,0.0,967.6
2024-02-19T23:00,Maitri Station,-8.0,-13.2,53,10.4,15.8,0.0,968.0
2024-02-20T00:00,Maitri Station,-6.3,-11.2,41,8.0,14.4,0.0,968.5
2024-02-20T01:00,Maitri Station,-6.8,-11.7,49,8.5,18.4,0.0,968.5
2024-02-20T02:00,Maitri Station,-2.9,-7.4,29,5.1,12.6,0.0,968.6
2024-02-20T03:00,Maitri Station,-3.5,-8.1,29,5.2,9.4,0.0,968.6
2024-02-20T04:00,Maitri Station,-6.4,-11.1,38,6.6,11.9,7.0,968.8
2024-02-20T05:00,Maitri Station,-8.2,-12.9,50,6.9,12.2,50.0,969.0
2024-02-20T06:00,Maitri Station,-8.1,-12.6,56,6.3,11.9,120.0,969.2
2024-02-20T07:00,Maitri Station,-5.7,-9.8,41,3.2,10.4,169.0,969.7
2024-02-20T08:00,Maitri Station,-5.6,-9.5,43,1.8,7.6,152.0,970.3
2024-02-20T09:00,Maitri Station,-5.9,-9.7,47,1.3,5.8,219.0,970.5
2024-02-20T10:00,Maitri Station,-5.9,-9.4,66,1.3,5.0,204.0,970.9
2024-02-20T11:00,Maitri Station,-5.5,-9.3,60,2.7,5.8,102.0,971.1
2024-02-20T12:00,Maitri Station,-5.4,-9.2,69,4.0,6.8,120.0,971.2
2024-02-20T13:00,Maitri Station,-5.9,-9.5,75,2.6,6.1,163.0,972.0
2024-02-20T14:00,Maitri Station,-5.8,-9.3,73,1.5,5.4,130.0,972.4
2024-02-20T15:00,Maitri Station,-5.3,-8.7,74,1.6,4.7,114.0,972.4
2024-02-20T16:00,Maitri Station,-5.0,-8.3,66,0.4,3.6,203.0,972.1
2024-02-20T17:00,Maitri Station,-4.7,-8.0,63,0.4,1.8,187.0,972.0
2024-02-20T18:00,Maitri Station,-4.7,-8.1,62,1.0,1.8,105.0,971.9
2024-02-20T19:00,Maitri Station,-4.5,-8.6,56,5.0,6.5,37.0,971.9
2024-02-20T20:00,Maitri Station,-7.0,-11.8,54,8.2,11.9,0.0,972.0
2024-02-20T21:00,Maitri Station,-8.2,-13.3,53,10.2,15.1,0.0,972.3
2024-02-20T22:00,Maitri Station,-7.2,-12.7,49,12.4,19.4,0.0,972.5
2024-02-20T23:00,Maitri Station,-3.5,-8.1,28,5.2,19.1,0.0,972.8
2024-02-21T00:00,Maitri Station,-3.1,-7.4,25,3.1,9.7,0.0,972.9
2024-02-21T01:00,Maitri Station,-3.2,-7.6,27,4.0,11.5,0.0,973.2
2024-02-21T02:00,Maitri Station,-4.6,-9.2,35,6.5,13.3,0.0,972.9
2024-02-21T03:00,Maitri Station,-6.8,-12.0,50,10.7,19.1,0.0,972.7
2024-02-21T04:00,Maitri Station,-7.5,-12.9,47,11.8,21.6,0.0,972.4
2024-02-21T05:00,Maitri Station,-6.5,-12.0,47,12.9,23.0,1.0,972.3
2024-02-21T06:00,Maitri Station,-6.1,-11.8,46,14.7,26.3,25.0,972.4
2024-02-21T07:00,Maitri Station,-5.5,-11.5,49,17.0,30.2,22.0,972.6
2024-02-21T08:00,Maitri Station,-4.9,-11.0,52,17.6,31.0,39.0,972.8
2024-02-21T09:00,Maitri Station,-4.5,-10.4,56,17.4,31.3,75.0,973.1
2024-02-21T10:00,Maitri Station,-4.3,-10.1,60,16.7,31.0,130.0,973.0
2024-02-21T11:00,Maitri Station,-4.4,-10.4,59,18.5,32.8,111.0,972.9
2024-02-21T12:00,Maitri Station,-4.4,-10.9,58,21.7,37.1,150.0,972.7
2024-02-21T13:00,Maitri Station,-4.7,-11.0,59,20.1,35.6,295.0,973.0
2024-02-21T14:00,Maitri Station,-4.8,-11.3,59,21.2,36.0,304.0,973.1
2024-02-21T15:00,Maitri Station,-5.0,-11.7,58,23.0,39.2,209.0,972.9
2024-02-21T16:00,Maitri Station,-5.3,-12.3,58,24.5,41.0,110.0,972.9
2024-02-21T17:00,Maitri Station,-5.4,-12.5,58,25.3,42.5,25.0,973.0
2024-02-21T18:00,Maitri Station,-5.5,-12.8,57,26.5,43.9,5.0,972.7
2024-02-21T19:00,Maitri Station,-5.8,-13.3,57,27.7,46.1,1.0,972.7
2024-02-21T20:00,Maitri Station,-5.9,-13.4,58,28.3,47.5,0.0,973.2
2024-02-21T21:00,Maitri Station,-6.0,-13.5,61,28.2,47.5,0.0,973.4
2024-02-21T22:00,Maitri Station,-6.1,-13.5,63,27.7,47.2,0.0,973.4
2024-02-21T23:00,Maitri Station,-6.1,-13.4,63,27.1,46.1,0.0,973.4
2024-02-22T00:00,Maitri Station,-6.0,-13.3,62,26.6,45.4,0.0,973.7
2024-02-22T01:00,Maitri Station,-6.0,-12.7,63,22.7,39.2,0.0,974.4
2024-02-22T02:00,Maitri Station,-6.0,-12.5,63,21.2,37.8,0.0,974.4
2024-02-22T03:00,Maitri Station,-5.9,-12.2,63,20.5,35.3,0.0,974.3
2024-02-22T04:00,Maitri Station,-5.7,-12.1,61,20.8,34.2,0.0,973.9
2024-02-22T05:00,Maitri Station,-5.3,-11.8,61,21.8,35.6,0.0,974.0
2024-02-22T06:00,Maitri Station,-4.8,-11.3,61,21.7,35.6,0.0,974.0
2024-02-22T07:00,Maitri Station,-4.0,-10.5,58,22.3,35.6,2.0,973.8
2024-02-22T08:00,Maitri Station,-3.0,-9.4,57,21.2,35.6,11.0,973.6
2024-02-22T09:00,Maitri Station,-2.5,-8.6,57,20.1,34.6,28.0,973.5
2024-02-22T10:00,Maitri Station,-2.1,-8.6,58,22.2,37.4,39.0,973.3
2024-02-22T11:00,Maitri Station,-2.3,-9.0,60,24.1,41.0,67.0,973.7
2024-02-22T12:00,Maitri Station,-2.7,-9.8,59,26.6,44.3,53.0,973.9
2024-02-22T13:00,Maitri Station,-1.9,-7.9,58,19.4,36.4,64.0,973.5
2024-02-22T14:00,Maitri Station,-1.9,-7.0,61,14.0,32.0,80.0,973.4
2024-02-22T15:00,Maitri Station,-1.9,-7.5,64,17.5,30.2,56.0,973.4
2024-02-22T16:00,Maitri Station,-1.8,-9.3,56,29.1,49.3,39.0,973.5
2024-02-22T17:00,Maitri Station,-2.4,-9.1,54,22.9,49.7,41.0,973.7
2024-02-22T18:00,Maitri Station,-4.2,-9.5,60,13.2,40.0,26.0,973.1
2024-02-22T19:00,Maitri Station,-4.0,-9.8,57,17.2,29.5,4.0,973.3
2024-02-22T20:00,Maitri Station,-3.0,-10.7,55,29.6,50.4,0.0,974.1
2024-02-22T21:00,Maitri Station,-3.3,-11.4,49,31.9,55.4,0.0,974.6
2024-02-22T22:00,Maitri Station,-4.0,-11.8,48,29.5,55.8,0.0,974.6
2024-02-22T23:00,Maitri Station,-5.0,-11.6,53,21.6,51.8,0.0,974.4
2024-02-23T00:00,Maitri Station,-4.7,-12.0,50,26.5,44.3,0.0,974.5
2024-02-23T01:00,Maitri Station,-4.1,-11.3,53,26.1,52.2,0.0,974.6
2024-02-23T02:00,Maitri Station,-4.9,-11.3,53,20.6,45.0,0.0,974.4
2024-02-23T03:00,Maitri Station,-4.9,-11.2,54,19.5,36.4,0.0,974.1
2024-02-23T04:00,Maitri Station,-5.4,-11.6,54,18.8,33.8,1.0,973.8
2024-02-23T05:00,Maitri Station,-5.2,-11.5,55,19.7,34.2,16.0,974.0
2024-02-23T06:00,Maitri Station,-5.0,-11.5,55,20.8,35.6,88.0,974.2
2024-02-23T07:00,Maitri Station,-4.6,-10.8,55,19.2,36.0,183.0,974.2
2024-02-23T08:00,Maitri Station,-4.7,-9.9,59,12.3,32.4,272.0,974.3
2024-02-23T09:00,Maitri Station,-3.2,-7.1,44,2.9,20.9,349.0,974.2
2024-02-23T10:00,Maitri Station,-4.3,-9.2,59,11.1,11.9,408.0,973.8
2024-02-23T11:00,Maitri Station,-4.4,-9.6,60,13.1,20.2,445.0,973.2
2024-02-23T12:00,Maitri Station,-5.2,-10.2,62,12.1,19.8,457.0,973.6
2024-02-23T13:00,Maitri Station,-5.7,-10.2,68,8.0,13.3,440.0,973.2
2024-02-23T14:00,Maitri Station,-5.5,-9.6,75,6.6,12.6,401.0,972.4
2024-02-23T15:00,Maitri Station,-5.0,-9.0,70,5.2,12.2,341.0,971.6
2024-02-23T16:00,Maitri Station,-2.7,-6.7,51,4.2,11.5,264.0,971.3
2024-02-23T17:00,Maitri Station,-5.7,-10.6,60,10.4,18.4,179.0,971.6
2024-02-23T18:00,Maitri Station,-4.4,-11.0,54,21.7,36.4,96.0,972.1
2024-02-23T19:00,Maitri Station,-5.7,-12.3,54,21.2,38.5,30.0,972.3
2024-02-23T20:00,Maitri Station,-6.1,-12.6,50,19.6,36.7,1.0,972.5
2024-02-23T21:00,Maitri Station,-6.8,-12.9,46,16.8,34.6,0.0,972.3
2024-02-23T22:00,Maitri Station,-7.6,-13.6,43,15.5,30.6,0.0,972.0
2024-02-23T23:00,Maitri Station,-7.6,-13.9,43,17.5,29.5,0.0,971.9
2024-02-24T00:00,Maitri Station,-7.5,-14.0,42,19.4,32.8,0.0,971.7
2024-02-24T01:00,Maitri Station,-7.4,-13.9,44,19.1,36.0,0.0,972.0
2024-02-24T02:00,Maitri Station,-8.4,-14.6,45,16.6,33.8,0.0,971.9
2024-02-24T03:00,Maitri Station,-9.8,-15.5,46,13.5,28.8,0.0,971.7
2024-02-24T04:00,Maitri Station,-9.8,-15.7,45,14.6,24.8,2.0,971.3
2024-02-24T05:00,Maitri Station,-7.3,-14.2,39,21.6,35.6,35.0,971.5
2024-02-24T06:00,Maitri Station,-6.2,-14.4,41,30.5,51.1,104.0,971.6
2024-02-24T07:00,Maitri Station,-6.2,-14.1,45,29.1,51.5,176.0,971.8
2024-02-24T08:00,Maitri Station,-6.1,-13.3,48,24.6,48.2,217.0,971.9
2024-02-24T09:00,Maitri Station,-5.9,-12.6,50,21.6,41.4,240.0,972.0
2024-02-24T10:00,Maitri Station,-5.7,-11.6,54,16.9,36.0,296.0,971.9
2024-02-24T11:00,Maitri Station,-5.9,-11.8,57,16.6,28.8,400.0,971.9
2024-02-24T12:00,Maitri Station,-6.3,-12.0,62,15.9,28.1,443.0,971.8
2024-02-24T13:00,Maitri Station,-6.8,-12.1,64,13.0,27.7,409.0,970.3
2024-02-24T14:00,Maitri Station,-6.9,-11.9,63,11.2,20.9,355.0,969.7
2024-02-24T15:00,Maitri Station,-7.4,-12.6,63,12.0,18.0,310.0,969.1
2024-02-24T16:00,Maitri Station,-7.2,-13.1,59,16.4,25.2,225.0,968.4
2024-02-24T17:00,Maitri Station,-6.9,-14.1,56,24.7,39.6,150.0,968.1
2024-02-24T18:00,Maitri Station,-6.9,-14.2,48,24.7,40.0,58.0,967.1
2024-02-24T19:00,Maitri Station,-6.9,-14.3,44,25.6,42.5,12.0,966.5
2024-02-24T20:00,Maitri Station,-6.7,-15.3,41,33.4,52.9,1.0,966.3
2024-02-24T21:00,Maitri Station,-7.2,-16.1,44,35.7,59.4,0.0,966.3
2024-02-24T22:00,Maitri Station,-6.8,-16.1,39,38.5,62.6,0.0,965.8
2024-02-24T23:00,Maitri Station,-7.0,-16.6,39,40.2,65.9,0.0,965.5
2024-02-25T00:00,Maitri Station,-7.3,-17.0,41,41.0,68.8,0.0,965.3
2024-02-25T01:00,Maitri Station,-7.1,-16.8,40,41.3,72.0,0.0,964.2
2024-02-25T02:00,Maitri Station,-6.9,-16.7,39,41.5,68.4,0.0,963.7
2024-02-25T03:00,Maitri Station,-6.8,-16.7,38,42.1,69.5,0.0,963.1
2024-02-25T04:00,Maitri Station,-6.7,-16.8,37,43.9,72.4,1.0,962.5
2024-02-25T05:00,Maitri Station,-6.4,-16.6,39,44.6,74.2,29.0,962.2
2024-02-25T06:00,Maitri Station,-5.9,-16.4,40,46.4,77.8,98.0,961.8
2024-02-25T07:00,Maitri Station,-5.4,-16.2,43,49.3,82.1,180.0,961.4
2024-02-25T08:00,Maitri Station,-4.9,-15.6,45,48.9,83.2,263.0,961.0
2024-02-25T09:00,Maitri Station,-4.3,-14.8,47,47.6,81.4,337.0,960.7
2024-02-25T10:00,Maitri Station,-3.9,-14.3,49,47.7,81.0,395.0,960.1
2024-02-25T11:00,Maitri Station,-3.6,-13.8,50,46.3,80.3,422.0,959.4
2024-02-25T12:00,Maitri Station,-3.4,-13.3,53,45.0,77.8,419.0,958.9
2024-02-25T13:00,Maitri Station,-3.4,-13.4,56,46.0,78.1,285.0,957.6
2024-02-25T14:00,Maitri Station,-3.3,-13.3,57,45.7,77.4,245.0,957.2
2024-02-25T15:00,Maitri Station,-3.4,-13.4,57,45.4,76.7,218.0,956.7
2024-02-25T16:00,Maitri Station,-3.7,-13.6,56,44.7,76.7,178.0,956.0
2024-02-25T17:00,Maitri Station,-4.1,-14.0,54,44.6,75.6,131.0,955.3
2024-02-25T18:00,Maitri Station,-4.4,-14.2,53,44.0,75.2,47.0,954.7
2024-02-25T19:00,Maitri Station,-4.9,-14.4,51,41.3,74.2,14.0,954.2
2024-02-25T20:00,Maitri Station,-5.5,-14.4,50,36.4,69.5,0.0,953.7
2024-02-25T21:00,Maitri Station,-5.6,-15.3,48,41.7,70.9,0.0,953.2
2024-02-25T22:00,Maitri Station,-5.9,-15.6,47,42.2,72.0,0.0,953.0
2024-02-25T23:00,Maitri Station,-6.0,-16.3,46,45.7,76.7,0.0,952.3
2024-02-26T00:00,Maitri Station,-5.5,-16.6,45,51.9,86.4,0.0,951.6
2024-02-26T01:00,Maitri Station,-5.3,-17.1,42,55.6,92.9,0.0,950.5
2024-02-26T02:00,Maitri Station,-5.9,-18.1,45,59.1,99.0,0.0,950.5
2024-02-26T03:00,Maitri Station,-6.1,-17.9,46,56.0,99.0,0.0,951.0
2024-02-26T04:00,Maitri Station,-6.4,-18.7,51,59.9,100.1,1.0,951.0
2024-02-26T05:00,Maitri Station,-6.7,-18.4,54,55.9,100.1,26.0,951.5
2024-02-26T06:00,Maitri Station,-6.7,-17.8,54,52.0,93.2,89.0,951.6
2024-02-26T07:00,Maitri Station,-6.5,-17.4,51,50.1,87.1,170.0,951.4
2024-02-26T08:00,Maitri Station,-6.2,-17.0,49,49.5,84.2,256.0,951.1
2024-02-26T09:00,Maitri Station,-5.8,-16.5,49,48.7,83.2,331.0,950.7
2024-02-26T10:00,Maitri Station,-5.6,-16.3,48,49.2,82.8,395.0,950.1
2024-02-26T11:00,Maitri Station,-5.4,-16.1,47,48.5,82.4,426.0,949.9
2024-02-26T12:00,Maitri Station,-5.3,-15.9,47,48.7,81.4,443.0,949.5
2024-02-26T13:00,Maitri Station,-4.4,-15.3,51,50.6,85.0,12.0,947.9
2024-02-26T14:00,Maitri Station,-4.4,-14.7,51,47.2,84.2,115.0,948.0
2024-02-26T15:00,Maitri Station,-4.5,-14.4,50,44.2,78.8,29.0,948.2
2024-02-26T16:00,Maitri Station,-4.6,-14.2,49,41.4,73.8,21.0,948.4
2024-02-26T17:00,Maitri Station,-4.9,-13.9,49,37.6,69.1,16.0,948.4
2024-02-26T18:00,Maitri Station,-5.0,-13.6,49,35.1,63.4,6.0,948.4
2024-02-26T19:00,Maitri Station,-5.2,-13.6,48,32.9,59.0,2.0,948.0
2024-02-26T20:00,Maitri Station,-5.7,-13.8,46,30.8,55.1,0.0,947.9
2024-02-26T21:00,Maitri Station,-6.7,-14.8,43,29.9,51.1,0.0,947.5
2024-02-26T22:00,Maitri Station,-7.0,-15.1,42,30.1,48.6,0.0,947.5
2024-02-26T23:00,Maitri Station,-7.1,-15.0,42,29.0,47.9,0.0,947.4
2024-02-27T00:00,Maitri Station,-7.4,-15.0,44,27.1,46.1,0.0,947.3
2024-02-27T01:00,Maitri Station,-7.0,-14.6,43,26.7,43.9,0.0,947.5
2024-02-27T02:00,Maitri Station,-6.7,-14.3,45,27.1,43.2,0.0,947.9
2024-02-27T03:00,Maitri Station,-6.5,-14.0,48,26.6,43.6,0.0,948.2
2024-02-27T04:00,Maitri Station,-6.4,-13.7,49,24.9,42.5,0.0,948.4
2024-02-27T05:00,Maitri Station,-6.3,-13.4,51,24.0,39.6,2.0,948.7
2024-02-27T06:00,Maitri Station,-6.0,-12.9,52,23.0,38.2,18.0,949.0
2024-02-27T07:00,Maitri Station,-5.8,-12.4,54,21.2,36.4,107.0,949.3
2024-02-27T08:00,Maitri Station,-5.4,-11.7,56,19.5,33.1,194.0,949.7
2024-02-27T09:00,Maitri Station,-4.6,-10.7,56,18.2,30.2,161.0,950.0
2024-02-27T10:00,Maitri Station,-4.0,-9.8,57,17.3,28.8,221.0,950.2
2024-02-27T11:00,Maitri Station,-3.6,-9.2,57,15.7,27.4,198.0,950.3
2024-02-27T12:00,Maitri Station,-3.3,-8.6,59,13.6,24.8,220.0,950.6
2024-02-27T13:00,Maitri Station,-4.2,-9.5,60,13.2,21.2,416.0,950.8
2024-02-27T14:00,Maitri Station,-4.6,-9.7,63,11.9,20.9,378.0,950.9
2024-02-27T15:00,Maitri Station,-5.1,-10.2,63,12.3,18.4,314.0,951.1
2024-02-27T16:00,Maitri Station,-5.5,-10.7,64,12.6,18.7,222.0,950.9
2024-02-27T17:00,Maitri Station,-6.4,-11.7,64,12.7,18.7,140.0,950.9
2024-02-27T18:00,Maitri Station,-7.3,-12.9,64,14.8,20.9,64.0,950.9
2024-02-27T19:00,Maitri Station,-8.1,-13.9,64,15.7,22.0,15.0,951.1
2024-02-27T20:00,Maitri Station,-8.4,-14.2,64,15.5,22.0,0.0,951.4
2024-02-27T21:00,Maitri Station,-8.4,-14.1,65,15.0,21.6,0.0,951.8
2024-02-27T22:00,Maitri Station,-7.6,-13.1,66,14.0,21.2,0.0,952.3
2024-02-27T23:00,Maitri Station,-6.9,-12.2,68,13.6,19.8,0.0,952.7
2024-02-28T00:00,Maitri Station,-5.9,-11.0,71,13.0,19.4,0.0,953.2
2024-02-28T01:00,Maitri Station,-8.3,-14.1,63,15.5,24.8,0.0,954.0
2024-02-28T02:00,Maitri Station,-7.9,-13.2,63,12.1,21.2,0.0,954.9
2024-02-28T03:00,Maitri Station,-6.9,-11.8,64,9.9,16.6,0.0,955.5
2024-02-28T04:00,Maitri Station,-8.5,-13.8,64,11.8,15.8,0.0,956.0
2024-02-28T05:00,Maitri Station,-9.0,-14.4,63,12.7,17.3,14.0,956.8
2024-02-28T06:00,Maitri Station,-8.7,-13.9,63,11.4,17.3,53.0,957.7
2024-02-28T07:00,Maitri Station,-7.5,-12.3,65,9.4,15.5,79.0,959.2
2024-02-28T08:00,Maitri Station,-5.2,-10.0,67,10.3,16.6,30.0,960.3
2024-02-28T09:00,Maitri Station,-4.2,-9.4,78,14.9,23.8,39.0,961.3
2024-02-28T10:00,Maitri Station,-4.0,-9.5,85,17.9,29.2,93.0,962.1
2024-02-28T11:00,Maitri Station,-4.2,-9.5,89,16.9,29.9,52.0,962.8
2024-02-28T12:00,Maitri Station,-4.3,-9.2,89,14.1,27.7,0.0,963.4
2024-02-28T13:00,Maitri Station,-4.3,-8.3,91,8.5,15.1,144.0,964.0
2024-02-28T14:00,Maitri Station,-4.3,-8.4,91,8.8,16.2,41.0,964.6
2024-02-28T15:00,Maitri Station,-4.5,-8.4,93,7.3,15.1,0.0,964.9
2024-02-28T16:00,Maitri Station,-4.8,-8.3,94,4.6,12.6,0.0,965.0
2024-02-28T17:00,Maitri Station,-5.0,-8.4,94,3.6,8.6,0.0,965.5
2024-02-28T18:00,Maitri Station,-5.2,-8.4,94,2.1,6.8,0.0,965.6
2024-02-28T19:00,Maitri Station,-5.3,-8.6,95,2.7,5.0,0.0,965.8
2024-02-28T20:00,Maitri Station,-6.3,-10.1,92,5.2,7.6,0.0,966.2
2024-02-28T21:00,Maitri Station,-6.6,-10.5,87,5.3,8.3,0.0,966.6
2024-02-28T22:00,Maitri Station,-6.1,-9.9,81,4.4,7.9,0.0,966.7
2024-02-28T23:00,Maitri Station,-6.1,-9.8,80,3.3,6.5,0.0,966.6
2024-02-29T00:00,Maitri Station,-7.1,-10.9,84,3.7,6.1,0.0,966.6
2024-02-29T01:00,Maitri Station,-6.5,-9.8,87,1.4,2.9,0.0,966.8
2024-02-29T02:00,Maitri Station,-6.9,-10.3,90,1.5,2.5,0.0,966.8
2024-02-29T03:00,Maitri Station,-7.7,-11.5,90,4.6,6.5,0.0,966.5
2024-02-29T04:00,Maitri Station,-8.0,-11.9,88,4.7,7.9,0.0,966.2
2024-02-29T05:00,Maitri Station,-8.0,-11.7,88,3.6,6.8,8.0,966.2
2024-02-29T06:00,Maitri Station,-7.9,-11.6,87,3.3,5.8,25.0,966.0
2024-02-29T07:00,Maitri Station,-7.9,-11.6,88,3.4,5.8,43.0,965.9
2024-02-29T08:00,Maitri Station,-8.4,-12.1,90,3.2,5.4,90.0,965.9
2024-02-29T09:00,Maitri Station,-7.7,-11.3,89,3.4,6.1,134.0,965.8
2024-02-29T10:00,Maitri Station,-7.3,-10.8,90,2.6,6.1,130.0,965.6
2024-02-29T11:00,Maitri Station,-6.5,-10.3,89,4.9,9.4,117.0,965.0
2024-02-29T12:00,Maitri Station,-6.5,-10.0,89,3.0,9.4,198.0,964.6
2024-02-29T13:00,Maitri Station,-6.2,-9.7,92,3.3,7.2,55.0,963.4
2024-02-29T14:00,Maitri Station,-6.0,-9.7,92,4.6,8.6,84.0,962.9
2024-02-29T15:00,Maitri Station,-6.8,-11.0,96,7.7,12.2,104.0,962.4
2024-02-29T16:00,Maitri Station,-7.3,-11.3,95,6.4,12.2,102.0,961.9
2024-02-29T17:00,Maitri Station,-8.1,-11.7,94,3.1,9.7,48.0,961.4
2024-02-29T18:00,Maitri Station,-7.9,-11.2,94,1.6,4.0,24.0,961.1
2024-02-29T19:00,Maitri Station,-8.1,-11.5,93,1.5,2.9,6.0,960.7
2024-02-29T20:00,Maitri Station,-8.3,-11.6,94,0.8,2.5,0.0,960.7
2024-02-29T21:00,Maitri Station,-8.5,-12.2,87,3.1,4.7,0.0,960.4
2024-02-29T22:00,Maitri Station,-9.6,-13.7,83,4.6,6.8,0.0,960.2
2024-02-29T23:00,Maitri Station,-9.9,-14.1,80,5.1,8.3,0.0,960.1
2024-03-01T00:00,Maitri Station,-9.8,-14.0,70,4.6,8.3,0.0,960.0
2024-03-01T01:00,Maitri Station,-9.6,-14.3,63,7.2,11.9,0.0,959.4
2024-03-01T02:00,Maitri Station,-9.2,-13.7,49,5.0,11.2,0.0,959.3
2024-03-01T03:00,Maitri Station,-10.7,-15.3,55,6.1,8.6,0.0,959.1
2024-03-01T04:00,Maitri Station,-12.1,-17.0,60,8.0,10.4,0.0,959.2
2024-03-01T05:00,Maitri Station,-11.7,-16.7,54,8.3,13.7,13.0,959.1
2024-03-01T06:00,Maitri Station,-7.9,-12.4,26,3.3,12.6,65.0,959.4
2024-03-01T07:00,Maitri Station,-7.8,-12.3,25,3.4,8.6,152.0,959.6
2024-03-01T08:00,Maitri Station,-9.0,-13.7,39,6.2,13.0,240.0,960.0
2024-03-01T09:00,Maitri Station,-8.5,-14.7,41,16.9,28.4,315.0,960.3
2024-03-01T10:00,Maitri Station,-8.6,-15.8,46,23.4,39.6,370.0,960.7
2024-03-01T11:00,Maitri Station,-8.9,-16.1,53,23.7,42.5,405.0,961.0
2024-03-01T12:00,Maitri Station,-8.9,-15.5,55,20.1,40.3,416.0,961.1
2024-03-01T13:00,Maitri Station,-8.7,-14.7,59,16.1,30.6,397.0,960.7
2024-03-01T14:00,Maitri Station,-9.0,-14.8,61,15.0,27.4,357.0,960.9
2024-03-01T15:00,Maitri Station,-9.5,-15.1,62,13.7,25.2,295.0,960.9
2024-03-01T16:00,Maitri Station,-10.2,-15.8,60,13.7,23.0,219.0,961.1
2024-03-01T17:00,Maitri Station,-10.8,-16.7,57,15.1,24.5,136.0,961.1
2024-03-01T18:00,Maitri Station,-11.4,-17.6,53,16.8,26.3,59.0,961.4
2024-03-01T19:00,Maitri Station,-11.9,-18.3,51,17.7,27.7,9.0,961.5
2024-03-01T20:00,Maitri Station,-12.1,-18.5,49,17.7,28.1,0.0,961.6
2024-03-01T21:00,Maitri Station,-12.4,-18.8,48,17.4,27.7,0.0,961.8
2024-03-01T22:00,Maitri Station,-12.7,-19.1,47,17.1,27.0,0.0,961.9
2024-03-01T23:00,Maitri Station,-13.1,-19.3,46,16.2,25.9,0.0,962.1
2024-03-02T00:00,Maitri Station,-13.7,-19.7,45,14.8,24.5,0.0,962.2
2024-03-02T01:00,Maitri Station,-13.5,-19.5,52,14.3,23.0,0.0,962.0
2024-03-02T02:00,Maitri Station,-14.3,-20.1,53,13.1,20.2,0.0,961.9
2024-03-02T03:00,Maitri Station,-14.7,-20.5,52,13.2,18.4,0.0,962.1
2024-03-02T04:00,Maitri Station,-15.0,-20.9,51,14.1,19.4,0.0,962.3
2024-03-02T05:00,Maitri Station,-14.7,-20.9,50,16.0,23.0,13.0,962.5
2024-03-02T06:00,Maitri Station,-14.4,-20.6,54,16.2,24.1,66.0,962.5
2024-03-02T07:00,Maitri Station,-13.6,-20.0,54,17.3,27.7,142.0,962.9
2024-03-02T08:00,Maitri Station,-12.1,-18.6,44,18.4,31.3,230.0,963.3
2024-03-02T09:00,Maitri Station,-10.6,-17.7,41,22.7,37.4,304.0,963.6
2024-03-02T10:00,Maitri Station,-10.1,-17.9,44,27.2,45.7,361.0,963.7
2024-03-02T11:00,Maitri Station,-9.7,-17.6,46,28.8,48.6,399.0,963.9
2024-03-02T12:00,Maitri Station,-9.4,-17.5,47,29.3,49.3,406.0,963.9
2024-03-02T13:00,Maitri Station,-8.9,-16.9,48,29.6,51.1,390.0,962.8
2024-03-02T14:00,Maitri Station,-8.8,-16.6,49,28.3,49.7,347.0,962.8
2024-03-02T15:00,Maitri Station,-8.8,-16.6,48,27.5,47.5,272.0,962.9
2024-03-02T16:00,Maitri Station,-9.0,-16.7,47,27.5,46.4,187.0,962.8
2024-03-02T17:00,Maitri Station,-9.2,-17.1,46,28.2,46.8,103.0,963.0
2024-03-02T18:00,Maitri Station,-9.5,-17.5,45,29.3,48.2,37.0,963.2
2024-03-02T19:00,Maitri Station,-9.7,-17.9,45,30.3,49.7,4.0,963.6
2024-03-02T20:00,Maitri Station,-9.7,-18.0,44,31.1,50.8,0.0,963.8
2024-03-02T21:00,Maitri Station,-9.6,-18.0,44,31.5,51.8,0.0,964.1
2024-03-02T22:00,Maitri Station,-9.6,-18.0,44,31.6,52.2,0.0,964.3
2024-03-02T23:00,Maitri Station,-9.7,-18.2,43,32.1,52.6,0.0,964.6
2024-03-03T00:00,Maitri Station,-9.8,-18.3,43,32.0,52.9,0.0,964.6
2024-03-03T01:00,Maitri Station,-9.4,-17.8,43,31.9,52.9,0.0,964.6
2024-03-03T02:00,Maitri Station,-9.4,-18.0,43,33.1,54.4,0.0,964.6
2024-03-03T03:00,Maitri Station,-9.3,-17.9,44,33.2,55.1,0.0,965.0
2024-03-03T04:00,Maitri Station,-9.2,-17.8,44,33.0,54.7,0.0,965.3
2024-03-03T05:00,Maitri Station,-8.8,-17.3,44,32.6,54.4,7.0,965.6
2024-03-03T06:00,Maitri Station,-8.4,-17.0,44,33.0,54.7,41.0,966.0
2024-03-03T07:00,Maitri Station,-8.1,-16.6,44,32.7,55.1,97.0,966.4
2024-03-03T08:00,Maitri Station,-8.0,-16.6,45,32.9,55.1,174.0,966.6
2024-03-03T09:00,Maitri Station,-7.6,-16.0,45,32.4,54.7,207.0,966.8
2024-03-03T10:00,Maitri Station,-7.2,-15.6,46,32.1,54.4,155.0,966.8
2024-03-03T11:00,Maitri Station,-6.9,-15.1,49,31.4,54.0,59.0,966.7
2024-03-03T12:00,Maitri Station,-6.6,-14.6,50,30.2,52.6,56.0,966.7
2024-03-03T13:00,Maitri Station,-6.3,-13.8,50,27.0,49.3,35.0,966.0
2024-03-03T14:00,Maitri Station,-6.3,-13.8,50,26.9,46.1,13.0,966.0
2024-03-03T15:00,Maitri Station,-6.4,-13.9,49,27.2,46.1,14.0,965.9
2024-03-03T16:00,Maitri Station,-6.7,-14.2,48,27.1,46.1,7.0,965.7
2024-03-03T17:00,Maitri Station,-7.0,-14.5,47,26.5,45.7,1.0,965.6
2024-03-03T18:00,Maitri Station,-7.3,-14.8,46,26.0,44.6,1.0,965.5
2024-03-03T19:00,Maitri Station,-7.7,-15.3,44,26.7,44.3,0.0,965.5
2024-03-03T20:00,Maitri Station,-8.1,-16.0,43,28.0,46.1,0.0,965.4
2024-03-03T21:00,Maitri Station,-8.4,-16.4,42,29.0,47.5,0.0,965.5
2024-03-03T22:00,Maitri Station,-8.8,-16.8,42,29.0,47.9,0.0,965.3
2024-03-03T23:00,Maitri Station,-8.9,-16.7,42,27.9,47.9,0.0,965.4
2024-03-04T00:00,Maitri Station,-9.2,-16.6,42,24.8,45.4,0.0,965.3
2024-03-04T01:00,Maitri Station,-9.1,-16.4,44,23.8,42.8,0.0,965.2
2024-03-04T02:00,Maitri Station,-9.7,-16.7,44,21.8,38.9,0.0,965.1
2024-03-04T03:00,Maitri Station,-10.1,-16.6,44,18.6,34.9,0.0,965.0
2024-03-04T04:00,Maitri Station,-10.8,-17.1,45,17.0,30.2,0.0,964.9
2024-03-04T05:00,Maitri Station,-11.4,-17.7,46,16.9,27.4,1.0,964.8
2024-03-04T06:00,Maitri Station,-11.1,-17.1,48,15.2,26.3,11.0,965.0
2024-03-04T07:00,Maitri Station,-11.0,-16.8,49,13.9,23.8,55.0,965.1
2024-03-04T08:00,Maitri Station,-11.3,-16.8,54,12.1,20.9,139.0,965.0
2024-03-04T09:00,Maitri Station,-11.2,-16.3,59,10.0,17.6,226.0,965.1
2024-03-04T10:00,Maitri Station,-11.0,-15.7,62,7.2,14.0,258.0,964.9
2024-03-04T11:00,Maitri Station,-10.2,-14.4,54,3.2,10.4,277.0,965.1
2024-03-04T12:00,Maitri Station,-9.5,-13.7,42,2.6,5.0,322.0,965.3
2024-03-04T13:00,Maitri Station,-10.8,-14.9,67,3.8,7.6,351.0,964.9
2024-03-04T14:00,Maitri Station,-10.9,-15.5,66,6.1,7.6,316.0,964.8
2024-03-04T15:00,Maitri Station,-11.5,-16.2,63,7.1,10.4,269.0,964.4
2024-03-04T16:00,Maitri Station,-11.4,-16.1,52,6.4,9.7,193.0,964.1
2024-03-04T17:00,Maitri Station,-10.2,-14.9,36,5.6,9.4,113.0,963.6
2024-03-04T18:00,Maitri Station,-11.8,-16.7,37,6.6,9.4,42.0,963.5
2024-03-04T19:00,Maitri Station,-14.8,-20.1,46,9.4,13.3,4.0,963.3
2024-03-04T20:00,Maitri Station,-13.2,-18.4,34,7.9,13.3,0.0,963.5
2024-03-04T21:00,Maitri Station,-16.5,-22.0,49,10.8,14.4,0.0,963.5
2024-03-04T22:00,Maitri Station,-16.1,-22.4,51,16.2,23.4,0.0,963.7
2024-03-04T23:00,Maitri Station,-15.6,-21.8,46,15.7,24.8,0.0,964.2
2024-03-05T00:00,Maitri Station,-16.8,-22.9,48,14.2,22.3,0.0,964.4
2024-03-05T01:00,Maitri Station,-16.3,-22.2,50,13.0,23.0,0.0,964.4
2024-03-05T02:00,Maitri Station,-16.8,-22.5,51,11.9,19.1,0.0,964.5
2024-03-05T03:00,Maitri Station,-17.0,-22.8,49,12.2,18.0,0.0,964.6
2024-03-05T04:00,Maitri Station,-17.1,-23.0,49,13.7,20.2,0.0,964.5
2024-03-05T05:00,Maitri Station,-16.6,-22.8,49,15.4,23.4,6.0,964.5
2024-03-05T06:00,Maitri Station,-15.2,-21.4,46,15.5,25.2,51.0,964.5
2024-03-05T07:00,Maitri Station,-13.5,-20.2,41,18.8,30.6,121.0,964.7
2024-03-05T08:00,Maitri Station,-12.6,-19.6,42,20.8,33.8,204.0,964.8
2024-03-05T09:00,Maitri Station,-12.1,-18.9,43,20.0,34.2,278.0,964.6
2024-03-05T10:00,Maitri Station,-11.9,-18.2,46,17.1,33.1,343.0,964.3
2024-03-05T11:00,Maitri Station,-11.8,-17.6,50,13.4,28.4,380.0,964.0
2024-03-05T12:00,Maitri Station,-11.8,-17.3,51,11.8,22.7,382.0,963.8
2024-03-05T13:00,Maitri Station,-11.1,-17.0,50,14.7,25.6,357.0,963.6
2024-03-05T14:00,Maitri Station,-11.6,-17.5,56,14.7,25.9,316.0,963.7
2024-03-05T15:00,Maitri Station,-12.2,-18.1,58,14.7,25.6,236.0,963.4
2024-03-05T16:00,Maitri Station,-12.0,-18.4,54,17.8,30.2,107.0,962.9
2024-03-05T17:00,Maitri Station,-12.4,-19.3,51,20.9,35.3,77.0,962.8
2024-03-05T18:00,Maitri Station,-12.7,-20.0,50,23.7,38.9,31.0,962.7
2024-03-05T19:00,Maitri Station,-12.9,-20.5,51,26.0,42.1,2.0,962.8
2024-03-05T20:00,Maitri Station,-12.7,-20.4,50,26.0,42.8,0.0,962.5
2024-03-05T21:00,Maitri Station,-12.6,-20.0,47,24.7,42.1,0.0,962.5
2024-03-05T22:00,Maitri Station,-12.9,-20.2,46,23.4,39.2,0.0,962.3
2024-03-05T23:00,Maitri Station,-12.7,-20.0,46,23.4,37.1,0.0,962.1
2024-03-06T00:00,Maitri Station,-12.6,-20.2,46,25.1,40.3,0.0,961.9
2024-03-06T01:00,Maitri Station,-11.5,-19.2,53,26.6,44.3,0.0,961.8
2024-03-06T02:00,Maitri Station,-11.5,-18.4,56,21.6,43.6,0.0,961.7
2024-03-06T03:00,Maitri Station,-11.4,-18.8,47,24.5,39.6,0.0,961.5
2024-03-06T04:00,Maitri Station,-11.8,-19.5,45,26.6,44.6,0.0,961.3
2024-03-06T05:00,Maitri Station,-11.9,-19.8,43,27.2,45.0,1.0,961.0
2024-03-06T06:00,Maitri Station,-12.1,-20.1,43,28.4,47.2,29.0,961.0
2024-03-06T07:00,Maitri Station,-11.7,-19.8,43,28.6,47.5,105.0,960.9
2024-03-06T08:00,Maitri Station,-11.3,-19.3,44,28.4,47.5,189.0,960.8
2024-03-06T09:00,Maitri Station,-10.9,-18.7,45,26.8,46.8,267.0,960.7
2024-03-06T10:00,Maitri Station,-10.6,-18.2,45,26.0,45.0,325.0,960.4
2024-03-06T11:00,Maitri Station,-10.4,-17.8,46,25.2,43.6,358.0,960.0
2024-03-06T12:00,Maitri Station,-10.2,-17.5,48,23.8,42.5,368.0,959.6
2024-03-06T13:00,Maitri Station,-10.2,-17.3,49,22.5,39.2,352.0,959.1
2024-03-06T14:00,Maitri Station,-10.6,-17.4,51,20.9,38.2,316.0,958.8
2024-03-06T15:00,Maitri Station,-11.1,-17.8,52,20.4,35.3,256.0,958.5
2024-03-06T16:00,Maitri Station,-11.5,-18.4,52,21.4,36.0,180.0,958.0
2024-03-06T17:00,Maitri Station,-12.1,-19.1,53,22.4,37.4,97.0,957.8
2024-03-06T18:00,Maitri Station,-12.5,-19.9,50,24.7,40.7,31.0,957.8
2024-03-06T19:00,Maitri Station,-12.5,-20.3,52,27.6,45.7,1.0,957.8
2024-03-06T20:00,Maitri Station,-12.5,-20.5,53,28.3,47.5,0.0,957.9
2024-03-06T21:00,Maitri Station,-12.6,-20.6,53,28.7,48.6,0.0,958.0
2024-03-06T22:00,Maitri Station,-12.7,-20.8,53,29.4,49.7,0.0,958.0
2024-03-06T23:00,Maitri Station,-12.7,-21.1,51,31.3,52.2,0.0,957.8
2024-03-07T00:00,Maitri Station,-12.7,-21.3,51,33.1,55.4,0.0,957.8
2024-03-07T01:00,Maitri Station,-12.0,-20.8,52,34.7,58.3,0.0,957.2
2024-03-07T02:00,Maitri Station,-12.0,-20.8,53,34.7,58.7,0.0,957.3
2024-03-07T03:00,Maitri Station,-11.7,-20.6,53,34.6,58.3,0.0,957.7
2024-03-07T04:00,Maitri Station,-11.9,-20.9,52,35.6,59.8,0.0,957.9
2024-03-07T05:00,Maitri Station,-11.9,-21.1,53,36.9,61.6,0.0,958.1
2024-03-07T06:00,Maitri Station,-11.9,-21.3,52,38.3,64.1,22.0,958.4
2024-03-07T07:00,Maitri Station,-11.6,-21.0,51,38.5,64.8,89.0,958.6
2024-03-07T08:00,Maitri Station,-11.3,-20.7,52,38.7,64.8,174.0,959.0
2024-03-07T09:00,Maitri Station,-10.9,-20.5,52,39.8,65.9,203.0,959.3
2024-03-07T10:00,Maitri Station,-10.5,-20.0,53,39.8,66.6,259.0,959.3
2024-03-07T11:00,Maitri Station,-10.1,-19.6,52,39.6,66.6,289.0,959.8
2024-03-07T12:00,Maitri Station,-9.8,-19.2,52,39.0,65.9,222.0,959.8
2024-03-07T13:00,Maitri Station,-9.7,-19.0,54,38.5,64.8,162.0,959.3
2024-03-07T14:00,Maitri Station,-9.6,-18.9,53,38.5,64.8,114.0,959.8
2024-03-07T15:00,Maitri Station,-9.7,-19.2,53,39.3,65.2,62.0,960.2
2024-03-07T16:00,Maitri Station,-9.8,-19.7,53,42.4,69.1,48.0,960.0
2024-03-07T17:00,Maitri Station,-10.1,-20.4,51,44.5,73.4,35.0,959.8
2024-03-07T18:00,Maitri Station,-10.3,-20.2,49,42.4,73.4,11.0,960.4
2024-03-07T19:00,Maitri Station,-10.4,-19.9,46,38.8,70.2,0.0,961.2
2024-03-07T20:00,Maitri Station,-10.6,-20.0,44,38.0,64.8,0.0,961.5
2024-03-07T21:00,Maitri Station,-10.8,-20.2,43,38.4,64.4,0.0,962.1
2024-03-07T22:00,Maitri Station,-10.8,-20.3,43,39.0,65.2,0.0,962.5
2024-03-07T23:00,Maitri Station,-10.9,-20.3,43,38.2,64.8,0.0,963.0
2024-03-08T00:00,Maitri Station,-11.0,-20.4,42,37.8,63.7,0.0,963.3
2024-03-08T01:00,Maitri Station,-10.6,-20.3,39,39.6,65.9,0.0,962.9
2024-03-08T02:00,Maitri Station,-10.8,-20.4,40,39.1,66.2,0.0,963.6
2024-03-08T03:00,Maitri Station,-11.0,-20.4,40,37.8,65.2,0.0,964.3
2024-03-08T04:00,Maitri Station,-11.1,-20.4,41,37.2,63.0,0.0,964.8
2024-03-08T05:00,Maitri Station,-11.2,-20.6,43,38.4,64.1,3.0,965.5
2024-03-08T06:00,Maitri Station,-10.9,-20.6,45,40.0,67.0,40.0,966.3
2024-03-08T07:00,Maitri Station,-10.5,-20.2,48,40.6,67.7,105.0,966.9
2024-03-08T08:00,Maitri Station,-10.0,-19.6,49,40.6,68.0,176.0,967.1
2024-03-08T09:00,Maitri Station,-9.6,-19.2,49,40.2,67.7,245.0,967.4
2024-03-08T10:00,Maitri Station,-9.1,-18.6,49,39.5,67.0,303.0,967.8
2024-03-08T11:00,Maitri Station,-8.7,-18.2,49,39.8,66.6,352.0,968.1
2024-03-08T12:00,Maitri Station,-8.3,-18.0,49,41.4,69.1,329.0,968.2
2024-03-08T13:00,Maitri Station,-8.1,-17.6,48,40.0,67.3,301.0,968.4
2024-03-08T14:00,Maitri Station,-8.0,-17.6,48,40.8,68.0,249.0,968.6
2024-03-08T15:00,Maitri Station,-7.9,-17.6,48,41.4,69.5,184.0,968.7
2024-03-08T16:00,Maitri Station,-7.7,-17.6,49,42.9,71.6,83.0,968.7
2024-03-08T17:00,Maitri Station,-7.6,-17.7,50,44.4,74.2,30.0,968.9
2024-03-08T18:00,Maitri Station,-7.4,-17.5,52,44.3,74.5,5.0,969.1
2024-03-08T19:00,Maitri Station,-7.0,-17.4,54,46.8,77.4,0.0,969.4
2024-03-08T20:00,Maitri Station,-6.8,-17.3,56,47.8,79.6,0.0,969.6
2024-03-08T21:00,Maitri Station,-6.7,-17.1,58,47.5,79.9,0.0,969.9
2024-03-08T22:00,Maitri Station,-6.6,-16.9,60,46.6,79.2,0.0,970.3
2024-03-08T23:00,Maitri Station,-6.5,-16.4,60,44.0,77.8,0.0,970.9
2024-03-09T00:00,Maitri Station,-6.4,-15.8,59,40.5,73.8,0.0,971.2
2024-03-09T01:00,Maitri Station,-6.1,-15.2,51,38.0,70.2,0.0,971.6
2024-03-09T02:00,Maitri Station,-6.0,-14.4,47,32.6,63.4,0.0,971.9
2024-03-09T03:00,Maitri Station,-6.1,-13.9,45,28.6,55.1,0.0,972.1
2024-03-09T04:00,Maitri Station,-6.5,-14.0,43,26.7,48.2,0.0,971.8
2024-03-09T05:00,Maitri Station,-7.6,-15.0,42,25.4,43.9,1.0,971.4
2024-03-09T06:00,Maitri Station,-8.0,-15.2,42,23.5,40.7,34.0,971.0
2024-03-09T07:00,Maitri Station,-8.0,-14.7,44,20.5,36.7,106.0,970.8
2024-03-09T08:00,Maitri Station,-8.3,-14.2,48,15.2,32.4,186.0,970.6
2024-03-09T09:00,Maitri Station,-9.3,-14.2,55,8.7,24.1,259.0,970.7
2024-03-09T10:00,Maitri Station,-8.9,-13.5,53,6.9,14.0,319.0,970.5
2024-03-09T11:00,Maitri Station,-8.0,-12.6,48,6.2,10.4,353.0,970.0
2024-03-09T12:00,Maitri Station,-8.6,-13.6,56,9.4,13.3,363.0,969.0
2024-03-09T13:00,Maitri Station,-7.9,-12.8,60,9.0,14.4,346.0,968.0
2024-03-09T14:00,Maitri Station,-8.5,-13.2,63,8.1,14.4,305.0,967.3
2024-03-09T15:00,Maitri Station,-8.5,-13.1,57,7.2,13.3,244.0,966.8
2024-03-09T16:00,Maitri Station,-9.6,-14.4,55,7.7,12.2,169.0,966.2
2024-03-09T17:00,Maitri Station,-11.0,-16.6,54,12.6,19.1,90.0,965.5
2024-03-09T18:00,Maitri Station,-11.4,-17.4,47,14.9,24.1,25.0,964.8
2024-03-09T19:00,Maitri Station,-10.8,-17.3,38,18.0,29.2,0.0,964.5
2024-03-09T20:00,Maitri Station,-9.4,-16.9,33,24.6,38.9,0.0,964.2
2024-03-09T21:00,Maitri Station,-9.4,-17.8,34,30.5,48.2,0.0,963.9
2024-03-09T22:00,Maitri Station,-10.1,-18.5,35,31.4,51.1,0.0,963.4
2024-03-09T23:00,Maitri Station,-10.5,-18.7,36,29.6,50.0,0.0,963.3
2024-03-10T00:00,Maitri Station,-10.8,-18.7,38,27.3,46.4,0.0,963.1
2024-03-10T01:00,Maitri Station,-10.8,-18.5,38,26.3,42.8,0.0,962.9
2024-03-10T02:00,Maitri Station,-10.4,-18.2,37,26.6,42.1,0.0,963.0
2024-03-10T03:00,Maitri Station,-10.3,-17.8,36,24.7,41.8,0.0,963.2
2024-03-10T04:00,Maitri Station,-10.4,-17.9,35,24.9,39.2,0.0,963.5
2024-03-10T05:00,Maitri Station,-10.5,-18.0,35,24.6,39.6,1.0,963.6
2024-03-10T06:00,Maitri Station,-10.3,-17.6,36,23.3,38.9,34.0,963.9
2024-03-10T07:00,Maitri Station,-9.7,-16.8,37,22.2,37.4,103.0,964.2
2024-03-10T08:00,Maitri Station,-9.1,-16.1,38,21.7,35.6,181.0,964.5
2024-03-10T09:00,Maitri Station,-8.3,-15.8,38,25.4,41.8,253.0,964.9
2024-03-10T10:00,Maitri Station,-7.9,-15.8,40,28.3,47.2,308.0,965.0
2024-03-10T11:00,Maitri Station,-7.6,-15.7,43,29.6,49.3,332.0,965.4
2024-03-10T12:00,Maitri Station,-7.5,-15.4,47,28.7,49.3,342.0,965.8
2024-03-10T13:00,Maitri Station,-7.5,-14.9,49,26.0,45.4,321.0,965.4
2024-03-10T14:00,Maitri Station,-7.5,-14.7,54,24.6,43.6,271.0,965.8
2024-03-10T15:00,Maitri Station,-7.8,-14.7,57,23.4,41.4,200.0,966.2
2024-03-10T16:00,Maitri Station,-7.8,-14.8,59,23.6,39.6,108.0,966.6
2024-03-10T17:00,Maitri Station,-7.9,-15.0,60,24.3,40.7,53.0,966.9
2024-03-10T18:00,Maitri Station,-8.2,-15.5,60,25.8,42.8,9.0,967.3
2024-03-10T19:00,Maitri Station,-8.1,-15.5,61,26.8,44.6,0.0,967.8
2024-03-10T20:00,Maitri Station,-7.8,-15.4,60,27.4,45.7,0.0,968.3
2024-03-10T21:00,Maitri Station,-7.8,-15.3,59,27.2,45.7,0.0,969.0
2024-03-10T22:00,Maitri Station,-7.4,-14.9,58,26.9,45.4,0.0,969.4
2024-03-10T23:00,Maitri Station,-7.3,-14.8,57,27.5,46.1,0.0,969.8
2024-03-11T00:00,Maitri Station,-7.3,-15.0,57,28.7,47.9,0.0,970.4
2024-03-11T01:00,Maitri Station,-7.7,-15.7,60,30.2,49.3,0.0,970.9
2024-03-11T02:00,Maitri Station,-8.1,-16.1,60,30.5,50.8,0.0,971.4
2024-03-11T03:00,Maitri Station,-8.2,-16.1,61,29.8,50.8,0.0,971.9
2024-03-11T04:00,Maitri Station,-7.8,-15.6,61,29.1,49.7,0.0,972.5
2024-03-11T05:00,Maitri Station,-7.5,-15.1,61,27.9,48.2,0.0,973.0
2024-03-11T06:00,Maitri Station,-7.3,-14.8,61,27.4,46.8,0.0,973.7
2024-03-11T07:00,Maitri Station,-7.1,-14.7,61,27.7,46.4,5.0,974.1
2024-03-11T08:00,Maitri Station,-7.0,-14.4,60,27.1,46.4,24.0,974.8
2024-03-11T09:00,Maitri Station,-6.7,-14.0,59,26.1,45.4,52.0,975.3
2024-03-11T10:00,Maitri Station,-6.6,-13.7,58,24.8,43.9,136.0,975.5
2024-03-11T11:00,Maitri Station,-6.5,-13.6,56,24.5,42.5,196.0,975.8
2024-03-11T12:00,Maitri Station,-6.5,-13.6,55,24.2,41.8,191.0,975.9
2024-03-11T13:00,Maitri Station,-6.5,-13.3,56,23.0,41.8,178.0,975.6
2024-03-11T14:00,Maitri Station,-6.9,-13.6,55,21.7,39.6,197.0,975.7
2024-03-11T15:00,Maitri Station,-7.4,-14.0,55,20.6,37.4,160.0,975.6
2024-03-11T16:00,Maitri Station,-8.1,-14.6,54,19.7,35.6,130.0,975.5
2024-03-11T17:00,Maitri Station,-9.1,-15.4,55,18.4,34.2,69.0,975.4
2024-03-11T18:00,Maitri Station,-10.1,-16.3,53,17.3,31.3,16.0,975.3
2024-03-11T19:00,Maitri Station,-10.2,-16.4,50,16.8,28.1,0.0,975.2
2024-03-11T20:00,Maitri Station,-10.0,-16.5,47,18.8,29.9,0.0,975.4
2024-03-11T21:00,Maitri Station,-10.1,-16.7,46,19.2,31.3,0.0,975.5
2024-03-11T22:00,Maitri Station,-10.4,-17.0,45,19.1,31.0,0.0,975.3
2024-03-11T23:00,Maitri Station,-10.6,-17.3,44,19.9,31.7,0.0,975.3
2024-03-12T00:00,Maitri Station,-10.5,-17.4,43,20.5,33.5,0.0,975.4
2024-03-12T01:00,Maitri Station,-9.5,-16.1,45,19.6,33.1,0.0,975.0
2024-03-12T02:00,Maitri Station,-10.2,-16.9,45,20.1,32.0,0.0,975.0
2024-03-12T03:00,Maitri Station,-10.1,-17.0,43,20.9,33.1,0.0,974.9
2024-03-12T04:00,Maitri Station,-10.6,-17.3,43,19.7,33.1,0.0,974.7
2024-03-12T05:00,Maitri Station,-11.6,-18.2,47,18.8,29.9,0.0,974.6
2024-03-12T06:00,Maitri Station,-12.2,-18.5,52,17.0,27.7,25.0,974.7
2024-03-12T07:00,Maitri Station,-10.6,-17.2,45,18.9,29.9,88.0,975.3
2024-03-12T08:00,Maitri Station,-9.4,-16.0,43,19.0,32.0,165.0,975.7
2024-03-12T09:00,Maitri Station,-10.1,-16.3,51,16.5,29.2,237.0,975.6
2024-03-12T10:00,Maitri Station,-10.8,-16.8,61,16.2,24.1,293.0,975.5
2024-03-12T11:00,Maitri Station,-10.4,-16.0,61,13.1,23.8,328.0,975.8
2024-03-12T12:00,Maitri Station,-9.7,-15.2,52,12.3,19.4,337.0,976.3
2024-03-12T13:00,Maitri Station,-8.1,-14.1,49,15.5,25.2,319.0,975.7
2024-03-12T14:00,Maitri Station,-8.9,-14.4,51,12.2,24.8,279.0,975.7
2024-03-12T15:00,Maitri Station,-10.2,-15.8,56,12.9,18.0,219.0,975.4
2024-03-12T16:00,Maitri Station,-11.2,-17.0,58,14.7,20.2,145.0,975.2
2024-03-12T17:00,Maitri Station,-11.9,-17.7,54,14.3,20.9,70.0,975.2
2024-03-12T18:00,Maitri Station,-12.4,-18.5,49,15.6,21.6,14.0,975.2
2024-03-12T19:00,Maitri Station,-12.0,-18.3,47,16.6,24.5,0.0,975.6
2024-03-12T20:00,Maitri Station,-12.3,-18.5,47,16.2,23.8,0.0,976.1
2024-03-12T21:00,Maitri Station,-12.5,-18.8,47,16.6,24.1,0.0,976.7
2024-03-12T22:00,Maitri Station,-12.4,-18.8,46,17.4,25.6,0.0,977.0
2024-03-12T23:00,Maitri Station,-12.3,-18.7,45,17.3,26.3,0.0,977.2
2024-03-13T00:00,Maitri Station,-12.2,-18.6,42,17.7,26.6,0.0,977.4
2024-03-13T01:00,Maitri Station,-11.2,-17.7,43,18.4,32.8,0.0,977.5
2024-03-13T02:00,Maitri Station,-11.4,-17.8,42,17.4,27.4,0.0,977.4
2024-03-13T03:00,Maitri Station,-12.2,-18.3,43,15.6,26.6,0.0,977.4
2024-03-13T04:00,Maitri Station,-12.8,-18.9,44,15.1,24.5,0.0,977.8
2024-03-13T05:00,Maitri Station,-12.4,-18.8,43,16.7,28.1,0.0,978.2
2024-03-13T06:00,Maitri Station,-10.9,-17.5,41,18.9,31.7,23.0,978.3
2024-03-13T07:00,Maitri Station,-9.5,-16.4,40,21.0,36.4,86.0,978.6
2024-03-13T08:00,Maitri Station,-7.7,-16.3,36,33.1,53.6,162.0,979.1
2024-03-13T09:00,Maitri Station,-7.7,-16.5,43,34.7,62.6,232.0,980.0
2024-03-13T10:00,Maitri Station,-7.7,-15.1,43,25.5,56.9,287.0,980.3
2024-03-13T11:00,Maitri Station,-7.6,-14.1,42,18.5,41.8,322.0,980.4
2024-03-13T12:00,Maitri Station,-8.0,-14.1,44,16.1,30.6,331.0,980.5
2024-03-13T13:00,Maitri Station,-7.4,-14.5,51,24.0,42.5,312.0,981.0
2024-03-13T14:00,Maitri Station,-8.1,-14.5,52,18.9,39.6,272.0,981.2
2024-03-13T15:00,Maitri Station,-8.5,-14.8,49,17.6,30.6,212.0,981.5
2024-03-13T16:00,Maitri Station,-9.6,-15.6,46,15.1,27.7,138.0,981.4
2024-03-13T17:00,Maitri Station,-10.1,-16.3,44,16.5,27.0,64.0,981.7
2024-03-13T18:00,Maitri Station,-9.5,-16.4,40,20.9,33.1,11.0,982.1
2024-03-13T19:00,Maitri Station,-8.0,-15.8,38,27.4,43.9,0.0,982.6
2024-03-13T20:00,Maitri Station,-7.9,-16.0,38,29.3,47.5,0.0,983.1
2024-03-13T21:00,Maitri Station,-8.0,-15.9,37,28.2,47.2,0.0,983.6
2024-03-13T22:00,Maitri Station,-7.8,-15.9,36,29.4,47.2,0.0,984.0
2024-03-13T23:00,Maitri Station,-7.8,-15.8,35,28.5,47.2,0.0,984.3
2024-03-14T00:00,Maitri Station,-7.8,-15.8,34,28.4,46.4,0.0,984.7
2024-03-14T01:00,Maitri Station,-7.3,-15.6,34,30.4,52.9,0.0,984.7
2024-03-14T02:00,Maitri Station,-7.6,-15.5,34,28.3,49.3,0.0,984.9
2024-03-14T03:00,Maitri Station,-8.0,-15.7,36,26.4,45.4,0.0,985.0
2024-03-14T04:00,Maitri Station,-8.0,-15.8,36,27.3,43.9,0.0,985.2
2024-03-14T05:00,Maitri Station,-8.1,-16.0,36,27.9,45.0,0.0,985.3
2024-03-14T06:00,Maitri Station,-8.0,-15.6,36,25.7,44.3,19.0,985.4
2024-03-14T07:00,Maitri Station,-7.6,-15.1,36,25.3,41.0,79.0,985.8
2024-03-14T08:00,Maitri Station,-7.2,-14.5,36,24.3,41.0,154.0,986.3
2024-03-14T09:00,Maitri Station,-7.1,-14.1,38,21.9,39.6,225.0,986.3
2024-03-14T10:00,Maitri Station,-6.9,-13.6,39,20.1,35.6,279.0,986.4
2024-03-14T11:00,Maitri Station,-6.9,-13.3,40,18.0,32.8,311.0,986.4
2024-03-14T12:00,Maitri Station,-7.4,-13.4,43,15.7,29.9,320.0,986.4
2024-03-14T13:00,Maitri Station,-7.4,-13.0,49,13.4,28.1,307.0,986.2
2024-03-14T14:00,Maitri Station,-8.4,-13.6,49,10.7,22.0,267.0,985.8
2024-03-14T15:00,Maitri Station,-4.5,-9.2,24,5.2,17.6,206.0,985.8
2024-03-14T16:00,Maitri Station,-4.9,-9.0,24,1.8,10.8,133.0,985.5
2024-03-14T17:00,Maitri Station,-5.1,-9.7,23,4.6,8.6,59.0,985.5
2024-03-14T18:00,Maitri Station,-5.4,-9.9,22,4.0,8.6,9.0,985.2
2024-03-14T19:00,Maitri Station,-6.4,-11.3,23,6.6,10.4,0.0,984.8
2024-03-14T20:00,Maitri Station,-10.0,-15.2,33,8.3,12.2,0.0,984.8
2024-03-14T21:00,Maitri Station,-11.3,-16.6,37,9.4,13.3,0.0,984.6
2024-03-14T22:00,Maitri Station,-7.2,-12.2,23,7.3,13.7,0.0,984.6
2024-03-14T23:00,Maitri Station,-6.4,-10.9,21,3.6,11.2,0.0,984.6
2024-03-15T00:00,Maitri Station,-7.1,-11.8,22,4.7,7.6,0.0,984.3
2024-03-15T01:00,Maitri Station,-7.5,-12.2,24,5.4,8.3,0.0,982.3
2024-03-15T02:00,Maitri Station,-7.7,-12.1,23,2.9,7.9,0.0,982.1
2024-03-15T03:00,Maitri Station,-8.2,-12.4,24,1.8,5.4,0.0,981.9
2024-03-15T04:00,Maitri Station,-9.2,-13.5,26,2.2,4.0,0.0,981.8
2024-03-15T05:00,Maitri Station,-9.7,-14.2,28,3.8,4.7,0.0,981.5
2024-03-15T06:00,Maitri Station,-9.5,-14.2,27,5.1,6.5,13.0,981.3
2024-03-15T07:00,Maitri Station,-9.4,-14.3,27,5.9,7.6,61.0,981.0
2024-03-15T08:00,Maitri Station,-9.6,-14.5,27,6.2,8.3,132.0,980.7
2024-03-15T09:00,Maitri Station,-10.7,-15.5,31,6.1,8.6,172.0,980.3
2024-03-15T10:00,Maitri Station,-10.3,-15.0,30,4.7,8.3,227.0,980.0
2024-03-15T11:00,Maitri Station,-10.3,-14.9,31,4.3,7.2,297.0,979.6
2024-03-15T12:00,Maitri Station,-10.3,-14.7,31,3.1,6.5,311.0,979.3
2024-03-15T13:00,Maitri Station,-11.1,-15.8,34,4.8,11.2,282.0,977.7
2024-03-15T14:00,Maitri Station,-11.7,-16.1,36,3.2,8.6,238.0,977.3
2024-03-15T15:00,Maitri Station,-11.7,-15.8,35,1.3,6.5,192.0,977.1
2024-03-15T16:00,Maitri Station,-11.5,-16.2,34,5.1,6.5,124.0,976.8
2024-03-15T17:00,Maitri Station,-10.7,-15.6,31,6.5,9.4,53.0,976.3
2024-03-15T18:00,Maitri Station,-14.3,-19.6,42,8.9,13.0,6.0,976.2
2024-03-15T19:00,Maitri Station,-15.0,-20.5,45,10.7,16.6,0.0,976.4
2024-03-15T20:00,Maitri Station,-13.2,-18.6,37,9.6,16.6,0.0,976.7
2024-03-15T21:00,Maitri Station,-10.1,-15.2,28,7.7,17.3,0.0,977.1
2024-03-15T22:00,Maitri Station,-9.4,-14.2,26,5.5,15.5,0.0,977.7
2024-03-15T23:00,Maitri Station,-9.8,-14.8,25,7.0,12.6,0.0,977.9
2024-03-16T00:00,Maitri Station,-15.2,-21.7,38,17.6,22.0,0.0,977.2
2024-03-16T01:00,Maitri Station,-14.5,-20.1,47,11.5,18.7,0.0,975.9
2024-03-16T02:00,Maitri Station,-14.5,-19.6,44,8.0,16.9,0.0,976.0
2024-03-16T03:00,Maitri Station,-16.5,-22.0,48,10.5,15.1,0.0,976.4
2024-03-16T04:00,Maitri Station,-14.1,-21.1,37,20.6,31.7,0.0,976.4
2024-03-16T05:00,Maitri Station,-10.2,-19.4,30,36.4,58.3,0.0,976.5
2024-03-16T06:00,Maitri Station,-10.4,-21.2,32,47.5,77.8,15.0,975.9
2024-03-16T07:00,Maitri Station,-10.0,-20.7,33,46.6,78.1,72.0,976.2
2024-03-16T08:00,Maitri Station,-9.2,-19.8,32,45.9,76.3,145.0,975.9
2024-03-16T09:00,Maitri Station,-8.7,-19.1,32,44.6,74.9,216.0,975.9
2024-03-16T10:00,Maitri Station,-8.2,-18.5,32,43.6,73.4,272.0,975.8
2024-03-16T11:00,Maitri Station,-7.7,-17.8,32,42.7,72.0,306.0,975.8
2024-03-16T12:00,Maitri Station,-7.5,-17.3,33,41.0,70.9,315.0,975.9
2024-03-16T13:00,Maitri Station,-7.6,-16.9,35,37.6,67.3,296.0,974.7
2024-03-16T14:00,Maitri Station,-7.8,-16.4,37,33.0,63.0,255.0,975.6
2024-03-16T15:00,Maitri Station,-9.9,-16.8,46,21.7,54.7,193.0,976.5
2024-03-16T16:00,Maitri Station,-11.5,-18.1,48,18.6,36.0,119.0,976.6
2024-03-16T17:00,Maitri Station,-12.3,-18.9,48,19.4,31.3,48.0,976.7
2024-03-16T18:00,Maitri Station,-12.9,-19.7,47,19.7,31.3,5.0,976.9
2024-03-16T19:00,Maitri Station,-12.6,-19.6,45,21.3,33.1,0.0,977.4
2024-03-16T20:00,Maitri Station,-13.2,-19.8,47,18.6,35.6,0.0,977.7
2024-03-16T21:00,Maitri Station,-14.3,-20.7,46,16.9,31.7,0.0,977.7
2024-03-16T22:00,Maitri Station,-15.1,-21.2,48,15.4,28.4,0.0,976.8
2024-03-16T23:00,Maitri Station,-12.8,-19.8,43,21.1,34.9,0.0,976.5
2024-03-17T00:00,Maitri Station,-9.8,-18.2,39,31.7,52.9,0.0,976.3
2024-03-17T01:00,Maitri Station,-8.7,-19.2,42,45.7,75.6,0.0,975.6
2024-03-17T02:00,Maitri Station,-8.6,-18.7,43,43.1,76.7,0.0,976.0
2024-03-17T03:00,Maitri Station,-8.7,-18.3,42,40.3,72.4,0.0,976.0
2024-03-17T04:00,Maitri Station,-8.8,-18.1,41,37.9,68.4,0.0,975.8
2024-03-17T05:00,Maitri Station,-9.1,-18.0,40,34.7,63.7,0.0,975.2
2024-03-17T06:00,Maitri Station,-9.0,-17.7,38,33.2,59.0,10.0,974.7
2024-03-17T07:00,Maitri Station,-8.8,-17.7,37,34.6,57.6,61.0,974.3
2024-03-17T08:00,Maitri Station,-8.1,-17.0,36,34.3,58.0,134.0,973.6
2024-03-17T09:00,Maitri Station,-7.8,-16.8,36,35.9,58.7,204.0,973.2
2024-03-17T10:00,Maitri Station,-8.0,-17.8,37,41.0,66.6,259.0,972.7
2024-03-17T11:00,Maitri Station,-7.8,-17.7,37,41.7,68.8,295.0,972.2
2024-03-17T12:00,Maitri Station,-7.9,-17.3,37,38.3,68.0,305.0,971.7
2024-03-17T13:00,Maitri Station,-7.5,-16.2,38,34.1,61.2,287.0,970.2
2024-03-17T14:00,Maitri Station,-7.8,-16.5,38,33.3,56.5,248.0,970.0
2024-03-17T15:00,Maitri Station,-8.3,-17.0,38,33.5,56.2,188.0,969.8
2024-03-17T16:00,Maitri Station,-8.8,-17.9,36,35.9,59.8,115.0,969.9
2024-03-17T17:00,Maitri Station,-9.3,-19.0,36,40.0,66.2,45.0,969.8
2024-03-17T18:00,Maitri Station,-9.9,-20.1,37,43.3,72.7,4.0,970.1
2024-03-17T19:00,Maitri Station,-10.2,-20.3,36,42.4,72.4,0.0,970.3
2024-03-17T20:00,Maitri Station,-10.5,-20.5,35,42.0,69.8,0.0,970.1
2024-03-17T21:00,Maitri Station,-10.6,-21.1,35,44.9,73.8,0.0,970.2
2024-03-17T22:00,Maitri Station,-10.7,-21.3,36,45.8,75.2,0.0,970.4
2024-03-17T23:00,Maitri Station,-10.9,-21.3,35,44.1,74.5,0.0,970.7
2024-03-18T00:00,Maitri Station,-11.0,-21.4,35,44.4,73.1,0.0,970.7
2024-03-18T01:00,Maitri Station,-11.2,-21.5,36,43.7,74.2,0.0,970.3
2024-03-18T02:00,Maitri Station,-11.1,-21.1,35,41.3,71.6,0.0,970.6
2024-03-18T03:00,Maitri Station,-11.1,-20.8,35,39.4,67.7,0.0,970.9
2024-03-18T04:00,Maitri Station,-10.9,-20.7,35,40.3,65.5,0.0,971.1
2024-03-18T05:00,Maitri Station,-10.8,-20.7,35,41.0,65.9,0.0,971.4
2024-03-18T06:00,Maitri Station,-10.6,-20.5,36,40.7,65.5,9.0,971.7
2024-03-18T07:00,Maitri Station,-10.2,-20.0,36,40.5,65.9,59.0,972.2
2024-03-18T08:00,Maitri Station,-9.8,-19.4,37,39.4,64.8,130.0,972.5
2024-03-18T09:00,Maitri Station,-9.4,-18.7,38,37.1,63.0,199.0,972.8
2024-03-18T10:00,Maitri Station,-9.1,-18.1,38,35.6,59.8,253.0,973.1
2024-03-18T11:00,Maitri Station,-8.9,-17.4,39,32.2,57.2,287.0,973.2
2024-03-18T12:00,Maitri Station,-8.8,-16.8,40,29.2,51.5,296.0,973.4
2024-03-18T13:00,Maitri Station,-8.3,-15.9,41,25.7,45.4,277.0,972.6
2024-03-18T14:00,Maitri Station,-8.4,-15.7,41,24.2,41.0,237.0,972.5
2024-03-18T15:00,Maitri Station,-8.8,-15.9,41,22.2,38.9,178.0,972.4
2024-03-18T16:00,Maitri Station,-9.7,-16.3,42,19.2,36.0,107.0,972.6
2024-03-18T17:00,Maitri Station,-10.9,-17.4,42,18.1,31.3,39.0,972.8
2024-03-18T18:00,Maitri Station,-11.2,-17.9,40,19.3,31.7,2.0,973.0
2024-03-18T19:00,Maitri Station,-11.4,-18.1,40,19.4,32.4,0.0,973.3
2024-03-18T20:00,Maitri Station,-11.3,-18.2,39,20.5,34.2,0.0,973.4
2024-03-18T21:00,Maitri Station,-10.7,-18.0,37,23.2,38.5,0.0,973.6
2024-03-18T22:00,Maitri Station,-10.1,-18.0,36,27.1,44.3,0.0,973.7
2024-03-18T23:00,Maitri Station,-10.0,-18.1,36,28.6,46.4,0.0,973.7
2024-03-19T00:00,Maitri Station,-10.0,-18.1,36,28.9,46.8,0.0,973.7
2024-03-19T01:00,Maitri Station,-10.0,-17.2,37,23.1,37.1,0.0,972.6
2024-03-19T02:00,Maitri Station,-8.8,-16.3,33,24.5,41.4,0.0,972.3
2024-03-19T03:00,Maitri Station,-8.1,-15.9,30,26.4,44.3,0.0,972.0
2024-03-19T04:00,Maitri Station,-8.7,-16.4,33,26.2,45.0,0.0,972.0
2024-03-19T05:00,Maitri Station,-9.6,-17.4,35,26.9,43.9,0.0,972.4
2024-03-19T06:00,Maitri Station,-9.3,-17.9,36,32.0,51.1,7.0,972.3
2024-03-19T07:00,Maitri Station,-8.6,-17.3,36,32.9,54.4,56.0,972.6
2024-03-19T08:00,Maitri Station,-8.3,-16.6,36,30.2,54.4,126.0,972.6
2024-03-19T09:00,Maitri Station,-8.1,-15.7,37,26.0,50.0,194.0,972.7
2024-03-19T10:00,Maitri Station,-8.5,-15.2,41,19.5,43.6,249.0,972.6
2024-03-19T11:00,Maitri Station,-8.9,-15.1,44,16.7,33.5,282.0,972.4
2024-03-19T12:00,Maitri Station,-8.9,-14.9,46,15.5,27.7,291.0,971.9
2024-03-19T13:00,Maitri Station,-9.2,-14.4,50,9.7,22.3,273.0,971.7
2024-03-19T14:00,Maitri Station,-10.1,-15.3,52,9.6,18.4,232.0,971.4
2024-03-19T15:00,Maitri Station,-10.5,-16.2,50,13.6,24.5,172.0,971.6
2024-03-19T16:00,Maitri Station,-10.4,-16.7,46,16.8,29.9,102.0,971.6
2024-03-19T17:00,Maitri Station,-11.2,-17.7,45,17.9,31.3,35.0,971.6
2024-03-19T18:00,Maitri Station,-11.5,-18.0,44,17.9,31.0,1.0,971.5
2024-03-19T19:00,Maitri Station,-11.8,-18.2,43,17.2,31.0,0.0,971.7
2024-03-19T20:00,Maitri Station,-12.3,-18.7,43,17.1,29.9,0.0,971.8
2024-03-19T21:00,Maitri Station,-10.8,-18.0,39,22.4,37.4,0.0,972.1
2024-03-19T22:00,Maitri Station,-9.7,-17.8,38,29.2,48.6,0.0,972.2
2024-03-19T23:00,Maitri Station,-9.6,-17.9,38,30.3,50.4,0.0,972.7
2024-03-20T00:00,Maitri Station,-9.6,-17.8,37,29.8,50.4,0.0,972.6
2024-03-20T01:00,Maitri Station,-9.6,-17.6,38,28.4,52.9,0.0,971.7
2024-03-20T02:00,Maitri Station,-10.1,-18.1,40,28.7,48.6,0.0,972.2
2024-03-20T03:00,Maitri Station,-10.5,-18.7,44,30.5,50.0,0.0,972.8
2024-03-20T04:00,Maitri Station,-10.7,-18.8,45,29.5,50.0,0.0,973.1
2024-03-20T05:00,Maitri Station,-10.8,-18.8,42,28.1,48.6,0.0,973.2
2024-03-20T06:00,Maitri Station,-10.9,-18.6,40,25.8,46.1,6.0,973.3
2024-03-20T07:00,Maitri Station,-10.9,-18.3,40,24.2,42.5,50.0,973.2
2024-03-20T08:00,Maitri Station,-10.7,-17.6,40,20.7,39.6,119.0,973.1
2024-03-20T09:00,Maitri Station,-11.7,-17.4,42,12.8,33.5,187.0,972.9
2024-03-20T10:00,Maitri Station,-11.2,-17.2,40,14.6,24.5,241.0,973.0
2024-03-20T11:00,Maitri Station,-10.5,-18.8,48,31.3,51.5,274.0,973.5
2024-03-20T12:00,Maitri Station,-11.2,-19.4,50,29.9,54.7,282.0,974.0
2024-03-20T13:00,Maitri Station,-12.2,-19.1,55,21.3,49.7,263.0,973.8
2024-03-20T14:00,Maitri Station,-12.5,-18.5,52,15.5,33.8,222.0,973.7
2024-03-20T15:00,Maitri Station,-13.9,-19.6,55,13.2,22.3,163.0,974.0
2024-03-20T16:00,Maitri Station,-14.9,-20.5,53,11.6,18.0,94.0,974.2
2024-03-20T17:00,Maitri Station,-15.3,-21.0,48,11.9,16.9,31.0,974.6
2024-03-20T18:00,Maitri Station,-15.4,-21.0,44,11.2,17.6,1.0,975.1
2024-03-20T19:00,Maitri Station,-14.9,-21.1,41,15.4,22.0,0.0,976.3
2024-03-20T20:00,Maitri Station,-13.3,-20.5,43,23.0,36.7,0.0,977.1
2024-03-20T21:00,Maitri Station,-13.6,-20.4,40,19.9,36.7,0.0,977.4
2024-03-20T22:00,Maitri Station,-14.6,-21.2,40,17.8,31.0,0.0,977.6
2024-03-20T23:00,Maitri Station,-14.6,-20.1,32,10.1,25.6,0.0,978.2
2024-03-21T00:00,Maitri Station,-9.2,-13.8,16,3.3,15.8,0.0,979.3
2024-03-21T01:00,Maitri Station,-14.6,-22.0,36,23.4,37.4,0.0,979.0
2024-03-21T02:00,Maitri Station,-14.4,-22.1,37,25.5,42.5,0.0,979.8
2024-03-21T03:00,Maitri Station,-14.6,-22.3,36,25.0,42.1,0.0,980.6
2024-03-21T04:00,Maitri Station,-14.6,-22.1,34,23.7,41.0,0.0,981.1
2024-03-21T05:00,Maitri Station,-15.1,-22.5,33,23.1,38.2,0.0,981.4
2024-03-21T06:00,Maitri Station,-15.1,-22.8,35,25.5,39.2,4.0,981.9
2024-03-21T07:00,Maitri Station,-14.8,-22.6,36,26.6,41.8,46.0,982.4
2024-03-21T08:00,Maitri Station,-14.1,-22.1,36,27.6,43.6,114.0,982.8
2024-03-21T09:00,Maitri Station,-13.8,-21.5,37,25.8,43.6,182.0,983.3
2024-03-21T10:00,Maitri Station,-13.4,-21.3,37,27.0,43.6,236.0,983.8
2024-03-21T11:00,Maitri Station,-13.3,-20.8,38,24.8,43.6,269.0,984.1
2024-03-21T12:00,Maitri Station,-13.3,-20.4,39,21.4,39.2,277.0,984.0
2024-03-21T13:00,Maitri Station,-12.9,-19.9,41,20.8,33.8,256.0,983.8
2024-03-21T14:00,Maitri Station,-13.3,-20.4,42,21.4,33.8,217.0,983.4
2024-03-21T15:00,Maitri Station,-13.2,-20.8,39,25.6,41.4,159.0,983.9
2024-03-21T16:00,Maitri Station,-13.7,-21.2,39,24.5,42.8,89.0,983.5
2024-03-21T17:00,Maitri Station,-14.1,-21.7,37,25.3,40.7,26.0,983.3
2024-03-21T18:00,Maitri Station,-14.0,-22.2,36,28.8,47.2,0.0,983.3
2024-03-21T19:00,Maitri Station,-13.8,-22.4,35,31.4,51.5,0.0,982.9
2024-03-21T20:00,Maitri Station,-13.7,-22.9,35,36.1,59.8,0.0,982.9
2024-03-21T21:00,Maitri Station,-13.7,-23.2,36,38.3,64.1,0.0,982.9
2024-03-21T22:00,Maitri Station,-13.5,-23.3,37,40.2,67.0,0.0,982.4
2024-03-21T23:00,Maitri Station,-13.1,-22.4,36,36.5,67.0,0.0,981.2
2024-03-22T00:00,Maitri Station,-13.1,-23.0,34,40.9,67.3,0.0,980.6
2024-03-22T01:00,Maitri Station,-12.9,-23.1,36,42.7,71.3,0.0,979.0
2024-03-22T02:00,Maitri Station,-12.9,-23.4,37,44.8,75.2,0.0,978.2
2024-03-22T03:00,Maitri Station,-12.9,-23.6,38,46.1,77.4,0.0,977.4
2024-03-22T04:00,Maitri Station,-12.8,-23.8,39,48.7,81.7,0.0,976.1
2024-03-22T05:00,Maitri Station,-12.5,-23.9,39,50.8,85.0,0.0,974.9
2024-03-22T06:00,Maitri Station,-12.1,-23.8,39,53.2,88.9,0.0,973.4
2024-03-22T07:00,Maitri Station,-11.8,-23.6,38,54.6,91.1,18.0,972.3
2024-03-22T08:00,Maitri Station,-11.3,-23.4,39,56.4,94.0,54.0,971.2
2024-03-22T09:00,Maitri Station,-11.0,-23.0,40,55.7,94.3,131.0,970.0
2024-03-22T10:00,Maitri Station,-10.6,-22.5,41,55.2,93.6,190.0,968.6
2024-03-22T11:00,Maitri Station,-10.3,-22.3,41,55.9,94.0,231.0,967.1
2024-03-22T12:00,Maitri Station,-10.0,-21.9,41,55.2,93.6,225.0,966.1
2024-03-22T13:00,Maitri Station,-9.8,-22.1,43,58.2,97.6,27.0,963.7
2024-03-22T14:00,Maitri Station,-9.5,-22.0,43,59.6,99.7,16.0,962.4
2024-03-22T15:00,Maitri Station,-9.3,-21.6,43,58.2,100.1,3.0,960.7
2024-03-22T16:00,Maitri Station,-8.7,-20.0,42,51.7,97.6,1.0,959.2
2024-03-22T17:00,Maitri Station,-8.4,-19.8,43,52.3,88.2,0.0,958.4
2024-03-22T18:00,Maitri Station,-8.5,-20.6,44,57.4,95.8,0.0,957.9
2024-03-22T19:00,Maitri Station,-8.4,-20.2,44,54.8,96.5,0.0,956.6
2024-03-22T20:00,Maitri Station,-7.8,-19.5,43,54.6,91.8,0.0,955.2
2024-03-22T21:00,Maitri Station,-7.7,-19.4,42,54.4,91.8,0.0,954.1
2024-03-22T22:00,Maitri Station,-7.5,-19.0,43,53.6,91.8,0.0,952.9
2024-03-22T23:00,Maitri Station,-7.2,-18.4,42,51.4,90.0,0.0,951.8
2024-03-23T00:00,Maitri Station,-7.1,-18.5,43,52.8,88.6,0.0,950.8
2024-03-23T01:00,Maitri Station,-6.9,-18.6,42,54.7,95.0,0.0,949.6
2024-03-23T02:00,Maitri Station,-6.7,-18.2,43,53.8,91.4,0.0,948.7
2024-03-23T03:00,Maitri Station,-6.7,-18.3,45,54.7,91.8,0.0,947.9
2024-03-23T04:00,Maitri Station,-6.5,-18.1,46,54.4,91.8,0.0,947.0
2024-03-23T05:00,Maitri Station,-6.3,-17.8,46,53.8,91.8,0.0,945.7
2024-03-23T06:00,Maitri Station,-5.9,-17.1,45,52.2,90.4,0.0,944.8
2024-03-23T07:00,Maitri Station,-5.5,-17.1,45,55.0,92.2,0.0,944.1
2024-03-23T08:00,Maitri Station,-5.0,-17.2,45,58.6,96.8,0.0,943.4
2024-03-23T09:00,Maitri Station,-4.7,-17.6,46,63.7,105.8,2.0,942.7
2024-03-23T10:00,Maitri Station,-4.4,-17.4,48,64.8,108.0,3.0,942.4
2024-03-23T11:00,Maitri Station,-4.3,-17.6,50,67.6,112.3,4.0,942.4
2024-03-23T12:00,Maitri Station,-4.2,-17.3,52,66.5,112.3,1.0,942.6
2024-03-23T13:00,Maitri Station,-4.3,-17.6,57,68.0,117.0,2.0,942.4
2024-03-23T14:00,Maitri Station,-4.2,-16.9,58,64.3,113.0,1.0,943.6
2024-03-23T15:00,Maitri Station,-4.2,-16.1,58,58.4,106.6,0.0,944.9
2024-03-23T16:00,Maitri Station,-4.1,-15.0,58,51.7,96.5,0.0,946.2
2024-03-23T17:00,Maitri Station,-3.8,-13.9,56,45.9,86.4,0.0,947.2
2024-03-23T18:00,Maitri Station,-3.5,-12.8,52,40.5,77.0,0.0,948.4
2024-03-23T19:00,Maitri Station,-3.4,-11.8,49,34.1,68.0,0.0,949.5
2024-03-23T20:00,Maitri Station,-3.6,-11.0,48,26.9,58.0,0.0,950.8
2024-03-23T21:00,Maitri Station,-4.1,-11.9,45,29.1,47.2,0.0,952.0
2024-03-23T22:00,Maitri Station,-4.2,-12.3,43,31.1,50.0,0.0,953.3
2024-03-23T23:00,Maitri Station,-3.3,-10.9,41,28.1,50.8,0.0,954.9
2024-03-24T00:00,Maitri Station,-5.2,-10.6,60,13.7,44.3,0.0,955.8
2024-03-24T01:00,Maitri Station,-4.8,-10.0,62,13.0,20.9,0.0,958.6
2024-03-24T02:00,Maitri Station,-5.6,-10.3,64,9.2,20.5,0.0,959.9
2024-03-24T03:00,Maitri Station,-3.4,-7.5,45,4.5,14.8,0.0,961.1
2024-03-24T04:00,Maitri Station,-7.7,-12.7,61,9.7,13.7,0.0,962.6
2024-03-24T05:00,Maitri Station,-7.9,-12.9,57,9.7,16.9,0.0,964.3
2024-03-24T06:00,Maitri Station,-6.7,-11.4,48,7.4,14.0,0.0,965.7
2024-03-24T07:00,Maitri Station,-5.2,-9.2,39,1.8,11.2,12.0,967.4
2024-03-24T08:00,Maitri Station,-5.8,-10.2,38,4.1,7.6,67.0,968.5
2024-03-24T09:00,Maitri Station,-6.4,-10.4,38,1.8,7.6,138.0,970.0
2024-03-24T10:00,Maitri Station,-7.2,-11.4,45,3.7,6.8,162.0,971.1
2024-03-24T11:00,Maitri Station,-9.1,-13.4,64,4.7,8.3,167.0,972.3
2024-03-24T12:00,Maitri Station,-9.0,-13.1,65,4.0,8.6,138.0,973.6
2024-03-24T13:00,Maitri Station,-10.6,-15.1,75,6.5,11.5,205.0,974.1
2024-03-24T14:00,Maitri Station,-10.4,-15.7,68,11.4,20.5,180.0,975.2
2024-03-24T15:00,Maitri Station,-10.0,-16.0,60,15.8,27.7,131.0,976.2
2024-03-24T16:00,Maitri Station,-11.2,-16.9,60,14.1,28.8,67.0,976.6
2024-03-24T17:00,Maitri Station,-13.1,-18.5,59,11.3,25.6,15.0,977.2
2024-03-24T18:00,Maitri Station,-13.5,-18.8,55,10.1,21.2,0.0,977.8
2024-03-24T19:00,Maitri Station,-13.6,-19.2,53,11.5,22.3,0.0,978.6
2024-03-24T20:00,Maitri Station,-13.4,-19.2,51,13.2,24.8,0.0,979.2
2024-03-24T21:00,Maitri Station,-13.3,-19.2,50,13.7,25.9,0.0,980.2
2024-03-24T22:00,Maitri Station,-13.1,-19.1,50,14.8,27.0,0.0,980.9
2024-03-24T23:00,Maitri Station,-13.2,-19.2,52,14.3,27.7,0.0,981.4
2024-03-25T00:00,Maitri Station,-13.0,-18.1,46,8.6,26.6,0.0,981.9
2024-03-25T01:00,Maitri Station,-14.1,-19.3,54,9.2,20.2,0.0,982.8
2024-03-25T02:00,Maitri Station,-15.7,-21.2,58,10.6,16.9,0.0,983.1
2024-03-25T03:00,Maitri Station,-15.6,-21.3,56,12.4,16.9,0.0,983.3
2024-03-25T04:00,Maitri Station,-14.5,-19.8,49,9.6,17.3,0.0,983.9
2024-03-25T05:00,Maitri Station,-13.5,-18.5,44,7.1,14.0,0.0,984.5
2024-03-25T06:00,Maitri Station,-11.9,-16.7,38,6.1,10.8,1.0,984.6
2024-03-25T07:00,Maitri Station,-10.9,-15.7,33,5.9,10.4,29.0,984.5
2024-03-25T08:00,Maitri Station,-10.7,-15.0,31,2.9,10.1,90.0,984.3
2024-03-25T09:00,Maitri Station,-9.9,-14.0,29,1.1,7.2,153.0,984.3
2024-03-25T10:00,Maitri Station,-9.5,-13.8,28,2.1,5.4,205.0,984.3
2024-03-25T11:00,Maitri Station,-8.7,-13.2,25,3.4,6.5,236.0,984.0
2024-03-25T12:00,Maitri Station,-7.8,-12.5,23,5.4,9.4,244.0,983.3
2024-03-25T13:00,Maitri Station,-9.0,-14.0,27,6.8,10.4,226.0,982.4
2024-03-25T14:00,Maitri Station,-7.5,-12.1,22,4.3,10.8,187.0,981.0
2024-03-25T15:00,Maitri Station,-7.8,-12.4,22,3.7,9.4,130.0,980.2
2024-03-25T16:00,Maitri Station,-13.8,-19.8,43,13.8,23.4,64.0,979.3
2024-03-25T17:00,Maitri Station,-12.0,-19.3,38,23.4,35.6,13.0,978.9
2024-03-25T18:00,Maitri Station,-10.8,-19.9,49,36.4,59.8,0.0,978.7
2024-03-25T19:00,Maitri Station,-10.0,-20.1,44,43.3,72.4,0.0,978.4
2024-03-25T20:00,Maitri Station,-9.8,-19.2,44,38.5,72.7,0.0,977.9
2024-03-25T21:00,Maitri Station,-10.0,-18.6,44,32.8,64.8,0.0,977.1
2024-03-25T22:00,Maitri Station,-10.3,-17.5,44,23.2,55.1,0.0,974.8
2024-03-25T23:00,Maitri Station,-9.2,-16.8,42,25.7,43.6,0.0,972.3
2024-03-26T00:00,Maitri Station,-7.9,-16.8,41,35.0,57.2,0.0,971.1
2024-03-26T01:00,Maitri Station,-7.9,-16.8,41,35.3,58.7,0.0,969.0
2024-03-26T02:00,Maitri Station,-8.2,-17.2,43,35.5,60.5,0.0,968.5
2024-03-26T03:00,Maitri Station,-8.3,-16.9,42,33.6,58.7,0.0,967.0
2024-03-26T04:00,Maitri Station,-7.9,-16.8,40,35.7,58.3,0.0,965.1
2024-03-26T05:00,Maitri Station,-7.4,-16.8,40,38.3,64.1,0.0,964.4
2024-03-26T06:00,Maitri Station,-7.8,-16.9,43,36.3,64.1,0.0,963.7
2024-03-26T07:00,Maitri Station,-8.0,-16.2,41,30.3,60.8,1.0,962.4
2024-03-26T08:00,Maitri Station,-7.7,-16.0,37,31.3,52.9,21.0,960.8
2024-03-26T09:00,Maitri Station,-7.2,-15.6,38,31.7,57.2,29.0,960.3
2024-03-26T10:00,Maitri Station,-7.5,-15.2,42,27.3,54.4,50.0,959.4
2024-03-26T11:00,Maitri Station,-7.8,-15.1,41,24.1,46.8,109.0,958.3
2024-03-26T12:00,Maitri Station,-7.5,-15.1,39,26.2,45.7,92.0,957.7
2024-03-26T13:00,Maitri Station,-7.9,-14.8,41,21.5,46.1,94.0,955.7
2024-03-26T14:00,Maitri Station,-8.2,-15.1,40,21.8,37.8,52.0,955.2
2024-03-26T15:00,Maitri Station,-8.5,-15.6,42,22.7,41.0,13.0,954.8
2024-03-26T16:00,Maitri Station,-8.7,-16.4,41,26.8,45.4,5.0,954.3
2024-03-26T17:00,Maitri Station,-9.0,-16.8,40,27.3,45.4,0.0,953.5
2024-03-26T18:00,Maitri Station,-8.8,-16.9,38,29.4,50.0,0.0,953.0
2024-03-26T19:00,Maitri Station,-9.2,-16.9,38,26.8,49.3,0.0,952.6
2024-03-26T20:00,Maitri Station,-9.4,-17.0,38,25.8,45.0,0.0,952.2
2024-03-26T21:00,Maitri Station,-9.4,-17.2,38,26.7,45.4,0.0,952.0
2024-03-26T22:00,Maitri Station,-9.7,-17.4,38,26.7,46.1,0.0,951.6
2024-03-26T23:00,Maitri Station,-9.8,-17.4,40,25.9,44.6,0.0,951.2
2024-03-27T00:00,Maitri Station,-9.8,-17.5,39,26.6,43.6,0.0,951.2
2024-03-27T01:00,Maitri Station,-10.2,-17.5,41,24.2,42.8,0.0,950.6
2024-03-27T02:00,Maitri Station,-9.6,-17.6,39,28.2,47.5,0.0,950.8
2024-03-27T03:00,Maitri Station,-9.5,-17.4,38,27.3,47.2,0.0,950.6
2024-03-27T04:00,Maitri Station,-9.2,-17.1,37,27.9,46.4,0.0,950.0
2024-03-27T05:00,Maitri Station,-9.0,-17.7,39,33.1,53.6,0.0,949.6
2024-03-27T06:00,Maitri Station,-8.8,-17.9,40,36.2,58.7,0.0,949.5
2024-03-27T07:00,Maitri Station,-8.5,-18.1,41,39.6,64.4,0.0,949.4
2024-03-27T08:00,Maitri Station,-7.9,-17.5,41,40.4,65.9,4.0,948.9
2024-03-27T09:00,Maitri Station,-7.3,-17.0,40,40.2,66.2,29.0,948.6
2024-03-27T10:00,Maitri Station,-6.9,-16.6,40,40.4,65.9,39.0,948.2
2024-03-27T11:00,Maitri Station,-6.6,-16.0,39,39.3,65.5,100.0,947.3
2024-03-27T12:00,Maitri Station,-5.7,-15.0,43,38.7,65.2,52.0,946.9
2024-03-27T13:00,Maitri Station,-6.7,-15.5,63,37.2,66.6,23.0,949.0
2024-03-27T14:00,Maitri Station,-6.6,-14.6,66,31.9,62.6,4.0,949.1
2024-03-27T15:00,Maitri Station,-6.4,-13.9,68,28.6,54.0,12.0,949.2
2024-03-27T16:00,Maitri Station,-5.7,-13.8,72,33.2,54.7,0.0,948.9
2024-03-27T17:00,Maitri Station,-5.4,-14.5,74,40.3,69.1,0.0,949.5
2024-03-27T18:00,Maitri Station,-5.2,-14.7,68,43.0,73.4,0.0,950.0
2024-03-27T19:00,Maitri Station,-5.1,-15.1,65,46.2,81.4,0.0,950.5
2024-03-27T20:00,Maitri Station,-4.8,-15.2,61,48.3,82.4,0.0,951.0
2024-03-27T21:00,Maitri Station,-4.9,-14.8,61,45.1,80.6,0.0,951.8
2024-03-27T22:00,Maitri Station,-4.6,-14.1,62,42.2,74.9,0.0,952.2
2024-03-27T23:00,Maitri Station,-4.2,-13.3,60,40.0,70.9,0.0,952.5
2024-03-28T00:00,Maitri Station,-4.2,-13.1,59,37.7,67.3,0.0,952.8
2024-03-28T01:00,Maitri Station,-4.4,-13.4,58,38.8,71.3,0.0,953.0
2024-03-28T02:00,Maitri Station,-4.4,-12.8,64,35.3,65.5,0.0,954.2
2024-03-28T03:00,Maitri Station,-4.2,-12.0,70,32.0,59.4,0.0,955.1
2024-03-28T04:00,Maitri Station,-3.8,-11.9,74,34.1,57.6,0.0,955.8
2024-03-28T05:00,Maitri Station,-3.8,-12.1,71,35.7,60.5,0.0,956.4
2024-03-28T06:00,Maitri Station,-4.0,-12.8,70,38.9,65.2,0.0,956.9
2024-03-28T07:00,Maitri Station,-4.0,-12.7,70,38.3,65.5,0.0,957.7
2024-03-28T08:00,Maitri Station,-3.9,-12.3,70,36.3,64.8,0.0,958.3
2024-03-28T09:00,Maitri Station,-3.7,-12.0,67,34.8,61.2,0.0,958.8
2024-03-28T10:00,Maitri Station,-3.4,-11.9,65,36.2,61.2,0.0,959.0
2024-03-28T11:00,Maitri Station,-3.2,-11.8,65,37.2,62.6,0.0,959.2
2024-03-28T12:00,Maitri Station,-3.1,-11.7,64,36.9,62.6,0.0,959.7
2024-03-28T13:00,Maitri Station,-3.2,-11.6,62,35.5,59.8,0.0,960.1
2024-03-28T14:00,Maitri Station,-3.3,-11.8,65,36.2,61.6,0.0,960.7
2024-03-28T15:00,Maitri Station,-3.5,-11.8,68,35.9,61.6,0.0,961.2
2024-03-28T16:00,Maitri Station,-3.6,-11.7,68,34.1,61.2,0.0,961.8
2024-03-28T17:00,Maitri Station,-3.5,-11.4,65,32.4,57.6,0.0,962.3
2024-03-28T18:00,Maitri Station,-3.6,-11.5,62,32.2,55.8,0.0,962.7
2024-03-28T19:00,Maitri Station,-3.6,-11.6,60,32.6,55.1,0.0,963.1
2024-03-28T20:00,Maitri Station,-3.7,-11.9,60,33.9,57.2,0.0,963.3
2024-03-28T21:00,Maitri Station,-3.6,-11.7,62,33.7,57.6,0.0,963.7
2024-03-28T22:00,Maitri Station,-3.7,-11.8,62,33.4,56.9,0.0,964.0
2024-03-28T23:00,Maitri Station,-3.6,-12.0,62,35.1,58.7,0.0,964.4
2024-03-29T00:00,Maitri Station,-3.8,-12.2,65,35.1,59.0,0.0,964.9
2024-03-29T01:00,Maitri Station,-3.9,-13.1,73,41.9,70.9,0.0,965.6
2024-03-29T02:00,Maitri Station,-4.0,-13.1,73,41.1,69.8,0.0,966.4
2024-03-29T03:00,Maitri Station,-4.1,-13.1,73,40.4,68.8,0.0,966.7
2024-03-29T04:00,Maitri Station,-4.3,-13.2,73,40.0,67.7,0.0,967.1
2024-03-29T05:00,Maitri Station,-4.5,-13.4,73,39.6,66.6,0.0,967.6
2024-03-29T06:00,Maitri Station,-4.5,-13.3,76,39.2,65.5,0.0,968.0
2024-03-29T07:00,Maitri Station,-4.5,-13.4,77,39.8,66.6,0.0,968.6
2024-03-29T08:00,Maitri Station,-4.6,-13.5,73,39.6,67.0,0.0,969.2
2024-03-29T09:00,Maitri Station,-4.8,-13.7,70,38.9,66.2,1.0,969.4
2024-03-29T10:00,Maitri Station,-4.8,-13.8,66,39.6,66.2,0.0,969.6
2024-03-29T11:00,Maitri Station,-4.9,-13.9,62,38.7,66.2,17.0,969.5
2024-03-29T12:00,Maitri Station,-5.3,-14.1,59,36.8,64.8,114.0,969.6
2024-03-29T13:00,Maitri Station,-5.4,-13.9,60,35.1,61.2,94.0,968.8
2024-03-29T14:00,Maitri Station,-5.7,-13.9,59,32.8,59.0,86.0,968.5
2024-03-29T15:00,Maitri Station,-6.3,-14.3,58,31.1,55.8,73.0,967.9
2024-03-29T16:00,Maitri Station,-6.9,-14.8,55,29.8,52.9,36.0,967.6
2024-03-29T17:00,Maitri Station,-7.3,-15.3,53,29.8,50.8,3.0,967.3
2024-03-29T18:00,Maitri Station,-7.5,-15.6,51,31.0,52.2,0.0,966.8
2024-03-29T19:00,Maitri Station,-7.5,-16.0,49,32.8,54.7,0.0,966.4
2024-03-29T20:00,Maitri Station,-7.7,-16.3,47,33.9,56.5,0.0,966.1
2024-03-29T21:00,Maitri Station,-7.8,-16.4,46,34.0,57.2,0.0,966.0
2024-03-29T22:00,Maitri Station,-7.7,-16.4,45,34.6,58.3,0.0,965.5
2024-03-29T23:00,Maitri Station,-7.8,-16.7,44,35.5,59.8,0.0,965.3
2024-03-30T00:00,Maitri Station,-7.8,-16.8,44,36.1,60.8,0.0,965.1
2024-03-30T01:00,Maitri Station,-8.1,-16.8,43,34.1,59.0,0.0,965.1
2024-03-30T02:00,Maitri Station,-7.9,-16.3,42,32.3,57.2,0.0,964.5
2024-03-30T03:00,Maitri Station,-7.6,-15.8,41,30.6,54.7,0.0,963.7
2024-03-30T04:00,Maitri Station,-7.5,-16.2,40,34.3,57.2,0.0,963.3
2024-03-30T05:00,Maitri Station,-8.1,-16.7,42,33.5,58.7,0.0,963.4
2024-03-30T06:00,Maitri Station,-8.7,-16.8,43,29.6,57.2,0.0,963.3
2024-03-30T07:00,Maitri Station,-8.6,-16.9,43,31.1,51.5,1.0,963.2
2024-03-30T08:00,Maitri Station,-8.6,-17.6,45,36.5,62.3,10.0,963.5
2024-03-30T09:00,Maitri Station,-8.7,-17.8,46,36.5,63.0,21.0,963.7
2024-03-30T10:00,Maitri Station,-8.6,-17.4,46,34.8,62.6,42.0,963.4
2024-03-30T11:00,Maitri Station,-8.3,-17.6,46,38.0,64.4,35.0,963.1
2024-03-30T12:00,Maitri Station,-8.1,-17.5,45,38.9,66.6,30.0,963.2
2024-03-30T13:00,Maitri Station,-8.1,-16.6,48,32.5,58.3,20.0,962.2
2024-03-30T14:00,Maitri Station,-8.3,-16.6,49,31.7,55.4,19.0,961.6
2024-03-30T15:00,Maitri Station,-8.3,-17.1,47,34.9,60.1,23.0,961.3
2024-03-30T16:00,Maitri Station,-8.8,-17.6,46,34.7,61.2,11.0,961.4
2024-03-30T17:00,Maitri Station,-9.2,-17.6,46,32.2,60.1,0.0,961.9
2024-03-30T18:00,Maitri Station,-9.3,-17.5,46,30.2,55.8,0.0,962.2
2024-03-30T19:00,Maitri Station,-9.4,-17.8,45,32.0,55.8,0.0,962.6
2024-03-30T20:00,Maitri Station,-9.8,-18.2,45,32.0,56.5,0.0,962.9
2024-03-30T21:00,Maitri Station,-10.2,-18.8,45,32.7,56.9,0.0,962.9
2024-03-30T22:00,Maitri Station,-10.3,-19.1,45,34.1,58.7,0.0,962.7
2024-03-30T23:00,Maitri Station,-10.2,-19.8,43,39.5,67.0,0.0,962.8
2024-03-31T00:00,Maitri Station,-10.3,-20.1,42,40.6,69.8,0.0,962.9
2024-03-31T01:00,Maitri Station,-9.9,-18.7,43,33.7,61.9,0.0,962.5
2024-03-31T02:00,Maitri Station,-10.2,-18.8,44,32.7,58.3,0.0,962.6
2024-03-31T03:00,Maitri Station,-10.5,-19.3,44,34.3,59.0,0.0,962.7
2024-03-31T04:00,Maitri Station,-10.8,-19.6,44,34.5,60.5,0.0,963.1
2024-03-31T05:00,Maitri Station,-11.3,-19.7,45,31.5,59.8,0.0,963.6
2024-03-31T06:00,Maitri Station,-11.6,-19.6,46,28.1,55.1,0.0,963.8
2024-03-31T07:00,Maitri Station,-11.7,-19.9,46,29.8,51.5,6.0,963.6
2024-03-31T08:00,Maitri Station,-11.1,-20.3,44,37.0,63.4,38.0,963.7
2024-03-31T09:00,Maitri Station,-10.8,-20.7,42,41.7,71.3,68.0,963.8
2024-03-31T10:00,Maitri Station,-10.5,-20.5,42,42.1,72.7,101.0,963.8
2024-03-31T11:00,Maitri Station,-10.4,-20.1,43,40.5,72.4,133.0,963.7
2024-03-31T12:00,Maitri Station,-10.4,-20.0,43,39.9,69.5,162.0,963.5
2024-03-31T13:00,Maitri Station,-10.0,-19.8,43,40.7,69.8,138.0,963.2
2024-03-31T14:00,Maitri Station,-9.7,-19.3,43,39.3,69.1,109.0,962.9
2024-03-31T15:00,Maitri Station,-9.7,-19.0,43,38.0,67.0,45.0,962.5
2024-03-31T16:00,Maitri Station,-9.8,-18.9,43,36.3,64.8,14.0,962.3
2024-03-31T17:00,Maitri Station,-9.8,-18.9,42,35.9,62.3,1.0,962.1
2024-03-31T18:00,Maitri Station,-9.9,-19.1,42,37.0,63.7,0.0,962.4
2024-03-31T19:00,Maitri Station,-9.9,-19.2,41,37.5,64.1,0.0,962.7
2024-03-31T20:00,Maitri Station,-10.0,-19.3,40,37.9,64.1,0.0,962.6
2024-03-31T21:00,Maitri Station,-10.0,-19.4,38,38.0,65.2,0.0,962.5
2024-03-31T22:00,Maitri Station,-9.8,-19.2,36,38.1,64.4,0.0,961.9
2024-03-31T23:00,Maitri Station,-9.6,-19.0,36,37.5,64.4,0.0,961.9
2024-04-01T00:00,Maitri Station,-9.7,-18.9,35,36.7,63.4,0.0,961.9
2024-04-01T01:00,Maitri Station,-10.0,-18.4,35,31.0,59.0,0.0,961.8
2024-04-01T02:00,Maitri Station,-10.2,-18.5,35,30.2,53.3,0.0,961.7
2024-04-01T03:00,Maitri Station,-10.4,-18.5,35,29.2,51.5,0.0,961.7
2024-04-01T04:00,Maitri Station,-10.8,-18.6,36,27.0,50.4,0.0,961.8
2024-04-01T05:00,Maitri Station,-10.9,-18.7,36,26.2,46.8,0.0,962.0
2024-04-01T06:00,Maitri Station,-10.7,-18.8,35,28.6,48.6,0.0,962.3
2024-04-01T07:00,Maitri Station,-10.9,-18.8,36,27.7,50.4,4.0,962.6
2024-04-01T08:00,Maitri Station,-11.0,-18.8,36,26.5,47.2,45.0,962.5
2024-04-01T09:00,Maitri Station,-10.8,-18.3,37,24.5,47.2,110.0,963.0
2024-04-01T10:00,Maitri Station,-10.9,-18.1,36,22.2,41.8,163.0,962.8
2024-04-01T11:00,Maitri Station,-10.9,-17.7,37,19.9,38.5,188.0,963.0
2024-04-01T12:00,Maitri Station,-11.7,-18.1,39,16.9,34.2,195.0,963.0
2024-04-01T13:00,Maitri Station,-10.9,-17.4,40,17.9,34.6,160.0,962.0
2024-04-01T14:00,Maitri Station,-11.6,-17.8,41,16.1,31.0,117.0,961.9
2024-04-01T15:00,Maitri Station,-12.6,-18.8,42,15.7,26.6,57.0,961.8
2024-04-01T16:00,Maitri Station,-13.1,-19.6,39,17.5,27.4,21.0,961.9
2024-04-01T17:00,Maitri Station,-14.0,-20.5,40,17.6,27.0,1.0,962.0
2024-04-01T18:00,Maitri Station,-14.2,-20.8,41,18.0,27.4,0.0,962.3
2024-04-01T19:00,Maitri Station,-14.6,-21.0,41,16.8,27.0,0.0,962.6
2024-04-01T20:00,Maitri Station,-15.7,-22.2,44,17.3,24.1,0.0,962.7
2024-04-01T21:00,Maitri Station,-16.8,-23.3,49,17.2,24.5,0.0,963.1
2024-04-01T22:00,Maitri Station,-17.4,-23.7,50,15.6,24.1,0.0,963.2
2024-04-01T23:00,Maitri Station,-17.4,-23.5,44,14.3,21.6,0.0,963.3
2024-04-02T00:00,Maitri Station,-17.8,-23.9,42,14.1,19.4,0.0,963.4
2024-04-02T01:00,Maitri Station,-16.4,-22.3,45,13.5,22.0,0.0,962.7
2024-04-02T02:00,Maitri Station,-16.6,-22.7,43,14.0,19.1,0.0,962.8
2024-04-02T03:00,Maitri Station,-17.1,-23.0,43,13.4,19.1,0.0,962.9
2024-04-02T04:00,Maitri Station,-17.1,-22.6,40,10.5,19.1,0.0,962.8
2024-04-02T05:00,Maitri Station,-11.5,-16.4,20,6.0,15.5,0.0,963.2
2024-04-02T06:00,Maitri Station,-11.8,-16.3,18,2.7,9.7,0.0,963.4
2024-04-02T07:00,Maitri Station,-13.1,-17.7,18,3.3,6.5,5.0,963.7
2024-04-02T08:00,Maitri Station,-13.7,-18.5,18,4.6,7.6,35.0,963.9
2024-04-02T09:00,Maitri Station,-13.6,-18.3,17,4.1,7.6,89.0,963.9
2024-04-02T10:00,Maitri Station,-13.3,-17.9,18,3.8,5.8,157.0,964.1
2024-04-02T11:00,Maitri Station,-13.3,-18.0,20,4.1,5.8,186.0,964.0
2024-04-02T12:00,Maitri Station,-13.4,-17.7,20,1.8,5.8,191.0,963.8
2024-04-02T13:00,Maitri Station,-13.4,-17.8,22,2.1,5.4,171.0,963.2
2024-04-02T14:00,Maitri Station,-14.2,-18.5,25,1.6,5.0,132.0,963.2
2024-04-02T15:00,Maitri Station,-14.1,-18.3,25,1.0,5.0,80.0,962.9
2024-04-02T16:00,Maitri Station,-14.2,-18.5,26,1.6,6.1,26.0,962.7
2024-04-02T17:00,Maitri Station,-15.0,-19.5,29,3.4,8.3,1.0,962.7
2024-04-02T18:00,Maitri Station,-15.7,-20.0,32,1.3,8.3,0.0,962.4
2024-04-02T19:00,Maitri Station,-16.2,-20.5,33,2.2,5.8,0.0,962.2
2024-04-02T20:00,Maitri Station,-16.1,-20.7,30,4.0,6.5,0.0,962.3
2024-04-02T21:00,Maitri Station,-16.2,-21.2,26,6.4,9.0,0.0,962.5
2024-04-02T22:00,Maitri Station,-18.5,-23.8,28,8.1,11.9,0.0,962.3
2024-04-02T23:00,Maitri Station,-19.6,-25.0,28,9.0,13.0,0.0,962.6
2024-04-03T00:00,Maitri Station,-18.6,-24.0,26,8.4,14.0,0.0,963.0
2024-04-03T01:00,Maitri Station,-17.2,-22.4,23,7.7,11.9,0.0,962.2
2024-04-03T02:00,Maitri Station,-16.8,-21.5,23,4.1,11.2,0.0,962.3
2024-04-03T03:00,Maitri Station,-18.6,-23.8,27,7.9,9.4,0.0,962.5
2024-04-03T04:00,Maitri Station,-19.1,-24.4,28,8.5,11.5,0.0,962.2
2024-04-03T05:00,Maitri Station,-16.0,-21.1,22,6.9,11.2,0.0,962.5
2024-04-03T06:00,Maitri Station,-15.1,-20.0,19,5.8,8.6,0.0,962.8
2024-04-03T07:00,Maitri Station,-19.6,-25.3,26,10.4,15.5,6.0,962.6
2024-04-03T08:00,Maitri Station,-16.1,-21.4,19,8.0,15.8,46.0,963.0
2024-04-03T09:00,Maitri Station,-17.7,-23.0,22,7.9,14.4,102.0,963.3
2024-04-03T10:00,Maitri Station,-15.4,-20.6,18,7.2,15.5,149.0,963.7
2024-04-03T11:00,Maitri Station,-20.4,-26.9,35,16.3,27.0,178.0,963.9
2024-04-03T12:00,Maitri Station,-19.0,-26.1,37,20.7,34.6,183.0,964.2
2024-04-03T13:00,Maitri Station,-20.8,-26.9,41,13.4,25.2,167.0,962.9
2024-04-03T14:00,Maitri Station,-21.0,-26.7,38,11.4,23.4,128.0,962.9
2024-04-03T15:00,Maitri Station,-19.7,-25.2,31,9.9,20.5,75.0,963.3
2024-04-03T16:00,Maitri Station,-18.2,-23.7,26,9.0,18.7,23.0,963.7
2024-04-03T17:00,Maitri Station,-20.0,-25.7,28,10.7,19.8,0.0,963.8
2024-04-03T18:00,Maitri Station,-21.5,-28.3,32,18.3,29.2,0.0,964.0
2024-04-03T19:00,Maitri Station,-19.9,-27.3,32,22.7,36.4,0.0,964.5
2024-04-03T20:00,Maitri Station,-19.9,-27.4,32,23.6,37.4,0.0,964.7
2024-04-03T21:00,Maitri Station,-19.9,-27.4,32,23.7,37.8,0.0,965.2
2024-04-03T22:00,Maitri Station,-20.0,-27.6,33,24.1,37.8,0.0,965.3
2024-04-03T23:00,Maitri Station,-20.0,-27.7,33,24.4,39.2,0.0,965.8
2024-04-04T00:00,Maitri Station,-20.0,-27.9,33,25.7,41.8,0.0,966.3
2024-04-04T01:00,Maitri Station,-20.3,-27.6,38,21.7,38.2,0.0,966.2
2024-04-04T02:00,Maitri Station,-20.8,-28.1,38,22.3,36.0,0.0,966.6
2024-04-04T03:00,Maitri Station,-20.9,-28.3,37,22.5,36.4,0.0,966.9
2024-04-04T04:00,Maitri Station,-20.8,-28.2,36,22.4,37.1,0.0,967.0
2024-04-04T05:00,Maitri Station,-21.2,-28.3,35,20.9,35.6,0.0,967.0
2024-04-04T06:00,Maitri Station,-21.3,-28.4,33,20.6,31.7,0.0,967.2
2024-04-04T07:00,Maitri Station,-20.6,-28.1,33,23.1,37.4,4.0,967.8
2024-04-04T08:00,Maitri Station,-20.6,-27.9,34,22.0,37.8,42.0,968.0
2024-04-04T09:00,Maitri Station,-21.1,-27.8,36,17.7,35.3,96.0,968.4
2024-04-04T10:00,Maitri Station,-22.2,-28.3,38,13.2,26.6,144.0,968.2
2024-04-04T11:00,Maitri Station,-22.1,-28.1,37,13.0,18.4,173.0,968.3
2024-04-04T12:00,Maitri Station,-22.1,-27.8,37,10.9,18.4,179.0,968.2
2024-04-04T13:00,Maitri Station,-21.8,-27.9,40,13.7,19.1,160.0,966.4
2024-04-04T14:00,Maitri Station,-22.8,-29.1,48,15.3,21.2,122.0,966.3
2024-04-04T15:00,Maitri Station,-23.5,-30.0,50,16.2,22.7,69.0,966.4
2024-04-04T16:00,Maitri Station,-24.5,-30.8,47,15.2,22.7,20.0,966.5
2024-04-04T17:00,Maitri Station,-23.9,-30.1,40,14.5,20.9,0.0,967.1
2024-04-04T18:00,Maitri Station,-23.7,-30.1,37,15.1,21.2,0.0,967.2
2024-04-04T19:00,Maitri Station,-23.8,-30.3,38,16.5,24.1,0.0,967.7
2024-04-04T20:00,Maitri Station,-24.8,-31.1,39,14.9,23.8,0.0,967.7
2024-04-04T21:00,Maitri Station,-25.7,-31.9,40,14.1,21.2,0.0,968.2
2024-04-04T22:00,Maitri Station,-25.2,-31.6,38,15.9,22.7,0.0,968.3
2024-04-04T23:00,Maitri Station,-24.4,-31.1,37,17.3,24.5,0.0,968.6
2024-04-05T00:00,Maitri Station,-23.4,-30.3,35,18.8,27.7,0.0,969.1
2024-04-05T01:00,Maitri Station,-21.1,-28.4,36,21.9,34.6,0.0,968.6
2024-04-05T02:00,Maitri Station,-21.1,-28.2,36,21.0,35.3,0.0,969.2
2024-04-05T03:00,Maitri Station,-21.5,-28.5,36,20.2,34.2,0.0,969.5
2024-04-05T04:00,Maitri Station,-21.5,-28.6,37,20.5,33.8,0.0,970.0
2024-04-05T05:00,Maitri Station,-20.9,-28.2,36,21.6,35.6,0.0,970.4
2024-04-05T06:00,Maitri Station,-19.9,-27.5,34,24.2,38.9,0.0,970.7
2024-04-05T07:00,Maitri Station,-18.5,-26.5,31,26.5,42.5,3.0,971.4
2024-04-05T08:00,Maitri Station,-18.3,-25.9,31,24.6,42.5,38.0,971.9
2024-04-05T09:00,Maitri Station,-17.6,-25.2,32,24.1,40.0,90.0,972.1
2024-04-05T10:00,Maitri Station,-17.1,-24.4,32,22.5,40.0,136.0,972.3
2024-04-05T11:00,Maitri Station,-17.3,-24.3,34,20.0,38.5,165.0,972.5
2024-04-05T12:00,Maitri Station,-20.6,-27.2,46,17.2,34.6,171.0,972.9
2024-04-05T13:00,Maitri Station,-19.7,-26.6,47,19.7,31.3,144.0,972.1
2024-04-05T14:00,Maitri Station,-16.2,-23.8,38,24.2,40.0,104.0,972.5
2024-04-05T15:00,Maitri Station,-15.5,-23.0,37,23.4,42.5,44.0,973.2
2024-04-05T16:00,Maitri Station,-16.4,-23.4,38,20.8,38.5,2.0,973.8
2024-04-05T17:00,Maitri Station,-14.6,-22.4,37,26.2,42.1,0.0,974.1
2024-04-05T18:00,Maitri Station,-14.5,-22.4,37,26.8,42.8,0.0,974.9
2024-04-05T19:00,Maitri Station,-14.9,-22.8,38,26.4,42.5,0.0,975.5
2024-04-05T20:00,Maitri Station,-15.2,-23.0,37,25.6,41.4,0.0,976.0
2024-04-05T21:00,Maitri Station,-15.2,-23.0,37,26.1,40.7,0.0,976.5
2024-04-05T22:00,Maitri Station,-15.6,-23.1,38,24.3,40.3,0.0,976.7
2024-04-05T23:00,Maitri Station,-16.1,-23.5,40,23.4,37.1,0.0,976.8
2024-04-06T00:00,Maitri Station,-16.9,-24.1,42,22.4,35.3,0.0,977.0
2024-04-06T01:00,Maitri Station,-17.3,-24.6,47,22.5,33.5,0.0,976.2
2024-04-06T02:00,Maitri Station,-16.9,-24.2,46,22.5,34.2,0.0,975.9
2024-04-06T03:00,Maitri Station,-17.4,-24.4,47,20.2,33.5,0.0,976.2
2024-04-06T04:00,Maitri Station,-18.1,-24.9,48,18.8,29.2,0.0,976.2
2024-04-06T05:00,Maitri Station,-17.5,-24.1,44,18.0,27.0,0.0,976.0
2024-04-06T06:00,Maitri Station,-15.9,-22.9,38,20.4,32.4,0.0,975.9
2024-04-06T07:00,Maitri Station,-14.8,-22.1,37,22.7,36.7,0.0,976.0
2024-04-06T08:00,Maitri Station,-14.3,-21.6,36,23.1,38.2,8.0,975.9
2024-04-06T09:00,Maitri Station,-13.3,-21.0,34,25.6,42.5,7.0,976.0
2024-04-06T10:00,Maitri Station,-13.1,-21.3,35,28.9,48.2,16.0,976.1
2024-04-06T11:00,Maitri Station,-13.1,-21.3,38,29.2,49.3,13.0,976.1
2024-04-06T12:00,Maitri Station,-13.0,-21.1,40,28.4,49.3,8.0,976.4
2024-04-06T13:00,Maitri Station,-13.4,-21.0,42,25.2,45.7,6.0,976.0
2024-04-06T14:00,Maitri Station,-13.9,-21.3,45,23.9,43.2,2.0,975.9
2024-04-06T15:00,Maitri Station,-14.5,-21.2,48,19.2,40.7,0.0,975.9
2024-04-06T16:00,Maitri Station,-14.6,-21.3,43,18.8,32.4,0.0,975.2
2024-04-06T17:00,Maitri Station,-13.6,-20.5,39,20.5,35.3,0.0,975.2
2024-04-06T18:00,Maitri Station,-14.0,-21.0,42,21.2,36.7,0.0,975.6
2024-04-06T19:00,Maitri Station,-14.9,-21.7,48,20.2,37.4,0.0,976.4
2024-04-06T20:00,Maitri Station,-15.6,-22.1,50,17.8,34.9,0.0,976.7
2024-04-06T21:00,Maitri Station,-16.5,-22.5,49,14.4,29.5,0.0,977.1
2024-04-06T22:00,Maitri Station,-16.8,-22.1,46,9.3,23.4,0.0,976.8
2024-04-06T23:00,Maitri Station,-15.5,-20.7,35,8.4,14.4,0.0,976.8
2024-04-07T00:00,Maitri Station,-16.2,-21.5,37,8.9,12.6,0.0,976.8
2024-04-07T01:00,Maitri Station,-10.9,-15.4,19,3.4,18.7,0.0,976.6
2024-04-07T02:00,Maitri Station,-15.6,-21.1,32,10.3,14.0,0.0,976.6
2024-04-07T03:00,Maitri Station,-14.8,-20.0,27,7.7,14.4,0.0,977.2
2024-04-07T04:00,Maitri Station,-13.4,-18.4,22,6.5,11.2,0.0,977.4
2024-04-07T05:00,Maitri Station,-16.8,-22.1,33,8.3,12.2,0.0,977.3
2024-04-07T06:00,Maitri Station,-19.0,-24.8,43,12.4,18.7,0.0,977.3
2024-04-07T07:00,Maitri Station,-19.1,-24.8,45,11.7,20.9,0.0,978.0
2024-04-07T08:00,Maitri Station,-16.8,-21.7,34,6.3,19.4,13.0,978.4
2024-04-07T09:00,Maitri Station,-15.6,-20.2,29,3.6,13.0,72.0,978.9
2024-04-07T10:00,Maitri Station,-15.6,-20.3,30,4.4,10.8,113.0,979.0
2024-04-07T11:00,Maitri Station,-15.3,-19.9,30,4.0,11.2,144.0,979.1
2024-04-07T12:00,Maitri Station,-14.9,-19.4,29,2.9,10.8,150.0,979.0
2024-04-07T13:00,Maitri Station,-15.3,-20.2,35,5.8,13.7,132.0,978.5
2024-04-07T14:00,Maitri Station,-14.8,-19.3,34,3.1,14.0,96.0,978.2
2024-04-07T15:00,Maitri Station,-14.9,-19.2,35,1.5,9.7,49.0,978.2
2024-04-07T16:00,Maitri Station,-15.2,-19.5,36,2.2,7.6,9.0,978.0
2024-04-07T17:00,Maitri Station,-15.4,-20.3,37,5.8,9.4,0.0,977.6
2024-04-07T18:00,Maitri Station,-15.9,-20.7,38,5.4,9.7,0.0,977.5
2024-04-07T19:00,Maitri Station,-16.3,-20.9,38,4.5,9.0,0.0,977.7
2024-04-07T20:00,Maitri Station,-17.5,-22.5,43,6.6,9.4,0.0,977.4
2024-04-07T21:00,Maitri Station,-15.5,-20.2,35,4.7,9.7,0.0,977.3
2024-04-07T22:00,Maitri Station,-16.2,-21.1,44,6.3,9.0,0.0,976.8
2024-04-07T23:00,Maitri Station,-16.2,-21.2,51,7.3,11.2,0.0,976.3
2024-04-08T00:00,Maitri Station,-15.9,-21.1,55,8.5,13.3,0.0,976.0
2024-04-08T01:00,Maitri Station,-16.2,-21.4,58,9.2,14.0,0.0,975.5
2024-04-08T02:00,Maitri Station,-15.9,-21.8,55,13.5,20.5,0.0,974.5
2024-04-08T03:00,Maitri Station,-16.4,-22.4,53,14.6,22.0,0.0,974.0
2024-04-08T04:00,Maitri Station,-16.9,-22.9,49,14.3,22.7,0.0,973.6
2024-04-08T05:00,Maitri Station,-17.0,-22.8,44,12.2,22.3,0.0,972.9
2024-04-08T06:00,Maitri Station,-17.3,-23.2,43,13.0,21.2,0.0,972.5
2024-04-08T07:00,Maitri Station,-16.8,-23.2,43,16.0,27.0,1.0,972.6
2024-04-08T08:00,Maitri Station,-14.8,-21.9,42,21.3,34.9,20.0,972.8
2024-04-08T09:00,Maitri Station,-13.8,-21.5,40,25.9,42.8,17.0,972.9
2024-04-08T10:00,Maitri Station,-13.2,-21.4,43,29.0,48.6,5.0,972.6
2024-04-08T11:00,Maitri Station,-12.2,-20.3,43,28.9,48.6,4.0,972.4
2024-04-08T12:00,Maitri Station,-11.7,-20.5,44,33.9,56.5,7.0,972.2
2024-04-08T13:00,Maitri Station,-11.9,-20.2,46,30.6,51.8,8.0,971.6
2024-04-08T14:00,Maitri Station,-12.3,-21.1,49,34.3,58.7,3.0,971.5
2024-04-08T15:00,Maitri Station,-12.6,-21.8,49,36.2,61.6,1.0,971.4
2024-04-08T16:00,Maitri Station,-13.3,-22.4,50,36.0,62.6,0.0,971.2
2024-04-08T17:00,Maitri Station,-13.5,-22.3,49,33.4,61.2,0.0,970.8
2024-04-08T18:00,Maitri Station,-12.7,-21.8,47,36.0,61.2,0.0,970.0
2024-04-08T19:00,Maitri Station,-12.2,-21.6,46,38.0,63.0,0.0,969.8
2024-04-08T20:00,Maitri Station,-11.4,-21.2,45,41.2,68.4,0.0,969.1
2024-04-08T21:00,Maitri Station,-10.8,-21.2,44,44.9,74.5,0.0,968.6
2024-04-08T22:00,Maitri Station,-10.6,-20.6,45,42.0,75.6,0.0,968.3
2024-04-08T23:00,Maitri Station,-10.0,-20.5,44,45.9,75.6,0.0,966.7
2024-04-09T00:00,Maitri Station,-9.9,-21.4,46,52.6,88.6,0.0,966.0
2024-04-09T01:00,Maitri Station,-10.1,-21.5,47,52.6,90.4,0.0,965.1
2024-04-09T02:00,Maitri Station,-9.8,-22.0,46,58.2,97.2,0.0,964.1
2024-04-09T03:00,Maitri Station,-9.9,-22.2,48,58.5,98.3,0.0,963.9
2024-04-09T04:00,Maitri Station,-10.0,-22.3,48,59.0,98.3,0.0,963.7
2024-04-09T05:00,Maitri Station,-10.3,-23.0,48,61.0,101.5,0.0,963.6
2024-04-09T06:00,Maitri Station,-10.4,-23.3,48,62.9,104.4,0.0,963.7
2024-04-09T07:00,Maitri Station,-10.4,-23.4,47,63.3,105.8,0.0,963.8
2024-04-09T08:00,Maitri Station,-10.1,-23.1,47,63.4,105.8,0.0,963.4
2024-04-09T09:00,Maitri Station,-9.9,-22.8,46,63.0,105.8,3.0,963.5
2024-04-09T10:00,Maitri Station,-9.6,-22.4,45,61.7,105.1,23.0,963.9
2024-04-09T11:00,Maitri Station,-9.2,-21.4,44,58.0,103.0,27.0,964.5
2024-04-09T12:00,Maitri Station,-8.9,-20.4,43,52.8,96.5,16.0,965.1
2024-04-09T13:00,Maitri Station,-8.9,-19.4,44,46.5,87.1,5.0,966.8
2024-04-09T14:00,Maitri Station,-8.8,-18.3,45,39.4,78.1,2.0,967.7
2024-04-09T15:00,Maitri Station,-8.8,-16.9,46,29.9,66.6,1.0,968.9
2024-04-09T16:00,Maitri Station,-9.5,-15.8,48,17.7,51.8,0.0,969.9
2024-04-09T17:00,Maitri Station,-11.9,-17.3,52,11.0,31.7,0.0,970.7
2024-04-09T18:00,Maitri Station,-12.1,-17.1,48,8.0,16.6,0.0,971.7
2024-04-09T19:00,Maitri Station,-13.1,-18.3,48,9.2,14.0,0.0,972.1
2024-04-09T20:00,Maitri Station,-13.5,-19.0,46,10.5,16.2,0.0,972.2
2024-04-09T21:00,Maitri Station,-13.5,-18.9,46,9.8,16.2,0.0,972.9
2024-04-09T22:00,Maitri Station,-9.1,-13.6,27,3.6,13.7,0.0,973.4
2024-04-09T23:00,Maitri Station,-10.5,-14.7,31,2.2,7.2,0.0,974.1
2024-04-10T00:00,Maitri Station,-15.4,-21.1,55,12.1,16.9,0.0,974.2
2024-04-10T01:00,Maitri Station,-13.5,-19.1,56,11.7,15.5,0.0,974.9
2024-04-10T02:00,Maitri Station,-13.0,-18.8,56,13.5,20.5,0.0,975.0
2024-04-10T03:00,Maitri Station,-13.9,-19.6,58,12.8,19.8,0.0,974.9
2024-04-10T04:00,Maitri Station,-15.4,-21.1,54,12.6,19.4,0.0,975.0
2024-04-10T05:00,Maitri Station,-15.8,-21.3,49,10.3,18.4,0.0,975.1
2024-04-10T06:00,Maitri Station,-15.0,-20.3,40,9.3,14.8,0.0,975.3
2024-04-10T07:00,Maitri Station,-11.4,-15.9,25,2.9,14.0,0.0,976.1
2024-04-10T08:00,Maitri Station,-11.9,-16.5,27,4.1,6.5,17.0,976.3
2024-04-10T09:00,Maitri Station,-12.3,-16.4,28,0.8,6.5,58.0,977.0
2024-04-10T10:00,Maitri Station,-12.0,-16.6,27,3.9,8.3,96.0,976.7
2024-04-10T11:00,Maitri Station,-12.4,-16.7,29,1.9,6.8,120.0,976.9
2024-04-10T12:00,Maitri Station,-11.9,-16.3,28,2.3,5.0,104.0,977.0
2024-04-10T13:00,Maitri Station,-11.5,-15.9,25,2.7,7.2,40.0,975.7
2024-04-10T14:00,Maitri Station,-11.4,-15.9,25,3.6,5.8,5.0,975.8
2024-04-10T15:00,Maitri Station,-10.9,-15.4,25,3.9,10.4,0.0,975.5
2024-04-10T16:00,Maitri Station,-11.1,-15.6,27,3.1,7.6,0.0,975.7
2024-04-10T17:00,Maitri Station,-14.0,-19.1,46,7.9,14.4,0.0,974.9
2024-04-10T18:00,Maitri Station,-12.4,-19.6,41,22.7,34.6,0.0,974.0
2024-04-10T19:00,Maitri Station,-12.3,-21.9,52,39.7,65.2,0.0,974.3
2024-04-10T20:00,Maitri Station,-13.4,-23.3,56,41.6,68.0,0.0,975.0
2024-04-10T21:00,Maitri Station,-13.4,-23.1,63,40.3,68.0,0.0,975.5
2024-04-10T22:00,Maitri Station,-12.8,-22.8,65,43.2,71.3,0.0,974.7
2024-04-10T23:00,Maitri Station,-12.5,-22.4,66,42.2,70.9,0.0,974.5
2024-04-11T00:00,Maitri Station,-12.5,-23.2,66,47.8,79.6,0.0,974.5
2024-04-11T01:00,Maitri Station,-12.2,-22.0,70,42.1,69.5,0.0,973.8
2024-04-11T02:00,Maitri Station,-12.3,-23.1,66,48.9,81.0,0.0,973.5
2024-04-11T03:00,Maitri Station,-12.8,-22.7,63,42.3,81.4,0.0,973.3
2024-04-11T04:00,Maitri Station,-12.2,-23.3,59,50.2,81.0,0.0,972.8
2024-04-11T05:00,Maitri Station,-13.1,-25.1,56,56.5,94.3,0.0,973.1
2024-04-11T06:00,Maitri Station,-13.1,-25.1,58,55.8,94.3,0.0,972.8
2024-04-11T07:00,Maitri Station,-13.2,-25.6,58,59.1,97.9,0.0,973.1
2024-04-11T08:00,Maitri Station,-13.4,-25.9,59,59.7,99.4,0.0,973.4
2024-04-11T09:00,Maitri Station,-13.4,-26.1,58,60.9,101.2,0.0,973.5
2024-04-11T10:00,Maitri Station,-13.3,-26.1,57,61.2,101.9,0.0,973.9
2024-04-11T11:00,Maitri Station,-13.2,-25.8,57,60.7,101.9,1.0,974.4
2024-04-11T12:00,Maitri Station,-12.8,-25.1,57,58.6,100.8,0.0,974.8
2024-04-11T13:00,Maitri Station,-12.5,-24.6,57,56.7,98.6,0.0,975.7
2024-04-11T14:00,Maitri Station,-12.3,-24.1,57,54.8,96.1,0.0,976.1
2024-04-11T15:00,Maitri Station,-12.1,-23.9,56,55.0,93.6,0.0,976.4
2024-04-11T16:00,Maitri Station,-11.8,-23.5,54,54.8,94.0,0.0,976.9
2024-04-11T17:00,Maitri Station,-11.4,-22.7,54,51.6,91.1,0.0,977.6
2024-04-11T18:00,Maitri Station,-11.1,-22.1,53,49.7,87.8,0.0,978.4
2024-04-11T19:00,Maitri Station,-10.9,-21.7,53,48.2,83.9,0.0,979.0
2024-04-11T20:00,Maitri Station,-10.7,-21.3,52,46.7,82.1,0.0,979.5
2024-04-11T21:00,Maitri Station,-10.6,-20.8,52,44.2,78.1,0.0,979.8
2024-04-11T22:00,Maitri Station,-10.7,-20.3,50,40.0,74.2,0.0,980.3
2024-04-11T23:00,Maitri Station,-10.5,-19.5,48,35.7,67.3,0.0,980.8
2024-04-12T00:00,Maitri Station,-10.5,-19.0,46,32.1,59.8,0.0,981.2
2024-04-12T01:00,Maitri Station,-10.8,-19.1,43,30.8,57.2,0.0,981.2
2024-04-12T02:00,Maitri Station,-10.7,-18.8,42,28.6,51.1,0.0,981.8
2024-04-12T03:00,Maitri Station,-11.0,-18.7,42,25.9,47.9,0.0,982.1
2024-04-12T04:00,Maitri Station,-10.8,-18.6,40,27.1,43.9,0.0,982.5
2024-04-12T05:00,Maitri Station,-11.0,-18.8,40,26.7,44.6,0.0,983.3
2024-04-12T06:00,Maitri Station,-11.2,-18.9,41,26.3,43.2,0.0,984.0
2024-04-12T07:00,Maitri Station,-11.0,-18.9,40,27.9,45.4,0.0,984.7
2024-04-12T08:00,Maitri Station,-10.9,-18.9,40,27.9,45.4,12.0,985.1
2024-04-12T09:00,Maitri Station,-10.6,-18.5,40,28.0,45.7,48.0,985.5
2024-04-12T10:00,Maitri Station,-10.3,-18.1,39,26.8,45.7,89.0,986.1
2024-04-12T11:00,Maitri Station,-10.1,-18.1,38,28.4,45.4,113.0,986.5
2024-04-12T12:00,Maitri Station,-10.1,-18.4,38,30.0,47.9,118.0,986.8
2024-04-12T13:00,Maitri Station,-9.7,-17.9,40,29.5,47.2,99.0,986.6
2024-04-12T14:00,Maitri Station,-9.9,-18.0,40,29.2,47.9,67.0,986.6
2024-04-12T15:00,Maitri Station,-10.3,-18.3,40,28.5,47.2,27.0,986.5
2024-04-12T16:00,Maitri Station,-10.5,-18.6,39,29.2,47.2,2.0,986.3
2024-04-12T17:00,Maitri Station,-10.5,-18.8,39,30.0,48.6,0.0,986.1
2024-04-12T18:00,Maitri Station,-10.3,-18.8,38,31.4,50.8,0.0,985.6
2024-04-12T19:00,Maitri Station,-10.0,-19.0,37,35.0,56.2,0.0,985.1
2024-04-12T20:00,Maitri Station,-9.9,-19.1,37,36.6,60.1,0.0,984.1
2024-04-12T21:00,Maitri Station,-10.0,-19.4,37,37.4,61.6,0.0,983.5
2024-04-12T22:00,Maitri Station,-10.0,-19.6,37,39.5,65.2,0.0,982.8
2024-04-12T23:00,Maitri Station,-10.0,-20.0,38,42.3,69.5,0.0,981.6
2024-04-13T00:00,Maitri Station,-9.8,-20.0,39,43.3,71.6,0.0,980.5
2024-04-13T01:00,Maitri Station,-9.5,-19.8,41,44.0,73.8,0.0,979.3
2024-04-13T02:00,Maitri Station,-9.5,-19.5,42,42.2,73.1,0.0,978.4
2024-04-13T03:00,Maitri Station,-9.5,-19.3,44,41.1,70.9,0.0,977.4
2024-04-13T04:00,Maitri Station,-9.5,-19.4,45,42.0,70.6,0.0,976.1
2024-04-13T05:00,Maitri Station,-9.7,-19.7,45,43.0,72.0,0.0,974.7
2024-04-13T06:00,Maitri Station,-9.8,-20.3,44,45.5,76.3,0.0,973.4
2024-04-13T07:00,Maitri Station,-10.0,-20.5,42,45.8,77.0,0.0,972.5
2024-04-13T08:00,Maitri Station,-10.0,-20.8,40,47.5,79.9,2.0,971.5
2024-04-13T09:00,Maitri Station,-10.0,-20.9,39,48.4,81.0,28.0,970.5
2024-04-13T10:00,Maitri Station,-9.9,-21.1,38,50.0,83.5,69.0,969.8
2024-04-13T11:00,Maitri Station,-9.8,-21.1,38,51.3,85.3,72.0,969.0
2024-04-13T12:00,Maitri Station,-9.7,-20.8,39,50.1,85.3,63.0,968.5
2024-04-13T13:00,Maitri Station,-9.9,-20.2,38,44.3,79.6,71.0,968.1
2024-04-13T14:00,Maitri Station,-10.4,-20.3,37,41.3,73.8,58.0,967.9
2024-04-13T15:00,Maitri Station,-10.9,-20.8,37,41.3,69.1,23.0,967.6
2024-04-13T16:00,Maitri Station,-11.2,-21.2,37,41.4,68.0,1.0,967.4
2024-04-13T17:00,Maitri Station,-11.3,-21.5,37,43.0,70.6,0.0,967.2
2024-04-13T18:00,Maitri Station,-11.2,-21.3,37,42.8,70.9,0.0,967.0
2024-04-13T19:00,Maitri Station,-11.1,-21.3,37,42.9,69.8,0.0,967.0
2024-04-13T20:00,Maitri Station,-11.2,-20.9,37,40.1,69.1,0.0,966.9
2024-04-13T21:00,Maitri Station,-11.3,-20.5,37,36.2,64.1,0.0,967.0
2024-04-13T22:00,Maitri Station,-11.6,-20.3,37,32.3,57.6,0.0,967.4
2024-04-13T23:00,Maitri Station,-11.9,-20.2,37,29.9,50.8,0.0,967.5
2024-04-14T00:00,Maitri Station,-12.9,-20.7,39,26.6,46.8,0.0,967.8
2024-04-14T01:00,Maitri Station,-12.3,-19.3,37,21.3,36.7,0.0,967.9
2024-04-14T02:00,Maitri Station,-14.0,-20.8,42,19.3,33.1,0.0,968.3
2024-04-14T03:00,Maitri Station,-16.3,-23.2,52,20.5,31.0,0.0,968.6
2024-04-14T04:00,Maitri Station,-16.9,-24.0,53,21.9,33.8,0.0,969.1
2024-04-14T05:00,Maitri Station,-16.1,-22.9,49,19.5,33.8,0.0,969.4
2024-04-14T06:00,Maitri Station,-16.1,-22.5,46,16.3,31.0,0.0,969.9
2024-04-14T07:00,Maitri Station,-16.3,-22.7,43,16.3,26.3,0.0,970.5
2024-04-14T08:00,Maitri Station,-15.3,-22.1,41,19.2,29.5,9.0,970.7
2024-04-14T09:00,Maitri Station,-15.1,-21.9,45,19.2,30.6,43.0,971.1
2024-04-14T10:00,Maitri Station,-15.8,-22.1,50,16.0,28.1,81.0,971.8
2024-04-14T11:00,Maitri Station,-15.9,-22.2,53,16.1,23.0,104.0,972.3
2024-04-14T12:00,Maitri Station,-15.8,-22.1,54,16.0,23.0,108.0,972.9
2024-04-14T13:00,Maitri Station,-14.5,-20.6,53,15.1,22.3,92.0,972.4
2024-04-14T14:00,Maitri Station,-14.5,-20.5,53,14.8,22.3,58.0,973.3
2024-04-14T15:00,Maitri Station,-15.0,-21.1,53,15.2,22.0,20.0,974.2
2024-04-14T16:00,Maitri Station,-14.9,-21.1,54,15.5,22.0,0.0,974.9
2024-04-14T17:00,Maitri Station,-14.3,-20.5,54,16.0,23.0,0.0,975.5
2024-04-14T18:00,Maitri Station,-14.9,-21.2,54,16.5,23.8,0.0,976.4
2024-04-14T19:00,Maitri Station,-14.7,-21.0,52,16.8,24.8,0.0,977.2
2024-04-14T20:00,Maitri Station,-14.8,-21.1,52,16.5,24.8,0.0,977.7
2024-04-14T21:00,Maitri Station,-14.9,-21.3,52,17.2,24.8,0.0,978.6
2024-04-14T22:00,Maitri Station,-14.9,-21.4,51,17.5,25.6,0.0,979.4
2024-04-14T23:00,Maitri Station,-15.1,-21.5,51,17.2,25.9,0.0,980.2
2024-04-15T00:00,Maitri Station,-15.2,-21.6,50,17.5,25.6,0.0,980.9
2024-04-15T01:00,Maitri Station,-15.4,-21.8,52,17.1,24.5,0.0,982.0
2024-04-15T02:00,Maitri Station,-15.3,-21.8,51,18.1,25.9,0.0,982.8
2024-04-15T03:00,Maitri Station,-14.7,-21.5,49,19.7,28.8,0.0,983.2
2024-04-15T04:00,Maitri Station,-13.5,-20.6,44,21.6,33.5,0.0,983.2
2024-04-15T05:00,Maitri Station,-12.9,-20.1,41,22.4,34.6,0.0,983.6
2024-04-15T06:00,Maitri Station,-12.2,-19.7,38,24.3,37.8,0.0,984.4
2024-04-15T07:00,Maitri Station,-11.5,-19.6,36,28.7,45.4,0.0,985.1
2024-04-15T08:00,Maitri Station,-11.0,-19.2,37,29.7,47.5,1.0,985.5
2024-04-15T09:00,Maitri Station,-10.4,-18.7,39,30.5,49.0,0.0,985.8
2024-04-15T10:00,Maitri Station,-10.0,-18.4,39,31.5,50.8,0.0,986.1
2024-04-15T11:00,Maitri Station,-9.6,-18.1,40,31.7,52.2,0.0,986.1
2024-04-15T12:00,Maitri Station,-9.5,-18.0,40,32.3,52.9,1.0,986.1
2024-04-15T13:00,Maitri Station,-9.9,-18.2,40,31.1,51.5,0.0,985.6
2024-04-15T14:00,Maitri Station,-10.1,-18.5,40,30.9,51.5,1.0,985.1
2024-04-15T15:00,Maitri Station,-10.4,-18.8,40,31.2,51.8,0.0,984.6
2024-04-15T16:00,Maitri Station,-10.8,-19.3,40,31.3,52.2,0.0,984.2
2024-04-15T17:00,Maitri Station,-10.8,-19.7,39,34.5,56.5,0.0,983.3
2024-04-15T18:00,Maitri Station,-11.0,-20.2,39,36.2,60.1,0.0,982.3
2024-04-15T19:00,Maitri Station,-11.1,-20.3,40,36.3,60.8,0.0,981.9
2024-04-15T20:00,Maitri Station,-10.8,-19.9,41,36.1,60.8,0.0,981.9
2024-04-15T21:00,Maitri Station,-10.3,-20.1,42,41.0,67.3,0.0,980.7
2024-04-15T22:00,Maitri Station,-10.0,-20.2,41,43.5,72.7,0.0,979.2
2024-04-15T23:00,Maitri Station,-9.8,-19.8,42,42.2,72.7,0.0,979.1
2024-04-16T00:00,Maitri Station,-9.6,-19.9,43,44.3,74.2,0.0,977.8
2024-04-16T01:00,Maitri Station,-9.9,-20.1,42,43.7,72.7,0.0,976.9
2024-04-16T02:00,Maitri Station,-9.6,-20.1,40,45.7,76.3,0.0,975.4
2024-04-16T03:00,Maitri Station,-9.0,-19.7,40,46.9,78.8,0.0,973.7
2024-04-16T04:00,Maitri Station,-8.5,-19.2,39,47.8,79.9,0.0,971.8
2024-04-16T05:00,Maitri Station,-8.3,-19.5,39,50.8,85.0,0.0,970.3
2024-04-16T06:00,Maitri Station,-8.1,-19.6,39,53.0,89.3,0.0,969.0
2024-04-16T07:00,Maitri Station,-7.6,-19.2,39,53.5,90.4,0.0,968.2
2024-04-16T08:00,Maitri Station,-7.3,-18.8,40,53.5,90.7,0.0,967.4
2024-04-16T09:00,Maitri Station,-7.2,-18.6,41,52.6,90.0,0.0,967.1
2024-04-16T10:00,Maitri Station,-7.5,-18.6,42,50.4,88.6,14.0,966.8
2024-04-16T11:00,Maitri Station,-7.6,-18.3,43,47.9,85.0,34.0,966.1
2024-04-16T12:00,Maitri Station,-7.8,-18.5,43,47.3,81.4,48.0,965.7
2024-04-16T13:00,Maitri Station,-7.8,-18.2,44,45.9,82.1,26.0,965.6
2024-04-16T14:00,Maitri Station,-7.6,-17.7,43,43.8,78.1,20.0,965.3
2024-04-16T15:00,Maitri Station,-7.7,-17.5,43,41.5,74.5,4.0,965.0
2024-04-16T16:00,Maitri Station,-8.0,-17.4,42,38.6,70.9,0.0,965.1
2024-04-16T17:00,Maitri Station,-7.9,-17.1,41,37.1,66.2,0.0,965.2
2024-04-16T18:00,Maitri Station,-8.0,-17.2,40,37.1,63.7,0.0,965.0
2024-04-16T19:00,Maitri Station,-8.0,-17.0,37,35.6,63.0,0.0,965.1
2024-04-16T20:00,Maitri Station,-8.2,-16.7,36,32.1,60.8,0.0,965.1
2024-04-16T21:00,Maitri Station,-8.6,-16.7,36,29.1,55.4,0.0,965.2
2024-04-16T22:00,Maitri Station,-9.4,-16.9,37,25.3,50.4,0.0,965.4
2024-04-16T23:00,Maitri Station,-9.8,-16.9,38,22.2,43.2,0.0,965.5
2024-04-17T00:00,Maitri Station,-10.5,-17.2,39,19.2,37.8,0.0,965.4
2024-04-17T01:00,Maitri Station,-9.1,-16.2,37,21.9,45.4,0.0,965.7
2024-04-17T02:00,Maitri Station,-11.5,-17.6,41,15.3,37.8,0.0,966.4
2024-04-17T03:00,Maitri Station,-13.6,-19.3,47,12.7,25.6,0.0,966.7
2024-04-17T04:00,Maitri Station,-13.6,-19.1,43,11.3,17.6,0.0,967.4
2024-04-17T05:00,Maitri Station,-13.5,-19.6,40,14.8,16.9,0.0,967.6
2024-04-17T06:00,Maitri Station,-11.8,-18.5,38,19.4,31.0,0.0,968.3
2024-04-17T07:00,Maitri Station,-13.9,-20.0,41,14.8,28.8,0.0,968.5
2024-04-17T08:00,Maitri Station,-14.8,-20.3,44,10.7,22.7,3.0,968.8
2024-04-17T09:00,Maitri Station,-15.2,-20.4,49,8.7,16.9,27.0,969.3
2024-04-17T10:00,Maitri Station,-15.6,-20.9,55,9.2,15.8,63.0,969.6
2024-04-17T11:00,Maitri Station,-13.2,-18.0,44,6.5,15.5,82.0,970.2
2024-04-17T12:00,Maitri Station,-12.9,-17.5,43,5.1,11.9,73.0,970.8
2024-04-17T13:00,Maitri Station,-16.2,-21.3,56,8.2,14.4,54.0,970.4
2024-04-17T14:00,Maitri Station,-15.9,-21.0,54,7.6,14.8,20.0,970.6
2024-04-17T15:00,Maitri Station,-15.0,-19.9,50,6.9,14.4,5.0,970.6
2024-04-17T16:00,Maitri Station,-13.9,-18.2,47,2.9,13.0,0.0,970.9
2024-04-17T17:00,Maitri Station,-16.6,-21.5,60,7.3,8.3,0.0,970.9
2024-04-17T18:00,Maitri Station,-16.2,-21.7,61,11.3,15.5,0.0,971.1
2024-04-17T19:00,Maitri Station,-15.8,-21.5,61,12.3,17.6,0.0,971.6
2024-04-17T20:00,Maitri Station,-15.8,-21.5,62,13.0,19.1,0.0,971.8
2024-04-17T21:00,Maitri Station,-15.8,-21.4,63,12.3,19.1,0.0,972.3
2024-04-17T22:00,Maitri Station,-15.4,-21.1,63,12.8,18.7,0.0,972.2
2024-04-17T23:00,Maitri Station,-15.1,-21.0,63,14.1,22.0,0.0,972.4
2024-04-18T00:00,Maitri Station,-14.8,-21.0,63,15.8,24.5,0.0,972.7
2024-04-18T01:00,Maitri Station,-15.5,-21.7,67,16.6,25.6,0.0,972.5
2024-04-18T02:00,Maitri Station,-15.4,-21.8,63,17.6,27.7,0.0,972.5
2024-04-18T03:00,Maitri Station,-15.6,-22.4,59,20.1,31.7,0.0,972.3
2024-04-18T04:00,Maitri Station,-15.4,-22.3,58,20.9,33.8,0.0,972.0
2024-04-18T05:00,Maitri Station,-15.2,-22.3,58,22.2,35.6,0.0,972.2
2024-04-18T06:00,Maitri Station,-15.3,-22.6,57,23.4,37.8,0.0,972.4
2024-04-18T07:00,Maitri Station,-15.4,-22.7,55,23.5,38.2,0.0,972.9
2024-04-18T08:00,Maitri Station,-15.4,-22.7,54,23.4,38.2,0.0,972.6
2024-04-18T09:00,Maitri Station,-15.3,-22.7,53,23.7,38.5,0.0,972.6
2024-04-18T10:00,Maitri Station,-15.3,-22.6,52,23.2,38.5,1.0,972.5
2024-04-18T11:00,Maitri Station,-15.1,-22.6,52,24.2,39.6,1.0,972.7
2024-04-18T12:00,Maitri Station,-15.1,-22.6,51,24.7,41.0,1.0,972.6
2024-04-18T13:00,Maitri Station,-15.1,-22.4,50,22.8,38.2,2.0,972.0
2024-04-18T14:00,Maitri Station,-15.2,-22.7,48,24.2,39.6,0.0,972.0
2024-04-18T15:00,Maitri Station,-15.4,-23.2,47,26.1,42.8,0.0,971.8
2024-04-18T16:00,Maitri Station,-15.6,-23.5,45,27.5,45.4,0.0,971.5
2024-04-18T17:00,Maitri Station,-15.9,-24.0,45,28.3,46.1,0.0,971.5
2024-04-18T18:00,Maitri Station,-15.9,-24.0,46,28.3,46.4,0.0,971.3
2024-04-18T19:00,Maitri Station,-16.1,-24.3,44,28.7,46.4,0.0,971.4
2024-04-18T20:00,Maitri Station,-16.1,-24.2,43,28.0,46.4,0.0,971.2
2024-04-18T21:00,Maitri Station,-15.9,-23.7,41,26.3,45.4,0.0,971.1
2024-04-18T22:00,Maitri Station,-15.7,-23.3,39,24.8,42.1,0.0,970.7
2024-04-18T23:00,Maitri Station,-16.0,-23.4,39,23.3,40.0,0.0,970.7
2024-04-19T00:00,Maitri Station,-16.8,-24.0,40,22.3,36.7,0.0,970.5
2024-04-19T01:00,Maitri Station,-16.2,-24.1,41,26.8,45.0,0.0,970.4
2024-04-19T02:00,Maitri Station,-16.6,-24.2,41,24.7,43.2,0.0,970.7
2024-04-19T03:00,Maitri Station,-16.7,-24.3,40,25.0,40.3,0.0,970.6
2024-04-19T04:00,Maitri Station,-16.7,-24.4,39,25.7,41.4,0.0,970.6
2024-04-19T05:00,Maitri Station,-16.5,-24.5,38,27.2,43.2,0.0,970.7
2024-04-19T06:00,Maitri Station,-16.5,-24.5,38,26.8,43.6,0.0,970.6
2024-04-19T07:00,Maitri Station,-16.7,-24.5,37,26.3,42.8,0.0,970.5
2024-04-19T08:00,Maitri Station,-16.7,-24.5,37,25.9,42.1,2.0,970.4
2024-04-19T09:00,Maitri Station,-16.8,-24.3,38,23.8,41.4,23.0,970.7
2024-04-19T10:00,Maitri Station,-16.9,-24.2,39,22.7,37.8,55.0,970.8
2024-04-19T11:00,Maitri Station,-17.1,-24.0,41,20.2,35.6,77.0,970.8
2024-04-19T12:00,Maitri Station,-17.8,-24.5,44,17.9,31.7,80.0,970.7
2024-04-19T13:00,Maitri Station,-17.5,-24.1,44,17.5,29.9,65.0,970.0
2024-04-19T14:00,Maitri Station,-18.6,-24.9,45,15.7,27.0,36.0,970.0
2024-04-19T15:00,Maitri Station,-19.4,-25.7,45,15.6,24.1,7.0,969.8
2024-04-19T16:00,Maitri Station,-19.6,-25.9,44,15.7,24.1,0.0,969.5
2024-04-19T17:00,Maitri Station,-20.0,-26.3,44,15.6,23.8,0.0,968.9
2024-04-19T18:00,Maitri Station,-20.3,-26.6,44,15.7,23.8,0.0,968.7
2024-04-19T19:00,Maitri Station,-19.0,-26.0,41,20.2,31.7,0.0,968.2
2024-04-19T20:00,Maitri Station,-15.9,-24.5,32,31.4,49.0,0.0,967.9
2024-04-19T21:00,Maitri Station,-15.5,-24.9,33,37.0,60.1,0.0,967.4
2024-04-19T22:00,Maitri Station,-15.4,-24.7,35,36.6,60.8,0.0,966.8
2024-04-19T23:00,Maitri Station,-15.1,-24.7,35,38.3,62.6,0.0,966.1
2024-04-20T00:00,Maitri Station,-14.8,-24.8,36,40.7,67.0,0.0,965.1
2024-04-20T01:00,Maitri Station,-14.4,-24.8,39,44.5,74.5,0.0,963.9
2024-04-20T02:00,Maitri Station,-14.2,-25.2,41,48.2,79.9,0.0,962.9
2024-04-20T03:00,Maitri Station,-14.0,-25.3,43,50.6,84.2,0.0,961.8
2024-04-20T04:00,Maitri Station,-13.8,-25.3,43,52.1,86.4,0.0,961.0
2024-04-20T05:00,Maitri Station,-13.7,-25.5,44,54.0,89.6,0.0,960.1
2024-04-20T06:00,Maitri Station,-13.5,-25.5,44,55.9,92.9,0.0,958.9
2024-04-20T07:00,Maitri Station,-13.3,-25.6,44,57.5,95.8,0.0,958.2
2024-04-20T08:00,Maitri Station,-13.3,-25.7,45,58.2,96.8,0.0,957.3
2024-04-20T09:00,Maitri Station,-13.0,-25.5,45,58.8,97.9,0.0,956.8
2024-04-20T10:00,Maitri Station,-12.8,-25.4,45,60.1,99.4,1.0,955.9
2024-04-20T11:00,Maitri Station,-12.5,-25.2,44,60.9,100.8,1.0,955.3
2024-04-20T12:00,Maitri Station,-12.2,-25.0,44,61.5,101.5,2.0,954.9
2024-04-20T13:00,Maitri Station,-12.0,-24.7,43,60.1,101.2,5.0,954.5
2024-04-20T14:00,Maitri Station,-11.8,-24.3,42,59.4,99.7,1.0,954.3
2024-04-20T15:00,Maitri Station,-11.6,-24.2,42,59.5,99.0,0.0,954.6
2024-04-20T16:00,Maitri Station,-11.5,-24.0,42,58.9,98.6,0.0,954.9
2024-04-20T17:00,Maitri Station,-11.6,-23.8,42,57.4,98.3,0.0,955.3
2024-04-20T18:00,Maitri Station,-11.5,-23.3,42,54.5,95.4,0.0,956.0
2024-04-20T19:00,Maitri Station,-11.6,-22.8,40,50.1,90.0,0.0,956.7
2024-04-20T20:00,Maitri Station,-12.4,-23.5,39,48.8,82.8,0.0,957.1
2024-04-20T21:00,Maitri Station,-12.3,-23.5,38,49.9,81.7,0.0,957.2
2024-04-20T22:00,Maitri Station,-12.4,-23.9,37,51.5,82.8,0.0,957.8
2024-04-20T23:00,Maitri Station,-12.3,-23.6,35,50.4,83.5,0.0,958.3
2024-04-21T00:00,Maitri Station,-13.0,-23.7,35,46.3,81.0,0.0,958.8
2024-04-21T01:00,Maitri Station,-12.4,-23.0,35,45.4,78.5,0.0,959.2
2024-04-21T02:00,Maitri Station,-12.8,-22.5,36,39.4,72.0,0.0,959.4
2024-04-21T03:00,Maitri Station,-13.0,-22.0,36,34.6,61.6,0.0,960.0
2024-04-21T04:00,Maitri Station,-12.8,-21.1,33,29.2,53.3,0.0,960.2
2024-04-21T05:00,Maitri Station,-15.6,-21.8,38,15.0,45.7,0.0,961.1
2024-04-21T06:00,Maitri Station,-16.9,-22.7,41,12.6,24.8,0.0,961.9
2024-04-21T07:00,Maitri Station,-15.3,-22.0,35,18.5,29.5,0.0,962.5
2024-04-21T08:00,Maitri Station,-14.9,-22.3,33,23.0,36.7,0.0,962.3
2024-04-21T09:00,Maitri Station,-15.1,-22.9,34,26.0,42.1,15.0,962.5
2024-04-21T10:00,Maitri Station,-15.4,-23.2,35,26.3,42.5,47.0,962.2
2024-04-21T11:00,Maitri Station,-15.5,-23.1,36,24.7,41.8,69.0,962.2
2024-04-21T12:00,Maitri Station,-15.6,-23.1,36,23.6,39.2,73.0,962.2
2024-04-21T13:00,Maitri Station,-15.6,-22.6,37,20.7,38.5,58.0,960.3
2024-04-21T14:00,Maitri Station,-16.6,-23.4,37,18.8,33.1,30.0,960.3
2024-04-21T15:00,Maitri Station,-16.9,-23.9,36,20.2,32.8,4.0,960.4
2024-04-21T16:00,Maitri Station,-16.3,-23.8,34,23.9,38.9,0.0,960.4
2024-04-21T17:00,Maitri Station,-15.8,-24.0,34,28.5,46.1,0.0,960.6
2024-04-21T18:00,Maitri Station,-15.7,-24.1,36,30.1,48.6,0.0,960.6
2024-04-21T19:00,Maitri Station,-15.1,-23.8,36,32.7,52.2,0.0,961.0
2024-04-21T20:00,Maitri Station,-14.5,-23.6,37,34.7,55.4,0.0,961.2
2024-04-21T21:00,Maitri Station,-14.1,-23.3,37,35.5,56.5,0.0,961.7
2024-04-21T22:00,Maitri Station,-14.1,-23.2,38,35.4,56.9,0.0,961.9
2024-04-21T23:00,Maitri Station,-14.1,-23.1,38,34.4,56.2,0.0,962.5
2024-04-22T00:00,Maitri Station,-14.1,-22.7,38,31.8,54.0,0.0,962.9
2024-04-22T01:00,Maitri Station,-14.0,-22.7,38,32.7,53.3,0.0,962.8
2024-04-22T02:00,Maitri Station,-14.0,-22.2,38,29.4,51.1,0.0,963.4
2024-04-22T03:00,Maitri Station,-13.9,-22.0,38,27.8,46.4,0.0,963.9
2024-04-22T04:00,Maitri Station,-14.0,-21.8,37,25.9,44.3,0.0,964.6
2024-04-22T05:00,Maitri Station,-14.0,-21.9,37,26.8,42.8,0.0,964.8
2024-04-22T06:00,Maitri Station,-13.8,-21.8,36,27.4,43.9,0.0,965.2
2024-04-22T07:00,Maitri Station,-14.1,-21.8,37,26.0,43.6,0.0,965.6
2024-04-22T08:00,Maitri Station,-14.8,-22.2,38,23.1,40.3,0.0,965.9
2024-04-22T09:00,Maitri Station,-15.3,-22.5,40,22.3,36.0,14.0,966.1
2024-04-22T10:00,Maitri Station,-15.7,-22.8,43,21.1,34.2,41.0,966.3
2024-04-22T11:00,Maitri Station,-16.4,-23.1,46,18.8,31.7,61.0,966.7
2024-04-22T12:00,Maitri Station,-17.1,-23.7,49,17.9,28.1,64.0,967.1
2024-04-22T13:00,Maitri Station,-17.6,-24.1,54,17.6,25.9,50.0,966.1
2024-04-22T14:00,Maitri Station,-17.7,-24.3,51,17.9,25.9,24.0,966.3
2024-04-22T15:00,Maitri Station,-17.7,-24.4,49,18.6,26.6,3.0,966.4
2024-04-22T16:00,Maitri Station,-17.6,-24.3,48,18.5,27.0,0.0,966.7
2024-04-22T17:00,Maitri Station,-17.8,-24.4,48,17.9,27.0,0.0,966.8
2024-04-22T18:00,Maitri Station,-17.9,-24.5,48,17.4,25.9,0.0,967.0
2024-04-22T19:00,Maitri Station,-17.7,-24.3,46,17.9,25.9,0.0,967.2
2024-04-22T20:00,Maitri Station,-17.2,-23.8,43,18.0,27.4,0.0,967.6
2024-04-22T21:00,Maitri Station,-16.7,-23.5,41,18.8,28.4,0.0,968.0
2024-04-22T22:00,Maitri Station,-16.3,-23.1,40,19.4,29.9,0.0,968.5
2024-04-22T23:00,Maitri Station,-16.3,-23.1,40,19.6,29.9,0.0,968.9
2024-04-23T00:00,Maitri Station,-16.7,-23.4,42,18.7,29.5,0.0,969.1
2024-04-23T01:00,Maitri Station,-16.2,-23.3,38,20.8,32.8,0.0,969.8
2024-04-23T02:00,Maitri Station,-16.4,-23.5,39,20.8,32.8,0.0,970.1
2024-04-23T03:00,Maitri Station,-16.5,-23.6,39,20.8,33.8,0.0,970.4
2024-04-23T04:00,Maitri Station,-16.7,-23.7,39,20.2,33.8,0.0,970.5
2024-04-23T05:00,Maitri Station,-16.7,-23.5,39,19.2,32.8,0.0,970.7
2024-04-23T06:00,Maitri Station,-16.0,-23.1,38,21.5,34.2,0.0,970.9
2024-04-23T07:00,Maitri Station,-15.4,-22.7,38,22.3,36.7,0.0,971.0
2024-04-23T08:00,Maitri Station,-15.4,-22.9,38,24.4,39.2,0.0,971.4
2024-04-23T09:00,Maitri Station,-15.2,-22.9,38,25.6,41.8,2.0,971.5
2024-04-23T10:00,Maitri Station,-14.9,-22.7,38,25.7,42.5,9.0,971.8
2024-04-23T11:00,Maitri Station,-14.6,-22.7,38,28.3,46.4,7.0,972.0
2024-04-23T12:00,Maitri Station,-14.5,-22.8,39,29.3,49.0,3.0,972.3
2024-04-23T13:00,Maitri Station,-15.1,-23.4,40,29.7,49.7,2.0,972.8
2024-04-23T14:00,Maitri Station,-15.1,-23.3,40,29.0,49.7,2.0,972.4
2024-04-23T15:00,Maitri Station,-15.0,-23.2,40,28.8,48.2,0.0,972.0
2024-04-23T16:00,Maitri Station,-14.7,-23.0,39,29.5,48.6,0.0,971.7
2024-04-23T17:00,Maitri Station,-14.6,-23.0,38,30.3,50.0,0.0,971.3
2024-04-23T18:00,Maitri Station,-14.5,-23.2,37,31.8,52.6,0.0,971.0
2024-04-23T19:00,Maitri Station,-14.6,-23.5,37,33.7,55.8,0.0,970.6
2024-04-23T20:00,Maitri Station,-14.7,-23.8,38,35.4,58.7,0.0,970.3
2024-04-23T21:00,Maitri Station,-14.8,-24.1,38,36.7,61.2,0.0,970.2
2024-04-23T22:00,Maitri Station,-15.0,-24.6,38,38.3,64.4,0.0,969.8
2024-04-23T23:00,Maitri Station,-15.0,-24.7,39,39.2,65.5,0.0,969.5
2024-04-24T00:00,Maitri Station,-14.9,-24.9,38,41.4,68.8,0.0,968.5
2024-04-24T01:00,Maitri Station,-14.0,-24.1,39,42.2,71.6,0.0,967.0
2024-04-24T02:00,Maitri Station,-13.7,-23.6,39,41.0,70.6,0.0,965.8
2024-04-24T03:00,Maitri Station,-13.4,-23.5,39,42.1,70.6,0.0,964.7
2024-04-24T04:00,Maitri Station,-13.1,-23.3,39,43.1,72.7,0.0,963.9
2024-04-24T05:00,Maitri Station,-12.8,-23.3,41,44.7,74.9,0.0,963.2
2024-04-24T06:00,Maitri Station,-12.7,-23.3,42,45.8,77.4,0.0,962.6
2024-04-24T07:00,Maitri Station,-12.5,-23.3,43,46.9,78.8,0.0,962.2
2024-04-24T08:00,Maitri Station,-12.3,-23.1,44,47.0,79.6,0.0,961.5
2024-04-24T09:00,Maitri Station,-12.0,-22.9,45,48.2,81.0,0.0,961.3
2024-04-24T10:00,Maitri Station,-11.8,-23.0,46,49.9,83.9,0.0,960.4
2024-04-24T11:00,Maitri Station,-11.6,-23.0,45,51.4,86.4,0.0,959.7
2024-04-24T12:00,Maitri Station,-11.5,-22.9,46,51.9,87.1,0.0,959.2
2024-04-24T13:00,Maitri Station,-11.2,-22.4,46,50.4,84.6,0.0,958.3
2024-04-24T14:00,Maitri Station,-11.1,-22.6,47,52.3,87.1,0.0,957.9
2024-04-24T15:00,Maitri Station,-11.1,-22.6,48,52.6,87.8,0.0,957.6
2024-04-24T16:00,Maitri Station,-11.0,-22.5,48,53.2,88.9,0.0,957.2
2024-04-24T17:00,Maitri Station,-10.8,-22.2,48,51.9,88.9,0.0,956.5
2024-04-24T18:00,Maitri Station,-10.5,-21.9,46,52.2,87.1,0.0,955.6
2024-04-24T19:00,Maitri Station,-10.3,-21.8,46,52.7,88.2,0.0,955.1
2024-04-24T20:00,Maitri Station,-10.0,-21.3,45,51.5,87.8,0.0,954.3
2024-04-24T21:00,Maitri Station,-9.7,-20.8,44,50.2,86.0,0.0,953.9
2024-04-24T22:00,Maitri Station,-9.4,-20.3,45,48.9,83.5,0.0,953.3
2024-04-24T23:00,Maitri Station,-9.3,-19.9,45,47.1,81.7,0.0,953.0
2024-04-25T00:00,Maitri Station,-9.1,-19.5,46,45.2,78.8,0.0,952.5
2024-04-25T01:00,Maitri Station,-8.3,-18.6,47,45.6,80.6,0.0,952.4
2024-04-25T02:00,Maitri Station,-8.1,-18.1,49,43.2,76.7,0.0,952.3
2024-04-25T03:00,Maitri Station,-7.9,-17.4,49,40.2,72.4,0.0,951.9
2024-04-25T04:00,Maitri Station,-7.6,-16.6,50,36.7,67.7,0.0,952.2
2024-04-25T05:00,Maitri Station,-7.6,-16.1,51,33.4,62.3,0.0,952.0
2024-04-25T06:00,Maitri Station,-7.6,-15.7,50,30.8,56.9,0.0,952.0
2024-04-25T07:00,Maitri Station,-7.6,-15.3,48,27.7,52.2,0.0,952.1
2024-04-25T08:00,Maitri Station,-7.7,-15.0,46,24.5,46.8,0.0,951.9
2024-04-25T09:00,Maitri Station,-8.2,-15.1,46,21.7,40.7,0.0,951.7
2024-04-25T10:00,Maitri Station,-8.4,-14.9,46,19.4,35.6,0.0,951.6
2024-04-25T11:00,Maitri Station,-8.8,-15.2,49,18.1,31.3,3.0,951.6
2024-04-25T12:00,Maitri Station,-9.0,-15.2,54,17.1,28.8,0.0,951.6
2024-04-25T13:00,Maitri Station,-9.2,-15.2,56,16.1,24.8,1.0,951.9
2024-04-25T14:00,Maitri Station,-10.5,-16.6,60,16.2,24.1,1.0,951.8
2024-04-25T15:00,Maitri Station,-11.3,-17.2,59,15.3,23.4,0.0,952.2
2024-04-25T16:00,Maitri Station,-11.7,-17.2,56,12.2,21.2,0.0,952.6
2024-04-25T17:00,Maitri Station,-11.2,-16.5,50,10.5,16.6,0.0,953.0
2024-04-25T18:00,Maitri Station,-11.1,-16.5,50,10.6,14.8,0.0,953.2
2024-04-25T19:00,Maitri Station,-11.8,-17.5,54,12.8,17.6,0.0,953.6
2024-04-25T20:00,Maitri Station,-11.6,-17.4,56,14.0,19.8,0.0,953.9
2024-04-25T21:00,Maitri Station,-12.2,-18.2,58,14.9,21.2,0.0,954.3
2024-04-25T22:00,Maitri Station,-12.5,-18.3,60,14.2,21.2,0.0,954.4
2024-04-25T23:00,Maitri Station,-13.2,-18.8,61,12.5,20.2,0.0,954.8
2024-04-26T00:00,Maitri Station,-14.4,-19.9,60,11.8,17.3,0.0,955.0
2024-04-26T01:00,Maitri Station,-14.5,-20.5,57,14.8,20.2,0.0,955.7
2024-04-26T02:00,Maitri Station,-14.2,-19.9,57,13.0,20.2,0.0,955.8
2024-04-26T03:00,Maitri Station,-12.9,-18.1,50,9.3,17.6,0.0,955.7
2024-04-26T04:00,Maitri Station,-13.1,-18.2,49,8.8,12.6,0.0,956.0
2024-04-26T05:00,Maitri Station,-16.2,-21.5,60,10.2,14.0,0.0,955.9
2024-04-26T06:00,Maitri Station,-16.9,-22.8,61,13.6,18.4,0.0,956.0
2024-04-26T07:00,Maitri Station,-17.5,-23.3,61,13.4,19.1,0.0,956.3
2024-04-26T08:00,Maitri Station,-17.9,-23.5,62,11.6,18.4,0.0,956.4
2024-04-26T09:00,Maitri Station,-17.5,-22.8,62,9.2,16.2,6.0,956.8
2024-04-26T10:00,Maitri Station,-15.9,-20.8,59,6.8,12.6,24.0,957.2
2024-04-26T11:00,Maitri Station,-14.0,-18.6,56,5.6,10.1,39.0,957.8
2024-04-26T12:00,Maitri Station,-13.5,-18.1,59,5.2,8.3,39.0,958.1
2024-04-26T13:00,Maitri Station,-16.5,-20.7,64,1.8,6.8,33.0,958.2
2024-04-26T14:00,Maitri Station,-16.4,-20.5,66,1.5,3.6,12.0,958.7
2024-04-26T15:00,Maitri Station,-16.4,-20.6,70,2.2,4.3,0.0,959.2
2024-04-26T16:00,Maitri Station,-16.7,-20.8,73,1.5,4.0,0.0,960.0
2024-04-26T17:00,Maitri Station,-16.7,-20.8,72,1.9,4.0,0.0,960.7
2024-04-26T18:00,Maitri Station,-16.4,-20.4,67,1.3,4.0,0.0,961.2
2024-04-26T19:00,Maitri Station,-16.9,-20.9,67,0.8,2.9,0.0,962.0
2024-04-26T20:00,Maitri Station,-18.4,-22.5,69,1.1,2.9,0.0,963.0
2024-04-26T21:00,Maitri Station,-18.4,-23.0,64,4.2,6.1,0.0,963.7
2024-04-26T22:00,Maitri Station,-18.5,-22.9,58,3.3,7.2,0.0,963.9
2024-04-26T23:00,Maitri Station,-18.2,-22.7,56,3.3,5.8,0.0,964.2
2024-04-27T00:00,Maitri Station,-18.5,-23.1,57,3.9,6.5,0.0,964.4
2024-04-27T01:00,Maitri Station,-18.7,-23.3,70,4.9,9.0,0.0,964.4
2024-04-27T02:00,Maitri Station,-19.8,-24.8,75,7.1,12.2,0.0,964.7
2024-04-27T03:00,Maitri Station,-19.2,-23.9,74,5.4,12.2,0.0,964.6
2024-04-27T04:00,Maitri Station,-18.9,-23.5,76,4.6,10.4,0.0,964.6
2024-04-27T05:00,Maitri Station,-19.2,-23.6,79,3.6,9.4,0.0,964.7
2024-04-27T06:00,Maitri Station,-19.9,-24.1,82,2.3,7.9,0.0,965.2
2024-04-27T07:00,Maitri Station,-20.1,-24.5,80,3.3,8.3,0.0,965.9
2024-04-27T08:00,Maitri Station,-22.0,-27.1,73,7.6,14.0,0.0,965.8
2024-04-27T09:00,Maitri Station,-23.7,-29.4,70,11.2,19.4,0.0,965.9
2024-04-27T10:00,Maitri Station,-22.4,-28.4,74,13.4,23.4,5.0,966.4
2024-04-27T11:00,Maitri Station,-21.7,-27.6,82,13.4,24.1,6.0,966.8
2024-04-27T12:00,Maitri Station,-20.0,-25.7,84,12.9,24.1,0.0,967.3
2024-04-27T13:00,Maitri Station,-18.6,-25.0,82,17.1,30.6,0.0,968.2
2024-04-27T14:00,Maitri Station,-18.6,-25.2,81,18.5,32.8,0.0,968.4
2024-04-27T15:00,Maitri Station,-18.3,-24.7,81,17.9,32.8,0.0,968.3
2024-04-27T16:00,Maitri Station,-18.7,-25.0,80,16.7,32.0,0.0,968.3
2024-04-27T17:00,Maitri Station,-19.3,-25.3,78,14.4,29.5,0.0,968.4
2024-04-27T18:00,Maitri Station,-19.9,-25.9,76,13.8,25.2,0.0,968.5
2024-04-27T19:00,Maitri Station,-20.9,-26.9,76,14.0,24.5,0.0,968.9
2024-04-27T20:00,Maitri Station,-21.6,-27.9,73,16.1,27.0,0.0,969.3
2024-04-27T21:00,Maitri Station,-21.2,-27.7,70,17.1,29.2,0.0,969.4
2024-04-27T22:00,Maitri Station,-21.8,-28.0,69,15.3,28.8,0.0,969.4
2024-04-27T23:00,Maitri Station,-21.6,-27.3,65,11.8,25.6,0.0,969.1
2024-04-28T00:00,Maitri Station,-18.8,-24.1,55,9.2,19.8,0.0,969.2
2024-04-28T01:00,Maitri Station,-20.2,-25.7,57,10.7,19.4,0.0,969.0
2024-04-28T02:00,Maitri Station,-20.1,-25.6,53,10.4,17.3,0.0,969.0
2024-04-28T03:00,Maitri Station,-20.5,-26.1,51,10.5,16.2,0.0,969.1
2024-04-28T04:00,Maitri Station,-21.1,-26.8,51,11.3,16.6,0.0,969.3
2024-04-28T05:00,Maitri Station,-21.6,-27.4,51,11.9,17.6,0.0,969.3
2024-04-28T06:00,Maitri Station,-21.7,-27.6,51,12.3,18.4,0.0,969.4
2024-04-28T07:00,Maitri Station,-21.9,-28.0,52,14.2,20.2,0.0,969.5
2024-04-28T08:00,Maitri Station,-22.1,-28.3,55,14.9,21.2,0.0,969.4
2024-04-28T09:00,Maitri Station,-22.4,-28.5,56,14.5,21.2,3.0,969.5
2024-04-28T10:00,Maitri Station,-22.7,-28.4,58,11.6,20.5,20.0,969.5
2024-04-28T11:00,Maitri Station,-21.6,-27.3,54,11.0,16.9,35.0,969.8
2024-04-28T12:00,Maitri Station,-21.8,-28.1,56,15.6,22.0,38.0,970.0
2024-04-28T13:00,Maitri Station,-17.8,-24.9,40,20.5,32.4,27.0,970.1
2024-04-28T14:00,Maitri Station,-16.1,-23.7,36,24.9,39.2,8.0,970.7
2024-04-28T15:00,Maitri Station,-16.2,-23.9,37,25.2,40.0,0.0,971.1
2024-04-28T16:00,Maitri Station,-15.5,-23.7,34,28.9,46.4,0.0,971.7
2024-04-28T17:00,Maitri Station,-13.6,-23.5,30,40.5,62.6,0.0,972.2
2024-04-28T18:00,Maitri Station,-13.2,-24.3,31,48.7,75.6,0.0,972.6
2024-04-28T19:00,Maitri Station,-13.1,-24.8,32,52.3,82.1,0.0,973.3
2024-04-28T20:00,Maitri Station,-12.7,-24.6,31,54.3,87.5,0.0,974.1
2024-04-28T21:00,Maitri Station,-12.2,-24.1,30,54.1,88.9,0.0,974.9
2024-04-28T22:00,Maitri Station,-11.5,-23.5,29,54.5,90.4,0.0,975.4
2024-04-28T23:00,Maitri Station,-10.8,-22.8,28,55.0,90.7,0.0,976.3
2024-04-29T00:00,Maitri Station,-10.2,-23.0,28,60.4,97.9,0.0,977.0
2024-04-29T01:00,Maitri Station,-9.3,-22.2,29,61.7,99.7,0.0,977.6
2024-04-29T02:00,Maitri Station,-8.9,-21.9,28,62.2,101.2,0.0,979.5
2024-04-29T03:00,Maitri Station,-8.5,-20.2,26,53.1,99.7,0.0,981.3
2024-04-29T04:00,Maitri Station,-9.3,-17.7,26,30.3,86.0,0.0,983.1
2024-04-29T05:00,Maitri Station,-17.5,-23.4,39,13.3,52.2,0.0,984.8
2024-04-29T06:00,Maitri Station,-17.2,-23.6,39,16.3,23.8,0.0,986.6
2024-04-29T07:00,Maitri Station,-18.2,-24.3,44,14.5,23.4,0.0,987.5
2024-04-29T08:00,Maitri Station,-15.5,-21.7,37,15.4,21.2,0.0,988.0
2024-04-29T09:00,Maitri Station,-12.2,-18.2,23,12.9,21.2,0.0,989.1
2024-04-29T10:00,Maitri Station,-8.6,-13.5,10,5.8,19.4,8.0,990.5
2024-04-29T11:00,Maitri Station,-15.2,-20.8,29,10.7,16.6,27.0,990.9
2024-04-29T12:00,Maitri Station,-9.6,-14.8,19,8.1,16.2,32.0,991.7
2024-04-29T13:00,Maitri Station,-13.3,-18.8,23,9.7,18.7,13.0,991.7
2024-04-29T14:00,Maitri Station,-11.2,-16.3,15,6.5,19.4,2.0,991.6
2024-04-29T15:00,Maitri Station,-12.8,-17.8,18,6.1,18.0,0.0,991.1
2024-04-29T16:00,Maitri Station,-13.6,-18.4,25,4.9,14.0,0.0,990.4
2024-04-29T17:00,Maitri Station,-12.4,-17.1,38,5.4,15.8,0.0,989.8
2024-04-29T18:00,Maitri Station,-14.9,-20.5,53,12.1,24.5,0.0,989.1
2024-04-29T19:00,Maitri Station,-8.8,-15.7,48,21.6,38.5,0.0,988.8
2024-04-29T20:00,Maitri Station,-7.7,-14.5,51,22.1,39.2,0.0,988.2
2024-04-29T21:00,Maitri Station,-8.7,-15.1,56,19.0,38.2,0.0,987.3
2024-04-29T22:00,Maitri Station,-11.9,-17.9,61,15.7,33.1,0.0,985.7
2024-04-29T23:00,Maitri Station,-11.7,-18.0,61,17.3,30.2,0.0,984.8
2024-04-30T00:00,Maitri Station,-11.1,-17.5,60,18.9,32.8,0.0,983.3
2024-04-30T01:00,Maitri Station,-14.0,-19.2,65,9.8,23.8,0.0,981.6
2024-04-30T02:00,Maitri Station,-14.2,-19.5,66,10.1,19.4,0.0,981.4
2024-04-30T03:00,Maitri Station,-12.9,-19.3,59,18.0,27.0,0.0,981.7
2024-04-30T04:00,Maitri Station,-14.3,-19.5,60,9.3,27.0,0.0,981.1
2024-04-30T05:00,Maitri Station,-12.6,-17.7,57,9.4,15.8,0.0,980.9
2024-04-30T06:00,Maitri Station,-13.3,-19.1,63,13.9,22.7,0.0,981.4
2024-04-30T07:00,Maitri Station,-10.7,-17.1,57,18.8,30.6,0.0,981.8
2024-04-30T08:00,Maitri Station,-12.2,-17.6,62,11.7,30.2,0.0,982.2
2024-04-30T09:00,Maitri Station,-9.6,-13.8,51,3.1,20.9,0.0,982.9
2024-04-30T10:00,Maitri Station,-13.0,-18.7,58,13.6,22.7,0.0,982.8
2024-04-30T11:00,Maitri Station,-10.6,-17.4,52,20.4,35.6,0.0,983.5
2024-04-30T12:00,Maitri Station,-11.0,-17.3,54,17.4,35.3,0.0,984.1
2024-04-30T13:00,Maitri Station,-11.8,-17.1,60,10.8,24.8,0.0,983.1
2024-04-30T14:00,Maitri Station,-10.6,-17.5,55,21.4,34.9,0.0,984.4
2024-04-30T15:00,Maitri Station,-11.2,-18.4,55,23.8,39.6,0.0,985.1
2024-04-30T16:00,Maitri Station,-12.0,-19.1,52,22.5,39.6,0.0,985.5
2024-04-30T17:00,Maitri Station,-13.6,-20.0,48,17.1,36.0,0.0,986.1
2024-04-30T18:00,Maitri Station,-15.1,-20.9,46,12.8,26.6,0.0,986.8
2024-04-30T19:00,Maitri Station,-9.6,-14.6,25,6.9,19.1,0.0,988.1
2024-04-30T20:00,Maitri Station,-9.8,-14.2,25,2.4,10.4,0.0,989.0
2024-04-30T21:00,Maitri Station,-12.6,-17.7,32,8.0,11.5,0.0,989.6
2024-04-30T22:00,Maitri Station,-14.1,-19.4,36,8.7,14.0,0.0,989.9
2024-04-30T23:00,Maitri Station,-14.9,-20.1,38,8.6,14.4,0.0,990.3
2024-05-01T00:00,Maitri Station,-13.4,-18.5,32,7.4,14.0,0.0,990.7
2024-05-01T01:00,Maitri Station,-16.0,-21.5,44,10.3,18.4,0.0,990.9
2024-05-01T02:00,Maitri Station,-12.0,-16.4,32,3.4,16.9,0.0,991.0
2024-05-01T03:00,Maitri Station,-12.9,-17.0,34,1.1,6.8,0.0,990.9
2024-05-01T04:00,Maitri Station,-12.8,-17.3,34,3.3,5.4,0.0,991.0
2024-05-01T05:00,Maitri Station,-12.4,-16.6,33,1.5,5.8,0.0,991.1
2024-05-01T06:00,Maitri Station,-13.0,-17.6,35,4.4,6.8,0.0,991.1
2024-05-01T07:00,Maitri Station,-13.9,-18.3,38,3.1,6.8,0.0,991.4
2024-05-01T08:00,Maitri Station,-13.3,-18.1,38,5.9,9.0,0.0,991.4
2024-05-01T09:00,Maitri Station,-12.2,-16.7,36,4.0,9.4,0.0,991.7
2024-05-01T10:00,Maitri Station,-11.6,-16.4,35,5.5,8.6,0.0,991.7
2024-05-01T11:00,Maitri Station,-12.0,-16.2,37,1.6,8.6,0.0,991.7
2024-05-01T12:00,Maitri Station,-13.0,-17.6,39,4.7,6.5,1.0,992.1
2024-05-01T13:00,Maitri Station,-12.9,-17.6,36,5.4,9.7,4.0,992.5
2024-05-01T14:00,Maitri Station,-13.4,-17.9,38,3.3,6.5,1.0,992.4
2024-05-01T15:00,Maitri Station,-14.0,-18.7,40,5.4,7.6,0.0,992.1
2024-05-01T16:00,Maitri Station,-12.4,-17.0,37,4.3,8.6,0.0,991.8
2024-05-01T17:00,Maitri Station,-11.4,-15.6,34,1.5,6.8,0.0,991.3
2024-05-01T18:00,Maitri Station,-10.5,-15.0,33,4.1,5.4,0.0,991.2
2024-05-01T19:00,Maitri Station,-10.0,-14.4,32,3.2,6.1,0.0,991.3
2024-05-01T20:00,Maitri Station,-10.2,-14.3,33,0.8,5.0,0.0,991.6
2024-05-01T21:00,Maitri Station,-10.6,-14.7,33,1.5,3.2,0.0,992.1
2024-05-01T22:00,Maitri Station,-9.8,-14.5,31,5.6,7.9,0.0,992.0
2024-05-01T23:00,Maitri Station,-10.9,-15.9,37,7.6,11.9,0.0,991.6
2024-05-02T00:00,Maitri Station,-11.0,-16.1,38,8.3,14.4,0.0,991.0
2024-05-02T01:00,Maitri Station,-12.6,-17.7,46,8.4,15.5,0.0,990.4
2024-05-02T02:00,Maitri Station,-10.0,-14.6,38,5.1,11.9,0.0,990.6
2024-05-02T03:00,Maitri Station,-10.6,-15.2,40,4.9,7.2,0.0,991.0
2024-05-02T04:00,Maitri Station,-10.5,-15.2,37,5.7,8.6,0.0,991.1
2024-05-02T05:00,Maitri Station,-9.7,-14.7,32,7.6,11.2,0.0,990.6
2024-05-02T06:00,Maitri Station,-8.9,-13.7,28,5.4,11.2,0.0,990.5
2024-05-02T07:00,Maitri Station,-8.8,-13.3,26,3.7,8.6,0.0,990.9
2024-05-02T08:00,Maitri Station,-8.5,-12.9,25,3.0,7.2,0.0,991.0
2024-05-02T09:00,Maitri Station,-8.0,-12.7,23,5.1,8.6,0.0,991.5
2024-05-02T10:00,Maitri Station,-10.0,-15.4,23,9.4,14.8,9.0,991.2
2024-05-02T11:00,Maitri Station,-12.7,-18.3,29,10.8,18.4,21.0,990.8
2024-05-02T12:00,Maitri Station,-9.5,-14.8,22,9.0,18.4,18.0,991.1
2024-05-02T13:00,Maitri Station,-9.5,-14.7,22,8.4,15.8,12.0,991.3
2024-05-02T14:00,Maitri Station,-11.7,-17.2,26,9.8,17.3,2.0,991.2
2024-05-02T15:00,Maitri Station,-11.8,-17.3,27,10.0,19.1,0.0,991.1
2024-05-02T16:00,Maitri Station,-14.7,-21.2,37,17.3,28.8,0.0,990.7
2024-05-02T17:00,Maitri Station,-11.9,-19.4,37,24.2,40.7,0.0,991.0
2024-05-02T18:00,Maitri Station,-11.6,-19.6,42,28.2,47.5,0.0,991.1
2024-05-02T19:00,Maitri Station,-11.7,-19.7,44,28.5,49.0,0.0,991.5
2024-05-02T20:00,Maitri Station,-11.5,-19.3,44,26.9,47.9,0.0,991.5
2024-05-02T21:00,Maitri Station,-11.2,-18.8,43,25.3,44.3,0.0,991.4
2024-05-02T22:00,Maitri Station,-11.1,-18.4,41,23.1,42.1,0.0,991.6
2024-05-02T23:00,Maitri Station,-10.2,-17.4,37,22.6,38.5,0.0,991.6
2024-05-03T00:00,Maitri Station,-9.1,-17.1,37,28.9,47.2,0.0,991.6
2024-05-03T01:00,Maitri Station,-9.2,-17.9,44,33.3,53.6,0.0,991.5
2024-05-03T02:00,Maitri Station,-9.3,-17.3,44,29.3,53.3,0.0,991.5
2024-05-03T03:00,Maitri Station,-9.3,-16.7,42,24.5,46.8,0.0,990.9
2024-05-03T04:00,Maitri Station,-9.0,-16.3,41,24.0,40.0,0.0,990.5
2024-05-03T05:00,Maitri Station,-8.2,-16.2,39,28.7,47.9,0.0,990.5
2024-05-03T06:00,Maitri Station,-8.0,-16.4,41,31.6,53.3,0.0,990.8
2024-05-03T07:00,Maitri Station,-8.0,-17.0,45,36.3,61.2,0.0,991.8
2024-05-03T08:00,Maitri Station,-8.7,-17.6,47,35.9,61.6,0.0,992.3
2024-05-03T09:00,Maitri Station,-8.7,-17.3,45,33.0,59.4,0.0,992.2
2024-05-03T10:00,Maitri Station,-7.9,-17.2,41,38.3,63.4,0.0,991.5
2024-05-03T11:00,Maitri Station,-6.9,-16.6,39,40.8,68.0,0.0,991.3
2024-05-03T12:00,Maitri Station,-7.0,-16.2,42,37.7,68.8,0.0,991.5
2024-05-03T13:00,Maitri Station,-6.3,-15.3,41,36.1,60.5,0.0,991.2
2024-05-03T14:00,Maitri Station,-6.0,-14.9,43,36.0,62.6,0.0,991.4
2024-05-03T15:00,Maitri Station,-6.1,-14.6,46,32.9,61.6,0.0,991.8
2024-05-03T16:00,Maitri Station,-6.4,-14.6,49,31.7,56.5,0.0,992.0
2024-05-03T17:00,Maitri Station,-6.5,-14.7,50,31.4,55.1,0.0,992.0
2024-05-03T18:00,Maitri Station,-6.7,-14.8,51,30.8,54.4,0.0,992.1
2024-05-03T19:00,Maitri Station,-6.4,-14.9,49,33.6,57.6,0.0,992.2
2024-05-03T20:00,Maitri Station,-6.4,-14.8,48,32.9,58.7,0.0,992.1
2024-05-03T21:00,Maitri Station,-5.9,-14.4,46,33.6,57.6,0.0,992.3
2024-05-03T22:00,Maitri Station,-5.7,-14.1,46,33.4,58.0,0.0,992.5
2024-05-03T23:00,Maitri Station,-5.6,-13.9,46,32.3,57.6,0.0,992.5
2024-05-04T00:00,Maitri Station,-5.4,-13.6,46,31.8,55.8,0.0,992.0
2024-05-04T01:00,Maitri Station,-4.3,-12.8,42,33.5,60.8,0.0,991.0
2024-05-04T02:00,Maitri Station,-4.2,-12.5,42,31.9,57.6,0.0,990.7
2024-05-04T03:00,Maitri Station,-4.1,-12.5,41,32.5,55.4,0.0,990.2
2024-05-04T04:00,Maitri Station,-3.8,-12.5,40,34.9,59.0,0.0,989.9
2024-05-04T05:00,Maitri Station,-3.9,-12.4,41,33.8,59.4,0.0,989.7
2024-05-04T06:00,Maitri Station,-4.1,-12.1,41,30.3,57.6,0.0,989.3
2024-05-04T07:00,Maitri Station,-4.1,-12.2,41,30.4,51.8,0.0,989.5
2024-05-04T08:00,Maitri Station,-4.5,-12.5,44,30.2,52.9,0.0,989.8
2024-05-04T09:00,Maitri Station,-4.7,-12.5,44,28.7,51.1,0.0,989.5
2024-05-04T10:00,Maitri Station,-4.5,-12.4,43,29.6,50.4,0.0,989.0
2024-05-04T11:00,Maitri Station,-4.2,-12.3,43,30.6,52.6,0.0,988.6
2024-05-04T12:00,Maitri Station,-4.4,-12.4,44,30.1,52.9,0.0,988.2
2024-05-04T13:00,Maitri Station,-5.0,-12.3,45,25.0,47.5,0.0,987.6
2024-05-04T14:00,Maitri Station,-5.6,-12.4,45,22.2,42.5,0.0,986.8
2024-05-04T15:00,Maitri Station,-5.9,-12.6,43,21.4,38.2,0.0,986.4
2024-05-04T16:00,Maitri Station,-5.2,-13.0,42,28.2,47.2,0.0,986.6
2024-05-04T17:00,Maitri Station,-5.5,-13.4,45,29.1,49.7,0.0,986.5
2024-05-04T18:00,Maitri Station,-5.8,-13.6,45,28.5,49.3,0.0,986.4
2024-05-04T19:00,Maitri Station,-6.2,-14.0,46,28.8,49.3,0.0,986.1
2024-05-04T20:00,Maitri Station,-6.4,-13.8,48,25.8,49.0,0.0,985.6
2024-05-04T21:00,Maitri Station,-6.8,-14.2,45,25.8,43.9,0.0,985.0
2024-05-04T22:00,Maitri Station,-6.8,-14.5,43,27.4,46.8,0.0,984.5
2024-05-04T23:00,Maitri Station,-6.9,-14.6,41,27.2,46.4,0.0,983.8
2024-05-05T00:00,Maitri Station,-6.9,-14.4,39,25.6,46.1,0.0,982.9
2024-05-05T01:00,Maitri Station,-6.6,-14.2,40,26.3,46.8,0.0,982.7
2024-05-05T02:00,Maitri Station,-6.4,-13.7,40,24.7,44.6,0.0,981.7
2024-05-05T03:00,Maitri Station,-6.4,-13.3,41,22.4,42.1,0.0,980.9
2024-05-05T04:00,Maitri Station,-6.5,-13.4,41,22.1,38.5,0.0,980.2
2024-05-05T05:00,Maitri Station,-7.3,-14.0,43,20.3,38.2,0.0,979.6
2024-05-05T06:00,Maitri Station,-8.7,-14.7,44,15.3,34.9,0.0,978.9
2024-05-05T07:00,Maitri Station,-10.7,-16.4,43,12.5,26.6,0.0,978.3
2024-05-05T08:00,Maitri Station,-7.6,-15.3,38,26.7,43.9,0.0,978.1
2024-05-05T09:00,Maitri Station,-7.7,-15.4,41,27.1,46.1,0.0,977.8
2024-05-05T10:00,Maitri Station,-7.6,-15.5,41,28.9,50.4,0.0,977.4
2024-05-05T11:00,Maitri Station,-9.4,-16.1,44,19.6,48.2,2.0,976.7
2024-05-05T12:00,Maitri Station,-10.8,-17.0,43,16.0,33.1,7.0,975.9
2024-05-05T13:00,Maitri Station,-8.6,-17.3,41,34.0,56.9,1.0,975.1
2024-05-05T14:00,Maitri Station,-9.7,-17.3,45,26.5,56.5,0.0,974.6
2024-05-05T15:00,Maitri Station,-10.9,-17.5,45,18.9,44.6,0.0,973.5
2024-05-05T16:00,Maitri Station,-10.5,-16.9,41,17.6,31.7,0.0,972.9
2024-05-05T17:00,Maitri Station,-8.8,-17.5,38,33.4,56.5,0.0,973.5
2024-05-05T18:00,Maitri Station,-10.4,-17.8,40,24.7,54.7,0.0,973.0
2024-05-05T19:00,Maitri Station,-9.8,-18.6,37,33.7,54.0,0.0,972.8
2024-05-05T20:00,Maitri Station,-10.2,-18.9,39,33.3,58.0,0.0,973.0
2024-05-05T21:00,Maitri Station,-10.6,-18.9,39,30.1,56.2,0.0,972.5
2024-05-05T22:00,Maitri Station,-10.8,-18.6,37,27.2,50.8,0.0,971.6
2024-05-05T23:00,Maitri Station,-10.3,-18.6,35,29.7,51.1,0.0,971.4
2024-05-06T00:00,Maitri Station,-11.0,-19.3,37,29.8,51.1,0.0,971.3
2024-05-06T01:00,Maitri Station,-11.1,-19.3,38,29.7,50.8,0.0,970.3
2024-05-06T02:00,Maitri Station,-11.5,-19.7,38,29.1,50.8,0.0,969.9
2024-05-06T03:00,Maitri Station,-11.5,-20.0,37,31.5,52.9,0.0,969.8
2024-05-06T04:00,Maitri Station,-11.7,-20.4,38,32.4,55.4,0.0,969.9
2024-05-06T05:00,Maitri Station,-12.2,-20.9,40,32.5,55.8,0.0,969.9
2024-05-06T06:00,Maitri Station,-12.5,-21.4,41,34.1,58.7,0.0,970.3
2024-05-06T07:00,Maitri Station,-12.7,-21.6,42,34.1,58.7,0.0,970.7
2024-05-06T08:00,Maitri Station,-12.9,-21.9,42,35.2,60.5,0.0,971.0
2024-05-06T09:00,Maitri Station,-13.2,-22.2,42,35.3,60.8,0.0,971.3
2024-05-06T10:00,Maitri Station,-13.2,-22.2,42,34.4,60.8,2.0,971.2
2024-05-06T11:00,Maitri Station,-13.0,-21.9,42,34.5,60.1,1.0,971.2
2024-05-06T12:00,Maitri Station,-13.4,-21.9,43,31.5,59.0,3.0,971.2
2024-05-06T13:00,Maitri Station,-13.4,-21.1,44,26.2,52.6,1.0,969.8
2024-05-06T14:00,Maitri Station,-13.8,-21.4,45,24.9,45.4,0.0,969.7
2024-05-06T15:00,Maitri Station,-13.7,-21.7,44,28.2,49.3,0.0,969.8
2024-05-06T16:00,Maitri Station,-14.0,-22.4,43,30.6,52.6,0.0,970.0
2024-05-06T17:00,Maitri Station,-14.6,-22.4,45,26.6,52.6,0.0,970.2
2024-05-06T18:00,Maitri Station,-15.2,-22.6,44,23.6,46.1,0.0,969.8
2024-05-06T19:00,Maitri Station,-14.9,-22.7,44,26.6,46.4,0.0,970.3
2024-05-06T20:00,Maitri Station,-15.4,-23.0,48,25.2,47.2,0.0,970.3
2024-05-06T21:00,Maitri Station,-16.3,-23.4,49,21.4,43.9,0.0,970.5
2024-05-06T22:00,Maitri Station,-15.9,-23.6,46,25.9,44.3,0.0,970.8
2024-05-06T23:00,Maitri Station,-16.2,-24.2,46,27.8,47.9,0.0,970.9
2024-05-07T00:00,Maitri Station,-16.3,-24.4,44,28.6,49.7,0.0,971.0
2024-05-07T01:00,Maitri Station,-15.9,-23.9,44,28.0,47.9,0.0,970.2
2024-05-07T02:00,Maitri Station,-15.9,-24.0,43,28.2,50.4,0.0,970.1
2024-05-07T03:00,Maitri Station,-16.8,-23.8,45,20.5,48.6,0.0,969.7
2024-05-07T04:00,Maitri Station,-16.0,-24.0,37,27.8,46.1,0.0,969.6
2024-05-07T05:00,Maitri Station,-16.4,-24.4,41,27.5,49.3,0.0,970.1
2024-05-07T06:00,Maitri Station,-17.0,-24.8,44,26.5,48.2,0.0,970.3
2024-05-07T07:00,Maitri Station,-17.2,-24.9,44,25.3,46.4,0.0,970.7
2024-05-07T08:00,Maitri Station,-17.1,-24.9,43,25.6,45.4,0.0,970.8
2024-05-07T09:00,Maitri Station,-16.8,-24.9,41,28.1,48.6,0.0,971.2
2024-05-07T10:00,Maitri Station,-16.8,-25.1,41,29.4,51.5,2.0,971.3
2024-05-07T11:00,Maitri Station,-16.8,-25.1,41,29.7,51.8,6.0,971.1
2024-05-07T12:00,Maitri Station,-16.6,-25.1,41,31.2,54.0,5.0,971.3
2024-05-07T13:00,Maitri Station,-15.9,-24.7,39,33.0,56.9,1.0,970.3
2024-05-07T14:00,Maitri Station,-15.4,-24.6,39,35.6,60.8,0.0,970.4
2024-05-07T15:00,Maitri Station,-15.0,-24.5,38,38.0,64.4,0.0,970.2
2024-05-07T16:00,Maitri Station,-14.5,-24.4,37,40.1,67.7,0.0,970.1
2024-05-07T17:00,Maitri Station,-14.3,-24.4,37,41.9,70.2,0.0,970.4
2024-05-07T18:00,Maitri Station,-14.0,-24.4,38,44.2,73.4,0.0,970.3
2024-05-07T19:00,Maitri Station,-13.9,-24.4,38,44.8,74.9,0.0,970.4
2024-05-07T20:00,Maitri Station,-13.8,-24.2,38,44.4,74.9,0.0,970.2
2024-05-07T21:00,Maitri Station,-13.8,-24.3,38,44.5,74.5,0.0,970.1
2024-05-07T22:00,Maitri Station,-13.9,-24.3,38,43.8,74.2,0.0,970.2
2024-05-07T23:00,Maitri Station,-13.9,-24.2,38,43.9,73.4,0.0,970.1
2024-05-08T00:00,Maitri Station,-13.9,-24.3,37,44.6,74.5,0.0,970.0
2024-05-08T01:00,Maitri Station,-13.2,-23.5,38,43.3,72.4,0.0,969.2
2024-05-08T02:00,Maitri Station,-13.2,-23.4,39,43.3,72.4,0.0,969.4
2024-05-08T03:00,Maitri Station,-13.1,-23.4,39,43.9,73.1,0.0,969.7
2024-05-08T04:00,Maitri Station,-13.0,-23.5,40,45.3,76.0,0.0,969.7
2024-05-08T05:00,Maitri Station,-12.8,-23.3,41,45.5,76.3,0.0,969.6
2024-05-08T06:00,Maitri Station,-12.6,-23.4,41,46.8,78.1,0.0,969.5
2024-05-08T07:00,Maitri Station,-12.5,-23.2,42,46.5,78.1,0.0,969.7
2024-05-08T08:00,Maitri Station,-12.0,-22.6,43,46.0,77.4,0.0,969.5
2024-05-08T09:00,Maitri Station,-11.7,-22.2,44,45.7,76.7,0.0,969.6
2024-05-08T10:00,Maitri Station,-11.5,-21.8,44,44.4,76.0,0.0,969.6
2024-05-08T11:00,Maitri Station,-11.2,-21.4,44,43.6,74.5,2.0,969.5
2024-05-08T12:00,Maitri Station,-11.0,-21.1,44,43.1,72.7,4.0,969.5
2024-05-08T13:00,Maitri Station,-10.6,-20.7,45,43.3,73.1,0.0,968.8
2024-05-08T14:00,Maitri Station,-10.3,-20.3,46,43.0,72.7,0.0,969.0
2024-05-08T15:00,Maitri Station,-10.1,-20.1,47,42.7,72.4,0.0,969.5
2024-05-08T16:00,Maitri Station,-10.0,-19.9,47,42.5,71.6,0.0,969.6
2024-05-08T17:00,Maitri Station,-10.0,-20.0,47,43.0,72.4,0.0,969.7
2024-05-08T18:00,Maitri Station,-10.1,-20.1,47,42.7,72.4,0.0,970.0
2024-05-08T19:00,Maitri Station,-10.2,-20.1,46,41.6,71.6,0.0,970.4
2024-05-08T20:00,Maitri Station,-10.0,-19.8,46,41.4,70.2,0.0,970.5
2024-05-08T21:00,Maitri Station,-9.6,-19.4,46,41.1,69.5,0.0,970.3
2024-05-08T22:00,Maitri Station,-9.4,-19.2,47,41.5,69.8,0.0,970.3
2024-05-08T23:00,Maitri Station,-9.3,-19.1,48,41.3,69.5,0.0,970.0
2024-05-09T00:00,Maitri Station,-9.5,-19.2,48,40.8,69.1,0.0,969.6
2024-05-09T01:00,Maitri Station,-8.8,-18.6,52,41.9,71.6,0.0,969.4
2024-05-09T02:00,Maitri Station,-8.8,-18.4,53,40.7,70.9,0.0,970.0
2024-05-09T03:00,Maitri Station,-8.8,-18.2,54,39.9,68.4,0.0,970.0
2024-05-09T04:00,Maitri Station,-8.9,-18.1,56,38.6,67.0,0.0,970.2
2024-05-09T05:00,Maitri Station,-8.9,-18.1,57,37.8,64.8,0.0,970.2
2024-05-09T06:00,Maitri Station,-9.0,-18.2,56,38.0,64.1,0.0,969.8
2024-05-09T07:00,Maitri Station,-8.9,-18.1,56,38.0,64.1,0.0,969.9
2024-05-09T08:00,Maitri Station,-8.9,-18.0,55,37.2,63.7,0.0,970.2
2024-05-09T09:00,Maitri Station,-9.0,-17.9,55,36.4,63.0,0.0,970.0
2024-05-09T10:00,Maitri Station,-9.0,-17.9,56,35.6,61.2,0.0,969.4
2024-05-09T11:00,Maitri Station,-9.2,-17.9,56,34.3,59.8,0.0,968.8
2024-05-09T12:00,Maitri Station,-9.3,-17.8,56,33.2,58.0,0.0,968.7
2024-05-09T13:00,Maitri Station,-9.3,-17.6,58,32.3,56.9,0.0,968.8
2024-05-09T14:00,Maitri Station,-9.2,-17.3,59,30.3,54.4,0.0,968.5
2024-05-09T15:00,Maitri Station,-9.4,-17.3,59,29.1,51.5,0.0,968.3
2024-05-09T16:00,Maitri Station,-9.6,-17.3,59,28.2,49.3,0.0,968.1
2024-05-09T17:00,Maitri Station,-9.9,-17.3,57,25.9,47.9,0.0,967.9
2024-05-09T18:00,Maitri Station,-10.0,-17.2,56,24.5,44.3,0.0,967.6
2024-05-09T19:00,Maitri Station,-10.1,-17.2,55,23.0,41.8,0.0,967.7
2024-05-09T20:00,Maitri Station,-10.3,-17.3,54,22.4,39.6,0.0,967.8
2024-05-09T21:00,Maitri Station,-10.5,-17.5,53,22.2,38.2,0.0,967.5
2024-05-09T22:00,Maitri Station,-10.9,-17.9,52,21.7,37.8,0.0,967.2
2024-05-09T23:00,Maitri Station,-11.1,-18.1,52,22.2,38.2,0.0,967.0
2024-05-10T00:00,Maitri Station,-11.5,-18.4,53,21.7,38.2,0.0,966.6
2024-05-10T01:00,Maitri Station,-11.3,-17.8,59,18.8,38.9,0.0,966.9
2024-05-10T02:00,Maitri Station,-11.5,-17.6,59,15.9,32.8,0.0,966.9
2024-05-10T03:00,Maitri Station,-11.6,-18.2,58,19.2,33.1,0.0,967.0
2024-05-10T04:00,Maitri Station,-12.3,-18.1,58,14.0,33.5,0.0,967.1
2024-05-10T05:00,Maitri Station,-13.0,-18.1,62,9.2,24.1,0.0,967.0
2024-05-10T06:00,Maitri Station,-12.9,-18.9,55,15.0,23.8,0.0,967.3
2024-05-10T07:00,Maitri Station,-13.2,-19.7,55,18.5,34.9,0.0,968.3
2024-05-10T08:00,Maitri Station,-13.5,-20.4,52,20.6,34.9,0.0,968.9
2024-05-10T09:00,Maitri Station,-14.1,-21.5,49,24.1,40.3,0.0,969.3
2024-05-10T10:00,Maitri Station,-14.3,-21.0,49,19.3,40.3,0.0,969.8
2024-05-10T11:00,Maitri Station,-14.9,-20.4,53,11.0,32.0,0.0,969.6
2024-05-10T12:00,Maitri Station,-14.9,-20.6,50,12.4,20.5,0.0,970.4
2024-05-10T13:00,Maitri Station,-15.5,-21.5,50,14.2,23.0,0.0,969.9
2024-05-10T14:00,Maitri Station,-15.8,-22.7,47,20.2,33.8,0.0,971.1
2024-05-10T15:00,Maitri Station,-16.1,-23.1,45,20.5,35.3,0.0,971.6
2024-05-10T16:00,Maitri Station,-16.7,-23.8,43,21.0,35.3,0.0,972.1
2024-05-10T17:00,Maitri Station,-17.1,-23.9,42,19.1,34.9,0.0,972.4
2024-05-10T18:00,Maitri Station,-17.6,-24.0,41,16.1,31.0,0.0,973.0
2024-05-10T19:00,Maitri Station,-17.9,-24.2,39,15.1,25.6,0.0,973.6
2024-05-10T20:00,Maitri Station,-18.4,-24.7,39,15.5,25.9,0.0,974.8
2024-05-10T21:00,Maitri Station,-18.5,-24.9,39,15.8,27.7,0.0,975.4
2024-05-10T22:00,Maitri Station,-19.3,-24.8,36,9.4,26.6,0.0,975.2
2024-05-10T23:00,Maitri Station,-15.4,-20.5,18,6.5,16.6,0.0,975.4
2024-05-11T00:00,Maitri Station,-16.0,-20.6,18,3.1,10.4,0.0,976.1
2024-05-11T01:00,Maitri Station,-19.1,-24.2,36,7.2,8.6,0.0,976.2
2024-05-11T02:00,Maitri Station,-20.2,-25.5,42,8.9,11.5,0.0,976.8
2024-05-11T03:00,Maitri Station,-16.6,-21.5,25,5.4,11.9,0.0,977.1
2024-05-11T04:00,Maitri Station,-16.3,-20.7,23,1.9,9.4,0.0,977.9
2024-05-11T05:00,Maitri Station,-16.4,-20.9,22,2.3,6.5,0.0,978.4
2024-05-11T06:00,Maitri Station,-16.4,-21.1,21,4.0,6.8,0.0,978.7
2024-05-11T07:00,Maitri Station,-17.1,-22.1,23,6.1,9.0,0.0,979.4
2024-05-11T08:00,Maitri Station,-17.1,-22.0,22,5.2,8.6,0.0,980.4
2024-05-11T09:00,Maitri Station,-17.6,-22.4,23,4.7,8.3,0.0,981.2
2024-05-11T10:00,Maitri Station,-17.2,-22.0,22,5.0,10.1,0.0,981.4
2024-05-11T11:00,Maitri Station,-19.3,-24.6,26,7.9,13.0,3.0,981.4
2024-05-11T12:00,Maitri Station,-21.0,-26.6,31,9.7,15.8,4.0,982.1
2024-05-11T13:00,Maitri Station,-22.4,-28.0,37,10.0,15.5,1.0,980.9
2024-05-11T14:00,Maitri Station,-17.7,-22.7,22,5.9,14.0,0.0,982.1
2024-05-11T15:00,Maitri Station,-17.4,-22.0,21,3.3,9.0,0.0,982.9
2024-05-11T16:00,Maitri Station,-17.4,-22.2,20,5.0,9.4,0.0,983.4
2024-05-11T17:00,Maitri Station,-16.9,-21.8,19,4.7,9.4,0.0,984.0
2024-05-11T18:00,Maitri Station,-17.7,-22.7,25,6.5,11.9,0.0,984.1
2024-05-11T19:00,Maitri Station,-19.8,-25.1,38,8.4,15.1,0.0,984.2
2024-05-11T20:00,Maitri Station,-19.4,-25.6,42,14.8,24.1,0.0,984.9
2024-05-11T21:00,Maitri Station,-18.6,-25.5,43,19.5,32.8,0.0,985.2
2024-05-11T22:00,Maitri Station,-18.4,-25.3,45,19.9,33.1,0.0,985.0
2024-05-11T23:00,Maitri Station,-17.8,-25.4,46,24.9,40.0,0.0,984.4
2024-05-12T00:00,Maitri Station,-17.5,-24.8,48,22.9,43.6,0.0,984.4
2024-05-12T01:00,Maitri Station,-18.6,-24.6,53,13.7,32.4,0.0,984.5
2024-05-12T02:00,Maitri Station,-18.6,-24.5,57,13.7,23.8,0.0,984.1
2024-05-12T03:00,Maitri Station,-17.7,-25.1,58,24.1,39.2,0.0,983.9
2024-05-12T04:00,Maitri Station,-17.6,-25.6,56,28.0,46.1,0.0,983.5
2024-05-12T05:00,Maitri Station,-16.7,-25.4,55,32.6,53.3,0.0,982.5
2024-05-12T06:00,Maitri Station,-16.3,-25.6,55,36.9,60.8,0.0,981.5
2024-05-12T07:00,Maitri Station,-16.1,-25.8,55,39.8,65.9,0.0,980.7
2024-05-12T08:00,Maitri Station,-15.9,-25.8,57,41.3,68.8,0.0,980.4
2024-05-12T09:00,Maitri Station,-15.5,-25.1,59,39.6,69.1,0.0,980.4
2024-05-12T10:00,Maitri Station,-15.0,-24.5,60,38.3,66.6,0.0,980.1
2024-05-12T11:00,Maitri Station,-15.0,-24.3,63,37.9,64.4,0.0,979.7
2024-05-12T12:00,Maitri Station,-14.9,-24.5,63,39.2,65.5,0.0,979.7
2024-05-12T13:00,Maitri Station,-15.6,-25.1,65,38.4,63.7,0.0,979.7
2024-05-12T14:00,Maitri Station,-15.7,-25.6,64,41.5,68.8,0.0,980.3
2024-05-12T15:00,Maitri Station,-15.4,-24.9,62,39.0,69.1,0.0,980.9
2024-05-12T16:00,Maitri Station,-14.8,-24.1,59,37.0,64.8,0.0,981.0
2024-05-12T17:00,Maitri Station,-14.5,-23.0,56,32.1,62.3,0.0,981.3
2024-05-12T18:00,Maitri Station,-15.4,-23.1,55,26.4,54.7,0.0,981.9
2024-05-12T19:00,Maitri Station,-16.5,-23.5,55,21.1,45.4,0.0,982.7
2024-05-12T20:00,Maitri Station,-17.6,-24.0,53,16.7,36.7,0.0,983.4
2024-05-12T21:00,Maitri Station,-18.9,-24.4,51,10.1,29.5,0.0,984.1
2024-05-12T22:00,Maitri Station,-14.2,-19.0,34,5.4,19.1,0.0,985.1
2024-05-12T23:00,Maitri Station,-14.9,-19.4,36,3.4,12.2,0.0,985.7
2024-05-13T00:00,Maitri Station,-15.7,-20.7,37,7.0,9.7,0.0,986.2
2024-05-13T01:00,Maitri Station,-16.7,-21.7,43,7.3,12.6,0.0,986.6
2024-05-13T02:00,Maitri Station,-15.2,-19.4,39,1.6,11.2,0.0,987.2
2024-05-13T03:00,Maitri Station,-15.6,-20.0,42,3.3,5.4,0.0,987.6
2024-05-13T04:00,Maitri Station,-14.9,-19.3,39,2.6,5.4,0.0,987.7
2024-05-13T05:00,Maitri Station,-14.6,-19.3,36,4.7,7.2,0.0,987.8
2024-05-13T06:00,Maitri Station,-13.9,-18.7,30,5.5,7.9,0.0,987.5
2024-05-13T07:00,Maitri Station,-13.5,-18.5,27,6.1,8.6,0.0,988.1
2024-05-13T08:00,Maitri Station,-12.7,-17.3,24,3.4,8.6,0.0,988.4
2024-05-13T09:00,Maitri Station,-12.7,-17.1,24,2.1,5.8,0.0,988.1
2024-05-13T10:00,Maitri Station,-13.7,-18.6,25,5.6,7.6,0.0,987.9
2024-05-13T11:00,Maitri Station,-20.6,-26.3,40,11.0,15.1,1.0,986.8
2024-05-13T12:00,Maitri Station,-20.3,-26.1,41,11.9,18.0,2.0,986.8
2024-05-13T13:00,Maitri Station,-20.3,-26.1,42,11.9,17.6,0.0,986.3
2024-05-13T14:00,Maitri Station,-20.6,-26.5,44,12.5,18.4,0.0,985.8
2024-05-13T15:00,Maitri Station,-20.5,-26.5,43,13.4,20.2,0.0,985.1
2024-05-13T16:00,Maitri Station,-19.7,-25.8,40,13.8,21.2,0.0,984.4
2024-05-13T17:00,Maitri Station,-18.4,-24.4,36,13.3,22.0,0.0,983.9
2024-05-13T18:00,Maitri Station,-18.8,-24.9,37,14.4,23.0,0.0,983.6
2024-05-13T19:00,Maitri Station,-18.5,-24.6,37,14.1,23.0,0.0,984.0
2024-05-13T20:00,Maitri Station,-19.2,-25.3,41,14.1,21.2,0.0,984.1
2024-05-13T21:00,Maitri Station,-19.7,-25.9,44,14.8,22.0,0.0,983.8
2024-05-13T22:00,Maitri Station,-18.9,-24.9,42,13.1,22.7,0.0,983.9
2024-05-13T23:00,Maitri Station,-18.2,-24.1,40,12.3,19.8,0.0,983.4
2024-05-14T00:00,Maitri Station,-15.4,-21.1,33,11.0,18.7,0.0,983.2
2024-05-14T01:00,Maitri Station,-19.9,-26.7,51,18.9,25.9,0.0,981.4
2024-05-14T02:00,Maitri Station,-19.3,-26.1,49,18.9,27.4,0.0,981.6
2024-05-14T03:00,Maitri Station,-19.3,-25.9,48,17.8,26.6,0.0,981.4
2024-05-14T04:00,Maitri Station,-19.5,-26.0,48,16.9,24.8,0.0,981.4
2024-05-14T05:00,Maitri Station,-19.5,-26.0,48,16.7,23.8,0.0,981.4
2024-05-14T06:00,Maitri Station,-19.3,-25.3,45,13.3,23.4,0.0,981.7
2024-05-14T07:00,Maitri Station,-14.7,-20.2,29,10.1,18.4,0.0,982.9
2024-05-14T08:00,Maitri Station,-10.4,-15.3,17,5.7,14.4,0.0,983.7
2024-05-14T09:00,Maitri Station,-11.3,-15.9,17,3.6,8.6,0.0,984.4
2024-05-14T10:00,Maitri Station,-11.8,-16.1,19,1.8,5.4,0.0,984.3
2024-05-14T11:00,Maitri Station,-12.6,-17.0,21,2.0,3.2,0.0,984.1
2024-05-14T12:00,Maitri Station,-12.7,-17.0,21,1.3,3.2,0.0,984.1
2024-05-14T13:00,Maitri Station,-11.0,-15.2,21,1.0,15.1,0.0,981.1
2024-05-14T14:00,Maitri Station,-10.9,-14.9,21,0.0,4.0,0.0,982.0
2024-05-14T15:00,Maitri Station,-10.8,-15.1,21,1.5,4.0,0.0,982.0
2024-05-14T16:00,Maitri Station,-11.2,-15.7,22,2.9,5.0,0.0,982.0
2024-05-14T17:00,Maitri Station,-11.2,-15.9,21,4.1,5.8,0.0,981.8
2024-05-14T18:00,Maitri Station,-10.9,-15.9,20,6.4,9.7,0.0,981.5
2024-05-14T19:00,Maitri Station,-11.6,-16.4,20,5.1,9.4,0.0,981.8
2024-05-14T20:00,Maitri Station,-11.4,-16.4,19,6.7,11.2,0.0,981.6
2024-05-14T21:00,Maitri Station,-11.5,-16.2,19,4.1,10.4,0.0,981.3
2024-05-14T22:00,Maitri Station,-12.6,-17.6,21,6.2,10.1,0.0,980.7
2024-05-14T23:00,Maitri Station,-16.0,-21.5,26,10.0,15.5,0.0,979.8
2024-05-15T00:00,Maitri Station,-22.8,-29.1,48,14.8,20.9,0.0,979.1
2024-05-15T01:00,Maitri Station,-17.9,-24.8,38,19.4,30.6,0.0,977.4
2024-05-15T02:00,Maitri Station,-17.3,-24.3,37,20.3,31.3,0.0,977.5
2024-05-15T03:00,Maitri Station,-18.6,-25.3,38,18.0,31.3,0.0,976.8
2024-05-15T04:00,Maitri Station,-18.9,-24.8,35,12.6,26.6,0.0,977.1
2024-05-15T05:00,Maitri Station,-15.5,-20.9,27,9.4,19.1,0.0,977.6
2024-05-15T06:00,Maitri Station,-18.1,-23.8,33,10.7,17.6,0.0,977.6
2024-05-15T07:00,Maitri Station,-14.6,-19.6,26,6.4,17.6,0.0,977.9
2024-05-15T08:00,Maitri Station,-14.9,-20.0,25,6.9,11.9,0.0,978.6
2024-05-15T09:00,Maitri Station,-15.6,-21.0,22,8.9,14.8,0.0,978.6
2024-05-15T10:00,Maitri Station,-19.4,-25.2,30,11.5,18.7,0.0,978.5
2024-05-15T11:00,Maitri Station,-21.0,-27.1,37,13.3,22.3,0.0,977.9
2024-05-15T12:00,Maitri Station,-20.9,-27.0,36,13.8,23.4,0.0,978.1
2024-05-15T13:00,Maitri Station,-19.8,-26.4,40,17.7,37.4,0.0,977.8
2024-05-15T14:00,Maitri Station,-20.1,-26.0,38,12.1,27.7,0.0,977.9
2024-05-15T15:00,Maitri Station,-20.5,-26.4,38,12.0,18.0,0.0,977.7
2024-05-15T16:00,Maitri Station,-21.8,-27.8,41,13.5,19.8,0.0,977.2
2024-05-15T17:00,Maitri Station,-21.6,-28.1,41,16.9,25.6,0.0,976.7
2024-05-15T18:00,Maitri Station,-21.3,-28.0,42,18.0,28.1,0.0,976.4
2024-05-15T19:00,Maitri Station,-22.0,-28.5,43,17.0,28.1,0.0,976.4
2024-05-15T20:00,Maitri Station,-22.0,-28.4,41,16.2,27.4,0.0,976.4
2024-05-15T21:00,Maitri Station,-22.1,-28.5,39,16.3,25.9,0.0,976.3
2024-05-15T22:00,Maitri Station,-21.9,-28.5,39,16.9,26.6,0.0,976.0
2024-05-15T23:00,Maitri Station,-22.1,-28.6,40,16.9,27.0,0.0,975.7
2024-05-16T00:00,Maitri Station,-21.9,-28.6,39,17.7,28.8,0.0,975.3
2024-05-16T01:00,Maitri Station,-20.7,-27.4,39,17.8,34.2,0.0,974.1
2024-05-16T02:00,Maitri Station,-22.1,-28.2,40,13.7,29.9,0.0,973.4
2024-05-16T03:00,Maitri Station,-22.3,-28.4,40,13.8,23.8,0.0,972.3
2024-05-16T04:00,Maitri Station,-22.1,-28.7,39,16.8,28.1,0.0,971.3
2024-05-16T05:00,Maitri Station,-20.6,-27.5,36,19.6,33.1,0.0,970.3
2024-05-16T06:00,Maitri Station,-19.0,-26.3,34,22.0,36.7,0.0,969.5
2024-05-16T07:00,Maitri Station,-19.2,-26.4,35,21.4,36.7,0.0,969.5
2024-05-16T08:00,Maitri Station,-18.9,-26.3,35,22.7,37.4,0.0,968.8
2024-05-16T09:00,Maitri Station,-18.6,-26.1,34,23.5,38.5,0.0,968.6
2024-05-16T10:00,Maitri Station,-18.4,-26.0,34,24.1,40.0,0.0,968.4
2024-05-16T11:00,Maitri Station,-18.7,-26.3,35,24.1,40.0,0.0,968.8
2024-05-16T12:00,Maitri Station,-20.1,-27.3,37,21.6,39.6,0.0,968.9
2024-05-16T13:00,Maitri Station,-17.8,-23.3,29,9.2,26.6,0.0,967.1
2024-05-16T14:00,Maitri Station,-17.9,-23.2,29,8.4,15.8,0.0,967.0
2024-05-16T15:00,Maitri Station,-20.9,-26.5,35,10.2,18.0,0.0,966.6
2024-05-16T16:00,Maitri Station,-24.2,-30.4,41,13.9,25.6,0.0,966.3
2024-05-16T17:00,Maitri Station,-24.3,-30.9,40,16.9,30.6,0.0,966.0
2024-05-16T18:00,Maitri Station,-24.3,-30.9,39,16.9,31.0,0.0,965.9
2024-05-16T19:00,Maitri Station,-23.6,-29.3,37,11.3,28.8,0.0,966.3
2024-05-16T20:00,Maitri Station,-19.4,-24.7,29,8.2,19.8,0.0,966.8
2024-05-16T21:00,Maitri Station,-20.4,-25.7,29,8.4,15.1,0.0,966.7
2024-05-16T22:00,Maitri Station,-21.6,-27.1,29,9.2,15.8,0.0,966.6
2024-05-16T23:00,Maitri Station,-25.1,-30.9,35,11.5,18.7,0.0,966.2
2024-05-17T00:00,Maitri Station,-26.6,-32.5,40,11.9,19.4,0.0,966.0
2024-05-17T01:00,Maitri Station,-20.7,-25.6,30,5.2,13.7,0.0,965.8
2024-05-17T02:00,Maitri Station,-20.1,-24.8,32,4.1,8.3,0.0,965.7
2024-05-17T03:00,Maitri Station,-20.1,-24.7,34,3.8,6.1,0.0,965.6
2024-05-17T04:00,Maitri Station,-20.4,-25.0,34,3.4,5.4,0.0,965.8
2024-05-17T05:00,Maitri Station,-20.9,-25.3,36,2.3,4.7,0.0,966.2
2024-05-17T06:00,Maitri Station,-21.1,-25.9,36,4.9,6.8,0.0,966.3
2024-05-17T07:00,Maitri Station,-21.3,-26.1,33,4.2,7.6,0.0,966.2
2024-05-17T08:00,Maitri Station,-21.6,-26.1,31,2.6,7.2,0.0,966.4
2024-05-17T09:00,Maitri Station,-21.6,-26.2,30,3.1,6.5,0.0,966.9
2024-05-17T10:00,Maitri Station,-21.7,-26.4,29,4.3,7.9,0.0,967.1
2024-05-17T11:00,Maitri Station,-21.5,-26.5,25,5.8,10.1,0.0,967.3
2024-05-17T12:00,Maitri Station,-22.7,-28.2,26,8.9,14.8,0.0,967.3
2024-05-17T13:00,Maitri Station,-28.0,-34.0,39,12.8,20.5,0.0,966.4
2024-05-17T14:00,Maitri Station,-28.2,-34.4,39,13.5,21.2,0.0,966.2
2024-05-17T15:00,Maitri Station,-28.5,-34.7,40,14.3,22.3,0.0,966.0
2024-05-17T16:00,Maitri Station,-28.1,-34.3,39,13.5,22.3,0.0,966.3
2024-05-17T17:00,Maitri Station,-27.2,-33.2,35,12.7,21.2,0.0,966.5
2024-05-17T18:00,Maitri Station,-27.7,-33.9,35,13.6,21.6,0.0,966.9
2024-05-17T19:00,Maitri Station,-28.2,-34.4,36,13.7,23.0,0.0,967.5
2024-05-17T20:00,Maitri Station,-28.3,-35.1,37,18.1,27.7,0.0,968.3
2024-05-17T21:00,Maitri Station,-25.5,-33.3,36,25.0,38.2,0.0,968.9
2024-05-17T22:00,Maitri Station,-25.2,-33.3,41,27.0,42.1,0.0,969.9
2024-05-17T23:00,Maitri Station,-25.2,-33.5,42,28.1,43.9,0.0,970.6
2024-05-18T00:00,Maitri Station,-25.0,-33.3,41,28.1,43.9,0.0,971.0
2024-05-18T01:00,Maitri Station,-26.0,-33.5,42,22.8,36.7,0.0,971.4
2024-05-18T02:00,Maitri Station,-26.0,-33.5,41,22.9,35.3,0.0,971.9
2024-05-18T03:00,Maitri Station,-25.5,-33.2,40,24.8,37.8,0.0,972.0
2024-05-18T04:00,Maitri Station,-24.8,-32.8,39,26.3,41.4,0.0,972.1
2024-05-18T05:00,Maitri Station,-24.3,-32.5,41,27.8,43.9,0.0,972.3
2024-05-18T06:00,Maitri Station,-23.3,-31.5,42,28.3,44.6,0.0,972.7
2024-05-18T07:00,Maitri Station,-23.1,-31.4,43,29.0,45.7,0.0,973.2
2024-05-18T08:00,Maitri Station,-22.7,-30.9,42,28.4,45.7,0.0,973.5
2024-05-18T09:00,Maitri Station,-22.3,-30.4,40,27.0,44.6,0.0,974.0
2024-05-18T10:00,Maitri Station,-22.3,-30.0,38,24.7,41.8,0.0,974.1
2024-05-18T11:00,Maitri Station,-21.8,-29.8,34,26.2,41.8,0.0,974.5
2024-05-18T12:00,Maitri Station,-22.0,-29.6,34,23.5,43.6,0.0,975.6
2024-05-18T13:00,Maitri Station,-24.7,-31.4,38,17.6,34.9,0.0,975.3
2024-05-18T14:00,Maitri Station,-22.4,-30.4,35,26.5,42.8,0.0,975.5
2024-05-18T15:00,Maitri Station,-21.1,-30.4,36,35.4,59.8,0.0,975.7
2024-05-18T16:00,Maitri Station,-20.9,-30.4,39,37.0,63.7,0.0,975.7
2024-05-18T17:00,Maitri Station,-20.5,-30.1,40,37.9,65.2,0.0,975.9
2024-05-18T18:00,Maitri Station,-20.6,-30.3,41,38.4,66.2,0.0,976.4
2024-05-18T19:00,Maitri Station,-20.3,-30.4,42,41.3,70.6,0.0,976.2
2024-05-18T20:00,Maitri Station,-19.7,-30.1,42,43.6,73.8,0.0,976.4
2024-05-18T21:00,Maitri Station,-19.6,-30.1,43,44.2,74.5,0.0,976.7
2024-05-18T22:00,Maitri Station,-19.4,-30.1,44,45.7,76.7,0.0,976.5
2024-05-18T23:00,Maitri Station,-19.4,-30.0,43,45.3,77.0,0.0,976.1
2024-05-19T00:00,Maitri Station,-19.2,-29.9,42,45.5,77.0,0.0,975.8
2024-05-19T01:00,Maitri Station,-19.2,-29.7,41,44.0,74.9,0.0,975.8
2024-05-19T02:00,Maitri Station,-18.7,-29.5,40,46.7,78.1,0.0,975.3
2024-05-19T03:00,Maitri Station,-18.5,-29.5,40,47.8,80.3,0.0,974.8
2024-05-19T04:00,Maitri Station,-18.2,-29.2,40,47.8,81.0,0.0,974.3
2024-05-19T05:00,Maitri Station,-18.0,-28.7,40,45.8,80.3,0.0,973.9
2024-05-19T06:00,Maitri Station,-17.9,-28.6,40,46.1,78.1,0.0,973.7
2024-05-19T07:00,Maitri Station,-17.8,-28.7,40,46.8,78.5,0.0,973.6
2024-05-19T08:00,Maitri Station,-17.8,-28.7,41,46.7,78.8,0.0,973.0
2024-05-19T09:00,Maitri Station,-17.5,-28.7,40,48.8,81.7,0.0,972.8
2024-05-19T10:00,Maitri Station,-17.4,-28.7,40,49.9,83.5,0.0,972.3
2024-05-19T11:00,Maitri Station,-17.2,-28.6,39,50.4,84.6,0.0,971.7
2024-05-19T12:00,Maitri Station,-16.8,-28.4,39,51.5,86.4,0.0,970.8
2024-05-19T13:00,Maitri Station,-16.3,-27.9,38,51.7,86.4,0.0,969.6
2024-05-19T14:00,Maitri Station,-16.0,-27.3,37,50.4,86.4,0.0,969.4
2024-05-19T15:00,Maitri Station,-15.8,-27.0,38,49.0,84.6,0.0,969.2
2024-05-19T16:00,Maitri Station,-15.7,-26.6,38,47.5,81.7,0.0,968.8
2024-05-19T17:00,Maitri Station,-15.7,-26.3,37,45.1,79.6,0.0,968.1
2024-05-19T18:00,Maitri Station,-15.6,-25.7,36,42.0,76.3,0.0,967.6
2024-05-19T19:00,Maitri Station,-15.3,-25.4,36,41.4,71.3,0.0,967.2
2024-05-19T20:00,Maitri Station,-15.3,-25.3,35,41.4,70.2,0.0,966.5
2024-05-19T21:00,Maitri Station,-15.1,-25.2,35,41.6,70.9,0.0,965.9
2024-05-19T22:00,Maitri Station,-15.0,-24.7,35,39.2,70.2,0.0,965.2
2024-05-19T23:00,Maitri Station,-14.9,-24.1,34,35.4,66.2,0.0,964.5
2024-05-20T00:00,Maitri Station,-15.0,-23.6,33,31.8,60.1,0.0,963.9
2024-05-20T01:00,Maitri Station,-13.9,-22.4,31,31.0,55.8,0.0,963.0
2024-05-20T02:00,Maitri Station,-14.4,-22.5,32,27.9,52.6,0.0,962.8
2024-05-20T03:00,Maitri Station,-14.8,-22.7,33,26.6,48.2,0.0,962.4
2024-05-20T04:00,Maitri Station,-15.2,-22.9,32,25.0,45.4,0.0,961.9
2024-05-20T05:00,Maitri Station,-15.5,-23.0,31,23.7,42.8,0.0,961.2
2024-05-20T06:00,Maitri Station,-15.2,-22.8,30,24.5,41.8,0.0,961.0
2024-05-20T07:00,Maitri Station,-15.2,-22.7,30,23.5,42.1,0.0,960.8
2024-05-20T08:00,Maitri Station,-15.4,-22.8,30,22.5,40.3,0.0,960.5
2024-05-20T09:00,Maitri Station,-16.0,-23.0,30,20.1,38.2,0.0,960.4
2024-05-20T10:00,Maitri Station,-16.4,-23.3,29,19.7,34.6,0.0,960.2
2024-05-20T11:00,Maitri Station,-15.6,-23.0,28,23.0,38.2,0.0,960.4
2024-05-20T12:00,Maitri Station,-15.1,-22.8,29,25.0,41.8,0.0,960.3
2024-05-20T13:00,Maitri Station,-15.1,-22.8,29,24.9,41.0,0.0,959.6
2024-05-20T14:00,Maitri Station,-14.6,-22.2,29,24.9,41.8,0.0,959.5
2024-05-20T15:00,Maitri Station,-14.1,-22.0,28,26.5,44.6,0.0,959.8
2024-05-20T16:00,Maitri Station,-14.1,-22.0,29,26.8,45.7,0.0,959.7
2024-05-20T17:00,Maitri Station,-14.3,-22.0,30,25.3,45.0,0.0,959.9
2024-05-20T18:00,Maitri Station,-14.0,-21.7,30,25.4,43.2,0.0,960.3
2024-05-20T19:00,Maitri Station,-13.8,-21.7,30,26.6,45.0,0.0,960.7
2024-05-20T20:00,Maitri Station,-13.1,-21.6,31,30.9,51.8,0.0,961.0
2024-05-20T21:00,Maitri Station,-12.9,-21.8,34,33.8,56.5,0.0,961.4
2024-05-20T22:00,Maitri Station,-12.7,-21.6,37,33.6,57.2,0.0,961.7
2024-05-20T23:00,Maitri Station,-12.3,-20.8,38,31.3,56.2,0.0,961.8
2024-05-21T00:00,Maitri Station,-11.7,-20.2,37,30.9,52.6,0.0,962.1
2024-05-21T01:00,Maitri Station,-12.0,-21.0,37,35.1,59.8,0.0,961.9
2024-05-21T02:00,Maitri Station,-11.7,-21.0,39,36.6,61.9,0.0,962.1
2024-05-21T03:00,Maitri Station,-11.3,-20.8,39,38.4,64.8,0.0,962.2
2024-05-21T04:00,Maitri Station,-11.0,-20.8,41,40.2,68.0,0.0,962.1
2024-05-21T05:00,Maitri Station,-10.8,-20.7,44,41.6,69.8,0.0,962.3
2024-05-21T06:00,Maitri Station,-10.4,-20.5,50,43.5,73.1,0.0,962.3
2024-05-21T07:00,Maitri Station,-10.0,-20.4,54,45.5,76.0,0.0,962.9
2024-05-21T08:00,Maitri Station,-9.8,-20.2,58,46.4,77.8,0.0,962.8
2024-05-21T09:00,Maitri Station,-9.6,-20.1,61,47.2,79.2,0.0,963.1
2024-05-21T10:00,Maitri Station,-9.5,-19.9,63,47.0,79.2,0.0,963.2
2024-05-21T11:00,Maitri Station,-9.4,-20.1,63,48.3,80.6,0.0,963.4
2024-05-21T12:00,Maitri Station,-9.3,-20.1,64,49.3,82.4,0.0,963.7
2024-05-21T13:00,Maitri Station,-10.0,-20.8,64,49.5,83.5,0.0,964.3
2024-05-21T14:00,Maitri Station,-10.0,-20.7,65,48.8,83.5,0.0,964.9
2024-05-21T15:00,Maitri Station,-10.0,-20.6,66,47.7,81.7,0.0,965.4
2024-05-21T16:00,Maitri Station,-10.1,-20.6,66,47.2,80.3,0.0,965.7
2024-05-21T17:00,Maitri Station,-10.0,-20.4,65,46.2,79.6,0.0,966.0
2024-05-21T18:00,Maitri Station,-10.0,-20.2,65,45.3,77.8,0.0,966.3
2024-05-21T19:00,Maitri Station,-9.9,-20.0,66,44.3,76.3,0.0,966.8
2024-05-21T20:00,Maitri Station,-10.0,-19.8,67,42.6,74.2,0.0,967.2
2024-05-21T21:00,Maitri Station,-10.0,-19.6,67,41.6,72.0,0.0,967.6
2024-05-21T22:00,Maitri Station,-10.0,-19.4,68,40.4,69.8,0.0,967.7
2024-05-21T23:00,Maitri Station,-10.0,-19.2,69,39.1,68.0,0.0,967.8
2024-05-22T00:00,Maitri Station,-10.0,-19.0,69,37.7,66.2,0.0,968.0
2024-05-22T01:00,Maitri Station,-10.0,-18.9,71,36.8,65.5,0.0,967.8
2024-05-22T02:00,Maitri Station,-10.0,-18.7,71,35.5,62.6,0.0,968.1
2024-05-22T03:00,Maitri Station,-10.1,-18.6,71,34.5,60.1,0.0,968.4
2024-05-22T04:00,Maitri Station,-10.1,-18.4,70,32.5,58.3,0.0,968.4
2024-05-22T05:00,Maitri Station,-10.2,-18.3,70,31.0,55.4,0.0,968.5
2024-05-22T06:00,Maitri Station,-10.4,-18.4,70,29.9,53.3,0.0,968.3
2024-05-22T07:00,Maitri Station,-10.5,-18.2,70,28.1,51.1,0.0,968.6
2024-05-22T08:00,Maitri Station,-10.6,-18.0,70,26.3,48.2,0.0,968.3
2024-05-22T09:00,Maitri Station,-10.7,-17.9,69,24.3,45.0,0.0,968.5
2024-05-22T10:00,Maitri Station,-10.9,-17.6,69,21.4,41.8,0.0,968.0
2024-05-22T11:00,Maitri Station,-11.3,-17.7,68,19.2,36.7,0.0,967.7
2024-05-22T12:00,Maitri Station,-11.6,-17.8,66,17.7,33.5,0.0,967.6
2024-05-22T13:00,Maitri Station,-11.0,-17.1,66,16.6,30.6,0.0,967.3
2024-05-22T14:00,Maitri Station,-11.9,-17.9,65,15.5,28.8,0.0,966.8
2024-05-22T15:00,Maitri Station,-13.7,-19.4,63,13.5,25.9,0.0,966.5
2024-05-22T16:00,Maitri Station,-14.1,-19.3,61,9.7,22.3,0.0,966.3
2024-05-22T17:00,Maitri Station,-11.4,-16.0,47,5.3,16.6,0.0,965.9
2024-05-22T18:00,Maitri Station,-11.3,-15.5,45,2.4,10.8,0.0,965.8
2024-05-22T19:00,Maitri Station,-11.5,-15.9,43,3.2,7.2,0.0,965.7
2024-05-22T20:00,Maitri Station,-11.6,-16.0,40,3.7,7.2,0.0,965.4
2024-05-22T21:00,Maitri Station,-11.7,-16.0,38,3.0,7.2,0.0,965.1
2024-05-22T22:00,Maitri Station,-11.9,-16.4,36,4.3,6.5,0.0,964.4
2024-05-22T23:00,Maitri Station,-11.9,-16.7,32,5.6,6.8,0.0,963.9
2024-05-23T00:00,Maitri Station,-12.4,-17.4,32,6.9,9.7,0.0,963.6
2024-05-23T01:00,Maitri Station,-17.2,-22.5,46,9.1,12.6,0.0,962.7
2024-05-23T02:00,Maitri Station,-18.4,-23.9,48,10.0,14.4,0.0,962.1
2024-05-23T03:00,Maitri Station,-17.2,-22.5,40,8.8,14.0,0.0,961.8
2024-05-23T04:00,Maitri Station,-15.0,-20.1,31,7.3,12.2,0.0,961.7
2024-05-23T05:00,Maitri Station,-13.9,-18.6,27,4.6,10.1,0.0,961.3
2024-05-23T06:00,Maitri Station,-14.2,-18.7,27,3.0,6.5,0.0,961.3
2024-05-23T07:00,Maitri Station,-14.4,-18.8,28,2.3,4.7,0.0,961.2
2024-05-23T08:00,Maitri Station,-14.5,-19.0,29,3.1,4.0,0.0,961.3
2024-05-23T09:00,Maitri Station,-17.1,-22.3,33,8.1,11.9,0.0,961.6
2024-05-23T10:00,Maitri Station,-19.8,-25.5,35,10.8,15.8,0.0,961.3
2024-05-23T11:00,Maitri Station,-19.7,-25.2,34,9.5,15.8,0.0,961.1
2024-05-23T12:00,Maitri Station,-22.3,-28.1,42,11.9,16.6,0.0,961.1
2024-05-23T13:00,Maitri Station,-21.6,-27.4,40,11.2,15.8,0.0,960.9
2024-05-23T14:00,Maitri Station,-20.7,-26.2,35,9.7,16.2,0.0,961.0
2024-05-23T15:00,Maitri Station,-22.3,-28.0,37,11.0,16.2,0.0,960.6
2024-05-23T16:00,Maitri Station,-22.9,-28.7,37,11.9,18.4,0.0,960.3
2024-05-23T17:00,Maitri Station,-23.1,-29.3,38,14.6,23.8,0.0,960.1
2024-05-23T18:00,Maitri Station,-22.7,-29.2,38,16.4,28.1,0.0,960.1
2024-05-23T19:00,Maitri Station,-23.2,-29.7,37,16.1,28.1,0.0,959.9
2024-05-23T20:00,Maitri Station,-22.7,-29.5,36,18.3,31.0,0.0,959.9
2024-05-23T21:00,Maitri Station,-21.8,-28.9,35,20.5,35.3,0.0,960.3
2024-05-23T22:00,Maitri Station,-21.2,-28.5,34,22.1,37.4,0.0,960.2
2024-05-23T23:00,Maitri Station,-20.9,-28.3,33,22.9,38.9,0.0,960.4
2024-05-24T00:00,Maitri Station,-21.4,-28.7,34,21.6,38.5,0.0,960.5
2024-05-24T01:00,Maitri Station,-20.2,-28.0,35,25.4,48.2,0.0,960.0
2024-05-24T02:00,Maitri Station,-20.6,-28.4,34,25.3,43.6,0.0,960.4
2024-05-24T03:00,Maitri Station,-20.0,-28.6,34,30.9,51.8,0.0,961.3
2024-05-24T04:00,Maitri Station,-20.2,-28.8,36,30.5,52.6,0.0,961.8
2024-05-24T05:00,Maitri Station,-20.0,-28.6,33,30.6,50.8,0.0,962.4
2024-05-24T06:00,Maitri Station,-20.0,-28.3,31,28.7,50.4,0.0,962.7
2024-05-24T07:00,Maitri Station,-20.0,-28.6,31,31.2,50.4,0.0,963.1
2024-05-24T08:00,Maitri Station,-19.8,-28.9,31,34.2,55.1,0.0,963.5
2024-05-24T09:00,Maitri Station,-19.5,-28.5,30,33.5,56.5,0.0,963.9
2024-05-24T10:00,Maitri Station,-19.3,-28.3,30,33.7,56.2,0.0,963.7
2024-05-24T11:00,Maitri Station,-19.0,-28.7,30,38.3,63.4,0.0,964.1
2024-05-24T12:00,Maitri Station,-18.5,-28.7,32,41.6,69.5,0.0,964.4
2024-05-24T13:00,Maitri Station,-18.3,-28.7,34,43.0,72.0,0.0,964.3
2024-05-24T14:00,Maitri Station,-18.1,-28.7,35,44.8,74.9,0.0,964.8
2024-05-24T15:00,Maitri Station,-17.7,-28.5,36,45.9,76.7,0.0,964.8
2024-05-24T16:00,Maitri Station,-17.3,-28.2,38,46.6,77.8,0.0,965.0
2024-05-24T17:00,Maitri Station,-16.9,-27.8,40,47.1,78.1,0.0,965.2
2024-05-24T18:00,Maitri Station,-16.6,-27.5,42,46.9,78.1,0.0,965.4
2024-05-24T19:00,Maitri Station,-16.1,-26.9,44,46.4,77.8,0.0,965.6
2024-05-24T20:00,Maitri Station,-15.5,-26.1,46,45.7,76.7,0.0,965.6
2024-05-24T21:00,Maitri Station,-15.1,-25.6,46,44.9,76.0,0.0,966.0
2024-05-24T22:00,Maitri Station,-14.8,-25.2,46,43.9,74.9,0.0,965.8
2024-05-24T23:00,Maitri Station,-14.8,-25.0,45,43.0,73.1,0.0,965.9
2024-05-25T00:00,Maitri Station,-14.8,-24.9,43,41.7,71.6,0.0,965.9
2024-05-25T01:00,Maitri Station,-14.3,-24.5,48,42.9,71.6,0.0,965.6
2024-05-25T02:00,Maitri Station,-14.2,-24.1,47,41.1,70.9,0.0,966.0
2024-05-25T03:00,Maitri Station,-14.2,-23.9,44,39.7,68.4,0.0,966.1
2024-05-25T04:00,Maitri Station,-14.2,-23.9,43,39.5,66.2,0.0,966.2
2024-05-25T05:00,Maitri Station,-14.0,-23.7,44,39.7,66.2,0.0,966.2
2024-05-25T06:00,Maitri Station,-13.6,-23.2,45,39.0,66.2,0.0,966.1
2024-05-25T07:00,Maitri Station,-13.6,-23.1,43,38.2,64.4,0.0,966.0
2024-05-25T08:00,Maitri Station,-13.7,-23.0,43,37.2,63.7,0.0,965.9
2024-05-25T09:00,Maitri Station,-13.6,-22.9,43,37.0,62.3,0.0,965.9
2024-05-25T10:00,Maitri Station,-13.6,-22.7,43,35.8,61.2,0.0,965.5
2024-05-25T11:00,Maitri Station,-13.4,-22.5,42,35.0,59.4,0.0,965.5
2024-05-25T12:00,Maitri Station,-13.7,-22.6,41,34.1,58.0,0.0,965.1
2024-05-25T13:00,Maitri Station,-14.0,-23.0,39,34.7,58.3,0.0,964.7
2024-05-25T14:00,Maitri Station,-13.9,-22.9,38,34.5,56.2,0.0,964.6
2024-05-25T15:00,Maitri Station,-14.1,-23.0,39,33.7,55.8,0.0,964.1
2024-05-25T16:00,Maitri Station,-14.1,-22.9,39,33.4,54.0,0.0,963.8
2024-05-25T17:00,Maitri Station,-14.2,-22.9,39,32.3,52.9,0.0,963.4
2024-05-25T18:00,Maitri Station,-14.5,-22.9,38,30.5,50.4,0.0,963.3
2024-05-25T19:00,Maitri Station,-14.9,-23.1,38,28.9,48.2,0.0,963.0
2024-05-25T20:00,Maitri Station,-15.3,-23.3,37,27.4,45.0,0.0,962.7
2024-05-25T21:00,Maitri Station,-15.7,-23.4,39,25.2,42.5,0.0,962.5
2024-05-25T22:00,Maitri Station,-16.6,-24.0,40,23.1,38.9,0.0,961.8
2024-05-25T23:00,Maitri Station,-17.8,-24.8,43,20.4,34.9,0.0,961.6
2024-05-26T00:00,Maitri Station,-18.8,-25.5,44,18.2,30.2,0.0,961.4
2024-05-26T01:00,Maitri Station,-17.8,-24.4,45,17.3,27.4,0.0,960.7
2024-05-26T02:00,Maitri Station,-18.4,-24.6,44,15.3,25.6,0.0,960.7
2024-05-26T03:00,Maitri Station,-18.6,-24.9,41,15.1,23.4,0.0,960.6
2024-05-26T04:00,Maitri Station,-18.7,-25.0,40,15.9,24.1,0.0,960.5
2024-05-26T05:00,Maitri Station,-18.6,-25.2,40,17.1,26.3,0.0,960.5
2024-05-26T06:00,Maitri Station,-19.3,-25.8,42,16.9,25.9,0.0,960.4
2024-05-26T07:00,Maitri Station,-20.0,-26.5,44,16.7,24.1,0.0,960.6
2024-05-26T08:00,Maitri Station,-20.7,-27.2,47,16.9,23.0,0.0,960.9
2024-05-26T09:00,Maitri Station,-21.5,-28.0,50,16.9,23.4,0.0,961.1
2024-05-26T10:00,Maitri Station,-22.3,-28.8,52,17.0,23.8,0.0,960.9
2024-05-26T11:00,Maitri Station,-22.4,-29.1,51,17.7,24.8,0.0,961.0
2024-05-26T12:00,Maitri Station,-22.5,-29.1,49,17.3,24.8,0.0,961.2
2024-05-26T13:00,Maitri Station,-21.5,-27.8,45,15.4,24.8,0.0,960.5
2024-05-26T14:00,Maitri Station,-21.8,-28.0,44,14.9,23.0,0.0,960.6
2024-05-26T15:00,Maitri Station,-21.9,-28.3,43,15.4,22.7,0.0,960.5
2024-05-26T16:00,Maitri Station,-22.3,-28.7,44,16.3,23.0,0.0,960.8
2024-05-26T17:00,Maitri Station,-22.7,-29.2,45,16.4,23.4,0.0,961.3
2024-05-26T18:00,Maitri Station,-23.0,-29.4,43,15.8,22.7,0.0,961.4
2024-05-26T19:00,Maitri Station,-23.1,-29.5,40,15.6,22.3,0.0,961.5
2024-05-26T20:00,Maitri Station,-23.0,-29.5,39,16.2,23.8,0.0,961.9
2024-05-26T21:00,Maitri Station,-22.6,-29.4,37,18.0,27.4,0.0,962.3
2024-05-26T22:00,Maitri Station,-21.9,-29.0,35,20.3,32.4,0.0,962.8
2024-05-26T23:00,Maitri Station,-20.6,-28.4,32,24.8,40.0,0.0,963.3
2024-05-27T00:00,Maitri Station,-19.7,-28.1,30,29.3,47.9,0.0,963.8
2024-05-27T01:00,Maitri Station,-20.3,-28.3,32,26.7,43.6,0.0,963.6
2024-05-27T02:00,Maitri Station,-20.1,-28.0,32,25.8,43.2,0.0,963.7
2024-05-27T03:00,Maitri Station,-19.6,-27.4,32,25.4,41.8,0.0,963.7
2024-05-27T04:00,Maitri Station,-18.8,-26.7,31,26.0,41.8,0.0,963.5
2024-05-27T05:00,Maitri Station,-18.4,-26.5,32,27.1,43.6,0.0,963.6
2024-05-27T06:00,Maitri Station,-18.3,-26.4,32,27.4,44.3,0.0,963.5
2024-05-27T07:00,Maitri Station,-18.6,-26.5,32,26.1,43.2,0.0,963.3
2024-05-27T08:00,Maitri Station,-18.1,-26.5,32,29.5,47.9,0.0,963.4
2024-05-27T09:00,Maitri Station,-17.7,-25.9,32,28.0,48.2,0.0,963.2
2024-05-27T10:00,Maitri Station,-17.7,-25.8,31,27.9,45.7,0.0,963.0
2024-05-27T11:00,Maitri Station,-17.3,-26.0,32,31.4,51.1,0.0,963.0
2024-05-27T12:00,Maitri Station,-17.0,-25.8,33,32.3,53.3,0.0,962.8
2024-05-27T13:00,Maitri Station,-17.8,-25.9,33,27.7,45.7,0.0,962.2
2024-05-27T14:00,Maitri Station,-17.4,-25.4,33,27.0,45.4,0.0,961.9
2024-05-27T15:00,Maitri Station,-17.2,-25.1,33,26.0,43.9,0.0,961.9
2024-05-27T16:00,Maitri Station,-17.4,-25.2,33,25.2,41.8,0.0,961.6
2024-05-27T17:00,Maitri Station,-17.1,-24.9,32,25.5,41.0,0.0,961.3
2024-05-27T18:00,Maitri Station,-16.8,-24.6,32,25.7,41.4,0.0,961.2
2024-05-27T19:00,Maitri Station,-16.8,-24.6,32,25.2,41.0,0.0,961.1
2024-05-27T20:00,Maitri Station,-16.9,-24.6,32,24.9,40.3,0.0,961.1
2024-05-27T21:00,Maitri Station,-16.7,-24.4,31,24.8,40.0,0.0,961.3
2024-05-27T22:00,Maitri Station,-16.7,-24.4,31,25.3,41.0,0.0,961.4
2024-05-27T23:00,Maitri Station,-16.4,-24.3,30,26.4,42.8,0.0,961.7
2024-05-28T00:00,Maitri Station,-16.1,-24.3,30,27.9,45.0,0.0,961.7
2024-05-28T01:00,Maitri Station,-16.8,-24.4,32,24.2,38.9,0.0,961.7
2024-05-28T02:00,Maitri Station,-16.6,-24.2,31,24.1,39.2,0.0,962.0
2024-05-28T03:00,Maitri Station,-16.1,-23.9,30,25.8,41.8,0.0,962.5
2024-05-28T04:00,Maitri Station,-15.5,-23.6,29,27.6,44.6,0.0,962.9
2024-05-28T05:00,Maitri Station,-15.2,-23.9,30,31.4,50.4,0.0,963.7
2024-05-28T06:00,Maitri Station,-15.1,-24.4,31,36.0,58.0,0.0,964.5
2024-05-28T07:00,Maitri Station,-15.1,-24.8,33,38.5,63.4,0.0,965.5
2024-05-28T08:00,Maitri Station,-15.1,-24.4,33,36.1,62.6,0.0,966.1
2024-05-28T09:00,Maitri Station,-14.5,-24.0,33,37.2,61.6,0.0,966.8
2024-05-28T10:00,Maitri Station,-14.2,-23.7,33,38.1,64.1,0.0,967.4
2024-05-28T11:00,Maitri Station,-14.0,-23.6,34,38.3,65.2,0.0,968.2
2024-05-28T12:00,Maitri Station,-14.1,-24.3,36,42.5,71.3,0.0,969.4
2024-05-28T13:00,Maitri Station,-14.2,-24.1,34,40.3,67.3,0.0,970.4
2024-05-28T14:00,Maitri Station,-14.2,-24.9,37,45.9,77.0,0.0,971.5
2024-05-28T15:00,Maitri Station,-14.1,-25.2,40,49.1,82.1,0.0,972.4
2024-05-28T16:00,Maitri Station,-14.1,-25.4,41,50.4,83.9,0.0,973.3
2024-05-28T17:00,Maitri Station,-14.2,-25.4,43,50.2,84.2,0.0,974.1
2024-05-28T18:00,Maitri Station,-14.0,-25.2,44,49.7,83.5,0.0,975.0
2024-05-28T19:00,Maitri Station,-13.8,-24.9,44,49.5,82.4,0.0,975.4
2024-05-28T20:00,Maitri Station,-13.7,-24.7,44,48.9,82.1,0.0,975.6
2024-05-28T21:00,Maitri Station,-13.4,-24.4,44,49.0,81.7,0.0,976.5
2024-05-28T22:00,Maitri Station,-13.0,-24.1,43,48.9,81.7,0.0,976.5
2024-05-28T23:00,Maitri Station,-12.6,-23.4,42,47.4,81.4,0.0,976.7
2024-05-29T00:00,Maitri Station,-12.5,-23.1,41,46.1,79.6,0.0,977.0
2024-05-29T01:00,Maitri Station,-12.1,-22.7,41,45.8,77.4,0.0,977.3
2024-05-29T02:00,Maitri Station,-11.9,-22.5,40,45.7,76.7,0.0,977.7
2024-05-29T03:00,Maitri Station,-12.0,-22.5,39,45.1,76.0,0.0,977.8
2024-05-29T04:00,Maitri Station,-12.1,-22.6,39,45.0,75.2,0.0,978.0
2024-05-29T05:00,Maitri Station,-12.4,-22.9,38,45.2,74.9,0.0,978.1
2024-05-29T06:00,Maitri Station,-12.5,-23.0,39,45.5,75.2,0.0,978.0
2024-05-29T07:00,Maitri Station,-12.3,-22.8,39,45.1,75.2,0.0,978.2
2024-05-29T08:00,Maitri Station,-12.0,-22.3,40,43.8,74.5,0.0,978.8
2024-05-29T09:00,Maitri Station,-11.7,-21.8,41,42.6,72.4,0.0,979.1
2024-05-29T10:00,Maitri Station,-11.5,-21.6,41,42.8,71.3,0.0,979.3
2024-05-29T11:00,Maitri Station,-11.6,-21.6,41,42.4,71.3,0.0,979.5
2024-05-29T12:00,Maitri Station,-11.8,-21.8,41,41.4,70.9,0.0,979.9
2024-05-29T13:00,Maitri Station,-11.6,-21.3,41,39.5,68.4,0.0,980.4
2024-05-29T14:00,Maitri Station,-11.7,-21.0,41,37.5,65.9,0.0,980.6
2024-05-29T15:00,Maitri Station,-11.8,-20.7,41,34.3,62.3,0.0,980.5
2024-05-29T16:00,Maitri Station,-12.1,-20.7,41,31.8,58.0,0.0,980.6
2024-05-29T17:00,Maitri Station,-12.5,-20.9,40,30.9,53.3,0.0,980.6
2024-05-29T18:00,Maitri Station,-12.3,-20.7,39,30.6,51.1,0.0,980.2
2024-05-29T19:00,Maitri Station,-12.4,-20.4,39,28.4,50.4,0.0,979.8
2024-05-29T20:00,Maitri Station,-12.7,-20.4,39,26.0,46.4,0.0,979.3
2024-05-29T21:00,Maitri Station,-13.1,-20.6,38,24.6,42.5,0.0,979.4
2024-05-29T22:00,Maitri Station,-13.4,-20.8,38,24.0,39.6,0.0,979.2
2024-05-29T23:00,Maitri Station,-14.0,-21.2,39,22.4,37.8,0.0,978.7
2024-05-30T00:00,Maitri Station,-14.5,-21.6,40,21.3,35.3,0.0,978.2
2024-05-30T01:00,Maitri Station,-14.9,-21.5,43,18.0,31.0,0.0,977.4
2024-05-30T02:00,Maitri Station,-16.7,-22.5,45,12.6,27.7,0.0,976.8
2024-05-30T03:00,Maitri Station,-17.5,-22.9,45,9.7,18.7,0.0,976.6
2024-05-30T04:00,Maitri Station,-16.1,-21.3,37,8.5,14.0,0.0,976.3
2024-05-30T05:00,Maitri Station,-12.1,-16.7,23,3.8,12.2,0.0,976.4
2024-05-30T06:00,Maitri Station,-13.8,-17.9,25,0.4,6.8,0.0,976.4
2024-05-30T07:00,Maitri Station,-15.9,-20.6,30,4.2,7.6,0.0,976.5
2024-05-30T08:00,Maitri Station,-17.6,-22.5,35,6.1,9.0,0.0,977.0
2024-05-30T09:00,Maitri Station,-16.9,-21.9,35,6.6,10.1,0.0,977.4
2024-05-30T10:00,Maitri Station,-16.0,-20.9,33,5.9,9.7,0.0,977.7
2024-05-30T11:00,Maitri Station,-15.0,-19.8,29,5.2,9.7,0.0,978.4
2024-05-30T12:00,Maitri Station,-13.7,-18.6,26,6.1,9.7,0.0,979.1
2024-05-30T13:00,Maitri Station,-21.0,-27.1,43,13.9,19.4,0.0,979.2
2024-05-30T14:00,Maitri Station,-21.5,-27.7,46,14.6,20.9,0.0,979.9
2024-05-30T15:00,Maitri Station,-22.2,-28.6,47,16.0,21.6,0.0,980.6
2024-05-30T16:00,Maitri Station,-22.4,-29.1,47,17.7,24.8,0.0,981.5
2024-05-30T17:00,Maitri Station,-21.9,-28.6,45,18.1,25.6,0.0,982.3
2024-05-30T18:00,Maitri Station,-21.5,-28.2,43,18.4,25.9,0.0,982.8
2024-05-30T19:00,Maitri Station,-21.5,-28.3,43,18.5,25.6,0.0,983.5
2024-05-30T20:00,Maitri Station,-22.1,-28.9,45,18.6,25.6,0.0,983.8
2024-05-30T21:00,Maitri Station,-23.0,-29.9,49,19.0,27.0,0.0,984.4
2024-05-30T22:00,Maitri Station,-22.8,-29.6,49,19.1,27.7,0.0,984.5
2024-05-30T23:00,Maitri Station,-22.6,-29.3,47,17.8,27.7,0.0,984.8
2024-05-31T00:00,Maitri Station,-23.0,-29.3,46,15.6,25.6,0.0,984.6
2024-05-31T01:00,Maitri Station,-21.7,-28.0,47,15.6,24.8,0.0,984.5
2024-05-31T02:00,Maitri Station,-22.0,-28.1,45,13.8,22.7,0.0,984.0
2024-05-31T03:00,Maitri Station,-21.6,-27.8,43,14.0,22.0,0.0,983.5
2024-05-31T04:00,Maitri Station,-21.3,-27.4,40,13.7,23.4,0.0,982.9
2024-05-31T05:00,Maitri Station,-20.8,-27.3,40,17.0,28.1,0.0,982.0
2024-05-31T06:00,Maitri Station,-19.7,-26.7,40,19.8,31.0,0.0,981.6
2024-05-31T07:00,Maitri Station,-19.5,-26.3,39,19.2,31.3,0.0,981.2
2024-05-31T08:00,Maitri Station,-21.4,-27.7,42,15.5,28.8,0.0,980.1
2024-05-31T09:00,Maitri Station,-22.2,-28.5,44,15.0,22.3,0.0,979.7
2024-05-31T10:00,Maitri Station,-22.5,-28.8,45,15.2,22.0,0.0,978.8
2024-05-31T11:00,Maitri Station,-22.3,-28.8,44,16.4,22.7,0.0,978.0
2024-05-31T12:00,Maitri Station,-22.0,-28.5,44,16.4,23.8,0.0,977.2
2024-05-31T13:00,Maitri Station,-21.5,-28.2,43,17.6,25.9,0.0,976.9
2024-05-31T14:00,Maitri Station,-20.9,-27.6,44,18.4,27.4,0.0,976.5
2024-05-31T15:00,Maitri Station,-20.5,-27.3,44,18.6,28.1,0.0,975.5
2024-05-31T16:00,Maitri Station,-18.1,-25.7,38,24.2,37.8,0.0,975.2
2024-05-31T17:00,Maitri Station,-14.1,-23.6,36,37.7,62.3,0.0,974.9
2024-05-31T18:00,Maitri Station,-13.9,-23.5,39,39.0,63.7,0.0,974.7
2024-05-31T19:00,Maitri Station,-13.4,-22.7,41,36.6,64.4,0.0,974.5
2024-05-31T20:00,Maitri Station,-13.2,-22.0,42,33.7,60.5,0.0,974.5
2024-05-31T21:00,Maitri Station,-12.6,-21.1,43,31.9,55.4,0.0,974.3
2024-05-31T22:00,Maitri Station,-11.9,-20.2,44,30.6,52.9,0.0,974.0
2024-05-31T23:00,Maitri Station,-11.1,-19.9,44,34.3,56.5,0.0,973.5
2024-06-01T00:00,Maitri Station,-10.6,-19.7,45,36.1,60.1,0.0,973.0
2024-06-01T01:00,Maitri Station,-10.1,-19.1,41,35.6,58.3,0.0,972.9
2024-06-01T02:00,Maitri Station,-10.0,-19.2,43,37.0,61.2,0.0,972.5
2024-06-01T03:00,Maitri Station,-10.1,-19.1,44,35.8,61.2,0.0,972.4
2024-06-01T04:00,Maitri Station,-9.9,-19.2,46,37.6,61.6,0.0,971.8
2024-06-01T05:00,Maitri Station,-10.4,-19.8,49,39.0,66.2,0.0,970.7
2024-06-01T06:00,Maitri Station,-11.3,-19.6,50,30.9,65.2,0.0,971.5
2024-06-01T07:00,Maitri Station,-11.2,-19.7,51,32.8,53.6,0.0,971.5
2024-06-01T08:00,Maitri Station,-10.8,-20.7,51,41.5,69.1,0.0,969.4
2024-06-01T09:00,Maitri Station,-10.9,-20.9,52,42.5,71.3,0.0,969.0
2024-06-01T10:00,Maitri Station,-10.8,-21.1,54,44.8,75.6,0.0,968.4
2024-06-01T11:00,Maitri Station,-10.7,-20.8,55,43.6,75.2,0.0,968.5
2024-06-01T12:00,Maitri Station,-10.3,-21.0,55,48.3,80.3,0.0,967.9
2024-06-01T13:00,Maitri Station,-9.6,-20.3,54,48.2,81.4,0.0,967.2
2024-06-01T14:00,Maitri Station,-9.6,-20.3,54,48.1,81.4,0.0,967.5
2024-06-01T15:00,Maitri Station,-9.5,-20.4,54,49.3,82.8,0.0,967.3
2024-06-01T16:00,Maitri Station,-9.5,-20.3,54,49.0,83.2,0.0,967.2
2024-06-01T17:00,Maitri Station,-9.3,-20.0,54,47.7,82.1,0.0,967.2
2024-06-01T18:00,Maitri Station,-9.0,-19.5,54,46.7,80.3,0.0,967.4
2024-06-01T19:00,Maitri Station,-8.9,-19.2,53,45.6,78.8,0.0,967.8
2024-06-01T20:00,Maitri Station,-8.8,-19.0,53,44.5,77.0,0.0,968.1
2024-06-01T21:00,Maitri Station,-8.8,-18.9,54,44.1,75.2,0.0,968.3
2024-06-01T22:00,Maitri Station,-9.0,-18.9,55,42.9,74.5,0.0,968.5
2024-06-01T23:00,Maitri Station,-9.1,-18.9,56,42.2,72.7,0.0,968.4
2024-06-02T00:00,Maitri Station,-9.1,-19.2,58,44.0,73.8,0.0,967.8
2024-06-02T01:00,Maitri Station,-9.0,-19.2,52,45.0,75.6,0.0,968.5
2024-06-02T02:00,Maitri Station,-9.1,-19.2,53,44.0,75.6,0.0,968.0
2024-06-02T03:00,Maitri Station,-9.3,-19.4,54,44.2,74.2,0.0,967.3
2024-06-02T04:00,Maitri Station,-9.4,-19.9,54,46.9,78.5,0.0,966.4
2024-06-02T05:00,Maitri Station,-9.4,-20.0,56,47.5,79.6,0.0,965.5
2024-06-02T06:00,Maitri Station,-9.4,-20.0,57,47.6,80.3,0.0,964.4
2024-06-02T07:00,Maitri Station,-9.2,-19.6,58,46.5,79.9,0.0,963.5
2024-06-02T08:00,Maitri Station,-9.0,-19.5,55,47.0,78.5,0.0,962.2
2024-06-02T09:00,Maitri Station,-8.9,-19.6,54,48.5,81.4,0.0,961.1
2024-06-02T10:00,Maitri Station,-8.8,-19.3,55,47.5,81.7,0.0,960.6
2024-06-02T11:00,Maitri Station,-8.7,-18.8,56,44.6,79.9,0.0,959.9
2024-06-02T12:00,Maitri Station,-8.7,-18.2,58,40.9,74.9,0.0,959.2
2024-06-02T13:00,Maitri Station,-9.1,-18.4,56,38.8,70.2,0.0,960.0
2024-06-02T14:00,Maitri Station,-9.1,-18.2,57,37.0,66.2,0.0,959.7
2024-06-02T15:00,Maitri Station,-9.2,-18.5,58,38.6,65.5,0.0,959.5
2024-06-02T16:00,Maitri Station,-9.4,-18.8,60,39.4,67.3,0.0,959.2
2024-06-02T17:00,Maitri Station,-9.6,-18.6,62,37.1,67.0,0.0,958.9
2024-06-02T18:00,Maitri Station,-9.6,-18.1,63,33.5,63.4,0.0,958.8
2024-06-02T19:00,Maitri Station,-9.5,-17.6,63,30.4,56.9,0.0,958.7
2024-06-02T20:00,Maitri Station,-9.5,-17.1,63,27.6,52.2,0.0,958.3
2024-06-02T21:00,Maitri Station,-9.8,-16.7,65,23.1,47.2,0.0,958.3
2024-06-02T22:00,Maitri Station,-10.1,-16.3,67,18.3,40.0,0.0,958.1
2024-06-02T23:00,Maitri Station,-10.4,-16.3,68,15.6,32.4,0.0,958.0
2024-06-03T00:00,Maitri Station,-10.5,-16.4,66,15.9,28.1,0.0,957.5
2024-06-03T01:00,Maitri Station,-9.8,-17.1,66,25.6,43.9,0.0,958.3
2024-06-03T02:00,Maitri Station,-10.0,-17.4,67,26.1,44.6,0.0,958.2
2024-06-03T03:00,Maitri Station,-10.2,-17.5,68,25.5,44.6,0.0,957.8
2024-06-03T04:00,Maitri Station,-10.4,-17.5,70,24.6,43.9,0.0,957.8
2024-06-03T05:00,Maitri Station,-10.7,-17.5,75,22.6,42.1,0.0,957.5
2024-06-03T06:00,Maitri Station,-10.9,-17.8,78,23.1,39.6,0.0,957.2
2024-06-03T07:00,Maitri Station,-11.0,-18.2,78,25.0,42.8,0.0,957.2
2024-06-03T08:00,Maitri Station,-11.1,-18.0,78,23.2,42.5,0.0,957.2
2024-06-03T09:00,Maitri Station,-11.2,-18.0,80,22.6,40.3,0.0,957.2
2024-06-03T10:00,Maitri Station,-11.5,-18.2,80,21.5,39.2,0.0,957.4
2024-06-03T11:00,Maitri Station,-11.7,-18.2,81,20.2,37.4,0.0,957.6
2024-06-03T12:00,Maitri Station,-12.1,-18.2,83,17.7,34.9,0.0,957.9
2024-06-03T13:00,Maitri Station,-12.3,-18.7,82,19.4,36.0,0.0,958.9
2024-06-03T14:00,Maitri Station,-12.4,-19.0,81,20.3,36.0,0.0,959.4
2024-06-03T15:00,Maitri Station,-12.8,-19.2,79,19.5,36.4,0.0,959.9
2024-06-03T16:00,Maitri Station,-12.8,-19.3,77,20.1,34.9,0.0,960.5
2024-06-03T17:00,Maitri Station,-12.3,-19.4,74,23.5,39.6,0.0,961.3
2024-06-03T18:00,Maitri Station,-12.1,-19.7,71,27.2,45.7,0.0,962.3
2024-06-03T19:00,Maitri Station,-11.3,-19.3,72,29.7,50.0,0.0,963.6
2024-06-03T20:00,Maitri Station,-10.9,-19.7,71,35.9,58.7,0.0,964.4
2024-06-03T21:00,Maitri Station,-11.2,-20.7,63,40.3,67.0,0.0,965.6
2024-06-03T22:00,Maitri Station,-11.0,-20.4,59,39.5,67.3,0.0,966.0
2024-06-03T23:00,Maitri Station,-10.6,-19.7,55,37.0,65.9,0.0,966.5
2024-06-04T00:00,Maitri Station,-10.8,-19.5,52,33.7,61.6,0.0,966.9
2024-06-04T01:00,Maitri Station,-10.2,-18.9,52,34.5,63.4,0.0,966.8
2024-06-04T02:00,Maitri Station,-9.7,-18.0,51,31.7,57.2,0.0,967.2
2024-06-04T03:00,Maitri Station,-9.6,-17.4,51,28.2,52.6,0.0,967.7
2024-06-04T04:00,Maitri Station,-9.6,-17.0,50,25.3,46.8,0.0,968.2
2024-06-04T05:00,Maitri Station,-9.5,-16.6,49,23.3,41.8,0.0,968.5
2024-06-04T06:00,Maitri Station,-9.5,-16.6,47,23.0,38.9,0.0,968.8
2024-06-04T07:00,Maitri Station,-9.6,-16.5,46,21.9,37.8,0.0,969.0
2024-06-04T08:00,Maitri Station,-9.6,-16.6,46,21.9,36.0,0.0,969.3
2024-06-04T09:00,Maitri Station,-10.0,-17.0,46,22.5,36.4,0.0,969.6
2024-06-04T10:00,Maitri Station,-10.2,-17.2,47,21.5,36.0,0.0,969.8
2024-06-04T11:00,Maitri Station,-10.9,-17.6,48,20.3,33.8,0.0,970.0
2024-06-04T12:00,Maitri Station,-11.2,-17.8,49,19.2,32.0,0.0,970.2
2024-06-04T13:00,Maitri Station,-11.0,-17.7,50,19.8,32.0,0.0,968.9
2024-06-04T14:00,Maitri Station,-11.4,-17.9,52,18.8,30.2,0.0,969.0
2024-06-04T15:00,Maitri Station,-12.9,-19.5,55,18.9,28.4,0.0,968.4
2024-06-04T16:00,Maitri Station,-13.5,-20.2,54,19.2,29.2,0.0,968.3
2024-06-04T17:00,Maitri Station,-13.3,-20.0,50,19.8,30.2,0.0,968.1
2024-06-04T18:00,Maitri Station,-13.6,-20.4,48,19.8,30.2,0.0,967.6
2024-06-04T19:00,Maitri Station,-14.0,-20.9,48,20.5,31.7,0.0,967.4
2024-06-04T20:00,Maitri Station,-13.6,-20.5,46,20.2,31.7,0.0,967.0
2024-06-04T21:00,Maitri Station,-13.8,-20.5,47,19.5,31.0,0.0,966.9
2024-06-04T22:00,Maitri Station,-14.7,-21.3,51,19.0,29.5,0.0,966.3
2024-06-04T23:00,Maitri Station,-15.4,-22.0,54,18.6,28.4,0.0,966.0
2024-06-05T00:00,Maitri Station,-15.6,-22.4,49,19.5,29.9,0.0,965.8
2024-06-05T01:00,Maitri Station,-13.0,-20.5,38,24.4,40.3,0.0,965.7
2024-06-05T02:00,Maitri Station,-13.1,-20.5,38,23.4,37.8,0.0,965.2
2024-06-05T03:00,Maitri Station,-13.7,-21.0,38,22.5,36.4,0.0,964.8
2024-06-05T04:00,Maitri Station,-14.2,-21.4,38,22.2,34.9,0.0,964.5
2024-06-05T05:00,Maitri Station,-13.8,-21.3,36,23.7,37.1,0.0,964.6
2024-06-05T06:00,Maitri Station,-13.4,-21.3,35,26.8,42.8,0.0,964.5
2024-06-05T07:00,Maitri Station,-13.3,-21.2,36,26.9,42.8,0.0,964.5
2024-06-05T08:00,Maitri Station,-13.4,-21.1,38,25.4,42.8,0.0,964.6
2024-06-05T09:00,Maitri Station,-13.8,-21.4,38,24.8,40.7,0.0,964.4
2024-06-05T10:00,Maitri Station,-14.0,-21.7,37,25.8,41.4,0.0,964.4
2024-06-05T11:00,Maitri Station,-14.2,-22.0,36,26.3,41.8,0.0,964.4
2024-06-05T12:00,Maitri Station,-14.3,-22.2,35,26.6,43.2,0.0,964.3
2024-06-05T13:00,Maitri Station,-14.3,-22.0,36,25.8,42.5,0.0,963.7
2024-06-05T14:00,Maitri Station,-14.2,-21.8,37,25.3,42.1,0.0,963.7
2024-06-05T15:00,Maitri Station,-14.1,-22.0,36,26.5,44.6,0.0,963.6
2024-06-05T16:00,Maitri Station,-13.5,-21.9,39,30.4,50.8,0.0,963.6
2024-06-05T17:00,Maitri Station,-13.6,-22.5,41,34.5,57.6,0.0,963.8
2024-06-05T18:00,Maitri Station,-14.3,-23.3,45,34.5,59.0,0.0,963.8
2024-06-05T19:00,Maitri Station,-14.0,-23.1,51,35.7,60.1,0.0,963.9
2024-06-05T20:00,Maitri Station,-14.0,-23.1,55,36.1,61.2,0.0,963.9
2024-06-05T21:00,Maitri Station,-14.0,-23.2,56,36.8,61.9,0.0,964.0
2024-06-05T22:00,Maitri Station,-14.0,-23.2,57,36.9,61.9,0.0,964.1
2024-06-05T23:00,Maitri Station,-14.1,-23.2,57,36.4,61.9,0.0,964.4
2024-06-06T00:00,Maitri Station,-14.2,-23.7,58,38.4,64.4,0.0,964.4
2024-06-06T01:00,Maitri Station,-14.1,-23.9,56,41.1,68.8,0.0,963.7
2024-06-06T02:00,Maitri Station,-14.1,-24.0,57,42.0,70.2,0.0,963.8
2024-06-06T03:00,Maitri Station,-14.2,-24.2,59,42.5,70.9,0.0,963.8
2024-06-06T04:00,Maitri Station,-14.2,-24.2,60,42.4,71.3,0.0,963.7
2024-06-06T05:00,Maitri Station,-14.4,-24.4,60,42.6,70.9,0.0,963.6
2024-06-06T06:00,Maitri Station,-14.5,-24.4,58,41.7,70.9,0.0,963.7
2024-06-06T07:00,Maitri Station,-14.6,-24.3,57,40.2,70.2,0.0,963.9
2024-06-06T08:00,Maitri Station,-14.7,-24.2,56,38.8,67.7,0.0,963.7
2024-06-06T09:00,Maitri Station,-14.8,-24.1,55,37.6,65.5,0.0,964.0
2024-06-06T10:00,Maitri Station,-14.9,-24.1,53,36.2,63.7,0.0,963.9
2024-06-06T11:00,Maitri Station,-15.1,-24.1,52,35.2,61.6,0.0,963.6
2024-06-06T12:00,Maitri Station,-15.2,-23.9,51,33.3,59.4,0.0,963.5
2024-06-06T13:00,Maitri Station,-15.4,-23.5,51,28.8,51.8,0.0,962.8
2024-06-06T14:00,Maitri Station,-15.6,-23.4,50,26.3,49.0,0.0,963.0
2024-06-06T15:00,Maitri Station,-15.8,-23.2,49,23.9,45.0,0.0,962.8
2024-06-06T16:00,Maitri Station,-16.1,-23.3,47,22.4,41.0,0.0,962.4
2024-06-06T17:00,Maitri Station,-16.5,-23.7,44,22.5,38.2,0.0,962.3
2024-06-06T18:00,Maitri Station,-17.0,-24.4,41,23.7,38.9,0.0,962.1
2024-06-06T19:00,Maitri Station,-17.4,-24.8,39,23.5,38.9,0.0,961.8
2024-06-06T20:00,Maitri Station,-17.7,-25.3,39,24.3,38.9,0.0,961.6
2024-06-06T21:00,Maitri Station,-18.0,-25.6,39,24.6,39.2,0.0,961.8
2024-06-06T22:00,Maitri Station,-18.1,-25.9,38,25.5,40.7,0.0,961.6
2024-06-06T23:00,Maitri Station,-18.4,-26.0,38,24.2,40.3,0.0,961.9
2024-06-07T00:00,Maitri Station,-19.1,-26.2,40,20.9,37.8,0.0,961.9
2024-06-07T01:00,Maitri Station,-19.6,-26.3,43,18.0,33.5,0.0,962.2
2024-06-07T02:00,Maitri Station,-20.0,-26.7,44,18.1,28.1,0.0,962.5
2024-06-07T03:00,Maitri Station,-20.3,-27.1,43,18.8,29.2,0.0,962.6
2024-06-07T04:00,Maitri Station,-20.6,-27.3,43,18.4,28.8,0.0,962.7
2024-06-07T05:00,Maitri Station,-21.0,-27.6,43,17.3,28.1,0.0,962.6
2024-06-07T06:00,Maitri Station,-21.1,-27.7,43,17.3,26.6,0.0,963.0
2024-06-07T07:00,Maitri Station,-21.4,-28.0,44,16.9,25.9,0.0,963.1
2024-06-07T08:00,Maitri Station,-21.7,-28.2,45,16.6,25.2,0.0,963.3
2024-06-07T09:00,Maitri Station,-21.7,-28.2,45,17.0,25.6,0.0,963.6
2024-06-07T10:00,Maitri Station,-21.4,-28.0,45,17.4,25.9,0.0,964.1
2024-06-07T11:00,Maitri Station,-21.6,-28.1,45,16.6,25.6,0.0,964.4
2024-06-07T12:00,Maitri Station,-21.3,-27.9,44,16.9,26.3,0.0,965.1
2024-06-07T13:00,Maitri Station,-19.9,-26.9,41,20.2,32.8,0.0,966.0
2024-06-07T14:00,Maitri Station,-19.5,-26.7,40,21.4,35.3,0.0,966.8
2024-06-07T15:00,Maitri Station,-19.2,-26.9,38,25.1,41.0,0.0,967.6
2024-06-07T16:00,Maitri Station,-19.1,-27.0,39,26.3,45.0,0.0,968.5
2024-06-07T17:00,Maitri Station,-19.6,-27.3,40,24.8,44.3,0.0,969.3
2024-06-07T18:00,Maitri Station,-19.8,-27.4,40,24.7,42.1,0.0,969.7
2024-06-07T19:00,Maitri Station,-20.0,-27.5,40,24.0,41.8,0.0,969.9
2024-06-07T20:00,Maitri Station,-20.1,-27.7,39,23.8,40.0,0.0,970.3
2024-06-07T21:00,Maitri Station,-20.4,-27.8,40,23.3,40.0,0.0,970.7
2024-06-07T22:00,Maitri Station,-20.6,-28.1,39,23.3,38.9,0.0,970.9
2024-06-07T23:00,Maitri Station,-20.2,-28.1,37,26.6,44.3,0.0,971.1
2024-06-08T00:00,Maitri Station,-19.8,-28.1,38,28.6,47.9,0.0,971.0
2024-06-08T01:00,Maitri Station,-19.4,-28.1,36,31.9,52.9,0.0,970.0
2024-06-08T02:00,Maitri Station,-19.2,-28.1,36,32.7,54.0,0.0,969.5
2024-06-08T03:00,Maitri Station,-19.0,-28.0,35,34.0,55.8,0.0,969.1
2024-06-08T04:00,Maitri Station,-18.9,-28.2,35,35.3,58.3,0.0,968.4
2024-06-08T05:00,Maitri Station,-18.7,-28.2,34,36.7,60.5,0.0,967.8
2024-06-08T06:00,Maitri Station,-18.5,-28.3,35,39.3,64.1,0.0,967.2
2024-06-08T07:00,Maitri Station,-18.1,-28.4,35,42.4,69.5,0.0,966.4
2024-06-08T08:00,Maitri Station,-17.9,-27.9,35,40.8,69.1,0.0,966.0
2024-06-08T09:00,Maitri Station,-17.7,-27.7,34,40.7,67.3,0.0,965.8
2024-06-08T10:00,Maitri Station,-17.3,-27.1,34,38.9,67.3,0.0,965.7
2024-06-08T11:00,Maitri Station,-17.7,-27.5,33,39.6,64.8,0.0,965.4
2024-06-08T12:00,Maitri Station,-17.7,-27.6,33,39.9,66.2,0.0,965.4
2024-06-08T13:00,Maitri Station,-17.8,-27.6,33,39.1,65.2,0.0,965.1
2024-06-08T14:00,Maitri Station,-18.0,-27.7,33,39.0,64.8,0.0,965.3
2024-06-08T15:00,Maitri Station,-18.0,-27.8,34,39.0,65.5,0.0,965.3
2024-06-08T16:00,Maitri Station,-18.1,-27.7,35,37.7,64.4,0.0,965.5
2024-06-08T17:00,Maitri Station,-18.1,-27.8,35,38.8,64.1,0.0,965.5
2024-06-08T18:00,Maitri Station,-18.1,-27.8,35,38.4,64.4,0.0,965.5
2024-06-08T19:00,Maitri Station,-18.2,-27.8,34,38.2,63.7,0.0,965.4
2024-06-08T20:00,Maitri Station,-18.2,-27.7,34,37.7,62.3,0.0,965.4
2024-06-08T21:00,Maitri Station,-18.1,-27.5,35,37.0,60.8,0.0,965.6
2024-06-08T22:00,Maitri Station,-18.0,-27.1,35,34.7,58.7,0.0,965.3
2024-06-08T23:00,Maitri Station,-17.9,-26.7,36,32.4,55.1,0.0,965.6
2024-06-09T00:00,Maitri Station,-17.9,-26.4,36,30.0,51.1,0.0,965.7
2024-06-09T01:00,Maitri Station,-17.2,-25.5,37,29.3,48.2,0.0,965.2
2024-06-09T02:00,Maitri Station,-17.3,-25.3,38,27.0,46.4,0.0,965.3
2024-06-09T03:00,Maitri Station,-17.6,-25.2,38,24.1,42.1,0.0,965.3
2024-06-09T04:00,Maitri Station,-18.3,-25.3,42,20.1,37.1,0.0,965.4
2024-06-09T05:00,Maitri Station,-18.5,-25.1,47,17.7,31.0,0.0,965.5
2024-06-09T06:00,Maitri Station,-19.7,-26.2,52,17.1,25.9,0.0,965.7
2024-06-09T07:00,Maitri Station,-20.3,-26.8,54,17.0,23.8,0.0,965.8
2024-06-09T08:00,Maitri Station,-20.3,-26.7,54,16.2,23.4,0.0,966.2
2024-06-09T09:00,Maitri Station,-20.3,-26.6,53,16.1,22.7,0.0,966.4
2024-06-09T10:00,Maitri Station,-20.3,-26.7,52,16.3,22.7,0.0,966.4
2024-06-09T11:00,Maitri Station,-20.5,-26.9,52,16.3,22.3,0.0,966.4
2024-06-09T12:00,Maitri Station,-20.7,-27.0,52,15.5,22.3,0.0,966.5
2024-06-09T13:00,Maitri Station,-20.7,-26.7,51,13.5,20.9,0.0,966.1
2024-06-09T14:00,Maitri Station,-21.4,-27.6,50,14.6,19.4,0.0,966.3
2024-06-09T15:00,Maitri Station,-21.7,-27.9,50,14.8,20.5,0.0,966.3
2024-06-09T16:00,Maitri Station,-22.1,-28.3,50,14.4,20.5,0.0,966.3
2024-06-09T17:00,Maitri Station,-22.4,-28.5,48,13.8,19.4,0.0,966.7
2024-06-09T18:00,Maitri Station,-22.4,-28.2,45,11.7,18.4,0.0,966.8
2024-06-09T19:00,Maitri Station,-21.8,-27.5,41,10.9,15.8,0.0,967.2
2024-06-09T20:00,Maitri Station,-22.3,-28.0,41,11.1,15.1,0.0,967.6
2024-06-09T21:00,Maitri Station,-23.1,-28.9,42,11.8,15.8,0.0,968.5
2024-06-09T22:00,Maitri Station,-23.6,-29.6,44,12.8,17.3,0.0,969.1
2024-06-09T23:00,Maitri Station,-23.6,-29.5,43,12.2,17.3,0.0,970.1
2024-06-10T00:00,Maitri Station,-22.9,-28.7,41,11.6,16.9,0.0,971.2
2024-06-10T01:00,Maitri Station,-24.0,-30.5,48,16.2,22.0,0.0,971.3
2024-06-10T02:00,Maitri Station,-24.1,-30.4,48,15.5,22.7,0.0,971.9
2024-06-10T03:00,Maitri Station,-24.6,-30.9,49,15.2,21.6,0.0,972.8
2024-06-10T04:00,Maitri Station,-25.1,-31.3,50,14.4,21.6,0.0,973.4
2024-06-10T05:00,Maitri Station,-25.6,-31.6,51,13.1,20.9,0.0,974.1
2024-06-10T06:00,Maitri Station,-24.8,-30.4,48,10.6,18.7,0.0,975.4
2024-06-10T07:00,Maitri Station,-22.3,-27.7,39,8.9,15.8,0.0,976.8
2024-06-10T08:00,Maitri Station,-21.2,-26.5,35,8.0,13.3,0.0,978.2
2024-06-10T09:00,Maitri Station,-23.8,-29.4,42,10.0,15.1,0.0,978.8
2024-06-10T10:00,Maitri Station,-25.3,-31.0,48,10.8,16.6,0.0,979.6
2024-06-10T11:00,Maitri Station,-26.0,-31.8,52,11.6,17.6,0.0,980.4
2024-06-10T12:00,Maitri Station,-25.5,-31.3,51,11.6,17.6,0.0,981.3
2024-06-10T13:00,Maitri Station,-17.0,-21.8,25,4.3,11.9,0.0,981.7
2024-06-10T14:00,Maitri Station,-17.2,-22.1,24,5.5,9.4,0.0,982.5
2024-06-10T15:00,Maitri Station,-16.0,-20.6,22,3.4,9.4,0.0,983.1
2024-06-10T16:00,Maitri Station,-15.5,-20.5,21,5.8,8.3,0.0,983.8
2024-06-10T17:00,Maitri Station,-16.1,-21.2,22,6.5,10.8,0.0,984.3
2024-06-10T18:00,Maitri Station,-16.2,-21.2,21,6.2,10.1,0.0,984.7
2024-06-10T19:00,Maitri Station,-15.7,-20.9,18,7.2,11.2,0.0,985.2
2024-06-10T20:00,Maitri Station,-15.4,-20.7,14,7.7,11.5,0.0,985.6
2024-06-10T21:00,Maitri Station,-15.6,-21.1,13,9.0,12.6,0.0,986.0
2024-06-10T22:00,Maitri Station,-20.4,-26.1,20,11.0,15.1,0.0,985.9
2024-06-10T23:00,Maitri Station,-20.7,-26.4,23,11.0,16.2,0.0,986.3
2024-06-11T00:00,Maitri Station,-15.7,-21.1,15,8.6,15.5,0.0,987.0
2024-06-11T01:00,Maitri Station,-16.2,-21.1,15,5.5,11.5,0.0,986.7
2024-06-11T02:00,Maitri Station,-15.3,-20.0,15,4.2,8.6,0.0,986.9
2024-06-11T03:00,Maitri Station,-13.7,-18.4,14,3.3,6.5,0.0,986.8
2024-06-11T04:00,Maitri Station,-12.7,-17.3,13,3.3,6.1,0.0,986.7
2024-06-11T05:00,Maitri Station,-13.5,-18.3,15,4.1,6.1,0.0,986.3
2024-06-11T06:00,Maitri Station,-13.7,-19.1,15,8.2,11.2,0.0,986.1
2024-06-11T07:00,Maitri Station,-14.3,-19.9,15,9.6,12.6,0.0,985.7
2024-06-11T08:00,Maitri Station,-17.8,-23.4,18,10.2,14.4,0.0,985.4
2024-06-11T09:00,Maitri Station,-18.5,-24.2,20,11.1,15.1,0.0,984.8
2024-06-11T10:00,Maitri Station,-19.2,-24.9,21,10.8,15.5,0.0,983.9
2024-06-11T11:00,Maitri Station,-17.8,-23.5,18,10.5,15.8,0.0,983.0
2024-06-11T12:00,Maitri Station,-18.5,-24.3,19,11.3,15.8,0.0,982.2
2024-06-11T13:00,Maitri Station,-20.1,-26.9,35,18.4,32.4,0.0,980.9
2024-06-11T14:00,Maitri Station,-21.4,-28.1,38,17.7,28.1,0.0,980.2
2024-06-11T15:00,Maitri Station,-19.3,-26.4,36,20.4,31.7,0.0,979.0
2024-06-11T16:00,Maitri Station,-19.8,-26.7,39,19.5,32.0,0.0,977.6
2024-06-11T17:00,Maitri Station,-19.9,-26.9,41,19.9,33.8,0.0,976.2
2024-06-11T18:00,Maitri Station,-16.1,-23.9,35,26.1,46.1,0.0,974.3
2024-06-11T19:00,Maitri Station,-14.7,-22.6,35,26.9,51.1,0.0,973.3
2024-06-11T20:00,Maitri Station,-14.4,-22.5,35,28.0,50.8,0.0,972.3
2024-06-11T21:00,Maitri Station,-12.9,-21.5,33,31.7,55.8,0.0,971.1
2024-06-11T22:00,Maitri Station,-11.1,-20.7,29,38.4,64.4,0.0,969.9
2024-06-11T23:00,Maitri Station,-10.3,-21.0,29,46.2,75.6,0.0,969.0
2024-06-12T00:00,Maitri Station,-10.6,-21.2,30,45.9,77.0,0.0,968.3
2024-06-12T01:00,Maitri Station,-10.9,-21.1,31,42.9,77.0,0.0,968.6
2024-06-12T02:00,Maitri Station,-11.6,-21.0,32,37.5,71.6,0.0,968.4
2024-06-12T03:00,Maitri Station,-11.9,-21.1,32,36.1,64.4,0.0,968.2
2024-06-12T04:00,Maitri Station,-12.0,-21.3,32,36.2,62.3,0.0,967.7
2024-06-12T05:00,Maitri Station,-12.2,-21.6,32,37.2,63.7,0.0,967.3
2024-06-12T06:00,Maitri Station,-12.2,-22.0,32,39.8,67.3,0.0,967.1
2024-06-12T07:00,Maitri Station,-12.6,-22.4,33,40.1,68.0,0.0,967.0
2024-06-12T08:00,Maitri Station,-13.0,-22.7,34,38.8,67.7,0.0,967.1
2024-06-12T09:00,Maitri Station,-13.5,-23.0,34,37.4,65.9,0.0,967.2
2024-06-12T10:00,Maitri Station,-13.8,-23.0,34,35.5,63.0,0.0,966.9
2024-06-12T11:00,Maitri Station,-13.8,-22.9,33,35.3,60.1,0.0,966.5
2024-06-12T12:00,Maitri Station,-13.8,-23.5,34,39.1,65.9,0.0,966.6
2024-06-12T13:00,Maitri Station,-14.8,-24.9,44,42.1,77.8,0.0,966.9
2024-06-12T14:00,Maitri Station,-15.1,-24.2,42,35.1,69.8,0.0,966.8
2024-06-12T15:00,Maitri Station,-15.0,-24.2,39,35.3,59.4,0.0,966.7
2024-06-12T16:00,Maitri Station,-14.9,-24.2,39,36.4,60.8,0.0,966.7
2024-06-12T17:00,Maitri Station,-14.9,-24.4,40,38.3,64.4,0.0,966.9
2024-06-12T18:00,Maitri Station,-15.0,-24.6,41,38.7,65.2,0.0,967.3
2024-06-12T19:00,Maitri Station,-15.1,-24.3,42,36.3,64.4,0.0,967.9
2024-06-12T20:00,Maitri Station,-15.1,-23.7,42,31.9,61.2,0.0,967.9
2024-06-12T21:00,Maitri Station,-14.3,-24.2,39,40.3,66.6,0.0,967.5
2024-06-12T22:00,Maitri Station,-14.7,-24.5,41,40.0,70.2,0.0,967.6
2024-06-12T23:00,Maitri Station,-14.8,-23.6,42,33.2,67.7,0.0,967.6
2024-06-13T00:00,Maitri Station,-14.8,-23.1,43,29.8,57.2,0.0,967.7
2024-06-13T01:00,Maitri Station,-15.3,-23.3,44,27.8,56.5,0.0,968.8
2024-06-13T02:00,Maitri Station,-15.8,-23.2,47,23.8,48.2,0.0,969.3
2024-06-13T03:00,Maitri Station,-16.1,-23.4,49,23.1,42.1,0.0,969.4
2024-06-13T04:00,Maitri Station,-16.2,-23.9,49,26.1,45.7,0.0,969.4
2024-06-13T05:00,Maitri Station,-16.2,-24.4,48,29.1,51.1,0.0,969.1
2024-06-13T06:00,Maitri Station,-16.2,-24.0,49,26.5,51.1,0.0,968.9
2024-06-13T07:00,Maitri Station,-16.2,-23.6,49,23.8,46.8,0.0,968.8
2024-06-13T08:00,Maitri Station,-15.8,-23.6,48,26.0,45.7,0.0,968.6
2024-06-13T09:00,Maitri Station,-15.5,-23.5,47,27.7,48.6,0.0,968.5
2024-06-13T10:00,Maitri Station,-15.4,-23.5,47,28.8,50.4,0.0,968.2
2024-06-13T11:00,Maitri Station,-15.2,-23.2,47,27.8,50.4,0.0,967.9
2024-06-13T12:00,Maitri Station,-15.2,-22.8,48,25.2,48.6,0.0,967.7
2024-06-13T13:00,Maitri Station,-14.9,-22.5,51,25.2,46.1,0.0,967.4
2024-06-13T14:00,Maitri Station,-14.7,-22.3,52,25.7,45.4,0.0,967.6
2024-06-13T15:00,Maitri Station,-14.5,-22.0,53,24.5,45.0,0.0,967.9
2024-06-13T16:00,Maitri Station,-14.6,-21.5,54,20.4,42.8,0.0,967.6
2024-06-13T17:00,Maitri Station,-14.6,-21.2,54,18.7,36.4,0.0,967.5
2024-06-13T18:00,Maitri Station,-14.3,-21.3,52,21.4,37.4,0.0,967.3
2024-06-13T19:00,Maitri Station,-13.6,-20.8,50,22.9,40.0,0.0,967.7
2024-06-13T20:00,Maitri Station,-13.2,-20.6,51,24.0,41.4,0.0,967.7
2024-06-13T21:00,Maitri Station,-13.0,-20.2,52,22.9,41.4,0.0,967.7
2024-06-13T22:00,Maitri Station,-12.4,-19.8,52,24.2,41.4,0.0,967.3
2024-06-13T23:00,Maitri Station,-11.9,-19.5,52,25.7,43.9,0.0,967.3
2024-06-14T00:00,Maitri Station,-11.7,-19.2,53,25.4,44.3,0.0,967.4
2024-06-14T01:00,Maitri Station,-11.1,-19.0,54,28.2,51.8,0.0,967.2
2024-06-14T02:00,Maitri Station,-11.1,-18.5,56,25.6,48.2,0.0,968.0
2024-06-14T03:00,Maitri Station,-10.9,-18.4,58,25.8,44.3,0.0,968.3
2024-06-14T04:00,Maitri Station,-10.9,-18.3,62,25.3,44.6,0.0,968.9
2024-06-14T05:00,Maitri Station,-11.1,-18.4,64,25.1,43.6,0.0,969.1
2024-06-14T06:00,Maitri Station,-11.0,-18.6,64,27.1,46.1,0.0,969.2
2024-06-14T07:00,Maitri Station,-11.1,-19.0,64,28.7,49.0,0.0,969.6
2024-06-14T08:00,Maitri Station,-11.1,-18.9,63,28.2,49.0,0.0,970.2
2024-06-14T09:00,Maitri Station,-11.3,-19.0,63,27.4,48.6,0.0,970.8
2024-06-14T10:00,Maitri Station,-11.2,-18.9,63,27.9,47.9,0.0,971.2
2024-06-14T11:00,Maitri Station,-11.2,-19.1,64,29.0,49.7,0.0,971.7
2024-06-14T12:00,Maitri Station,-11.1,-19.1,63,30.1,51.1,0.0,972.2
2024-06-14T13:00,Maitri Station,-10.9,-20.2,62,39.0,65.5,0.0,972.0
2024-06-14T14:00,Maitri Station,-11.1,-20.9,61,41.8,70.6,0.0,973.1
2024-06-14T15:00,Maitri Station,-11.1,-21.3,61,44.8,74.9,0.0,973.7
2024-06-14T16:00,Maitri Station,-11.2,-21.6,61,45.9,77.0,0.0,974.7
2024-06-14T17:00,Maitri Station,-11.6,-21.8,60,44.8,77.0,0.0,975.6
2024-06-14T18:00,Maitri Station,-12.3,-22.5,61,43.9,75.2,0.0,976.2
2024-06-14T19:00,Maitri Station,-12.7,-22.6,65,42.4,73.4,0.0,977.5
2024-06-14T20:00,Maitri Station,-12.7,-21.9,65,37.2,70.6,0.0,978.7
2024-06-14T21:00,Maitri Station,-12.9,-21.6,66,33.9,62.3,0.0,979.7
2024-06-14T22:00,Maitri Station,-13.2,-21.8,68,33.0,57.2,0.0,980.1
2024-06-14T23:00,Maitri Station,-13.6,-22.3,69,33.7,56.9,0.0,980.9
2024-06-15T00:00,Maitri Station,-13.6,-22.1,70,32.2,56.9,0.0,981.6
2024-06-15T01:00,Maitri Station,-13.0,-21.7,67,34.4,58.0,0.0,983.2
2024-06-15T02:00,Maitri Station,-12.4,-21.6,64,37.4,63.0,0.0,983.4
2024-06-15T03:00,Maitri Station,-12.2,-21.5,62,37.8,63.7,0.0,983.6
2024-06-15T04:00,Maitri Station,-12.0,-21.1,62,36.7,63.7,0.0,984.0
2024-06-15T05:00,Maitri Station,-11.7,-20.7,61,36.0,61.9,0.0,984.4
2024-06-15T06:00,Maitri Station,-11.5,-20.4,59,35.9,60.5,0.0,984.6
2024-06-15T07:00,Maitri Station,-11.2,-20.1,56,35.3,60.5,0.0,985.0
2024-06-15T08:00,Maitri Station,-11.0,-20.0,51,36.3,61.2,0.0,985.5
2024-06-15T09:00,Maitri Station,-11.2,-20.3,48,35.9,61.2,0.0,985.9
2024-06-15T10:00,Maitri Station,-11.6,-20.6,45,34.9,60.1,0.0,986.2
2024-06-15T11:00,Maitri Station,-12.4,-21.3,42,33.9,58.7,0.0,986.3
2024-06-15T12:00,Maitri Station,-13.0,-21.7,41,33.1,56.9,0.0,986.4
2024-06-15T13:00,Maitri Station,-12.9,-21.7,40,33.5,56.2,0.0,986.7
2024-06-15T14:00,Maitri Station,-13.3,-22.1,39,33.7,55.4,0.0,986.9
2024-06-15T15:00,Maitri Station,-13.4,-22.1,39,32.4,55.1,0.0,986.6
2024-06-15T16:00,Maitri Station,-13.8,-22.1,39,30.2,52.6,0.0,986.5
2024-06-15T17:00,Maitri Station,-14.0,-22.1,38,28.5,48.6,0.0,986.7
2024-06-15T18:00,Maitri Station,-14.3,-22.1,38,26.2,45.4,0.0,986.5
2024-06-15T19:00,Maitri Station,-14.6,-22.2,38,24.9,41.8,0.0,986.5
2024-06-15T20:00,Maitri Station,-15.3,-22.6,39,22.7,38.5,0.0,986.6
2024-06-15T21:00,Maitri Station,-16.0,-23.2,41,22.0,35.3,0.0,986.8
2024-06-15T22:00,Maitri Station,-16.4,-23.5,41,21.6,34.2,0.0,986.9
2024-06-15T23:00,Maitri Station,-16.7,-23.7,42,20.9,33.5,0.0,987.1
2024-06-16T00:00,Maitri Station,-17.0,-24.2,41,21.3,33.5,0.0,987.3
2024-06-16T01:00,Maitri Station,-16.9,-23.9,42,20.5,31.0,0.0,987.4
2024-06-16T02:00,Maitri Station,-15.5,-23.5,37,26.9,42.1,0.0,988.0
2024-06-16T03:00,Maitri Station,-14.6,-23.4,37,32.6,51.8,0.0,988.1
2024-06-16T04:00,Maitri Station,-14.1,-22.5,37,30.7,51.5,0.0,988.2
2024-06-16T05:00,Maitri Station,-14.3,-22.4,37,28.2,49.0,0.0,988.2
2024-06-16T06:00,Maitri Station,-14.1,-22.4,37,30.0,49.0,0.0,988.2
2024-06-16T07:00,Maitri Station,-13.0,-22.2,37,36.3,59.8,0.0,988.4
2024-06-16T08:00,Maitri Station,-12.8,-22.6,38,40.0,66.2,0.0,988.4
2024-06-16T09:00,Maitri Station,-12.4,-22.2,41,40.3,67.3,0.0,988.7
2024-06-16T10:00,Maitri Station,-12.0,-21.6,42,39.5,67.3,0.0,988.6
2024-06-16T11:00,Maitri Station,-11.3,-20.9,45,39.0,65.9,0.0,988.7
2024-06-16T12:00,Maitri Station,-10.7,-20.0,47,37.7,65.2,0.0,988.7
2024-06-16T13:00,Maitri Station,-9.5,-18.8,49,37.7,65.9,0.0,988.0
2024-06-16T14:00,Maitri Station,-9.4,-18.2,48,34.9,63.4,0.0,988.2
2024-06-16T15:00,Maitri Station,-9.3,-17.9,46,33.3,59.0,0.0,987.9
2024-06-16T16:00,Maitri Station,-9.4,-17.7,45,31.3,55.8,0.0,987.8
2024-06-16T17:00,Maitri Station,-9.3,-17.5,44,30.3,52.9,0.0,987.3
2024-06-16T18:00,Maitri Station,-9.3,-17.4,42,29.5,50.8,0.0,987.0
2024-06-16T19:00,Maitri Station,-9.6,-17.6,40,28.7,49.0,0.0,986.9
2024-06-16T20:00,Maitri Station,-10.2,-18.2,38,27.9,47.5,0.0,986.8
2024-06-16T21:00,Maitri Station,-10.6,-18.4,37,27.0,46.1,0.0,987.0
2024-06-16T22:00,Maitri Station,-11.0,-19.0,36,27.9,45.7,0.0,986.9
2024-06-16T23:00,Maitri Station,-11.2,-19.4,36,29.1,48.2,0.0,987.3
2024-06-17T00:00,Maitri Station,-11.6,-20.0,36,30.6,50.8,0.0,987.8
2024-06-17T01:00,Maitri Station,-11.1,-20.0,35,34.0,56.5,0.0,986.9
2024-06-17T02:00,Maitri Station,-11.6,-20.2,34,32.1,55.8,0.0,986.9
2024-06-17T03:00,Maitri Station,-11.7,-20.3,34,31.7,52.6,0.0,986.8
2024-06-17T04:00,Maitri Station,-12.2,-20.8,34,31.8,52.6,0.0,986.7
2024-06-17T05:00,Maitri Station,-13.0,-21.9,34,33.9,56.2,0.0,987.1
2024-06-17T06:00,Maitri Station,-13.5,-22.6,35,34.9,58.3,0.0,987.6
2024-06-17T07:00,Maitri Station,-13.8,-22.8,35,34.2,58.7,0.0,988.0
2024-06-17T08:00,Maitri Station,-14.1,-22.6,35,31.0,57.6,0.0,988.4
2024-06-17T09:00,Maitri Station,-14.5,-22.0,35,23.9,51.8,0.0,988.2
2024-06-17T10:00,Maitri Station,-13.8,-22.5,32,31.9,52.6,0.0,988.6
2024-06-17T11:00,Maitri Station,-15.0,-23.5,36,30.9,54.0,0.0,989.1
2024-06-17T12:00,Maitri Station,-15.5,-23.9,38,29.8,52.6,0.0,989.0
2024-06-17T13:00,Maitri Station,-15.3,-23.6,38,29.6,51.1,0.0,987.4
2024-06-17T14:00,Maitri Station,-15.2,-23.1,37,26.3,50.4,0.0,987.4
2024-06-17T15:00,Maitri Station,-15.9,-22.8,38,19.4,45.0,0.0,986.7
2024-06-17T16:00,Maitri Station,-15.2,-22.7,34,23.9,39.2,0.0,986.6
2024-06-17T17:00,Maitri Station,-15.3,-23.8,34,30.6,51.1,0.0,986.9
2024-06-17T18:00,Maitri Station,-15.3,-24.1,35,32.8,54.7,0.0,986.8
2024-06-17T19:00,Maitri Station,-15.1,-24.1,33,33.7,56.5,0.0,986.7
2024-06-17T20:00,Maitri Station,-15.2,-24.6,33,36.8,61.2,0.0,986.8
2024-06-17T21:00,Maitri Station,-15.2,-24.7,34,37.6,63.0,0.0,987.2
2024-06-17T22:00,Maitri Station,-15.5,-24.8,35,36.4,63.4,0.0,987.1
2024-06-17T23:00,Maitri Station,-15.6,-25.0,35,36.6,61.6,0.0,987.0
2024-06-18T00:00,Maitri Station,-15.8,-25.2,35,37.1,61.9,0.0,987.0
2024-06-18T01:00,Maitri Station,-15.3,-24.8,37,38.0,63.4,0.0,986.7
2024-06-18T02:00,Maitri Station,-15.4,-25.0,38,38.7,64.4,0.0,986.3
2024-06-18T03:00,Maitri Station,-15.4,-25.1,39,39.4,65.9,0.0,986.1
2024-06-18T04:00,Maitri Station,-15.2,-24.9,40,39.5,65.9,0.0,986.0
2024-06-18T05:00,Maitri Station,-15.1,-24.8,41,39.2,65.9,0.0,985.9
2024-06-18T06:00,Maitri Station,-15.0,-24.7,41,39.1,65.2,0.0,985.9
2024-06-18T07:00,Maitri Station,-15.0,-24.5,41,37.8,64.8,0.0,985.8
2024-06-18T08:00,Maitri Station,-15.1,-24.5,41,37.0,63.4,0.0,985.9
2024-06-18T09:00,Maitri Station,-15.2,-24.6,40,36.8,61.9,0.0,986.0
2024-06-18T10:00,Maitri Station,-15.2,-24.6,41,37.1,61.6,0.0,986.0
2024-06-18T11:00,Maitri Station,-15.4,-24.7,42,36.2,61.6,0.0,985.8
2024-06-18T12:00,Maitri Station,-15.5,-24.7,42,35.7,60.1,0.0,985.5
2024-06-18T13:00,Maitri Station,-15.5,-24.5,42,34.6,58.7,0.0,984.7
2024-06-18T14:00,Maitri Station,-15.5,-24.5,41,34.9,58.0,0.0,984.7
2024-06-18T15:00,Maitri Station,-15.4,-24.5,41,34.6,58.3,0.0,984.5
2024-06-18T16:00,Maitri Station,-15.4,-24.4,41,34.4,58.3,0.0,984.3
2024-06-18T17:00,Maitri Station,-15.4,-24.4,41,34.4,57.6,0.0,984.1
2024-06-18T18:00,Maitri Station,-15.5,-24.7,41,35.5,59.4,0.0,984.2
2024-06-18T19:00,Maitri Station,-15.6,-24.8,43,36.0,60.5,0.0,984.2
2024-06-18T20:00,Maitri Station,-15.6,-24.8,44,35.4,60.5,0.0,984.1
2024-06-18T21:00,Maitri Station,-15.5,-24.6,45,35.1,59.4,0.0,984.1
2024-06-18T22:00,Maitri Station,-15.5,-24.5,47,35.0,59.0,0.0,984.1
2024-06-18T23:00,Maitri Station,-15.5,-24.6,48,35.5,59.8,0.0,984.0
2024-06-19T00:00,Maitri Station,-15.4,-24.4,49,34.9,59.8,0.0,983.9
2024-06-19T01:00,Maitri Station,-15.4,-24.3,46,34.4,58.7,0.0,982.7
2024-06-19T02:00,Maitri Station,-15.5,-24.3,48,33.8,58.3,0.0,982.6
2024-06-19T03:00,Maitri Station,-15.6,-24.2,48,32.2,57.2,0.0,982.7
2024-06-19T04:00,Maitri Station,-15.8,-24.3,48,30.9,54.7,0.0,982.8
2024-06-19T05:00,Maitri Station,-15.6,-24.0,48,30.5,52.9,0.0,982.6
2024-06-19T06:00,Maitri Station,-15.6,-23.9,47,29.8,51.8,0.0,982.5
2024-06-19T07:00,Maitri Station,-15.6,-23.8,46,29.1,50.8,0.0,982.4
2024-06-19T08:00,Maitri Station,-15.7,-23.7,46,27.9,49.7,0.0,982.7
2024-06-19T09:00,Maitri Station,-16.2,-24.2,44,27.7,47.9,0.0,982.7
2024-06-19T10:00,Maitri Station,-16.3,-24.3,43,27.4,47.5,0.0,982.3
2024-06-19T11:00,Maitri Station,-16.6,-24.4,42,26.3,46.8,0.0,982.0
2024-06-19T12:00,Maitri Station,-17.0,-24.7,41,25.1,45.0,0.0,981.6
2024-06-19T13:00,Maitri Station,-16.9,-23.7,42,19.3,35.6,0.0,980.4
2024-06-19T14:00,Maitri Station,-17.5,-24.1,41,17.6,33.8,0.0,980.0
2024-06-19T15:00,Maitri Station,-17.8,-24.2,41,16.1,30.6,0.0,979.2
2024-06-19T16:00,Maitri Station,-18.8,-25.0,41,14.8,27.4,0.0,978.6
2024-06-19T17:00,Maitri Station,-19.6,-25.5,43,13.0,24.1,0.0,978.1
2024-06-19T18:00,Maitri Station,-20.5,-26.4,45,12.6,19.8,0.0,977.5
2024-06-19T19:00,Maitri Station,-21.2,-27.0,45,11.4,17.3,0.0,977.3
2024-06-19T20:00,Maitri Station,-20.3,-25.8,36,9.5,15.5,0.0,977.0
2024-06-19T21:00,Maitri Station,-19.6,-25.0,31,8.7,12.6,0.0,976.8
2024-06-19T22:00,Maitri Station,-20.0,-25.4,31,8.8,11.9,0.0,976.1
2024-06-19T23:00,Maitri Station,-21.3,-26.7,35,9.3,13.0,0.0,975.3
2024-06-20T00:00,Maitri Station,-21.7,-27.3,35,9.7,13.3,0.0,974.5
2024-06-20T01:00,Maitri Station,-22.3,-27.7,48,9.0,18.7,0.0,972.8
2024-06-20T02:00,Maitri Station,-23.1,-28.6,49,10.2,14.8,0.0,972.1
2024-06-20T03:00,Maitri Station,-21.8,-27.1,43,8.4,15.1,0.0,971.8
2024-06-20T04:00,Maitri Station,-17.7,-22.4,28,4.1,13.3,0.0,971.6
2024-06-20T05:00,Maitri Station,-18.4,-23.3,31,5.1,8.3,0.0,971.3
2024-06-20T06:00,Maitri Station,-19.4,-24.1,35,4.2,9.0,0.0,971.0
2024-06-20T07:00,Maitri Station,-18.6,-22.8,33,0.7,7.6,0.0,970.9
2024-06-20T08:00,Maitri Station,-18.7,-23.0,33,1.8,3.2,0.0,970.9
2024-06-20T09:00,Maitri Station,-19.1,-23.9,33,4.4,5.0,0.0,970.8
2024-06-20T10:00,Maitri Station,-23.4,-28.9,38,9.4,13.0,0.0,970.6
2024-06-20T11:00,Maitri Station,-25.1,-31.1,40,12.8,17.3,0.0,970.5
2024-06-20T12:00,Maitri Station,-25.1,-31.2,40,13.5,18.7,0.0,970.6
2024-06-20T13:00,Maitri Station,-25.5,-31.6,40,13.3,20.2,0.0,968.8
2024-06-20T14:00,Maitri Station,-25.3,-31.7,40,15.4,21.6,0.0,969.3
2024-06-20T15:00,Maitri Station,-25.0,-31.6,39,16.9,24.1,0.0,969.5
2024-06-20T16:00,Maitri Station,-24.1,-31.2,37,20.2,29.2,0.0,969.8
2024-06-20T17:00,Maitri Station,-23.6,-30.9,38,21.7,32.8,0.0,970.6
2024-06-20T18:00,Maitri Station,-24.3,-31.0,40,17.9,32.8,0.0,971.5
2024-06-20T19:00,Maitri Station,-26.5,-32.7,42,14.1,24.8,0.0,971.8
2024-06-20T20:00,Maitri Station,-27.0,-33.7,45,17.2,23.4,0.0,972.7
2024-06-20T21:00,Maitri Station,-27.6,-34.3,47,17.7,24.5,0.0,973.4
2024-06-20T22:00,Maitri Station,-27.5,-34.2,45,17.4,24.5,0.0,974.0
2024-06-20T23:00,Maitri Station,-27.8,-34.6,45,18.1,25.2,0.0,974.5
2024-06-21T00:00,Maitri Station,-28.1,-34.9,46,18.3,25.9,0.0,975.3
2024-06-21T01:00,Maitri Station,-22.8,-30.9,35,27.4,45.4,0.0,976.5
2024-06-21T02:00,Maitri Station,-23.0,-30.8,36,24.8,45.4,0.0,977.1
2024-06-21T03:00,Maitri Station,-23.5,-30.8,36,22.2,40.3,0.0,977.4
2024-06-21T04:00,Maitri Station,-24.0,-31.2,36,20.8,35.3,0.0,977.9
2024-06-21T05:00,Maitri Station,-24.5,-31.7,37,20.6,32.8,0.0,978.2
2024-06-21T06:00,Maitri Station,-24.3,-31.5,37,21.0,33.1,0.0,978.6
2024-06-21T07:00,Maitri Station,-24.1,-31.3,37,21.2,33.5,0.0,978.9
2024-06-21T08:00,Maitri Station,-23.8,-31.2,36,22.7,35.6,0.0,979.4
2024-06-21T09:00,Maitri Station,-23.4,-30.9,36,23.1,37.1,0.0,979.9
2024-06-21T10:00,Maitri Station,-23.5,-31.0,36,23.3,37.1,0.0,980.4
2024-06-21T11:00,Maitri Station,-23.2,-30.9,36,24.2,38.5,0.0,980.7
2024-06-21T12:00,Maitri Station,-23.0,-30.7,37,24.5,38.9,0.0,981.1
2024-06-21T13:00,Maitri Station,-23.7,-31.1,40,22.0,37.1,0.0,982.0
2024-06-21T14:00,Maitri Station,-24.4,-31.5,40,20.0,33.5,0.0,982.1
2024-06-21T15:00,Maitri Station,-25.1,-32.0,41,18.8,30.2,0.0,982.2
2024-06-21T16:00,Maitri Station,-26.1,-32.8,43,17.3,27.7,0.0,982.4
2024-06-21T17:00,Maitri Station,-27.1,-33.6,45,16.2,24.8,0.0,982.4
2024-06-21T18:00,Maitri Station,-27.9,-34.2,46,15.2,22.3,0.0,982.4
2024-06-21T19:00,Maitri Station,-28.6,-34.7,46,13.2,20.2,0.0,982.7
2024-06-21T20:00,Maitri Station,-27.5,-33.2,41,10.3,17.6,0.0,983.1
2024-06-21T21:00,Maitri Station,-25.1,-30.5,33,8.6,14.4,0.0,983.5
2024-06-21T22:00,Maitri Station,-22.4,-27.5,25,6.6,12.2,0.0,983.7
2024-06-21T23:00,Maitri Station,-22.3,-27.4,26,6.5,10.4,0.0,983.9
2024-06-22T00:00,Maitri Station,-22.9,-28.2,29,7.9,12.6,0.0,983.8
2024-06-22T01:00,Maitri Station,-22.3,-27.5,26,7.2,12.2,0.0,983.4
2024-06-22T02:00,Maitri Station,-24.0,-29.4,32,8.3,13.3,0.0,983.6
2024-06-22T03:00,Maitri Station,-26.8,-32.3,41,9.5,15.8,0.0,983.3
2024-06-22T04:00,Maitri Station,-27.7,-33.3,44,9.9,16.6,0.0,983.1
2024-06-22T05:00,Maitri Station,-27.3,-32.8,42,9.2,16.6,0.0,982.8
2024-06-22T06:00,Maitri Station,-26.0,-31.2,39,7.7,15.5,0.0,983.0
2024-06-22T07:00,Maitri Station,-25.3,-30.3,37,5.9,13.7,0.0,982.9
2024-06-22T08:00,Maitri Station,-25.9,-30.7,39,4.0,11.2,0.0,983.4
2024-06-22T09:00,Maitri Station,-26.0,-30.5,39,2.5,8.6,0.0,983.7
2024-06-22T10:00,Maitri Station,-25.6,-30.3,37,3.6,7.6,0.0,983.5
2024-06-22T11:00,Maitri Station,-25.1,-30.0,33,5.1,9.0,0.0,983.5
2024-06-22T12:00,Maitri Station,-24.9,-29.7,30,4.4,9.4,0.0,983.3
2024-06-22T13:00,Maitri Station,-26.4,-31.8,25,7.9,16.9,0.0,981.7
2024-06-22T14:00,Maitri Station,-23.9,-28.5,20,2.4,13.3,0.0,981.4
2024-06-22T15:00,Maitri Station,-24.0,-28.4,21,1.4,7.2,0.0,981.0
2024-06-22T16:00,Maitri Station,-24.7,-29.3,22,2.7,7.6,0.0,980.9
2024-06-22T17:00,Maitri Station,-24.0,-28.9,20,5.4,9.7,0.0,980.4
2024-06-22T18:00,Maitri Station,-23.9,-29.0,19,6.6,10.4,0.0,980.4
2024-06-22T19:00,Maitri Station,-23.7,-28.9,18,7.3,11.2,0.0,981.0
2024-06-22T20:00,Maitri Station,-26.1,-31.7,22,10.2,14.0,0.0,981.0
2024-06-22T21:00,Maitri Station,-29.3,-35.4,30,13.2,19.4,0.0,980.7
2024-06-22T22:00,Maitri Station,-30.0,-36.2,32,13.8,20.5,0.0,980.8
2024-06-22T23:00,Maitri Station,-30.0,-36.6,32,16.6,23.4,0.0,980.9
2024-06-23T00:00,Maitri Station,-29.6,-36.3,32,16.9,25.6,0.0,981.1
2024-06-23T01:00,Maitri Station,-20.2,-25.7,19,8.8,21.6,0.0,981.8
2024-06-23T02:00,Maitri Station,-20.7,-25.7,21,6.2,11.9,0.0,981.6
2024-06-23T03:00,Maitri Station,-21.6,-26.6,25,6.2,7.6,0.0,981.4
2024-06-23T04:00,Maitri Station,-20.7,-25.8,25,6.7,10.1,0.0,980.6
2024-06-23T05:00,Maitri Station,-20.2,-25.3,24,6.5,9.7,0.0,980.5
2024-06-23T06:00,Maitri Station,-22.2,-27.7,23,9.0,12.2,0.0,980.5
2024-06-23T07:00,Maitri Station,-30.2,-36.6,32,15.2,20.5,0.0,979.8
2024-06-23T08:00,Maitri Station,-26.9,-34.4,31,22.4,34.6,0.0,980.0
2024-06-23T09:00,Maitri Station,-28.0,-35.2,32,21.0,34.6,0.0,980.7
2024-06-23T10:00,Maitri Station,-24.5,-33.2,28,31.6,51.8,0.0,981.4
2024-06-23T11:00,Maitri Station,-23.3,-33.7,29,43.1,71.3,0.0,981.8
2024-06-23T12:00,Maitri Station,-23.4,-33.9,33,43.6,76.0,0.0,982.3
2024-06-23T13:00,Maitri Station,-22.9,-33.2,32,42.2,72.4,0.0,980.6
2024-06-23T14:00,Maitri Station,-22.7,-33.2,34,43.6,72.4,0.0,980.3
2024-06-23T15:00,Maitri Station,-22.3,-32.9,34,44.7,73.8,0.0,979.7
2024-06-23T16:00,Maitri Station,-21.9,-32.7,32,45.3,74.2,0.0,978.8
2024-06-23T17:00,Maitri Station,-21.6,-32.3,31,45.4,74.2,0.0,978.0
2024-06-23T18:00,Maitri Station,-21.2,-31.9,30,45.4,74.2,0.0,977.5
2024-06-23T19:00,Maitri Station,-20.5,-31.1,28,44.3,74.5,0.0,976.8
2024-06-23T20:00,Maitri Station,-20.0,-30.4,28,43.5,73.4,0.0,976.6
2024-06-23T21:00,Maitri Station,-19.8,-30.2,29,42.9,73.1,0.0,976.5
2024-06-23T22:00,Maitri Station,-19.8,-29.9,30,41.5,72.0,0.0,976.1
2024-06-23T23:00,Maitri Station,-19.6,-29.6,30,40.6,69.8,0.0,975.6
2024-06-24T00:00,Maitri Station,-19.5,-29.4,31,40.0,69.1,0.0,975.6
2024-06-24T01:00,Maitri Station,-18.2,-28.7,31,43.5,73.4,0.0,975.7
2024-06-24T02:00,Maitri Station,-18.3,-28.7,32,43.6,74.2,0.0,975.7
2024-06-24T03:00,Maitri Station,-18.5,-28.7,34,42.0,73.8,0.0,976.0
2024-06-24T04:00,Maitri Station,-18.7,-28.4,34,38.6,71.3,0.0,975.7
2024-06-24T05:00,Maitri Station,-18.8,-28.2,34,36.6,65.5,0.0,975.3
2024-06-24T06:00,Maitri Station,-18.6,-28.0,33,36.5,62.3,0.0,975.3
2024-06-24T07:00,Maitri Station,-18.4,-27.9,32,36.7,61.9,0.0,975.4
2024-06-24T08:00,Maitri Station,-18.4,-27.7,32,35.8,61.9,0.0,975.8
2024-06-24T09:00,Maitri Station,-18.6,-27.6,32,33.7,60.5,0.0,975.7
2024-06-24T10:00,Maitri Station,-18.8,-27.4,31,31.4,57.2,0.0,975.7
2024-06-24T11:00,Maitri Station,-18.5,-27.4,30,32.8,54.7,0.0,975.6
2024-06-24T12:00,Maitri Station,-18.5,-27.3,30,31.8,55.1,0.0,975.4
2024-06-24T13:00,Maitri Station,-17.6,-26.6,30,33.6,58.0,0.0,974.2
2024-06-24T14:00,Maitri Station,-17.6,-26.4,30,32.1,56.2,0.0,974.0
2024-06-24T15:00,Maitri Station,-17.5,-26.1,29,31.3,54.4,0.0,974.1
2024-06-24T16:00,Maitri Station,-17.3,-26.0,28,31.6,53.3,0.0,974.2
2024-06-24T17:00,Maitri Station,-17.1,-25.9,28,32.4,55.1,0.0,974.6
2024-06-24T18:00,Maitri Station,-17.1,-25.6,30,30.6,54.7,0.0,974.9
2024-06-24T19:00,Maitri Station,-17.5,-25.6,30,27.4,51.8,0.0,975.4
2024-06-24T20:00,Maitri Station,-18.1,-26.0,29,26.6,47.2,0.0,975.9
2024-06-24T21:00,Maitri Station,-17.8,-26.1,28,28.4,48.2,0.0,976.2
2024-06-24T22:00,Maitri Station,-17.7,-26.1,29,29.6,50.4,0.0,976.3
2024-06-24T23:00,Maitri Station,-17.8,-26.0,28,28.5,50.4,0.0,976.4
2024-06-25T00:00,Maitri Station,-17.9,-25.9,28,27.0,48.2,0.0,977.0
2024-06-25T01:00,Maitri Station,-17.7,-25.7,29,26.5,49.3,0.0,976.2
2024-06-25T02:00,Maitri Station,-18.1,-25.9,29,25.0,45.4,0.0,976.7
2024-06-25T03:00,Maitri Station,-18.2,-25.9,28,24.7,42.8,0.0,977.3
2024-06-25T04:00,Maitri Station,-18.2,-25.9,28,24.5,42.1,0.0,977.7
2024-06-25T05:00,Maitri Station,-18.0,-25.8,28,25.5,42.8,0.0,978.1
2024-06-25T06:00,Maitri Station,-17.9,-25.7,27,25.3,42.8,0.0,978.4
2024-06-25T07:00,Maitri Station,-17.8,-25.7,27,26.0,43.6,0.0,978.7
2024-06-25T08:00,Maitri Station,-17.6,-25.6,26,26.3,44.3,0.0,979.3
2024-06-25T09:00,Maitri Station,-17.6,-25.6,27,26.7,45.4,0.0,979.8
2024-06-25T10:00,Maitri Station,-17.7,-25.6,27,26.0,45.0,0.0,980.3
2024-06-25T11:00,Maitri Station,-17.8,-25.6,27,25.3,43.9,0.0,980.7
2024-06-25T12:00,Maitri Station,-18.1,-25.6,27,23.4,42.1,0.0,981.0
2024-06-25T13:00,Maitri Station,-18.5,-25.8,27,22.0,40.0,0.0,981.1
2024-06-25T14:00,Maitri Station,-19.2,-26.2,28,19.8,36.0,0.0,981.0
2024-06-25T15:00,Maitri Station,-20.0,-26.9,28,19.1,32.4,0.0,981.2
2024-06-25T16:00,Maitri Station,-20.8,-27.5,29,17.6,30.6,0.0,981.4
2024-06-25T17:00,Maitri Station,-21.7,-28.0,29,15.1,27.7,0.0,981.8
2024-06-25T18:00,Maitri Station,-20.0,-25.9,21,11.9,24.5,0.0,982.2
2024-06-25T19:00,Maitri Station,-18.3,-24.1,16,10.8,20.5,0.0,982.5
2024-06-25T20:00,Maitri Station,-16.0,-21.5,11,9.2,18.0,0.0,982.7
2024-06-25T21:00,Maitri Station,-14.2,-19.5,8,7.9,14.8,0.0,983.2
2024-06-25T22:00,Maitri Station,-14.0,-19.2,8,7.2,12.2,0.0,983.1
2024-06-25T23:00,Maitri Station,-14.1,-19.3,8,7.1,10.8,0.0,983.1
2024-06-26T00:00,Maitri Station,-14.9,-20.0,8,6.2,9.7,0.0,983.5
2024-06-26T01:00,Maitri Station,-18.8,-24.4,15,9.4,13.7,0.0,983.3
2024-06-26T02:00,Maitri Station,-16.6,-21.9,11,8.0,13.3,0.0,983.2
2024-06-26T03:00,Maitri Station,-15.1,-20.0,9,4.4,11.9,0.0,982.9
2024-06-26T04:00,Maitri Station,-14.8,-19.8,8,5.2,7.6,0.0,982.6
2024-06-26T05:00,Maitri Station,-14.7,-19.8,8,5.9,8.3,0.0,982.3
2024-06-26T06:00,Maitri Station,-14.9,-20.2,9,7.2,10.4,0.0,981.7
2024-06-26T07:00,Maitri Station,-16.0,-21.2,10,7.3,11.9,0.0,981.7
2024-06-26T08:00,Maitri Station,-17.6,-22.4,12,4.7,11.2,0.0,981.8
2024-06-26T09:00,Maitri Station,-18.3,-23.1,12,4.3,7.6,0.0,981.8
2024-06-26T10:00,Maitri Station,-18.5,-23.3,12,4.0,7.6,0.0,981.5
2024-06-26T11:00,Maitri Station,-18.1,-22.8,11,3.6,6.8,0.0,981.4
2024-06-26T12:00,Maitri Station,-18.2,-22.9,11,3.8,6.8,0.0,981.1
2024-06-26T13:00,Maitri Station,-18.4,-23.4,16,5.4,8.3,0.0,980.4
2024-06-26T14:00,Maitri Station,-18.9,-23.6,16,3.4,7.9,0.0,979.6
2024-06-26T15:00,Maitri Station,-19.3,-24.1,16,4.7,6.8,0.0,978.9
2024-06-26T16:00,Maitri Station,-19.5,-24.4,15,5.2,7.6,0.0,978.4
2024-06-26T17:00,Maitri Station,-19.4,-24.2,14,4.3,7.6,0.0,978.0
2024-06-26T18:00,Maitri Station,-19.0,-23.5,14,2.3,6.1,0.0,977.7
2024-06-26T19:00,Maitri Station,-19.6,-24.0,15,1.9,3.6,0.0,977.4
2024-06-26T20:00,Maitri Station,-18.8,-23.2,15,1.8,4.3,0.0,977.0
2024-06-26T21:00,Maitri Station,-18.7,-23.4,15,4.0,6.5,0.0,977.3
2024-06-26T22:00,Maitri Station,-18.5,-23.4,15,4.7,8.3,0.0,976.9
2024-06-26T23:00,Maitri Station,-19.6,-24.4,17,4.5,8.3,0.0,976.9
2024-06-27T00:00,Maitri Station,-20.6,-25.5,18,4.7,8.6,0.0,976.7
2024-06-27T01:00,Maitri Station,-19.6,-25.0,14,8.5,15.8,0.0,976.5
2024-06-27T02:00,Maitri Station,-21.9,-27.1,16,7.0,13.0,0.0,976.7
2024-06-27T03:00,Maitri Station,-22.7,-27.9,16,6.8,11.5,0.0,976.6
2024-06-27T04:00,Maitri Station,-22.0,-27.0,15,5.5,11.2,0.0,976.3
2024-06-27T05:00,Maitri Station,-21.5,-26.0,14,2.2,9.7,0.0,976.6
2024-06-27T06:00,Maitri Station,-21.9,-26.3,15,1.6,5.4,0.0,977.0
2024-06-27T07:00,Maitri Station,-22.1,-26.8,16,4.0,5.4,0.0,977.4
2024-06-27T08:00,Maitri Station,-21.5,-26.5,16,5.9,7.9,0.0,977.6
2024-06-27T09:00,Maitri Station,-21.2,-26.4,16,7.3,9.7,0.0,978.0
2024-06-27T10:00,Maitri Station,-21.0,-25.6,16,3.3,9.7,0.0,978.4
2024-06-27T11:00,Maitri Station,-25.8,-31.5,21,10.7,14.8,0.0,978.5
2024-06-27T12:00,Maitri Station,-27.3,-33.2,22,11.9,17.6,0.0,978.8
2024-06-27T13:00,Maitri Station,-28.5,-35.7,31,20.7,31.3,0.0,979.2
2024-06-27T14:00,Maitri Station,-24.1,-32.8,27,31.0,49.0,0.0,979.8
2024-06-27T15:00,Maitri Station,-24.3,-32.5,27,27.9,49.0,0.0,980.2
2024-06-27T16:00,Maitri Station,-24.7,-32.8,27,26.7,43.9,0.0,980.5
2024-06-27T17:00,Maitri Station,-25.4,-33.2,28,25.2,41.4,0.0,980.7
2024-06-27T18:00,Maitri Station,-26.0,-34.0,30,26.0,40.3,0.0,981.3
2024-06-27T19:00,Maitri Station,-23.7,-32.3,27,30.2,48.6,0.0,982.0
2024-06-27T20:00,Maitri Station,-24.0,-32.1,28,27.4,47.9,0.0,982.2
2024-06-27T21:00,Maitri Station,-24.8,-32.7,29,25.7,42.8,0.0,982.4
2024-06-27T22:00,Maitri Station,-24.3,-32.3,29,26.2,41.8,0.0,982.6
2024-06-27T23:00,Maitri Station,-24.3,-32.3,30,26.4,41.4,0.0,983.0
2024-06-28T00:00,Maitri Station,-24.7,-32.6,32,25.2,40.7,0.0,982.9
2024-06-28T01:00,Maitri Station,-25.4,-32.9,36,22.7,37.8,0.0,982.9
2024-06-28T02:00,Maitri Station,-25.9,-33.2,36,21.6,34.6,0.0,983.6
2024-06-28T03:00,Maitri Station,-24.6,-32.3,33,24.1,37.4,0.0,984.1
2024-06-28T04:00,Maitri Station,-23.4,-31.3,31,25.7,39.6,0.0,984.1
2024-06-28T05:00,Maitri Station,-24.2,-31.8,33,23.4,39.2,0.0,983.9
2024-06-28T06:00,Maitri Station,-26.2,-33.8,39,23.5,35.3,0.0,983.8
2024-06-28T07:00,Maitri Station,-26.6,-33.8,41,21.1,34.9,0.0,984.3
2024-06-28T08:00,Maitri Station,-25.2,-32.6,35,22.0,33.5,0.0,985.0
2024-06-28T09:00,Maitri Station,-24.4,-31.7,32,21.3,34.2,0.0,985.1
2024-06-28T10:00,Maitri Station,-25.5,-32.6,35,20.6,32.0,0.0,985.2
2024-06-28T11:00,Maitri Station,-25.6,-32.6,35,19.8,30.6,0.0,985.4
2024-06-28T12:00,Maitri Station,-25.9,-32.7,34,18.4,29.9,0.0,985.7
2024-06-28T13:00,Maitri Station,-25.1,-31.6,35,16.5,30.2,0.0,985.9
2024-06-28T14:00,Maitri Station,-25.7,-31.7,33,13.0,25.2,0.0,985.9
2024-06-28T15:00,Maitri Station,-26.3,-32.3,34,12.6,19.1,0.0,985.5
2024-06-28T16:00,Maitri Station,-26.1,-32.0,33,11.8,18.0,0.0,985.4
2024-06-28T17:00,Maitri Station,-25.8,-31.6,33,11.5,18.0,0.0,985.4
2024-06-28T18:00,Maitri Station,-26.4,-32.4,36,12.2,19.1,0.0,985.3
2024-06-28T19:00,Maitri Station,-26.4,-32.4,36,12.6,20.2,0.0,985.4
2024-06-28T20:00,Maitri Station,-26.8,-33.0,36,13.8,22.3,0.0,985.5
2024-06-28T21:00,Maitri Station,-26.7,-33.1,36,15.3,25.2,0.0,985.5
2024-06-28T22:00,Maitri Station,-25.8,-31.9,33,13.3,24.8,0.0,985.4
2024-06-28T23:00,Maitri Station,-24.6,-30.5,28,11.9,21.6,0.0,985.4
2024-06-29T00:00,Maitri Station,-25.8,-31.8,31,12.7,19.1,0.0,985.3
2024-06-29T01:00,Maitri Station,-25.7,-31.8,37,13.8,23.8,0.0,984.7
2024-06-29T02:00,Maitri Station,-25.1,-31.8,37,17.4,28.1,0.0,984.6
2024-06-29T03:00,Maitri Station,-24.8,-31.6,37,18.6,29.2,0.0,984.4
2024-06-29T04:00,Maitri Station,-24.6,-31.5,37,18.8,29.2,0.0,984.4
2024-06-29T05:00,Maitri Station,-24.2,-31.2,36,19.4,29.2,0.0,984.2
2024-06-29T06:00,Maitri Station,-24.4,-31.2,37,18.4,28.8,0.0,983.8
2024-06-29T07:00,Maitri Station,-24.8,-30.9,35,13.5,27.4,0.0,983.5
2024-06-29T08:00,Maitri Station,-17.1,-22.2,19,6.6,20.5,0.0,983.7
2024-06-29T09:00,Maitri Station,-17.3,-22.5,19,6.9,11.2,0.0,983.7
2024-06-29T10:00,Maitri Station,-17.6,-22.9,19,7.7,11.9,0.0,983.6
2024-06-29T11:00,Maitri Station,-18.0,-23.3,19,7.9,11.9,0.0,982.8
2024-06-29T12:00,Maitri Station,-22.0,-27.6,25,9.9,15.1,0.0,982.2
2024-06-29T13:00,Maitri Station,-24.4,-30.3,33,11.9,19.8,0.0,981.2
2024-06-29T14:00,Maitri Station,-19.7,-25.1,22,9.0,19.4,0.0,980.9
2024-06-29T15:00,Maitri Station,-17.6,-22.5,18,5.2,16.6,0.0,980.8
2024-06-29T16:00,Maitri Station,-21.4,-27.0,23,10.2,14.4,0.0,980.7
2024-06-29T17:00,Maitri Station,-20.7,-26.3,21,10.2,16.2,0.0,980.3
2024-06-29T18:00,Maitri Station,-17.8,-22.8,17,5.6,16.6,0.0,980.2
2024-06-29T19:00,Maitri Station,-18.6,-24.0,18,8.9,16.2,0.0,980.2
2024-06-29T20:00,Maitri Station,-25.4,-32.6,31,20.4,33.8,0.0,979.8
2024-06-29T21:00,Maitri Station,-18.5,-29.3,26,45.8,72.4,0.0,980.2
2024-06-29T22:00,Maitri Station,-19.2,-29.7,28,43.3,79.9,0.0,980.6
2024-06-29T23:00,Maitri Station,-19.9,-29.7,27,39.2,71.3,0.0,981.3
2024-06-30T00:00,Maitri Station,-20.5,-30.7,29,41.6,68.0,0.0,981.0
2024-06-30T01:00,Maitri Station,-22.2,-31.7,33,36.7,69.8,0.0,980.4
2024-06-30T02:00,Maitri Station,-22.7,-31.3,34,31.2,59.8,0.0,980.4
2024-06-30T03:00,Maitri Station,-22.8,-30.9,33,27.7,50.4,0.0,980.4
2024-06-30T04:00,Maitri Station,-23.6,-31.2,34,23.2,43.6,0.0,980.1
2024-06-30T05:00,Maitri Station,-24.8,-31.9,36,20.5,34.9,0.0,979.9
2024-06-30T06:00,Maitri Station,-24.4,-31.7,35,21.9,34.6,0.0,980.1
2024-06-30T07:00,Maitri Station,-22.7,-30.3,32,23.5,39.2,0.0,980.4
2024-06-30T08:00,Maitri Station,-23.3,-30.7,33,22.7,38.5,0.0,980.5
2024-06-30T09:00,Maitri Station,-22.8,-30.4,32,23.8,38.5,0.0,980.9
2024-06-30T10:00,Maitri Station,-21.8,-30.0,32,27.5,45.0,0.0,981.0
2024-06-30T11:00,Maitri Station,-21.6,-29.7,33,27.7,46.8,0.0,981.1
2024-06-30T12:00,Maitri Station,-21.5,-29.6,34,27.3,46.4,0.0,981.5
2024-06-30T13:00,Maitri Station,-22.4,-29.8,33,22.9,42.1,0.0,981.9
2024-06-30T14:00,Maitri Station,-22.5,-29.9,32,22.4,38.5,0.0,982.1
2024-06-30T15:00,Maitri Station,-21.9,-29.6,33,24.0,40.7,0.0,982.4
2024-06-30T16:00,Maitri Station,-22.0,-29.5,36,23.3,41.4,0.0,983.1
2024-06-30T17:00,Maitri Station,-22.4,-29.8,40,22.2,40.0,0.0,983.6
2024-06-30T18:00,Maitri Station,-22.5,-29.8,41,22.3,38.5,0.0,984.1
2024-06-30T19:00,Maitri Station,-22.5,-29.8,44,21.9,38.9,0.0,984.9
2024-06-30T20:00,Maitri Station,-22.6,-29.9,47,22.2,38.5,0.0,985.8
2024-06-30T21:00,Maitri Station,-21.3,-29.0,48,25.0,42.8,0.0,986.3
2024-06-30T22:00,Maitri Station,-20.3,-28.3,50,27.4,47.5,0.0,986.8
2024-06-30T23:00,Maitri Station,-20.4,-28.4,54,27.2,48.2,0.0,987.3
2024-07-01T00:00,Maitri Station,-20.6,-28.2,55,24.6,47.5,0.0,987.5
2024-07-01T01:00,Maitri Station,-18.7,-27.0,50,29.5,54.7,0.0,986.0
2024-07-01T02:00,Maitri Station,-19.1,-26.7,55,25.2,51.1,0.0,985.9
2024-07-01T03:00,Maitri Station,-19.8,-26.8,63,20.5,44.3,0.0,985.9
2024-07-01T04:00,Maitri Station,-21.0,-28.0,65,21.0,37.8,0.0,986.1
2024-07-01T05:00,Maitri Station,-21.7,-28.7,63,20.3,38.9,0.0,985.9
2024-07-01T06:00,Maitri Station,-22.3,-28.9,62,17.7,36.0,0.0,985.6
2024-07-01T07:00,Maitri Station,-23.5,-29.7,66,14.9,31.7,0.0,985.5
2024-07-01T08:00,Maitri Station,-23.4,-29.8,66,15.8,28.8,0.0,985.9
2024-07-01T09:00,Maitri Station,-22.0,-28.7,66,18.7,32.4,0.0,986.1
2024-07-01T10:00,Maitri Station,-20.5,-27.5,65,20.9,36.0,0.0,986.1
2024-07-01T11:00,Maitri Station,-19.7,-27.0,65,23.2,39.6,0.0,986.2
2024-07-01T12:00,Maitri Station,-19.4,-27.0,63,25.1,43.2,0.0,986.3
2024-07-01T13:00,Maitri Station,-19.3,-27.0,59,25.1,41.8,0.0,986.4
2024-07-01T14:00,Maitri Station,-18.5,-26.3,59,26.4,43.9,0.0,986.4
2024-07-01T15:00,Maitri Station,-18.0,-25.9,57,27.2,45.4,0.0,986.3
2024-07-01T16:00,Maitri Station,-17.5,-25.4,59,27.3,45.7,0.0,986.2
2024-07-01T17:00,Maitri Station,-17.0,-24.9,63,27.4,46.1,0.0,986.1
2024-07-01T18:00,Maitri Station,-16.3,-24.2,67,28.3,47.2,0.0,985.8
2024-07-01T19:00,Maitri Station,-15.3,-23.4,67,29.4,49.3,0.0,985.8
2024-07-01T20:00,Maitri Station,-15.0,-23.0,66,28.9,49.3,0.0,985.8
2024-07-01T21:00,Maitri Station,-15.5,-23.2,66,26.9,48.2,0.0,985.8
2024-07-01T22:00,Maitri Station,-15.2,-22.9,66,26.5,45.4,0.0,985.3
2024-07-01T23:00,Maitri Station,-14.9,-22.6,65,26.8,45.4,0.0,985.1
2024-07-02T00:00,Maitri Station,-14.9,-22.7,66,27.6,46.4,0.0,985.0
2024-07-02T01:00,Maitri Station,-15.8,-23.6,69,27.1,46.1,0.0,985.8
2024-07-02T02:00,Maitri Station,-15.2,-22.8,69,26.4,45.0,0.0,985.2
2024-07-02T03:00,Maitri Station,-14.3,-21.9,68,26.4,44.3,0.0,984.8
2024-07-02T04:00,Maitri Station,-13.5,-21.3,68,27.4,45.7,0.0,984.1
2024-07-02T05:00,Maitri Station,-13.2,-20.9,68,26.8,45.7,0.0,983.4
2024-07-02T06:00,Maitri Station,-13.0,-20.6,66,26.7,45.0,0.0,982.7
2024-07-02T07:00,Maitri Station,-13.1,-20.6,65,26.2,45.0,0.0,982.4
2024-07-02T08:00,Maitri Station,-13.4,-20.8,65,25.2,43.9,0.0,982.3
2024-07-02T09:00,Maitri Station,-13.8,-21.1,64,24.5,42.1,0.0,981.9
2024-07-02T10:00,Maitri Station,-13.8,-21.0,63,23.5,40.3,0.0,981.5
2024-07-02T11:00,Maitri Station,-14.0,-21.1,62,22.7,38.9,0.0,980.9
2024-07-02T12:00,Maitri Station,-14.2,-21.2,61,22.3,37.8,0.0,980.5
2024-07-02T13:00,Maitri Station,-14.2,-21.4,61,23.5,41.4,0.0,979.8
2024-07-02T14:00,Maitri Station,-14.3,-21.6,59,23.7,40.0,0.0,979.5
2024-07-02T15:00,Maitri Station,-14.7,-22.3,58,25.4,42.5,0.0,979.2
2024-07-02T16:00,Maitri Station,-14.6,-22.3,61,26.6,44.6,0.0,979.0
2024-07-02T17:00,Maitri Station,-14.8,-22.3,64,25.6,44.6,0.0,978.6
2024-07-02T18:00,Maitri Station,-15.0,-22.4,64,24.6,43.2,0.0,978.1
2024-07-02T19:00,Maitri Station,-15.0,-22.4,63,24.2,41.4,0.0,978.0
2024-07-02T20:00,Maitri Station,-14.9,-22.2,65,23.8,40.7,0.0,977.8
2024-07-02T21:00,Maitri Station,-14.8,-21.8,67,22.1,40.0,0.0,977.8
2024-07-02T22:00,Maitri Station,-14.6,-21.4,66,21.1,37.4,0.0,977.5
2024-07-02T23:00,Maitri Station,-14.9,-22.1,63,23.1,38.9,0.0,977.1
2024-07-03T00:00,Maitri Station,-15.1,-22.5,61,24.3,40.7,0.0,976.6
2024-07-03T01:00,Maitri Station,-13.6,-22.2,59,32.5,54.0,0.0,977.1
2024-07-03T02:00,Maitri Station,-13.9,-22.2,62,31.0,54.0,0.0,976.7
2024-07-03T03:00,Maitri Station,-14.2,-22.4,61,30.2,51.8,0.0,976.3
2024-07-03T04:00,Maitri Station,-14.4,-22.6,65,30.4,51.5,0.0,976.2
2024-07-03T05:00,Maitri Station,-14.2,-22.0,71,28.1,50.8,0.0,976.3
2024-07-03T06:00,Maitri Station,-13.3,-20.8,72,26.0,47.5,0.0,976.2
2024-07-03T07:00,Maitri Station,-13.1,-20.3,70,24.2,44.6,0.0,975.9
2024-07-03T08:00,Maitri Station,-13.1,-20.5,64,25.0,42.5,0.0,976.0
2024-07-03T09:00,Maitri Station,-13.2,-20.8,60,26.2,44.6,0.0,976.0
2024-07-03T10:00,Maitri Station,-13.2,-20.8,60,25.9,44.6,0.0,975.9
2024-07-03T11:00,Maitri Station,-13.5,-21.0,60,25.4,43.9,0.0,975.5
2024-07-03T12:00,Maitri Station,-13.7,-21.2,60,25.4,43.2,0.0,975.3
2024-07-03T13:00,Maitri Station,-12.5,-20.8,58,30.8,52.6,0.0,975.1
2024-07-03T14:00,Maitri Station,-12.6,-20.7,57,29.4,51.5,0.0,975.3
2024-07-03T15:00,Maitri Station,-12.5,-20.4,56,28.3,49.3,0.0,975.9
2024-07-03T16:00,Maitri Station,-12.7,-20.5,56,27.1,47.5,0.0,976.1
2024-07-03T17:00,Maitri Station,-13.0,-20.7,57,26.6,45.7,0.0,976.3
2024-07-03T18:00,Maitri Station,-13.3,-20.8,59,25.9,44.6,0.0,976.3
2024-07-03T19:00,Maitri Station,-13.8,-21.1,61,23.9,42.8,0.0,976.6
2024-07-03T20:00,Maitri Station,-14.0,-21.1,62,22.7,39.2,0.0,976.8
2024-07-03T21:00,Maitri Station,-13.7,-20.8,62,22.7,37.8,0.0,976.8
2024-07-03T22:00,Maitri Station,-13.7,-20.8,61,22.4,37.8,0.0,976.5
2024-07-03T23:00,Maitri Station,-13.7,-20.8,58,22.2,37.1,0.0,976.3
2024-07-04T00:00,Maitri Station,-13.9,-21.0,55,22.2,36.7,0.0,976.3
2024-07-04T01:00,Maitri Station,-14.0,-21.5,58,24.7,42.5,0.0,977.0
2024-07-04T02:00,Maitri Station,-14.2,-21.6,57,24.7,40.7,0.0,976.6
2024-07-04T03:00,Maitri Station,-14.5,-21.8,55,23.7,40.7,0.0,976.4
2024-07-04T04:00,Maitri Station,-14.8,-22.1,53,23.2,38.9,0.0,976.1
2024-07-04T05:00,Maitri Station,-14.6,-22.0,52,24.2,39.6,0.0,976.2
2024-07-04T06:00,Maitri Station,-14.6,-22.1,54,25.0,40.7,0.0,976.4
2024-07-04T07:00,Maitri Station,-14.6,-22.2,56,25.5,41.8,0.0,976.7
2024-07-04T08:00,Maitri Station,-14.5,-22.4,57,27.6,44.6,0.0,977.1
2024-07-04T09:00,Maitri Station,-14.3,-22.3,57,28.7,47.5,0.0,977.1
2024-07-04T10:00,Maitri Station,-14.4,-22.7,57,30.5,50.4,0.0,976.9
2024-07-04T11:00,Maitri Station,-14.4,-23.0,56,33.0,54.4,0.0,977.0
2024-07-04T12:00,Maitri Station,-14.2,-23.1,55,34.5,57.6,0.0,976.6
2024-07-04T13:00,Maitri Station,-13.7,-22.7,54,35.2,59.0,0.0,976.5
2024-07-04T14:00,Maitri Station,-13.1,-22.2,54,36.2,60.8,0.0,976.6
2024-07-04T15:00,Maitri Station,-12.6,-22.0,54,38.5,64.4,0.0,976.1
2024-07-04T16:00,Maitri Station,-12.1,-21.8,54,40.1,67.3,0.0,975.8
2024-07-04T17:00,Maitri Station,-11.7,-21.6,55,42.0,70.2,0.0,975.6
2024-07-04T18:00,Maitri Station,-11.3,-21.4,56,43.5,73.1,0.0,975.1
2024-07-04T19:00,Maitri Station,-11.0,-21.4,57,45.6,76.0,0.0,974.4
2024-07-04T20:00,Maitri Station,-10.6,-21.3,58,47.6,79.2,0.0,973.7
2024-07-04T21:00,Maitri Station,-10.2,-21.0,61,49.1,82.1,0.0,973.2
2024-07-04T22:00,Maitri Station,-9.8,-21.1,62,52.7,87.8,0.0,972.1
2024-07-04T23:00,Maitri Station,-9.5,-21.4,59,57.0,94.7,0.0,971.1
2024-07-05T00:00,Maitri Station,-9.4,-21.7,59,59.3,98.3,0.0,970.2
2024-07-05T01:00,Maitri Station,-10.0,-22.6,59,61.0,101.5,0.0,970.6
2024-07-05T02:00,Maitri Station,-9.9,-22.8,59,63.9,106.2,0.0,970.0
2024-07-05T03:00,Maitri Station,-9.8,-22.7,61,63.2,106.2,0.0,969.4
2024-07-05T04:00,Maitri Station,-9.9,-22.7,62,63.3,105.5,0.0,969.0
2024-07-05T05:00,Maitri Station,-9.6,-22.4,63,63.0,105.1,0.0,967.9
2024-07-05T06:00,Maitri Station,-9.3,-22.0,62,62.8,105.1,0.0,967.1
2024-07-05T07:00,Maitri Station,-9.1,-21.9,63,63.1,105.8,0.0,966.7
2024-07-05T08:00,Maitri Station,-8.9,-21.4,63,61.4,105.5,0.0,966.3
2024-07-05T09:00,Maitri Station,-8.8,-21.2,63,60.7,102.2,0.0,965.8
2024-07-05T10:00,Maitri Station,-8.9,-21.4,63,61.3,102.6,0.0,964.8
2024-07-05T11:00,Maitri Station,-8.8,-21.3,64,61.2,102.2,0.0,964.2
2024-07-05T12:00,Maitri Station,-8.8,-21.6,64,63.3,105.1,0.0,963.4
2024-07-05T13:00,Maitri Station,-9.0,-22.4,65,67.5,112.0,0.0,964.0
2024-07-05T14:00,Maitri Station,-9.1,-22.7,65,68.6,114.5,0.0,963.9
2024-07-05T15:00,Maitri Station,-9.3,-22.9,65,69.1,115.2,0.0,963.9
2024-07-05T16:00,Maitri Station,-9.3,-22.6,66,66.9,114.5,0.0,963.8
2024-07-05T17:00,Maitri Station,-9.3,-22.1,68,64.0,112.3,0.0,964.0
2024-07-05T18:00,Maitri Station,-9.3,-21.6,71,60.4,106.6,0.0,964.5
2024-07-05T19:00,Maitri Station,-9.3,-21.2,72,57.6,98.6,0.0,965.0
2024-07-05T20:00,Maitri Station,-9.3,-20.8,75,55.0,97.2,0.0,965.6
2024-07-05T21:00,Maitri Station,-9.3,-20.3,77,51.7,91.1,0.0,966.4
2024-07-05T22:00,Maitri Station,-9.2,-19.6,79,47.8,85.7,0.0,967.2
2024-07-05T23:00,Maitri Station,-9.2,-19.3,79,45.9,79.6,0.0,968.0
2024-07-06T00:00,Maitri Station,-9.2,-18.8,80,43.0,76.3,0.0,968.8
2024-07-06T01:00,Maitri Station,-9.2,-18.6,80,41.2,73.1,0.0,970.7
2024-07-06T02:00,Maitri Station,-9.1,-18.4,80,40.4,69.5,0.0,971.2
2024-07-06T03:00,Maitri Station,-8.8,-18.1,79,40.5,68.4,0.0,971.5
2024-07-06T04:00,Maitri Station,-8.6,-18.2,76,42.6,69.8,0.0,971.8
2024-07-06T05:00,Maitri Station,-8.6,-18.1,75,41.7,72.0,0.0,971.3
2024-07-06T06:00,Maitri Station,-8.5,-17.8,76,40.9,70.9,0.0,970.6
2024-07-06T07:00,Maitri Station,-7.8,-17.7,73,45.1,74.9,0.0,969.8
2024-07-06T08:00,Maitri Station,-7.6,-17.9,74,48.0,79.6,0.0,969.2
2024-07-06T09:00,Maitri Station,-7.4,-17.8,74,48.7,83.2,0.0,967.7
2024-07-06T10:00,Maitri Station,-7.0,-18.1,72,52.8,88.9,0.0,966.4
2024-07-06T11:00,Maitri Station,-7.1,-18.8,68,57.2,97.6,0.0,964.9
2024-07-06T12:00,Maitri Station,-6.9,-19.3,65,61.2,102.6,0.0,963.1
2024-07-06T13:00,Maitri Station,-6.7,-19.0,62,61.3,102.6,0.0,959.8
2024-07-06T14:00,Maitri Station,-6.1,-19.0,62,64.8,108.4,0.0,957.4
2024-07-06T15:00,Maitri Station,-5.7,-19.0,61,67.8,113.8,0.0,954.7
2024-07-06T16:00,Maitri Station,-5.3,-19.1,59,71.7,118.8,0.0,951.5
2024-07-06T17:00,Maitri Station,-4.9,-19.3,60,76.2,126.0,0.0,948.8
2024-07-06T18:00,Maitri Station,-4.7,-18.5,63,72.1,126.0,0.0,946.0
2024-07-06T19:00,Maitri Station,-4.5,-18.3,68,72.1,121.7,0.0,943.7
2024-07-06T20:00,Maitri Station,-4.2,-17.6,72,70.6,122.8,0.0,942.9
2024-07-06T21:00,Maitri Station,-3.9,-15.7,73,60.1,116.3,0.0,943.1
2024-07-06T22:00,Maitri Station,-3.7,-15.6,71,60.1,100.4,0.0,942.3
2024-07-06T23:00,Maitri Station,-3.5,-14.9,73,57.3,100.8,0.0,941.7
2024-07-07T00:00,Maitri Station,-3.5,-14.2,78,52.5,95.8,0.0,941.7
2024-07-07T01:00,Maitri Station,-4.0,-15.1,81,56.0,98.6,0.0,943.3
2024-07-07T02:00,Maitri Station,-4.4,-15.9,80,57.8,93.2,0.0,944.2
2024-07-07T03:00,Maitri Station,-4.9,-16.6,79,59.1,96.5,0.0,944.6
2024-07-07T04:00,Maitri Station,-5.1,-16.9,81,59.6,99.7,0.0,945.4
2024-07-07T05:00,Maitri Station,-5.6,-16.6,87,54.5,99.4,0.0,946.5
2024-07-07T06:00,Maitri Station,-6.6,-15.6,92,40.9,86.0,0.0,949.5
2024-07-07T07:00,Maitri Station,-7.0,-14.2,94,28.7,65.5,0.0,952.9
2024-07-07T08:00,Maitri Station,-7.7,-13.9,94,21.5,47.2,0.0,956.1
2024-07-07T09:00,Maitri Station,-8.3,-14.2,94,18.4,35.6,0.0,959.3
2024-07-07T10:00,Maitri Station,-8.6,-14.2,93,16.4,30.6,0.0,962.6
2024-07-07T11:00,Maitri Station,-8.7,-14.0,93,14.5,28.1,0.0,965.7
2024-07-07T12:00,Maitri Station,-8.7,-13.8,94,13.2,24.5,0.0,968.1
2024-07-07T13:00,Maitri Station,-10.6,-17.5,89,24.3,40.0,0.0,972.1
2024-07-07T14:00,Maitri Station,-10.8,-18.5,88,29.3,48.2,0.0,974.7
2024-07-07T15:00,Maitri Station,-11.5,-19.8,85,32.8,55.1,0.0,977.2
2024-07-07T16:00,Maitri Station,-12.1,-20.3,82,31.7,54.4,0.0,979.2
2024-07-07T17:00,Maitri Station,-12.1,-20.5,78,32.9,55.4,0.0,980.8
2024-07-07T18:00,Maitri Station,-12.0,-20.8,79,35.7,58.0,0.0,982.2
2024-07-07T19:00,Maitri Station,-11.9,-21.1,78,38.4,63.7,0.0,983.6
2024-07-07T20:00,Maitri Station,-12.1,-21.4,77,38.7,64.8,0.0,985.1
2024-07-07T21:00,Maitri Station,-12.2,-21.3,77,37.5,64.8,0.0,986.2
2024-07-07T22:00,Maitri Station,-12.0,-20.7,79,34.8,62.3,0.0,987.3
2024-07-07T23:00,Maitri Station,-11.6,-20.0,75,32.9,57.6,0.0,987.7
2024-07-08T00:00,Maitri Station,-11.3,-20.3,76,37.2,61.9,0.0,988.5
2024-07-08T01:00,Maitri Station,-11.4,-19.7,77,32.1,57.6,0.0,989.6
2024-07-08T02:00,Maitri Station,-11.3,-19.6,74,32.0,53.6,0.0,990.1
2024-07-08T03:00,Maitri Station,-11.4,-19.6,73,31.2,53.3,0.0,990.0
2024-07-08T04:00,Maitri Station,-11.2,-19.3,71,31.1,52.2,0.0,990.0
2024-07-08T05:00,Maitri Station,-11.2,-19.1,69,29.8,51.8,0.0,990.2
2024-07-08T06:00,Maitri Station,-11.2,-19.2,65,29.5,50.4,0.0,990.1
2024-07-08T07:00,Maitri Station,-11.4,-19.3,64,29.1,50.4,0.0,990.2
2024-07-08T08:00,Maitri Station,-11.4,-19.4,66,29.7,50.0,0.0,990.0
2024-07-08T09:00,Maitri Station,-11.6,-19.5,70,29.5,50.0,0.0,990.0
2024-07-08T10:00,Maitri Station,-11.8,-19.7,74,29.7,49.7,0.0,990.0
2024-07-08T11:00,Maitri Station,-11.9,-19.9,76,30.1,50.0,0.0,989.5
2024-07-08T12:00,Maitri Station,-11.8,-19.8,78,30.4,50.4,0.0,988.9
2024-07-08T13:00,Maitri Station,-12.7,-20.1,72,25.2,43.9,0.0,989.3
2024-07-08T14:00,Maitri Station,-12.8,-20.1,73,24.6,43.6,0.0,988.7
2024-07-08T15:00,Maitri Station,-13.0,-20.2,75,24.4,42.5,0.0,988.0
2024-07-08T16:00,Maitri Station,-13.0,-20.2,78,24.2,41.4,0.0,987.3
2024-07-08T17:00,Maitri Station,-13.0,-20.3,78,25.5,42.5,0.0,986.6
2024-07-08T18:00,Maitri Station,-13.1,-20.5,78,25.6,42.8,0.0,985.7
2024-07-08T19:00,Maitri Station,-13.1,-20.4,77,25.5,43.2,0.0,985.3
2024-07-08T20:00,Maitri Station,-13.0,-20.3,77,24.8,42.5,0.0,984.7
2024-07-08T21:00,Maitri Station,-13.0,-20.2,77,24.1,41.8,0.0,984.3
2024-07-08T22:00,Maitri Station,-13.1,-20.2,75,23.6,40.7,0.0,983.8
2024-07-08T23:00,Maitri Station,-13.3,-20.4,73,23.4,40.0,0.0,983.4
2024-07-09T00:00,Maitri Station,-14.0,-20.7,72,20.6,39.6,0.0,983.1
2024-07-09T01:00,Maitri Station,-13.1,-20.4,68,24.5,47.5,0.0,983.4
2024-07-09T02:00,Maitri Station,-13.1,-19.7,67,19.7,41.4,0.0,983.1
2024-07-09T03:00,Maitri Station,-13.5,-19.4,65,14.9,33.1,0.0,982.7
2024-07-09T04:00,Maitri Station,-14.5,-19.7,67,9.9,25.9,0.0,982.6
2024-07-09T05:00,Maitri Station,-15.2,-20.1,66,7.5,17.6,0.0,982.4
2024-07-09T06:00,Maitri Station,-16.3,-21.6,64,10.0,13.0,0.0,982.0
2024-07-09T07:00,Maitri Station,-17.5,-23.0,60,11.3,15.1,0.0,981.4
2024-07-09T08:00,Maitri Station,-18.2,-24.1,54,12.7,18.0,0.0,981.0
2024-07-09T09:00,Maitri Station,-18.4,-24.4,49,13.4,19.1,0.0,980.8
2024-07-09T10:00,Maitri Station,-19.0,-25.3,49,15.2,20.9,0.0,980.3
2024-07-09T11:00,Maitri Station,-19.6,-25.5,50,12.6,21.2,0.0,979.7
2024-07-09T12:00,Maitri Station,-16.8,-21.9,31,7.0,17.3,0.0,979.7
2024-07-09T13:00,Maitri Station,-20.5,-25.9,43,9.3,14.4,0.0,977.8
2024-07-09T14:00,Maitri Station,-22.7,-28.3,51,10.7,16.2,0.0,977.2
2024-07-09T15:00,Maitri Station,-23.0,-28.5,49,9.4,16.6,0.0,976.6
2024-07-09T16:00,Maitri Station,-23.9,-29.5,49,10.5,15.8,0.0,976.2
2024-07-09T17:00,Maitri Station,-24.3,-30.1,50,12.0,17.3,0.0,976.3
2024-07-09T18:00,Maitri Station,-22.4,-27.7,41,8.2,16.6,0.0,976.4
2024-07-09T19:00,Maitri Station,-23.0,-28.3,39,8.2,12.2,0.0,976.2
2024-07-09T20:00,Maitri Station,-24.0,-29.6,38,10.2,16.2,0.0,976.1
2024-07-09T21:00,Maitri Station,-21.9,-27.2,31,7.9,16.2,0.0,976.5
2024-07-09T22:00,Maitri Station,-20.8,-25.6,28,4.8,12.6,0.0,976.8
2024-07-09T23:00,Maitri Station,-21.3,-26.0,30,4.0,8.3,0.0,976.9
2024-07-10T00:00,Maitri Station,-21.2,-25.6,28,2.0,7.6,0.0,976.9
2024-07-10T01:00,Maitri Station,-21.3,-25.9,31,3.2,7.9,0.0,975.3
2024-07-10T02:00,Maitri Station,-21.9,-26.4,31,2.3,7.2,0.0,975.3
2024-07-10T03:00,Maitri Station,-22.6,-27.2,32,2.9,7.6,0.0,975.2
2024-07-10T04:00,Maitri Station,-22.2,-26.5,31,0.8,7.2,0.0,975.6
2024-07-10T05:00,Maitri Station,-21.3,-26.2,28,5.1,7.2,0.0,976.0
2024-07-10T06:00,Maitri Station,-22.0,-27.4,26,8.4,12.6,0.0,976.5
2024-07-10T07:00,Maitri Station,-26.4,-32.7,39,14.4,21.2,0.0,976.8
2024-07-10T08:00,Maitri Station,-25.8,-31.7,40,11.8,23.4,0.0,977.9
2024-07-10T09:00,Maitri Station,-21.9,-27.1,30,7.6,18.0,0.0,978.6
2024-07-10T10:00,Maitri Station,-20.0,-25.3,25,7.6,13.0,0.0,978.8
2024-07-10T11:00,Maitri Station,-19.4,-24.6,22,7.2,11.9,0.0,979.1
2024-07-10T12:00,Maitri Station,-21.1,-26.5,24,8.6,12.6,0.0,978.9
2024-07-10T13:00,Maitri Station,-22.6,-28.2,29,9.7,14.0,0.0,978.1
2024-07-10T14:00,Maitri Station,-22.7,-28.2,31,9.8,14.4,0.0,978.3
2024-07-10T15:00,Maitri Station,-22.7,-28.3,33,10.0,14.8,0.0,977.8
2024-07-10T16:00,Maitri Station,-22.6,-28.3,36,10.9,16.9,0.0,977.6
2024-07-10T17:00,Maitri Station,-21.9,-27.8,40,11.9,17.6,0.0,977.5
2024-07-10T18:00,Maitri Station,-21.0,-27.3,40,15.4,23.4,0.0,977.2
2024-07-10T19:00,Maitri Station,-21.0,-27.5,42,17.1,26.6,0.0,977.1
2024-07-10T20:00,Maitri Station,-20.1,-27.3,45,22.1,35.6,0.0,977.1
2024-07-10T21:00,Maitri Station,-19.7,-27.6,48,26.3,43.6,0.0,977.4
2024-07-10T22:00,Maitri Station,-19.6,-27.8,48,29.1,47.9,0.0,976.8
2024-07-10T23:00,Maitri Station,-19.2,-27.7,51,30.3,51.1,0.0,976.7
2024-07-11T00:00,Maitri Station,-19.2,-28.3,52,34.9,58.0,0.0,976.6
2024-07-11T01:00,Maitri Station,-19.9,-28.6,55,31.9,53.6,0.0,976.2
2024-07-11T02:00,Maitri Station,-20.5,-29.6,57,34.8,58.3,0.0,975.9
2024-07-11T03:00,Maitri Station,-20.6,-30.2,57,38.2,63.4,0.0,975.5
2024-07-11T04:00,Maitri Station,-20.5,-30.7,58,42.3,69.8,0.0,975.0
2024-07-11T05:00,Maitri Station,-20.4,-30.6,59,42.5,71.6,0.0,974.8
2024-07-11T06:00,Maitri Station,-20.3,-30.3,62,41.2,70.6,0.0,975.0
2024-07-11T07:00,Maitri Station,-20.1,-30.0,64,40.7,68.4,0.0,975.0
2024-07-11T08:00,Maitri Station,-19.8,-29.5,65,39.1,67.7,0.0,975.2
2024-07-11T09:00,Maitri Station,-19.6,-29.0,65,37.3,65.2,0.0,975.4
2024-07-11T10:00,Maitri Station,-19.6,-28.8,65,35.9,62.3,0.0,975.4
2024-07-11T11:00,Maitri Station,-19.9,-28.8,65,34.3,59.8,0.0,975.6
2024-07-11T12:00,Maitri Station,-20.1,-28.8,63,32.0,57.2,0.0,975.5
2024-07-11T13:00,Maitri Station,-19.9,-28.0,65,28.4,50.0,0.0,974.7
2024-07-11T14:00,Maitri Station,-19.9,-27.6,63,26.1,47.2,0.0,974.4
2024-07-11T15:00,Maitri Station,-20.3,-27.8,62,24.0,43.9,0.0,974.2
2024-07-11T16:00,Maitri Station,-21.0,-28.4,62,23.0,40.3,0.0,973.7
2024-07-11T17:00,Maitri Station,-21.5,-28.7,61,21.8,38.5,0.0,973.7
2024-07-11T18:00,Maitri Station,-21.8,-28.9,60,20.9,36.4,0.0,973.7
2024-07-11T19:00,Maitri Station,-22.0,-29.0,59,20.6,34.9,0.0,973.5
2024-07-11T20:00,Maitri Station,-21.8,-28.7,59,20.1,33.8,0.0,973.5
2024-07-11T21:00,Maitri Station,-21.8,-28.6,59,19.3,33.1,0.0,973.4
2024-07-11T22:00,Maitri Station,-22.4,-29.2,58,19.1,31.7,0.0,973.1
2024-07-11T23:00,Maitri Station,-23.1,-29.7,58,17.9,31.0,0.0,973.0
2024-07-12T00:00,Maitri Station,-23.1,-29.7,57,17.4,28.8,0.0,973.0
2024-07-12T01:00,Maitri Station,-24.8,-30.2,60,9.6,16.6,0.0,971.9
2024-07-12T02:00,Maitri Station,-25.1,-30.7,60,10.0,16.6,0.0,971.0
2024-07-12T03:00,Maitri Station,-25.1,-30.8,59,11.2,18.0,0.0,970.8
2024-07-12T04:00,Maitri Station,-22.3,-28.8,53,16.8,26.3,0.0,970.6
2024-07-12T05:00,Maitri Station,-21.5,-28.1,52,17.6,29.5,0.0,969.9
2024-07-12T06:00,Maitri Station,-20.6,-27.6,51,20.8,33.8,0.0,969.1
2024-07-12T07:00,Maitri Station,-20.4,-28.5,46,28.0,47.5,0.0,969.0
2024-07-12T08:00,Maitri Station,-20.2,-29.1,46,33.2,55.4,0.0,968.7
2024-07-12T09:00,Maitri Station,-20.0,-29.4,48,36.7,61.2,0.0,968.4
2024-07-12T10:00,Maitri Station,-19.7,-29.5,50,39.7,65.9,0.0,967.6
2024-07-12T11:00,Maitri Station,-19.5,-29.5,51,40.9,69.8,0.0,967.2
2024-07-12T12:00,Maitri Station,-19.4,-29.4,54,41.2,69.1,0.0,967.2
2024-07-12T13:00,Maitri Station,-19.1,-28.8,55,39.3,65.9,0.0,967.3
2024-07-12T14:00,Maitri Station,-19.0,-29.2,55,43.1,71.6,0.0,966.5
2024-07-12T15:00,Maitri Station,-19.0,-29.5,56,44.5,74.5,0.0,966.0
2024-07-12T16:00,Maitri Station,-19.2,-29.6,57,44.1,74.5,0.0,966.1
2024-07-12T17:00,Maitri Station,-18.9,-29.5,57,45.5,76.0,0.0,965.4
2024-07-12T18:00,Maitri Station,-18.5,-29.2,57,46.0,77.0,0.0,965.2
2024-07-12T19:00,Maitri Station,-18.2,-28.8,57,45.9,77.0,0.0,964.4
2024-07-12T20:00,Maitri Station,-17.6,-28.6,56,47.9,79.2,0.0,963.5
2024-07-12T21:00,Maitri Station,-17.4,-28.6,57,49.9,83.9,0.0,962.9
2024-07-12T22:00,Maitri Station,-17.3,-28.5,58,49.9,83.2,0.0,961.9
2024-07-12T23:00,Maitri Station,-16.6,-28.3,58,53.2,88.2,0.0,960.5
2024-07-13T00:00,Maitri Station,-16.0,-27.9,57,54.8,91.1,0.0,959.4
2024-07-13T01:00,Maitri Station,-15.1,-27.5,58,58.6,99.4,0.0,957.2
2024-07-13T02:00,Maitri Station,-14.9,-27.2,59,57.5,97.2,0.0,956.8
2024-07-13T03:00,Maitri Station,-14.9,-27.5,60,60.0,99.4,0.0,956.3
2024-07-13T04:00,Maitri Station,-14.9,-27.3,60,58.3,99.7,0.0,956.3
2024-07-13T05:00,Maitri Station,-15.3,-27.3,61,55.8,97.2,0.0,957.2
2024-07-13T06:00,Maitri Station,-15.7,-27.8,62,56.1,93.6,0.0,957.2
2024-07-13T07:00,Maitri Station,-16.2,-27.8,63,53.1,93.2,0.0,957.8
2024-07-13T08:00,Maitri Station,-16.5,-27.8,64,50.7,88.6,0.0,958.7
2024-07-13T09:00,Maitri Station,-16.5,-27.7,64,49.8,84.2,0.0,959.5
2024-07-13T10:00,Maitri Station,-16.5,-27.2,64,46.6,82.4,0.0,960.3
2024-07-13T11:00,Maitri Station,-16.5,-26.5,65,42.5,77.0,0.0,961.8
2024-07-13T12:00,Maitri Station,-16.5,-26.3,66,40.6,70.2,0.0,962.8
2024-07-13T13:00,Maitri Station,-17.3,-26.7,67,38.4,67.3,0.0,964.9
2024-07-13T14:00,Maitri Station,-17.7,-26.7,67,35.0,64.1,0.0,965.7
2024-07-13T15:00,Maitri Station,-17.9,-26.5,68,32.2,58.7,0.0,966.3
2024-07-13T16:00,Maitri Station,-17.8,-26.2,69,30.7,54.0,0.0,966.8
2024-07-13T17:00,Maitri Station,-18.1,-26.4,70,29.8,51.5,0.0,967.8
2024-07-13T18:00,Maitri Station,-18.2,-26.3,70,28.8,50.0,0.0,968.4
2024-07-13T19:00,Maitri Station,-18.6,-26.6,71,28.4,48.6,0.0,969.0
2024-07-13T20:00,Maitri Station,-18.8,-26.8,70,28.5,47.9,0.0,969.4
2024-07-13T21:00,Maitri Station,-19.1,-27.0,70,26.9,47.5,0.0,969.9
2024-07-13T22:00,Maitri Station,-19.1,-26.8,69,25.4,44.6,0.0,970.2
2024-07-13T23:00,Maitri Station,-19.5,-27.0,67,24.3,42.8,0.0,970.6
2024-07-14T00:00,Maitri Station,-19.5,-26.9,65,23.5,41.0,0.0,970.8
2024-07-14T01:00,Maitri Station,-18.5,-26.2,62,25.9,43.9,0.0,971.5
2024-07-14T02:00,Maitri Station,-18.6,-26.4,59,25.9,44.3,0.0,972.0
2024-07-14T03:00,Maitri Station,-19.0,-26.5,56,24.3,43.9,0.0,972.0
2024-07-14T04:00,Maitri Station,-19.4,-26.5,54,20.9,41.0,0.0,972.5
2024-07-14T05:00,Maitri Station,-19.7,-26.5,52,19.3,35.6,0.0,972.9
2024-07-14T06:00,Maitri Station,-20.1,-26.8,50,18.1,33.1,0.0,973.1
2024-07-14T07:00,Maitri Station,-20.4,-27.0,49,17.1,30.6,0.0,973.5
2024-07-14T08:00,Maitri Station,-21.3,-27.4,49,14.1,28.4,0.0,973.9
2024-07-14T09:00,Maitri Station,-22.1,-28.0,49,12.4,24.1,0.0,974.6
2024-07-14T10:00,Maitri Station,-22.6,-28.2,49,10.8,21.2,0.0,974.9
2024-07-14T11:00,Maitri Station,-22.2,-27.8,46,9.9,18.7,0.0,975.4
2024-07-14T12:00,Maitri Station,-21.7,-27.1,42,8.8,16.9,0.0,976.0
2024-07-14T13:00,Maitri Station,-23.0,-28.7,47,11.0,19.1,0.0,976.0
2024-07-14T14:00,Maitri Station,-23.0,-28.6,46,10.5,18.7,0.0,976.1
2024-07-14T15:00,Maitri Station,-22.5,-28.0,44,9.4,17.6,0.0,976.4
2024-07-14T16:00,Maitri Station,-23.3,-28.9,45,10.0,14.8,0.0,976.3
2024-07-14T17:00,Maitri Station,-24.0,-29.6,46,10.3,15.1,0.0,976.6
2024-07-14T18:00,Maitri Station,-23.0,-28.3,42,8.7,14.8,0.0,977.1
2024-07-14T19:00,Maitri Station,-22.4,-27.7,39,8.1,12.2,0.0,977.2
2024-07-14T20:00,Maitri Station,-22.5,-27.9,37,8.6,12.2,0.0,977.1
2024-07-14T21:00,Maitri Station,-23.6,-29.1,38,9.5,13.7,0.0,977.1
2024-07-14T22:00,Maitri Station,-25.2,-31.0,42,10.9,15.5,0.0,976.6
2024-07-14T23:00,Maitri Station,-26.6,-32.5,46,12.4,18.0,0.0,976.7
2024-07-15T00:00,Maitri Station,-25.7,-32.1,44,15.5,23.8,0.0,976.7
2024-07-15T01:00,Maitri Station,-21.4,-29.4,44,27.0,43.9,0.0,976.6
2024-07-15T02:00,Maitri Station,-21.3,-29.6,45,28.8,47.5,0.0,976.7
2024-07-15T03:00,Maitri Station,-21.4,-29.4,47,27.2,47.5,0.0,976.9
2024-07-15T04:00,Maitri Station,-21.2,-29.1,47,26.5,45.7,0.0,977.0
2024-07-15T05:00,Maitri Station,-20.9,-29.0,44,27.7,46.4,0.0,976.7
2024-07-15T06:00,Maitri Station,-20.9,-29.2,43,29.0,48.6,0.0,976.7
2024-07-15T07:00,Maitri Station,-20.9,-29.1,45,28.6,48.6,0.0,976.7
2024-07-15T08:00,Maitri Station,-20.8,-28.7,46,26.5,47.5,0.0,976.9
2024-07-15T09:00,Maitri Station,-21.1,-28.9,46,26.1,44.6,0.0,977.2
2024-07-15T10:00,Maitri Station,-21.1,-29.1,46,26.5,44.6,0.0,977.1
2024-07-15T11:00,Maitri Station,-21.4,-29.2,47,25.5,44.6,0.0,977.4
2024-07-15T12:00,Maitri Station,-21.7,-29.3,47,24.5,42.8,0.0,977.1
2024-07-15T13:00,Maitri Station,-22.1,-29.6,43,23.4,39.6,0.0,977.1
2024-07-15T14:00,Maitri Station,-22.4,-29.7,43,21.7,39.2,0.0,976.8
2024-07-15T15:00,Maitri Station,-23.0,-30.1,42,20.3,36.0,0.0,976.4
2024-07-15T16:00,Maitri Station,-23.9,-30.6,41,17.7,32.8,0.0,975.7
2024-07-15T17:00,Maitri Station,-24.9,-31.5,41,17.0,28.4,0.0,975.4
2024-07-15T18:00,Maitri Station,-25.8,-32.5,43,17.1,25.6,0.0,975.1
2024-07-15T19:00,Maitri Station,-26.7,-33.4,45,17.2,24.8,0.0,974.7
2024-07-15T20:00,Maitri Station,-27.5,-34.0,47,16.5,24.5,0.0,974.7
2024-07-15T21:00,Maitri Station,-28.1,-34.4,47,14.8,23.0,0.0,975.0
2024-07-15T22:00,Maitri Station,-28.6,-34.8,46,13.9,20.2,0.0,974.7
2024-07-15T23:00,Maitri Station,-28.8,-35.1,46,14.6,20.2,0.0,974.9
2024-07-16T00:00,Maitri Station,-29.1,-35.2,45,13.3,20.5,0.0,974.9
2024-07-16T01:00,Maitri Station,-28.6,-35.0,47,15.4,21.2,0.0,974.3
2024-07-16T02:00,Maitri Station,-28.6,-35.1,47,15.9,22.3,0.0,974.3
2024-07-16T03:00,Maitri Station,-28.5,-35.0,45,15.9,22.3,0.0,974.5
2024-07-16T04:00,Maitri Station,-28.4,-35.1,45,16.9,23.8,0.0,974.5
2024-07-16T05:00,Maitri Station,-28.9,-35.3,45,15.8,23.8,0.0,974.6
2024-07-16T06:00,Maitri Station,-29.1,-35.6,44,16.0,22.3,0.0,974.4
2024-07-16T07:00,Maitri Station,-29.1,-35.6,43,16.1,22.7,0.0,974.5
2024-07-16T08:00,Maitri Station,-28.7,-35.3,40,16.3,23.4,0.0,974.9
2024-07-16T09:00,Maitri Station,-28.8,-35.3,38,15.8,23.4,0.0,975.5
2024-07-16T10:00,Maitri Station,-29.3,-35.7,39,15.5,22.3,0.0,975.6
2024-07-16T11:00,Maitri Station,-29.8,-36.3,40,15.6,20.9,0.0,975.7
2024-07-16T12:00,Maitri Station,-29.9,-36.6,41,17.2,23.0,0.0,975.5
2024-07-16T13:00,Maitri Station,-29.3,-35.9,42,16.5,23.0,0.0,975.2
2024-07-16T14:00,Maitri Station,-28.5,-35.5,39,18.9,28.4,0.0,975.6
2024-07-16T15:00,Maitri Station,-25.2,-33.1,31,25.8,40.7,0.0,976.1
2024-07-16T16:00,Maitri Station,-23.9,-32.6,30,30.9,50.4,0.0,976.5
2024-07-16T17:00,Maitri Station,-23.9,-32.7,31,31.5,51.1,0.0,976.9
2024-07-16T18:00,Maitri Station,-23.9,-32.7,31,31.5,51.5,0.0,977.0
2024-07-16T19:00,Maitri Station,-23.6,-32.7,30,33.4,54.4,0.0,976.7
2024-07-16T20:00,Maitri Station,-23.3,-32.5,31,34.8,57.6,0.0,976.3
2024-07-16T21:00,Maitri Station,-22.9,-32.3,31,35.9,59.8,0.0,976.2
2024-07-16T22:00,Maitri Station,-22.5,-32.2,31,38.0,64.1,0.0,974.8
2024-07-16T23:00,Maitri Station,-22.5,-32.3,31,38.8,65.2,0.0,975.6
2024-07-17T00:00,Maitri Station,-22.1,-33.0,32,46.4,77.4,0.0,974.0
2024-07-17T01:00,Maitri Station,-21.7,-32.9,33,48.4,80.6,0.0,972.3
2024-07-17T02:00,Maitri Station,-20.4,-32.3,34,53.1,88.6,0.0,970.2
2024-07-17T03:00,Maitri Station,-19.5,-32.0,34,57.8,95.8,0.0,967.9
2024-07-17T04:00,Maitri Station,-18.3,-31.1,34,59.8,100.8,0.0,965.9
2024-07-17T05:00,Maitri Station,-17.0,-30.3,35,63.3,105.5,0.0,963.7
2024-07-17T06:00,Maitri Station,-15.7,-29.6,37,67.3,110.9,0.0,961.4
2024-07-17T07:00,Maitri Station,-14.7,-29.0,43,71.4,117.4,0.0,959.3
2024-07-17T08:00,Maitri Station,-13.7,-29.1,48,79.1,129.6,0.0,956.6
2024-07-17T09:00,Maitri Station,-12.7,-28.0,52,79.0,133.2,0.0,955.9
2024-07-17T10:00,Maitri Station,-12.4,-27.7,59,79.1,131.0,0.0,954.9
2024-07-17T11:00,Maitri Station,-12.4,-27.5,63,77.8,131.0,0.0,954.3
2024-07-17T12:00,Maitri Station,-12.3,-26.8,65,74.5,128.5,0.0,954.1
2024-07-17T13:00,Maitri Station,-12.5,-26.4,68,70.0,117.0,0.0,954.1
2024-07-17T14:00,Maitri Station,-12.0,-25.8,69,69.5,115.6,0.0,953.8
2024-07-17T15:00,Maitri Station,-11.3,-25.2,71,70.1,116.3,0.0,953.7
2024-07-17T16:00,Maitri Station,-10.6,-24.4,71,69.9,115.2,0.0,953.7
2024-07-17T17:00,Maitri Station,-9.9,-23.2,71,67.2,114.8,0.0,954.0
2024-07-17T18:00,Maitri Station,-9.2,-22.3,73,66.3,110.9,0.0,954.1
2024-07-17T19:00,Maitri Station,-8.7,-21.3,76,63.0,109.8,0.0,954.3
2024-07-17T20:00,Maitri Station,-8.1,-20.5,77,62.3,105.8,0.0,954.4
2024-07-17T21:00,Maitri Station,-7.6,-19.2,78,56.9,102.2,0.0,955.1
2024-07-17T22:00,Maitri Station,-6.7,-18.9,75,61.1,100.4,0.0,954.8
2024-07-17T23:00,Maitri Station,-7.1,-18.7,73,56.6,101.5,0.0,955.4
2024-07-18T00:00,Maitri Station,-6.8,-17.9,76,53.5,94.0,0.0,955.1
2024-07-18T01:00,Maitri Station,-6.9,-18.5,76,57.0,94.7,0.0,955.8
2024-07-18T02:00,Maitri Station,-6.4,-18.1,77,58.5,96.8,0.0,956.3
2024-07-18T03:00,Maitri Station,-6.0,-17.9,77,59.7,98.6,0.0,956.8
2024-07-18T04:00,Maitri Station,-5.7,-18.3,74,64.1,106.2,0.0,957.0
2024-07-18T05:00,Maitri Station,-5.5,-18.6,71,67.1,111.2,0.0,957.0
2024-07-18T06:00,Maitri Station,-5.3,-18.4,71,67.7,112.3,0.0,956.7
2024-07-18T07:00,Maitri Station,-4.9,-19.1,70,74.9,123.5,0.0,956.4
2024-07-18T08:00,Maitri Station,-4.8,-19.4,71,78.3,129.2,0.0,956.9
2024-07-18T09:00,Maitri Station,-4.9,-20.0,69,81.7,136.1,0.0,957.6
2024-07-18T10:00,Maitri Station,-5.0,-19.8,68,79.5,135.4,0.0,958.5
2024-07-18T11:00,Maitri Station,-4.9,-19.9,66,80.8,133.2,0.0,958.3
2024-07-18T12:00,Maitri Station,-4.6,-19.8,64,82.2,135.4,0.0,958.0
2024-07-18T13:00,Maitri Station,-5.2,-20.2,64,80.4,136.8,0.0,959.1
2024-07-18T14:00,Maitri Station,-5.6,-21.0,65,82.6,136.1,0.0,958.6
2024-07-18T15:00,Maitri Station,-5.6,-20.7,66,80.3,139.7,0.0,958.6
2024-07-18T16:00,Maitri Station,-6.7,-22.0,71,81.6,142.9,0.0,960.2
2024-07-18T17:00,Maitri Station,-9.0,-24.3,73,81.2,140.8,0.0,963.2
2024-07-18T18:00,Maitri Station,-10.1,-25.2,75,79.5,138.6,0.0,966.4
2024-07-18T19:00,Maitri Station,-11.2,-24.8,76,68.6,130.0,0.0,970.6
2024-07-18T20:00,Maitri Station,-12.4,-25.7,75,66.5,118.1,0.0,976.0
2024-07-18T21:00,Maitri Station,-13.3,-25.3,75,56.6,110.2,0.0,981.0
2024-07-18T22:00,Maitri Station,-13.9,-25.3,74,52.2,94.3,0.0,984.3
2024-07-18T23:00,Maitri Station,-14.3,-25.3,74,49.8,86.8,0.0,986.6
2024-07-19T00:00,Maitri Station,-14.2,-24.9,75,47.7,83.9,0.0,988.3
2024-07-19T01:00,Maitri Station,-13.8,-25.1,72,51.8,85.0,0.0,990.0
2024-07-19T02:00,Maitri Station,-13.4,-24.9,72,53.9,90.4,0.0,992.0
2024-07-19T03:00,Maitri Station,-13.1,-24.3,68,51.8,89.6,0.0,993.4
2024-07-19T04:00,Maitri Station,-12.4,-23.4,65,50.4,85.7,0.0,993.5
2024-07-19T05:00,Maitri Station,-11.8,-22.8,60,49.7,84.6,0.0,992.9
2024-07-19T06:00,Maitri Station,-11.4,-21.9,57,46.2,82.8,0.0,991.7
2024-07-19T07:00,Maitri Station,-10.4,-20.7,59,45.5,76.7,0.0,990.7
2024-07-19T08:00,Maitri Station,-9.4,-19.4,63,44.0,76.3,0.0,989.5
2024-07-19T09:00,Maitri Station,-8.1,-18.4,62,46.5,77.0,0.0,988.2
2024-07-19T10:00,Maitri Station,-7.3,-18.2,63,51.1,84.6,0.0,986.6
2024-07-19T11:00,Maitri Station,-6.8,-18.0,61,52.9,87.5,0.0,985.3
2024-07-19T12:00,Maitri Station,-6.4,-17.7,56,53.5,89.3,0.0,983.8
2024-07-19T13:00,Maitri Station,-6.2,-17.9,50,55.5,94.3,0.0,982.0
2024-07-19T14:00,Maitri Station,-5.7,-17.1,46,53.4,92.5,0.0,980.4
2024-07-19T15:00,Maitri Station,-5.2,-16.4,45,52.3,89.6,0.0,978.9
2024-07-19T16:00,Maitri Station,-4.8,-16.1,46,53.4,89.3,0.0,977.5
2024-07-19T17:00,Maitri Station,-4.4,-15.6,45,52.6,90.4,0.0,976.3
2024-07-19T18:00,Maitri Station,-4.1,-14.9,45,49.7,88.2,0.0,974.9
2024-07-19T19:00,Maitri Station,-3.8,-14.1,45,46.5,83.9,0.0,973.7
2024-07-19T20:00,Maitri Station,-3.7,-13.4,46,42.3,78.5,0.0,973.0
2024-07-19T21:00,Maitri Station,-4.0,-13.0,51,38.2,71.3,0.0,972.2
2024-07-19T22:00,Maitri Station,-3.7,-13.3,54,43.0,72.7,0.0,971.6
2024-07-19T23:00,Maitri Station,-3.8,-13.8,54,45.9,77.0,0.0,971.6
2024-07-20T00:00,Maitri Station,-3.8,-13.9,55,46.4,78.1,0.0,971.5
2024-07-20T01:00,Maitri Station,-4.2,-14.5,57,47.7,86.0,0.0,971.4
2024-07-20T02:00,Maitri Station,-4.1,-14.2,58,46.6,79.6,0.0,971.5
2024-07-20T03:00,Maitri Station,-4.0,-14.4,58,48.5,81.7,0.0,971.4
2024-07-20T04:00,Maitri Station,-3.6,-14.1,55,49.4,83.2,0.0,971.4
2024-07-20T05:00,Maitri Station,-3.1,-13.3,53,46.6,82.8,0.0,971.5
2024-07-20T06:00,Maitri Station,-2.9,-13.3,54,48.6,81.7,0.0,971.3
2024-07-20T07:00,Maitri Station,-2.7,-13.5,55,51.2,85.3,0.0,971.5
2024-07-20T08:00,Maitri Station,-2.8,-14.0,57,54.5,90.7,0.0,971.6
2024-07-20T09:00,Maitri Station,-3.0,-14.5,59,56.7,94.0,0.0,972.0
2024-07-20T10:00,Maitri Station,-3.0,-14.2,64,55.1,94.0,0.0,972.6
2024-07-20T11:00,Maitri Station,-3.3,-13.6,71,50.1,91.4,0.0,973.8
2024-07-20T12:00,Maitri Station,-3.5,-13.3,80,47.0,82.4,0.0,975.6
2024-07-20T13:00,Maitri Station,-4.6,-16.1,79,58.3,95.4,0.0,978.4
2024-07-20T14:00,Maitri Station,-5.5,-18.2,72,65.2,108.4,0.0,981.7
2024-07-20T15:00,Maitri Station,-6.0,-18.5,68,62.8,108.0,0.0,984.2
2024-07-20T16:00,Maitri Station,-6.2,-18.7,69,62.5,104.4,0.0,986.3
2024-07-20T17:00,Maitri Station,-6.4,-18.1,71,57.8,103.7,0.0,988.2
2024-07-20T18:00,Maitri Station,-6.6,-17.3,69,50.7,95.4,0.0,989.4
2024-07-20T19:00,Maitri Station,-6.7,-16.4,72,44.1,84.6,0.0,990.4
2024-07-20T20:00,Maitri Station,-6.6,-15.9,73,41.6,74.5,0.0,991.1
2024-07-20T21:00,Maitri Station,-6.5,-15.7,72,40.8,70.2,0.0,991.6
2024-07-20T22:00,Maitri Station,-6.3,-15.3,71,39.2,70.2,0.0,991.5
2024-07-20T23:00,Maitri Station,-5.9,-15.3,64,41.4,69.1,0.0,991.2
2024-07-21T00:00,Maitri Station,-5.5,-15.0,63,41.7,70.2,0.0,990.8
2024-07-21T01:00,Maitri Station,-4.6,-14.6,62,45.5,77.0,0.0,991.6
2024-07-21T02:00,Maitri Station,-4.5,-14.3,62,44.5,76.3,0.0,992.0
2024-07-21T03:00,Maitri Station,-4.5,-14.3,60,44.3,74.9,0.0,991.9
2024-07-21T04:00,Maitri Station,-4.4,-13.7,58,40.7,73.8,0.0,991.6
2024-07-21T05:00,Maitri Station,-4.1,-13.3,52,39.9,68.8,0.0,991.3
2024-07-21T06:00,Maitri Station,-3.9,-12.8,50,37.7,66.6,0.0,990.5
2024-07-21T07:00,Maitri Station,-3.6,-12.2,49,35.4,63.0,0.0,990.1
2024-07-21T08:00,Maitri Station,-3.4,-11.7,48,32.8,59.0,0.0,989.7
2024-07-21T09:00,Maitri Station,-3.4,-11.4,47,31.4,55.1,0.0,989.6
2024-07-21T10:00,Maitri Station,-3.3,-11.3,46,30.9,52.2,0.0,988.9
2024-07-21T11:00,Maitri Station,-3.4,-11.4,44,31.3,51.5,0.0,988.2
2024-07-21T12:00,Maitri Station,-3.7,-11.6,43,29.4,51.5,0.0,987.8
2024-07-21T13:00,Maitri Station,-3.5,-11.1,44,27.5,48.6,0.0,988.7
2024-07-21T14:00,Maitri Station,-3.7,-10.8,46,24.7,45.7,0.0,988.9
2024-07-21T15:00,Maitri Station,-3.7,-10.9,46,25.5,42.8,0.0,988.7
2024-07-21T16:00,Maitri Station,-4.0,-11.0,47,24.4,42.8,0.0,988.4
2024-07-21T17:00,Maitri Station,-4.0,-11.0,48,23.9,41.4,0.0,988.0
2024-07-21T18:00,Maitri Station,-4.1,-10.8,49,22.1,40.0,0.0,987.3
2024-07-21T19:00,Maitri Station,-3.9,-10.4,49,21.3,37.1,0.0,986.7
2024-07-21T20:00,Maitri Station,-4.1,-10.6,50,21.0,36.0,0.0,985.8
2024-07-21T21:00,Maitri Station,-4.4,-10.9,49,20.9,34.9,0.0,985.5
2024-07-21T22:00,Maitri Station,-4.8,-11.0,50,18.4,34.6,0.0,984.8
2024-07-21T23:00,Maitri Station,-5.4,-11.2,52,15.7,29.9,0.0,984.5
2024-07-22T00:00,Maitri Station,-6.8,-12.5,53,14.9,25.2,0.0,983.8
2024-07-22T01:00,Maitri Station,-6.8,-13.0,53,17.6,30.6,0.0,983.1
2024-07-22T02:00,Maitri Station,-7.5,-13.3,56,14.8,27.0,0.0,982.3
2024-07-22T03:00,Maitri Station,-7.9,-13.2,58,12.3,22.7,0.0,981.7
2024-07-22T04:00,Maitri Station,-8.2,-13.7,58,13.0,19.4,0.0,981.1
2024-07-22T05:00,Maitri Station,-8.3,-14.1,55,15.2,22.7,0.0,980.2
2024-07-22T06:00,Maitri Station,-9.0,-15.1,52,16.6,24.8,0.0,979.3
2024-07-22T07:00,Maitri Station,-9.9,-16.1,53,16.9,24.8,0.0,978.4
2024-07-22T08:00,Maitri Station,-10.9,-17.2,56,17.6,24.5,0.0,977.9
2024-07-22T09:00,Maitri Station,-11.6,-17.9,57,17.3,25.2,0.0,977.4
2024-07-22T10:00,Maitri Station,-12.1,-18.2,56,15.6,24.5,0.0,976.9
2024-07-22T11:00,Maitri Station,-11.1,-17.7,51,18.9,27.7,0.0,976.8
2024-07-22T12:00,Maitri Station,-9.3,-16.7,46,25.0,39.6,0.0,976.7
2024-07-22T13:00,Maitri Station,-11.0,-17.4,50,17.8,40.0,0.0,977.6
2024-07-22T14:00,Maitri Station,-13.2,-18.8,51,12.3,29.2,0.0,977.5
2024-07-22T15:00,Maitri Station,-14.2,-19.5,50,10.0,20.2,0.0,976.8
2024-07-22T16:00,Maitri Station,-15.3,-21.5,50,15.5,22.0,0.0,976.2
2024-07-22T17:00,Maitri Station,-14.1,-20.9,45,19.7,29.9,0.0,976.6
2024-07-22T18:00,Maitri Station,-13.8,-21.0,42,22.7,35.6,0.0,976.0
2024-07-22T19:00,Maitri Station,-13.4,-21.2,40,26.7,42.8,0.0,976.0
2024-07-22T20:00,Maitri Station,-13.5,-21.4,41,27.1,42.8,0.0,975.7
2024-07-22T21:00,Maitri Station,-13.6,-21.6,42,27.7,45.4,0.0,975.7
2024-07-22T22:00,Maitri Station,-14.1,-21.6,40,24.1,43.9,0.0,975.6
2024-07-22T23:00,Maitri Station,-15.0,-22.2,39,21.7,38.2,0.0,975.6
2024-07-23T00:00,Maitri Station,-15.1,-22.6,37,23.9,38.2,0.0,975.6
2024-07-23T01:00,Maitri Station,-15.1,-24.1,39,34.3,54.4,0.0,976.7
2024-07-23T02:00,Maitri Station,-15.9,-24.2,44,29.8,58.3,0.0,976.9
2024-07-23T03:00,Maitri Station,-16.0,-24.8,43,32.9,54.7,0.0,977.1
2024-07-23T04:00,Maitri Station,-16.4,-24.9,43,30.9,55.1,0.0,977.6
2024-07-23T05:00,Maitri Station,-17.1,-24.7,41,24.9,51.8,0.0,977.7
2024-07-23T06:00,Maitri Station,-16.0,-26.0,35,41.4,66.2,0.0,978.3
2024-07-23T07:00,Maitri Station,-16.8,-26.7,42,40.4,71.6,0.0,979.9
2024-07-23T08:00,Maitri Station,-16.7,-27.2,41,44.3,75.2,0.0,980.4
2024-07-23T09:00,Maitri Station,-16.9,-27.8,41,46.7,77.8,0.0,981.1
2024-07-23T10:00,Maitri Station,-16.7,-27.8,41,48.6,82.8,0.0,981.1
2024-07-23T11:00,Maitri Station,-16.2,-26.3,41,42.0,82.1,0.0,981.5
2024-07-23T12:00,Maitri Station,-15.7,-26.5,43,46.5,78.1,0.0,982.4
2024-07-23T13:00,Maitri Station,-15.9,-27.8,43,54.0,89.6,0.0,983.2
2024-07-23T14:00,Maitri Station,-15.8,-28.4,44,59.2,98.6,0.0,983.7
2024-07-23T15:00,Maitri Station,-15.7,-28.5,46,60.7,100.8,0.0,984.4
2024-07-23T16:00,Maitri Station,-15.7,-28.7,49,62.6,103.7,0.0,984.8
2024-07-23T17:00,Maitri Station,-15.3,-28.2,50,61.7,103.7,0.0,985.2
2024-07-23T18:00,Maitri Station,-14.8,-27.7,50,61.6,103.0,0.0,985.0
2024-07-23T19:00,Maitri Station,-14.7,-27.9,51,63.4,105.1,0.0,985.8
2024-07-23T20:00,Maitri Station,-14.6,-27.9,52,64.1,106.6,0.0,986.6
2024-07-23T21:00,Maitri Station,-14.4,-27.7,53,65.0,108.0,0.0,987.3
2024-07-23T22:00,Maitri Station,-14.2,-27.6,54,65.7,109.1,0.0,987.2
2024-07-23T23:00,Maitri Station,-13.9,-27.3,54,66.0,109.8,0.0,987.5
2024-07-24T00:00,Maitri Station,-13.7,-27.5,54,67.9,112.7,0.0,987.4
2024-07-24T01:00,Maitri Station,-13.6,-27.3,54,67.4,112.0,0.0,988.0
2024-07-24T02:00,Maitri Station,-13.4,-27.1,54,67.7,112.3,0.0,988.1
2024-07-24T03:00,Maitri Station,-13.2,-26.9,54,67.5,112.3,0.0,988.3
2024-07-24T04:00,Maitri Station,-13.0,-26.8,54,68.4,113.8,0.0,988.0
2024-07-24T05:00,Maitri Station,-12.6,-26.4,52,68.1,114.1,0.0,987.9
2024-07-24T06:00,Maitri Station,-12.2,-25.9,51,67.5,113.0,0.0,987.9
2024-07-24T07:00,Maitri Station,-11.9,-25.5,50,67.0,112.0,0.0,988.3
2024-07-24T08:00,Maitri Station,-11.6,-25.2,50,66.9,112.0,0.0,988.5
2024-07-24T09:00,Maitri Station,-11.3,-25.0,49,67.5,112.0,0.0,988.4
2024-07-24T10:00,Maitri Station,-11.0,-24.4,50,65.9,112.0,0.0,988.3
2024-07-24T11:00,Maitri Station,-10.7,-24.3,50,67.1,111.6,0.0,987.7
2024-07-24T12:00,Maitri Station,-10.4,-23.9,50,66.8,112.0,0.0,987.1
2024-07-24T13:00,Maitri Station,-9.8,-23.0,51,64.8,112.7,0.0,986.9
2024-07-24T14:00,Maitri Station,-9.7,-22.8,53,64.2,108.0,0.0,986.7
2024-07-24T15:00,Maitri Station,-9.5,-22.7,53,65.3,109.1,0.0,986.0
2024-07-24T16:00,Maitri Station,-9.2,-22.3,53,64.9,109.1,0.0,985.9
2024-07-24T17:00,Maitri Station,-9.0,-22.0,54,63.8,107.6,0.0,985.7
2024-07-24T18:00,Maitri Station,-8.8,-21.6,54,62.9,106.6,0.0,985.6
2024-07-24T19:00,Maitri Station,-8.7,-21.4,55,61.9,104.8,0.0,985.5
2024-07-24T20:00,Maitri Station,-8.6,-21.2,55,61.6,103.7,0.0,985.4
2024-07-24T21:00,Maitri Station,-8.6,-21.3,57,62.6,104.4,0.0,985.4
2024-07-24T22:00,Maitri Station,-8.5,-21.4,58,63.8,105.8,0.0,984.7
2024-07-24T23:00,Maitri Station,-8.4,-21.3,59,63.8,106.2,0.0,984.6
2024-07-25T00:00,Maitri Station,-8.2,-21.1,60,63.8,106.2,0.0,984.5
2024-07-25T01:00,Maitri Station,-7.9,-20.8,60,64.0,107.3,0.0,984.3
2024-07-25T02:00,Maitri Station,-7.7,-20.4,60,63.0,106.6,0.0,984.1
2024-07-25T03:00,Maitri Station,-7.7,-20.7,62,65.2,108.4,0.0,983.5
2024-07-25T04:00,Maitri Station,-7.6,-20.8,62,66.2,110.9,0.0,983.6
2024-07-25T05:00,Maitri Station,-7.7,-20.9,62,66.4,110.2,0.0,983.4
2024-07-25T06:00,Maitri Station,-7.6,-21.0,62,68.4,113.4,0.0,983.0
2024-07-25T07:00,Maitri Station,-7.6,-21.1,62,68.5,114.5,0.0,982.9
2024-07-25T08:00,Maitri Station,-7.6,-21.1,63,68.5,113.8,0.0,982.9
2024-07-25T09:00,Maitri Station,-7.7,-21.5,64,71.0,117.7,0.0,982.6
2024-07-25T10:00,Maitri Station,-7.7,-21.7,64,72.4,119.9,0.0,982.3
2024-07-25T11:00,Maitri Station,-7.6,-21.8,64,73.2,121.7,0.0,981.6
2024-07-25T12:00,Maitri Station,-7.7,-22.0,64,74.2,122.8,0.0,980.5
2024-07-25T13:00,Maitri Station,-7.5,-22.4,62,78.2,128.2,0.0,977.8
2024-07-25T14:00,Maitri Station,-7.3,-22.5,63,80.0,131.8,0.0,976.5
2024-07-25T15:00,Maitri Station,-7.3,-22.5,64,80.2,131.8,0.0,973.7
2024-07-25T16:00,Maitri Station,-7.1,-23.4,62,87.4,137.9,0.0,971.0
2024-07-25T17:00,Maitri Station,-7.1,-23.1,63,86.3,150.5,0.0,968.7
2024-07-25T18:00,Maitri Station,-7.3,-22.9,67,83.2,146.2,0.0,967.3
2024-07-25T19:00,Maitri Station,-7.5,-23.2,70,83.9,152.6,0.0,965.6
2024-07-25T20:00,Maitri Station,-7.6,-25.0,70,95.5,157.7,0.0,963.9
2024-07-25T21:00,Maitri Station,-7.8,-23.8,72,86.1,162.7,0.0,963.4
2024-07-25T22:00,Maitri Station,-7.7,-24.3,70,90.6,155.5,0.0,963.1
2024-07-25T23:00,Maitri Station,-7.6,-23.4,73,85.0,151.6,0.0,963.3
2024-07-26T00:00,Maitri Station,-7.4,-23.4,74,86.5,148.7,0.0,963.6
2024-07-26T01:00,Maitri Station,-7.7,-21.3,74,70.2,137.2,0.0,966.1
2024-07-26T02:00,Maitri Station,-7.4,-22.2,75,78.5,138.6,0.0,966.4
2024-07-26T03:00,Maitri Station,-7.1,-21.5,75,76.1,137.9,0.0,967.1
2024-07-26T04:00,Maitri Station,-6.8,-20.9,76,74.1,130.7,0.0,968.3
2024-07-26T05:00,Maitri Station,-6.7,-19.7,80,66.8,127.1,0.0,970.2
2024-07-26T06:00,Maitri Station,-6.7,-18.0,82,56.0,112.7,0.0,972.4
2024-07-26T07:00,Maitri Station,-6.6,-16.8,83,48.1,93.6,0.0,974.3
2024-07-26T08:00,Maitri Station,-6.6,-16.8,83,48.5,80.3,0.0,975.7
2024-07-26T09:00,Maitri Station,-6.4,-17.4,84,53.7,84.2,0.0,976.9
2024-07-26T10:00,Maitri Station,-6.1,-17.7,83,58.0,92.9,0.0,977.8
2024-07-26T11:00,Maitri Station,-6.2,-17.9,80,58.7,94.7,0.0,978.8
2024-07-26T12:00,Maitri Station,-6.1,-17.8,76,57.8,97.9,0.0,979.3
2024-07-26T13:00,Maitri Station,-5.8,-17.0,74,54.5,94.3,0.0,979.6
2024-07-26T14:00,Maitri Station,-5.5,-16.7,71,54.6,93.2,0.0,979.1
2024-07-26T15:00,Maitri Station,-5.4,-16.9,68,56.2,95.8,0.0,978.3
2024-07-26T16:00,Maitri Station,-4.9,-16.8,66,59.5,100.1,0.0,976.3
2024-07-26T17:00,Maitri Station,-4.7,-16.7,66,59.7,103.3,0.0,973.8
2024-07-26T18:00,Maitri Station,-4.7,-17.5,69,66.1,116.3,0.0,971.2
2024-07-26T19:00,Maitri Station,-4.7,-17.9,71,68.6,119.9,0.0,969.6
2024-07-26T20:00,Maitri Station,-4.9,-17.8,74,67.3,122.4,0.0,968.0
2024-07-26T21:00,Maitri Station,-4.6,-18.5,74,73.8,130.3,0.0,967.1
2024-07-26T22:00,Maitri Station,-4.4,-17.8,76,70.7,123.5,0.0,966.0
2024-07-26T23:00,Maitri Station,-4.5,-17.2,79,66.7,121.0,0.0,965.2
2024-07-27T00:00,Maitri Station,-4.3,-16.9,81,65.8,121.3,0.0,964.6
2024-07-27T01:00,Maitri Station,-4.9,-17.6,77,65.9,119.5,0.0,966.2
2024-07-27T02:00,Maitri Station,-4.6,-17.2,77,65.4,115.9,0.0,966.4
2024-07-27T03:00,Maitri Station,-4.4,-16.9,78,65.3,116.3,0.0,965.9
2024-07-27T04:00,Maitri Station,-4.2,-16.4,78,63.0,116.6,0.0,965.9
2024-07-27T05:00,Maitri Station,-4.2,-15.6,82,58.4,113.0,0.0,966.2
2024-07-27T06:00,Maitri Station,-3.9,-14.9,84,55.6,107.6,0.0,966.6
2024-07-27T07:00,Maitri Station,-3.5,-14.2,86,54.5,96.1,0.0,967.5
2024-07-27T08:00,Maitri Station,-3.3,-13.1,89,48.3,90.7,0.0,969.0
2024-07-27T09:00,Maitri Station,-3.4,-12.0,91,40.6,81.7,0.0,970.9
2024-07-27T10:00,Maitri Station,-3.4,-11.7,91,38.1,72.0,0.0,972.8
2024-07-27T11:00,Maitri Station,-3.3,-12.2,89,41.7,72.0,0.0,974.5
2024-07-27T12:00,Maitri Station,-3.5,-12.1,88,39.7,74.2,0.0,976.1
2024-07-27T13:00,Maitri Station,-4.9,-13.9,87,41.5,71.3,0.0,978.9
2024-07-27T14:00,Maitri Station,-5.1,-14.4,86,43.3,73.4,0.0,980.8
2024-07-27T15:00,Maitri Station,-5.3,-14.8,87,44.8,78.1,0.0,983.0
2024-07-27T16:00,Maitri Station,-5.7,-13.2,91,31.3,72.4,0.0,985.4
2024-07-27T17:00,Maitri Station,-6.0,-13.1,91,28.1,51.8,0.0,987.4
2024-07-27T18:00,Maitri Station,-6.2,-12.9,91,25.2,46.4,0.0,989.2
2024-07-27T19:00,Maitri Station,-6.3,-12.8,90,23.8,42.1,0.0,990.5
2024-07-27T20:00,Maitri Station,-6.3,-12.6,89,22.4,40.3,0.0,991.9
2024-07-27T21:00,Maitri Station,-6.2,-12.4,89,21.1,38.2,0.0,993.1
2024-07-27T22:00,Maitri Station,-6.1,-12.3,88,21.7,36.4,0.0,993.9
2024-07-27T23:00,Maitri Station,-5.8,-12.1,87,22.3,38.2,0.0,994.6
2024-07-28T00:00,Maitri Station,-5.3,-11.6,86,22.9,38.5,0.0,994.5
2024-07-28T01:00,Maitri Station,-5.0,-12.1,85,28.2,46.8,0.0,995.7
2024-07-28T02:00,Maitri Station,-4.8,-12.4,83,31.0,51.5,0.0,995.7
2024-07-28T03:00,Maitri Station,-4.6,-12.3,83,32.1,54.0,0.0,995.7
2024-07-28T04:00,Maitri Station,-4.4,-12.1,82,31.9,54.0,0.0,995.9
2024-07-28T05:00,Maitri Station,-4.3,-11.4,83,28.5,52.9,0.0,996.3
2024-07-28T06:00,Maitri Station,-4.1,-11.3,82,29.1,49.3,0.0,995.9
2024-07-28T07:00,Maitri Station,-3.9,-11.7,81,33.7,56.5,0.0,995.5
2024-07-28T08:00,Maitri Station,-3.9,-11.9,81,34.9,59.8,0.0,995.9
2024-07-28T09:00,Maitri Station,-3.8,-11.3,82,31.3,58.3,0.0,996.2
2024-07-28T10:00,Maitri Station,-3.5,-10.9,81,31.1,53.3,0.0,995.9
2024-07-28T11:00,Maitri Station,-3.0,-10.6,78,32.6,55.8,0.0,995.3
2024-07-28T12:00,Maitri Station,-2.5,-10.9,73,37.4,63.4,0.0,994.4
2024-07-28T13:00,Maitri Station,-2.1,-11.2,67,41.4,69.8,0.0,993.5
2024-07-28T14:00,Maitri Station,-2.2,-11.5,65,42.3,73.4,0.0,992.9
2024-07-28T15:00,Maitri Station,-2.2,-11.1,65,40.2,72.4,0.0,992.4
2024-07-28T16:00,Maitri Station,-1.9,-11.0,63,41.4,71.3,0.0,991.3
2024-07-28T17:00,Maitri Station,-2.1,-12.0,62,46.2,79.2,0.0,990.5
2024-07-28T18:00,Maitri Station,-2.5,-12.7,69,49.3,83.9,0.0,989.8
2024-07-28T19:00,Maitri Station,-2.5,-13.0,71,52.0,87.5,0.0,988.6
2024-07-28T20:00,Maitri Station,-2.5,-13.6,70,55.1,91.4,0.0,988.0
2024-07-28T21:00,Maitri Station,-2.7,-13.4,71,52.8,92.2,0.0,987.2
2024-07-28T22:00,Maitri Station,-2.7,-13.4,71,52.8,91.1,0.0,986.3
2024-07-28T23:00,Maitri Station,-2.8,-13.2,72,50.8,91.1,0.0,985.5
2024-07-29T00:00,Maitri Station,-2.8,-13.4,73,52.3,91.8,0.0,984.1
2024-07-29T01:00,Maitri Station,-2.1,-14.1,73,62.4,104.4,0.0,981.8
2024-07-29T02:00,Maitri Station,-2.2,-14.6,73,65.2,108.4,0.0,980.9
2024-07-29T03:00,Maitri Station,-2.2,-14.5,71,64.3,110.2,0.0,980.3
2024-07-29T04:00,Maitri Station,-2.4,-14.9,73,65.7,108.4,0.0,979.9
2024-07-29T05:00,Maitri Station,-2.4,-14.8,74,65.5,110.9,0.0,979.1
2024-07-29T06:00,Maitri Station,-2.5,-14.5,77,63.0,108.7,0.0,978.9
2024-07-29T07:00,Maitri Station,-2.6,-14.3,79,60.7,105.1,0.0,979.0
2024-07-29T08:00,Maitri Station,-2.6,-14.0,79,58.3,101.2,0.0,978.9
2024-07-29T09:00,Maitri Station,-2.6,-14.0,79,58.4,97.9,0.0,978.7
2024-07-29T10:00,Maitri Station,-2.6,-13.7,78,56.8,97.6,0.0,978.5
2024-07-29T11:00,Maitri Station,-2.6,-13.5,77,55.3,94.7,0.0,978.0
2024-07-29T12:00,Maitri Station,-2.8,-13.5,78,53.8,92.2,0.0,977.4
2024-07-29T13:00,Maitri Station,-2.8,-13.4,78,52.7,90.7,0.0,976.8
2024-07-29T14:00,Maitri Station,-2.9,-13.5,79,52.8,88.6,0.0,976.3
2024-07-29T15:00,Maitri Station,-3.1,-13.6,80,52.1,88.6,0.0,975.7
2024-07-29T16:00,Maitri Station,-3.0,-13.4,81,51.3,87.8,0.0,975.4
2024-07-29T17:00,Maitri Station,-3.0,-13.6,82,52.6,89.6,0.0,975.0
2024-07-29T18:00,Maitri Station,-3.1,-13.4,83,51.0,89.3,0.0,974.4
2024-07-29T19:00,Maitri Station,-3.0,-13.7,83,54.1,92.9,0.0,974.3
2024-07-29T20:00,Maitri Station,-3.1,-13.0,83,48.5,90.7,0.0,974.2
2024-07-29T21:00,Maitri Station,-3.2,-12.6,84,45.3,87.5,0.0,974.2
2024-07-29T22:00,Maitri Station,-3.3,-12.9,84,46.3,86.4,0.0,974.3
2024-07-29T23:00,Maitri Station,-3.3,-13.2,84,48.0,85.7,0.0,974.1
2024-07-30T00:00,Maitri Station,-3.3,-13.0,82,46.8,86.4,0.0,974.4
2024-07-30T01:00,Maitri Station,-3.2,-13.5,83,51.0,86.0,0.0,973.4
2024-07-30T02:00,Maitri Station,-3.4,-13.7,84,50.5,91.4,0.0,973.2
2024-07-30T03:00,Maitri Station,-3.2,-13.6,82,51.3,86.8,0.0,972.8
2024-07-30T04:00,Maitri Station,-3.1,-13.6,81,52.2,94.3,0.0,972.2
2024-07-30T05:00,Maitri Station,-3.0,-13.7,79,53.6,100.4,0.0,972.2
2024-07-30T06:00,Maitri Station,-2.9,-13.7,78,53.9,96.8,0.0,972.0
2024-07-30T07:00,Maitri Station,-2.8,-15.1,75,63.9,108.0,0.0,971.6
2024-07-30T08:00,Maitri Station,-2.9,-15.6,71,66.2,110.9,0.0,971.9
2024-07-30T09:00,Maitri Station,-3.1,-14.6,72,58.6,111.2,0.0,971.9
2024-07-30T10:00,Maitri Station,-3.0,-15.9,68,67.3,115.2,0.0,971.3
2024-07-30T11:00,Maitri Station,-3.1,-15.0,67,60.3,113.0,0.0,971.7
2024-07-30T12:00,Maitri Station,-3.2,-14.6,69,56.5,105.8,0.0,971.8
2024-07-30T13:00,Maitri Station,-3.0,-14.5,67,57.3,109.1,0.0,971.1
2024-07-30T14:00,Maitri Station,-3.2,-15.7,64,64.1,110.5,0.0,971.1
2024-07-30T15:00,Maitri Station,-3.6,-15.9,66,62.7,114.8,0.0,970.8
2024-07-30T16:00,Maitri Station,-3.8,-17.1,63,69.0,118.4,0.0,970.8
2024-07-30T17:00,Maitri Station,-4.1,-16.7,65,64.3,118.1,0.0,970.9
2024-07-30T18:00,Maitri Station,-4.4,-17.5,68,67.4,123.1,0.0,971.2
2024-07-30T19:00,Maitri Station,-4.6,-17.2,67,63.8,120.6,0.0,971.6
2024-07-30T20:00,Maitri Station,-4.7,-17.8,66,67.4,124.9,0.0,972.0
2024-07-30T21:00,Maitri Station,-4.8,-18.2,62,68.6,119.5,0.0,973.3
2024-07-30T22:00,Maitri Station,-5.2,-17.9,65,64.4,117.4,0.0,974.2
2024-07-30T23:00,Maitri Station,-5.3,-18.0,62,64.3,117.0,0.0,974.8
2024-07-31T00:00,Maitri Station,-5.4,-17.5,61,59.8,113.4,0.0,975.6
2024-07-31T01:00,Maitri Station,-6.0,-17.4,61,54.8,109.1,0.0,977.0
2024-07-31T02:00,Maitri Station,-6.0,-17.7,58,56.3,108.0,0.0,978.1
2024-07-31T03:00,Maitri Station,-6.0,-18.3,57,60.7,107.6,0.0,979.3
2024-07-31T04:00,Maitri Station,-6.0,-18.1,57,59.0,104.8,0.0,980.6
2024-07-31T05:00,Maitri Station,-6.1,-17.8,58,56.1,103.3,0.0,981.8
2024-07-31T06:00,Maitri Station,-6.1,-17.5,55,54.1,95.0,0.0,982.9
2024-07-31T07:00,Maitri Station,-6.3,-16.3,56,44.5,90.0,0.0,984.3
2024-07-31T08:00,Maitri Station,-6.4,-16.5,54,45.4,81.4,0.0,985.4
2024-07-31T09:00,Maitri Station,-6.7,-16.3,54,41.7,77.8,0.0,986.0
2024-07-31T10:00,Maitri Station,-6.8,-16.8,51,43.9,77.8,0.0,986.5
2024-07-31T11:00,Maitri Station,-7.2,-17.1,50,43.0,74.5,0.0,986.7
2024-07-31T12:00,Maitri Station,-7.7,-17.4,50,41.8,72.7,0.0,986.7
2024-07-31T13:00,Maitri Station,-9.0,-18.2,51,37.7,65.9,1.0,987.4
2024-07-31T14:00,Maitri Station,-9.4,-18.3,50,35.8,64.1,0.0,987.3
2024-07-31T15:00,Maitri Station,-9.7,-18.3,50,33.3,60.5,0.0,986.8
2024-07-31T16:00,Maitri Station,-9.6,-18.2,49,32.9,56.5,0.0,986.5
2024-07-31T17:00,Maitri Station,-9.7,-18.0,48,31.3,55.8,0.0,986.5
2024-07-31T18:00,Maitri Station,-9.7,-17.7,49,29.0,52.6,0.0,986.6
2024-07-31T19:00,Maitri Station,-9.9,-17.7,49,27.5,49.3,0.0,986.5
2024-07-31T20:00,Maitri Station,-10.3,-18.0,50,26.9,46.4,0.0,986.6
2024-07-31T21:00,Maitri Station,-10.6,-18.0,50,24.7,45.0,0.0,987.0
2024-07-31T22:00,Maitri Station,-11.2,-18.1,51,21.6,41.8,0.0,986.7
2024-07-31T23:00,Maitri Station,-11.7,-18.4,52,19.7,36.7,0.0,986.6
2024-08-01T00:00,Maitri Station,-12.2,-18.7,53,18.8,33.5,0.0,986.7
2024-08-01T01:00,Maitri Station,-11.8,-18.2,54,18.5,34.6,0.0,986.6
2024-08-01T02:00,Maitri Station,-12.5,-18.7,57,16.8,32.4,0.0,986.4
2024-08-01T03:00,Maitri Station,-12.6,-18.9,57,17.1,30.2,0.0,986.4
2024-08-01T04:00,Maitri Station,-11.7,-18.4,54,20.5,35.6,0.0,986.9
2024-08-01T05:00,Maitri Station,-10.3,-18.1,51,27.8,47.2,0.0,987.1
2024-08-01T06:00,Maitri Station,-9.5,-18.1,48,33.3,55.8,0.0,987.5
2024-08-01T07:00,Maitri Station,-9.2,-18.1,46,35.3,60.1,0.0,988.2
2024-08-01T08:00,Maitri Station,-9.4,-17.8,46,31.7,59.8,0.0,988.6
2024-08-01T09:00,Maitri Station,-9.5,-17.6,45,29.6,54.0,0.0,988.6
2024-08-01T10:00,Maitri Station,-10.5,-17.7,47,23.2,51.5,0.0,988.4
2024-08-01T11:00,Maitri Station,-10.3,-18.5,45,29.9,49.3,4.0,988.4
2024-08-01T12:00,Maitri Station,-9.7,-18.4,45,33.4,57.2,6.0,989.1
2024-08-01T13:00,Maitri Station,-9.9,-19.4,44,38.6,66.6,2.0,988.9
2024-08-01T14:00,Maitri Station,-10.2,-19.5,45,37.7,67.0,0.0,989.0
2024-08-01T15:00,Maitri Station,-10.7,-19.7,46,35.6,65.2,0.0,989.6
2024-08-01T16:00,Maitri Station,-11.2,-20.2,47,35.7,61.9,0.0,990.0
2024-08-01T17:00,Maitri Station,-11.1,-20.7,46,39.1,66.2,0.0,990.0
2024-08-01T18:00,Maitri Station,-11.1,-20.7,45,39.9,69.1,0.0,990.1
2024-08-01T19:00,Maitri Station,-11.6,-20.6,46,35.3,67.7,0.0,990.2
2024-08-01T20:00,Maitri Station,-12.1,-20.5,48,31.1,60.8,0.0,990.6
2024-08-01T21:00,Maitri Station,-12.8,-20.5,49,26.5,54.0,0.0,991.0
2024-08-01T22:00,Maitri Station,-13.7,-20.8,51,22.6,46.8,0.0,990.8
2024-08-01T23:00,Maitri Station,-14.1,-21.2,51,22.3,40.7,0.0,990.8
2024-08-02T00:00,Maitri Station,-14.3,-21.4,51,21.9,40.3,0.0,990.7
2024-08-02T01:00,Maitri Station,-12.7,-19.9,49,22.9,41.0,0.0,988.6
2024-08-02T02:00,Maitri Station,-13.4,-20.3,51,20.8,41.0,0.0,988.4
2024-08-02T03:00,Maitri Station,-14.7,-21.1,54,17.7,37.8,0.0,988.1
2024-08-02T04:00,Maitri Station,-14.7,-21.4,54,19.5,36.0,0.0,988.0
2024-08-02T05:00,Maitri Station,-15.0,-21.8,54,20.4,36.7,0.0,988.2
2024-08-02T06:00,Maitri Station,-15.0,-22.0,53,21.0,38.2,0.0,988.2
2024-08-02T07:00,Maitri Station,-15.3,-22.2,53,20.6,37.8,0.0,987.9
2024-08-02T08:00,Maitri Station,-15.2,-22.3,52,21.8,38.2,0.0,987.9
2024-08-02T09:00,Maitri Station,-14.8,-22.1,50,23.8,41.8,0.0,987.9
2024-08-02T10:00,Maitri Station,-14.6,-22.0,50,24.4,42.8,0.0,987.5
2024-08-02T11:00,Maitri Station,-14.1,-21.8,48,26.1,45.7,5.0,987.0
2024-08-02T12:00,Maitri Station,-14.5,-22.0,48,24.5,46.1,8.0,986.6
2024-08-02T13:00,Maitri Station,-14.5,-22.1,49,25.0,48.6,3.0,985.7
2024-08-02T14:00,Maitri Station,-13.9,-22.0,47,28.7,50.0,0.0,985.1
2024-08-02T15:00,Maitri Station,-13.8,-22.1,46,30.0,52.6,0.0,984.2
2024-08-02T16:00,Maitri Station,-14.0,-22.1,46,28.8,52.6,0.0,983.7
2024-08-02T17:00,Maitri Station,-13.8,-22.1,45,30.0,52.6,0.0,983.5
2024-08-02T18:00,Maitri Station,-13.8,-22.2,44,30.3,52.9,0.0,983.2
2024-08-02T19:00,Maitri Station,-13.9,-22.2,44,30.1,52.6,0.0,982.6
2024-08-02T20:00,Maitri Station,-14.2,-22.2,43,28.0,52.2,0.0,982.0
2024-08-02T21:00,Maitri Station,-14.2,-22.4,43,28.8,50.0,0.0,981.4
2024-08-02T22:00,Maitri Station,-14.3,-22.5,43,29.5,51.1,0.0,980.9
2024-08-02T23:00,Maitri Station,-14.6,-22.7,43,28.5,51.1,0.0,980.3
2024-08-03T00:00,Maitri Station,-14.6,-22.8,42,29.3,50.8,0.0,979.9
2024-08-03T01:00,Maitri Station,-14.6,-22.4,42,26.3,44.3,0.0,977.2
2024-08-03T02:00,Maitri Station,-14.1,-21.8,38,25.8,44.3,0.0,977.1
2024-08-03T03:00,Maitri Station,-14.9,-22.1,39,21.7,43.9,0.0,977.0
2024-08-03T04:00,Maitri Station,-14.6,-23.0,40,30.3,49.3,0.0,976.6
2024-08-03T05:00,Maitri Station,-16.9,-23.6,45,18.4,51.1,0.0,975.8
2024-08-03T06:00,Maitri Station,-15.9,-23.3,38,23.2,37.8,0.0,975.5
2024-08-03T07:00,Maitri Station,-14.8,-23.2,40,30.0,52.2,0.0,975.9
2024-08-03T08:00,Maitri Station,-14.9,-23.6,40,32.6,55.1,0.0,976.0
2024-08-03T09:00,Maitri Station,-15.1,-24.0,42,34.2,58.7,0.0,976.2
2024-08-03T10:00,Maitri Station,-15.2,-24.9,41,39.1,65.9,0.0,976.3
2024-08-03T11:00,Maitri Station,-15.5,-26.1,41,45.5,76.0,4.0,976.8
2024-08-03T12:00,Maitri Station,-15.8,-27.1,45,50.7,84.6,1.0,977.6
2024-08-03T13:00,Maitri Station,-16.6,-27.8,50,49.6,83.9,1.0,979.3
2024-08-03T14:00,Maitri Station,-17.1,-27.7,49,45.9,82.4,0.0,980.1
2024-08-03T15:00,Maitri Station,-16.5,-27.3,49,46.9,78.1,0.0,980.5
2024-08-03T16:00,Maitri Station,-16.2,-26.9,50,46.4,78.1,0.0,981.0
2024-08-03T17:00,Maitri Station,-15.7,-26.5,51,46.9,78.1,0.0,981.6
2024-08-03T18:00,Maitri Station,-15.3,-26.0,51,46.7,78.1,0.0,982.3
2024-08-03T19:00,Maitri Station,-14.9,-25.4,51,45.2,77.8,0.0,982.7
2024-08-03T20:00,Maitri Station,-14.3,-24.6,49,43.6,76.0,0.0,982.8
2024-08-03T21:00,Maitri Station,-13.8,-23.8,48,41.9,73.1,0.0,982.7
2024-08-03T22:00,Maitri Station,-13.3,-22.9,47,39.3,70.2,0.0,982.3
2024-08-03T23:00,Maitri Station,-12.7,-21.9,46,36.4,65.9,0.0,981.8
2024-08-04T00:00,Maitri Station,-12.2,-21.2,44,35.2,61.9,0.0,981.4
2024-08-04T01:00,Maitri Station,-11.4,-20.6,48,36.9,62.3,0.0,980.5
2024-08-04T02:00,Maitri Station,-10.6,-19.8,48,36.9,62.3,0.0,980.2
2024-08-04T03:00,Maitri Station,-10.0,-19.2,51,37.4,63.7,0.0,979.5
2024-08-04T04:00,Maitri Station,-9.8,-19.3,55,40.2,67.7,0.0,979.0
2024-08-04T05:00,Maitri Station,-9.8,-19.5,60,41.4,70.6,0.0,979.0
2024-08-04T06:00,Maitri Station,-10.0,-19.7,63,41.3,70.6,0.0,979.1
2024-08-04T07:00,Maitri Station,-10.0,-19.4,65,39.8,69.8,0.0,979.2
2024-08-04T08:00,Maitri Station,-9.5,-19.1,65,41.0,69.1,0.0,979.2
2024-08-04T09:00,Maitri Station,-9.4,-19.1,64,42.5,71.3,0.0,979.1
2024-08-04T10:00,Maitri Station,-9.3,-19.0,68,42.5,72.4,0.0,979.1
2024-08-04T11:00,Maitri Station,-9.1,-18.8,64,42.1,72.0,0.0,978.9
2024-08-04T12:00,Maitri Station,-9.4,-18.7,67,39.4,70.9,1.0,978.3
2024-08-04T13:00,Maitri Station,-9.0,-18.3,68,40.0,68.8,0.0,977.3
2024-08-04T14:00,Maitri Station,-9.0,-17.9,65,37.2,67.3,0.0,976.6
2024-08-04T15:00,Maitri Station,-9.0,-17.6,62,34.3,63.0,0.0,975.3
2024-08-04T16:00,Maitri Station,-8.6,-16.7,60,31.0,59.0,0.0,974.2
2024-08-04T17:00,Maitri Station,-8.7,-16.4,56,27.9,52.9,0.0,973.2
2024-08-04T18:00,Maitri Station,-8.6,-16.1,57,27.1,48.2,0.0,972.5
2024-08-04T19:00,Maitri Station,-8.6,-15.9,61,25.7,46.8,0.0,971.9
2024-08-04T20:00,Maitri Station,-8.7,-15.4,67,21.7,44.3,0.0,971.4
2024-08-04T21:00,Maitri Station,-8.9,-15.1,73,18.7,37.8,0.0,971.2
2024-08-04T22:00,Maitri Station,-8.9,-15.1,78,19.1,34.6,0.0,971.1
2024-08-04T23:00,Maitri Station,-9.0,-14.8,81,16.3,33.8,0.0,970.5
2024-08-05T00:00,Maitri Station,-8.9,-14.5,81,15.0,29.2,0.0,969.7
2024-08-05T01:00,Maitri Station,-8.3,-15.0,80,23.1,42.1,0.0,968.8
2024-08-05T02:00,Maitri Station,-8.4,-14.4,80,18.6,40.3,0.0,968.3
2024-08-05T03:00,Maitri Station,-8.5,-14.1,80,15.0,33.1,0.0,967.5
2024-08-05T04:00,Maitri Station,-8.3,-13.7,80,14.3,27.7,0.0,967.2
2024-08-05T05:00,Maitri Station,-7.9,-13.1,82,13.3,25.9,0.0,967.1
2024-08-05T06:00,Maitri Station,-7.4,-13.2,83,17.5,30.2,0.0,967.1
2024-08-05T07:00,Maitri Station,-7.1,-14.4,82,27.8,46.4,0.0,967.6
2024-08-05T08:00,Maitri Station,-7.3,-15.0,80,30.4,51.5,0.0,968.2
2024-08-05T09:00,Maitri Station,-7.7,-14.7,80,25.7,51.1,0.0,968.5
2024-08-05T10:00,Maitri Station,-7.7,-14.4,80,23.3,43.9,0.0,968.3
2024-08-05T11:00,Maitri Station,-7.8,-14.4,81,22.6,40.3,0.0,968.9
2024-08-05T12:00,Maitri Station,-8.1,-15.8,82,30.7,50.0,0.0,970.7
2024-08-05T13:00,Maitri Station,-8.4,-17.6,80,40.1,65.9,0.0,973.4
2024-08-05T14:00,Maitri Station,-9.3,-20.2,75,50.7,82.8,0.0,976.4
2024-08-05T15:00,Maitri Station,-10.0,-21.4,73,54.1,90.0,0.0,979.2
2024-08-05T16:00,Maitri Station,-10.1,-21.5,72,54.4,92.2,0.0,981.6
2024-08-05T17:00,Maitri Station,-10.4,-21.6,72,52.2,92.9,0.0,983.7
2024-08-05T18:00,Maitri Station,-9.7,-20.7,71,51.5,88.6,0.0,984.9
2024-08-05T19:00,Maitri Station,-9.4,-20.8,71,54.0,93.2,0.0,986.0
2024-08-05T20:00,Maitri Station,-9.0,-19.9,69,51.1,94.3,0.0,986.9
2024-08-05T21:00,Maitri Station,-8.4,-19.5,69,52.5,90.4,0.0,987.6
2024-08-05T22:00,Maitri Station,-7.8,-18.8,68,51.6,88.9,0.0,987.9
2024-08-05T23:00,Maitri Station,-7.5,-18.5,67,51.9,87.5,0.0,988.4
2024-08-06T00:00,Maitri Station,-7.8,-18.4,69,49.5,86.8,0.0,988.9
2024-08-06T01:00,Maitri Station,-7.5,-18.3,66,50.8,86.4,0.0,988.9
2024-08-06T02:00,Maitri Station,-8.1,-18.9,63,49.8,85.3,0.0,989.0
2024-08-06T03:00,Maitri Station,-8.0,-18.8,62,50.4,86.8,0.0,988.9
2024-08-06T04:00,Maitri Station,-7.9,-18.9,60,51.1,87.1,0.0,989.0
2024-08-06T05:00,Maitri Station,-7.9,-19.1,56,52.2,88.2,0.0,988.9
2024-08-06T06:00,Maitri Station,-7.9,-19.0,52,51.4,87.5,0.0,988.4
2024-08-06T07:00,Maitri Station,-7.9,-18.8,45,49.4,86.4,0.0,987.4
2024-08-06T08:00,Maitri Station,-7.8,-18.6,40,48.6,83.2,0.0,985.9
2024-08-06T09:00,Maitri Station,-7.3,-18.5,39,50.9,84.6,0.0,984.2
2024-08-06T10:00,Maitri Station,-6.7,-17.8,39,50.7,85.0,1.0,982.0
2024-08-06T11:00,Maitri Station,-5.9,-17.2,39,52.2,86.8,3.0,979.8
2024-08-06T12:00,Maitri Station,-4.5,-16.4,47,57.1,95.0,0.0,978.2
2024-08-06T13:00,Maitri Station,-3.0,-14.8,62,59.1,98.3,0.0,975.7
2024-08-06T14:00,Maitri Station,-2.9,-15.5,72,65.5,108.0,0.0,975.1
2024-08-06T15:00,Maitri Station,-3.7,-15.3,75,58.7,110.5,0.0,975.1
2024-08-06T16:00,Maitri Station,-3.8,-15.5,75,59.9,99.0,0.0,974.9
2024-08-06T17:00,Maitri Station,-4.3,-17.2,71,66.8,110.9,0.0,975.3
2024-08-06T18:00,Maitri Station,-4.7,-17.6,70,66.4,113.4,0.0,975.6
2024-08-06T19:00,Maitri Station,-5.1,-18.3,67,68.1,114.1,0.0,975.8
2024-08-06T20:00,Maitri Station,-4.9,-15.7,70,51.8,113.8,0.0,975.5
2024-08-06T21:00,Maitri Station,-4.6,-15.8,66,54.4,96.5,0.0,975.2
2024-08-06T22:00,Maitri Station,-4.6,-16.6,62,59.8,104.4,0.0,974.6
2024-08-06T23:00,Maitri Station,-4.8,-17.4,62,63.1,107.3,0.0,974.1
2024-08-07T00:00,Maitri Station,-4.6,-17.4,60,65.0,109.4,0.0,974.0
2024-08-07T01:00,Maitri Station,-4.7,-17.7,61,66.7,107.6,0.0,974.8
2024-08-07T02:00,Maitri Station,-4.9,-18.5,60,69.8,121.7,0.0,974.7
2024-08-07T03:00,Maitri Station,-4.8,-17.9,61,67.3,119.9,0.0,974.8
2024-08-07T04:00,Maitri Station,-5.0,-18.6,60,70.1,126.7,0.0,975.2
2024-08-07T05:00,Maitri Station,-5.2,-19.9,60,77.4,130.0,0.0,975.6
2024-08-07T06:00,Maitri Station,-5.3,-19.6,63,75.1,133.2,0.0,976.1
2024-08-07T07:00,Maitri Station,-5.4,-20.1,66,77.7,132.1,0.0,977.1
2024-08-07T08:00,Maitri Station,-5.8,-19.2,69,69.2,130.3,0.0,978.5
2024-08-07T09:00,Maitri Station,-6.0,-19.1,70,67.2,120.2,0.0,979.5
2024-08-07T10:00,Maitri Station,-6.2,-18.6,70,62.7,114.5,0.0,979.7
2024-08-07T11:00,Maitri Station,-6.2,-18.4,72,60.8,108.4,0.0,979.8
2024-08-07T12:00,Maitri Station,-6.1,-18.1,71,59.8,109.1,0.0,979.8
2024-08-07T13:00,Maitri Station,-6.3,-18.2,70,58.7,103.3,0.0,980.8
2024-08-07T14:00,Maitri Station,-6.3,-18.2,69,58.8,100.1,0.0,980.7
2024-08-07T15:00,Maitri Station,-6.5,-17.2,68,50.3,99.4,0.0,980.8
2024-08-07T16:00,Maitri Station,-6.2,-16.9,66,50.0,88.9,0.0,980.7
2024-08-07T17:00,Maitri Station,-6.1,-16.4,63,47.2,89.3,0.0,980.7
2024-08-07T18:00,Maitri Station,-6.1,-16.1,58,45.1,81.7,0.0,980.3
2024-08-07T19:00,Maitri Station,-6.3,-16.4,57,45.3,77.4,0.0,980.2
2024-08-07T20:00,Maitri Station,-6.4,-17.2,55,49.9,85.0,0.0,980.1
2024-08-07T21:00,Maitri Station,-6.9,-16.4,55,40.6,85.0,0.0,979.5
2024-08-07T22:00,Maitri Station,-6.5,-16.9,53,47.1,79.2,0.0,979.5
2024-08-07T23:00,Maitri Station,-7.0,-17.6,55,48.8,86.0,0.0,979.6
2024-08-08T00:00,Maitri Station,-7.3,-17.7,56,46.9,83.5,0.0,979.8
2024-08-08T01:00,Maitri Station,-7.2,-18.0,54,49.5,84.2,0.0,979.3
2024-08-08T02:00,Maitri Station,-7.0,-17.8,54,49.8,85.3,0.0,979.6
2024-08-08T03:00,Maitri Station,-7.2,-17.7,55,48.0,83.9,0.0,979.6
2024-08-08T04:00,Maitri Station,-7.3,-17.6,57,46.6,82.1,0.0,980.0
2024-08-08T05:00,Maitri Station,-7.1,-17.2,56,44.7,79.9,0.0,980.3
2024-08-08T06:00,Maitri Station,-7.1,-17.5,54,47.2,80.6,0.0,980.8
2024-08-08T07:00,Maitri Station,-7.4,-17.2,55,42.9,81.0,0.0,981.5
2024-08-08T08:00,Maitri Station,-7.4,-17.5,55,44.9,75.6,0.0,982.0
2024-08-08T09:00,Maitri Station,-7.6,-18.0,55,46.4,78.8,0.0,982.6
2024-08-08T10:00,Maitri Station,-7.8,-17.9,55,44.5,78.1,0.0,982.8
2024-08-08T11:00,Maitri Station,-7.6,-17.7,54,44.5,75.6,0.0,983.2
2024-08-08T12:00,Maitri Station,-7.4,-17.3,53,43.6,75.2,0.0,983.5
2024-08-08T13:00,Maitri Station,-7.5,-17.1,52,41.4,70.9,0.0,983.2
2024-08-08T14:00,Maitri Station,-7.2,-16.8,50,41.2,69.8,0.0,983.2
2024-08-08T15:00,Maitri Station,-7.1,-16.9,47,42.3,71.3,0.0,982.7
2024-08-08T16:00,Maitri Station,-6.6,-16.5,47,43.0,72.4,0.0,982.6
2024-08-08T17:00,Maitri Station,-6.6,-16.7,46,44.4,74.2,0.0,982.6
2024-08-08T18:00,Maitri Station,-7.1,-17.5,45,46.2,77.4,0.0,982.5
2024-08-08T19:00,Maitri Station,-7.3,-17.9,45,47.3,79.2,0.0,983.1
2024-08-08T20:00,Maitri Station,-7.6,-18.0,46,46.0,79.2,0.0,983.7
2024-08-08T21:00,Maitri Station,-7.8,-17.9,46,43.8,77.4,0.0,984.3
2024-08-08T22:00,Maitri Station,-8.2,-18.1,47,42.2,73.8,0.0,984.6
2024-08-08T23:00,Maitri Station,-8.7,-18.5,48,41.7,72.0,0.0,984.9
2024-08-09T00:00,Maitri Station,-8.9,-18.6,48,41.1,70.6,0.0,985.4
2024-08-09T01:00,Maitri Station,-9.0,-18.8,48,41.5,71.3,0.0,985.0
2024-08-09T02:00,Maitri Station,-9.0,-18.5,47,39.8,70.2,0.0,985.1
2024-08-09T03:00,Maitri Station,-9.1,-18.5,46,38.6,67.3,0.0,985.1
2024-08-09T04:00,Maitri Station,-9.2,-18.3,46,36.9,65.2,0.0,985.6
2024-08-09T05:00,Maitri Station,-9.3,-18.0,46,34.0,62.3,0.0,985.9
2024-08-09T06:00,Maitri Station,-9.5,-18.1,46,33.3,58.0,0.0,986.0
2024-08-09T07:00,Maitri Station,-9.7,-18.2,46,31.9,56.5,0.0,986.2
2024-08-09T08:00,Maitri Station,-9.9,-18.1,46,30.3,54.4,0.0,986.9
2024-08-09T09:00,Maitri Station,-10.2,-18.2,46,28.7,51.8,0.0,987.3
2024-08-09T10:00,Maitri Station,-10.5,-18.3,46,27.4,49.0,5.0,987.5
2024-08-09T11:00,Maitri Station,-10.6,-18.7,46,29.3,50.4,14.0,987.9
2024-08-09T12:00,Maitri Station,-10.6,-19.0,45,31.6,53.3,15.0,988.4
2024-08-09T13:00,Maitri Station,-11.0,-19.0,47,28.6,52.6,9.0,988.0
2024-08-09T14:00,Maitri Station,-11.6,-19.2,48,26.0,49.7,1.0,988.2
2024-08-09T15:00,Maitri Station,-11.0,-19.0,45,28.3,51.1,0.0,988.8
2024-08-09T16:00,Maitri Station,-13.2,-19.8,50,19.1,48.6,0.0,989.0
2024-08-09T17:00,Maitri Station,-12.0,-19.7,42,25.8,42.1,0.0,989.2
2024-08-09T18:00,Maitri Station,-12.3,-19.9,45,26.0,43.9,0.0,989.7
2024-08-09T19:00,Maitri Station,-12.4,-20.2,46,26.7,47.9,0.0,990.3
2024-08-09T20:00,Maitri Station,-12.7,-20.6,44,27.4,46.1,0.0,990.3
2024-08-09T21:00,Maitri Station,-12.0,-20.5,41,31.6,54.4,0.0,990.6
2024-08-09T22:00,Maitri Station,-12.1,-20.8,42,32.7,55.8,0.0,990.4
2024-08-09T23:00,Maitri Station,-12.3,-20.9,42,32.1,57.6,0.0,990.7
2024-08-10T00:00,Maitri Station,-12.4,-20.9,43,31.7,56.5,0.0,990.8
2024-08-10T01:00,Maitri Station,-12.7,-21.8,45,35.5,67.3,0.0,990.9
2024-08-10T02:00,Maitri Station,-12.7,-21.8,44,35.2,61.6,0.0,990.8
2024-08-10T03:00,Maitri Station,-13.0,-22.1,44,35.6,61.2,0.0,990.3
2024-08-10T04:00,Maitri Station,-12.8,-22.4,43,38.9,66.2,0.0,990.3
2024-08-10T05:00,Maitri Station,-13.0,-22.6,43,39.0,67.3,0.0,990.4
2024-08-10T06:00,Maitri Station,-13.2,-22.7,44,38.0,66.6,0.0,990.6
2024-08-10T07:00,Maitri Station,-13.6,-22.8,45,36.7,65.2,0.0,990.9
2024-08-10T08:00,Maitri Station,-13.5,-23.2,44,39.3,67.0,0.0,991.2
2024-08-10T09:00,Maitri Station,-13.6,-23.5,45,41.0,70.6,0.0,991.6
2024-08-10T10:00,Maitri Station,-13.8,-23.5,47,39.4,70.6,10.0,991.6
2024-08-10T11:00,Maitri Station,-14.2,-23.4,48,36.4,67.3,24.0,991.6
2024-08-10T12:00,Maitri Station,-14.4,-23.4,49,34.5,62.3,28.0,991.7
2024-08-10T13:00,Maitri Station,-14.8,-22.9,49,29.0,54.7,19.0,991.1
2024-08-10T14:00,Maitri Station,-15.0,-23.0,49,27.9,51.1,5.0,991.3
2024-08-10T15:00,Maitri Station,-15.2,-23.1,48,27.7,49.0,0.0,991.5
2024-08-10T16:00,Maitri Station,-15.0,-23.2,47,29.1,50.4,0.0,991.3
2024-08-10T17:00,Maitri Station,-14.8,-23.1,46,29.8,51.5,0.0,991.0
2024-08-10T18:00,Maitri Station,-14.9,-23.0,45,28.3,51.1,0.0,991.1
2024-08-10T19:00,Maitri Station,-14.9,-23.0,45,28.7,49.3,0.0,991.1
2024-08-10T20:00,Maitri Station,-15.0,-23.1,46,28.4,49.7,0.0,991.5
2024-08-10T21:00,Maitri Station,-15.4,-23.3,47,27.2,49.0,0.0,991.9
2024-08-10T22:00,Maitri Station,-16.1,-23.7,49,24.8,47.2,0.0,991.9
2024-08-10T23:00,Maitri Station,-16.4,-24.2,49,25.9,44.6,0.0,992.4
2024-08-11T00:00,Maitri Station,-16.4,-24.3,49,27.5,47.5,0.0,992.6
2024-08-11T01:00,Maitri Station,-16.2,-24.1,48,27.5,47.2,0.0,991.7
2024-08-11T02:00,Maitri Station,-16.3,-24.1,47,26.2,47.2,0.0,992.2
2024-08-11T03:00,Maitri Station,-16.6,-24.2,47,25.0,44.6,0.0,992.5
2024-08-11T04:00,Maitri Station,-16.8,-24.4,47,24.4,42.8,0.0,992.9
2024-08-11T05:00,Maitri Station,-16.9,-24.5,46,24.7,42.5,0.0,992.9
2024-08-11T06:00,Maitri Station,-16.6,-24.3,46,25.5,43.9,0.0,993.2
2024-08-11T07:00,Maitri Station,-16.6,-24.5,46,26.6,45.4,0.0,993.9
2024-08-11T08:00,Maitri Station,-16.6,-24.7,46,28.0,47.5,0.0,994.5
2024-08-11T09:00,Maitri Station,-16.6,-24.8,45,29.3,49.7,0.0,995.3
2024-08-11T10:00,Maitri Station,-16.6,-24.9,45,29.6,50.0,8.0,995.6
2024-08-11T11:00,Maitri Station,-16.7,-25.0,45,29.8,50.4,23.0,996.1
2024-08-11T12:00,Maitri Station,-16.8,-25.2,44,29.8,50.8,29.0,996.6
2024-08-11T13:00,Maitri Station,-17.0,-25.4,44,29.8,50.4,21.0,996.2
2024-08-11T14:00,Maitri Station,-17.1,-25.6,43,30.8,52.2,6.0,996.4
2024-08-11T15:00,Maitri Station,-17.1,-25.8,42,32.2,54.4,0.0,996.9
2024-08-11T16:00,Maitri Station,-17.1,-25.8,42,32.4,54.7,0.0,997.0
2024-08-11T17:00,Maitri Station,-17.2,-25.9,42,31.6,54.7,0.0,997.3
2024-08-11T18:00,Maitri Station,-17.4,-25.7,41,29.3,53.3,0.0,997.5
2024-08-11T19:00,Maitri Station,-17.6,-25.6,40,26.8,49.7,0.0,997.5
2024-08-11T20:00,Maitri Station,-17.8,-25.6,40,26.3,45.7,0.0,997.4
2024-08-11T21:00,Maitri Station,-17.9,-25.7,40,26.0,44.6,0.0,997.3
2024-08-11T22:00,Maitri Station,-18.1,-25.9,40,25.4,43.9,0.0,997.2
2024-08-11T23:00,Maitri Station,-18.2,-26.1,40,26.5,44.6,0.0,997.0
2024-08-12T00:00,Maitri Station,-18.3,-26.3,40,26.9,45.0,0.0,996.9
2024-08-12T01:00,Maitri Station,-17.9,-25.7,39,25.5,43.9,0.0,996.2
2024-08-12T02:00,Maitri Station,-18.2,-25.8,39,24.5,42.1,0.0,996.1
2024-08-12T03:00,Maitri Station,-18.5,-25.8,38,22.4,40.0,0.0,995.7
2024-08-12T04:00,Maitri Station,-19.0,-25.8,37,19.2,36.0,0.0,995.4
2024-08-12T05:00,Maitri Station,-20.0,-26.4,37,16.3,30.6,0.0,994.8
2024-08-12T06:00,Maitri Station,-20.6,-26.8,36,14.5,25.2,0.0,994.6
2024-08-12T07:00,Maitri Station,-21.3,-27.3,36,13.4,23.0,0.0,994.6
2024-08-12T08:00,Maitri Station,-21.4,-27.6,35,14.4,22.3,0.0,994.7
2024-08-12T09:00,Maitri Station,-21.1,-27.5,35,15.6,24.5,1.0,994.6
2024-08-12T10:00,Maitri Station,-20.3,-27.0,34,17.6,27.4,15.0,994.4
2024-08-12T11:00,Maitri Station,-20.2,-26.9,35,17.8,27.7,31.0,994.4
2024-08-12T12:00,Maitri Station,-20.5,-27.0,36,16.9,27.4,36.0,993.9
2024-08-12T13:00,Maitri Station,-17.8,-23.2,20,8.3,16.6,27.0,993.3
2024-08-12T14:00,Maitri Station,-16.0,-21.1,15,6.0,12.2,9.0,993.2
2024-08-12T15:00,Maitri Station,-16.3,-21.2,15,4.8,9.0,0.0,993.3
2024-08-12T16:00,Maitri Station,-16.6,-21.5,15,5.4,9.0,0.0,993.0
2024-08-12T17:00,Maitri Station,-16.9,-21.8,16,4.7,9.0,0.0,993.0
2024-08-12T18:00,Maitri Station,-17.3,-21.9,17,3.5,8.3,0.0,993.0
2024-08-12T19:00,Maitri Station,-17.5,-22.3,17,4.6,6.5,0.0,992.9
2024-08-12T20:00,Maitri Station,-17.8,-22.8,18,6.3,7.9,0.0,993.0
2024-08-12T21:00,Maitri Station,-18.0,-23.0,18,6.3,9.0,0.0,993.1
2024-08-12T22:00,Maitri Station,-18.1,-23.1,18,5.4,8.6,0.0,992.8
2024-08-12T23:00,Maitri Station,-18.2,-23.1,18,4.9,7.2,0.0,992.4
2024-08-13T00:00,Maitri Station,-18.1,-22.9,18,4.3,6.8,0.0,992.4
2024-08-13T01:00,Maitri Station,-17.7,-22.4,18,4.2,9.7,0.0,991.9
2024-08-13T02:00,Maitri Station,-18.1,-23.0,19,4.7,7.2,0.0,991.6
2024-08-13T03:00,Maitri Station,-18.5,-23.5,19,5.9,7.6,0.0,991.6
2024-08-13T04:00,Maitri Station,-18.9,-24.1,20,6.8,9.0,0.0,991.3
2024-08-13T05:00,Maitri Station,-19.3,-24.5,20,7.6,10.1,0.0,991.3
2024-08-13T06:00,Maitri Station,-19.3,-24.5,20,7.0,10.1,0.0,991.1
2024-08-13T07:00,Maitri Station,-19.5,-24.5,20,6.3,9.0,0.0,991.4
2024-08-13T08:00,Maitri Station,-19.7,-24.8,20,6.6,9.4,0.0,991.5
2024-08-13T09:00,Maitri Station,-20.1,-25.2,21,6.9,9.7,1.0,991.7
2024-08-13T10:00,Maitri Station,-20.4,-25.4,22,6.3,9.7,10.0,991.7
2024-08-13T11:00,Maitri Station,-20.6,-25.6,22,6.0,9.0,22.0,991.9
2024-08-13T12:00,Maitri Station,-20.7,-25.7,23,5.7,8.6,27.0,992.2
2024-08-13T13:00,Maitri Station,-20.1,-25.2,21,6.4,8.6,19.0,991.9
2024-08-13T14:00,Maitri Station,-20.1,-25.1,21,6.1,8.6,6.0,991.9
2024-08-13T15:00,Maitri Station,-20.0,-25.1,20,6.3,8.3,0.0,992.1
2024-08-13T16:00,Maitri Station,-20.0,-25.1,20,6.8,9.0,0.0,992.2
2024-08-13T17:00,Maitri Station,-20.2,-25.5,21,7.7,10.4,0.0,991.9
2024-08-13T18:00,Maitri Station,-20.3,-25.6,21,7.8,10.8,0.0,991.9
2024-08-13T19:00,Maitri Station,-20.4,-25.6,21,7.2,10.4,0.0,992.0
2024-08-13T20:00,Maitri Station,-20.6,-25.7,22,6.5,10.1,0.0,991.9
2024-08-13T21:00,Maitri Station,-20.8,-25.9,22,6.6,9.0,0.0,992.0
2024-08-13T22:00,Maitri Station,-21.0,-26.1,23,6.3,9.0,0.0,991.7
2024-08-13T23:00,Maitri Station,-21.3,-26.3,24,5.6,9.0,0.0,991.6
2024-08-14T00:00,Maitri Station,-21.5,-26.3,24,4.2,7.9,0.0,991.8
2024-08-14T01:00,Maitri Station,-23.6,-29.1,27,9.4,13.3,0.0,991.3
2024-08-14T02:00,Maitri Station,-24.3,-29.9,28,9.7,14.0,0.0,991.2
2024-08-14T03:00,Maitri Station,-23.0,-28.5,25,9.2,13.7,0.0,990.9
2024-08-14T04:00,Maitri Station,-23.7,-29.2,26,9.2,12.2,0.0,990.8
2024-08-14T05:00,Maitri Station,-24.6,-30.2,27,9.5,13.0,0.0,990.7
2024-08-14T06:00,Maitri Station,-21.8,-27.2,22,8.1,13.0,0.0,990.6
2024-08-14T07:00,Maitri Station,-21.4,-26.4,22,6.0,10.8,0.0,990.6
2024-08-14T08:00,Maitri Station,-21.3,-26.1,22,4.4,8.3,0.0,990.4
2024-08-14T09:00,Maitri Station,-21.5,-26.3,23,4.8,6.5,3.0,990.3
2024-08-14T10:00,Maitri Station,-21.8,-26.8,23,5.7,7.9,21.0,990.1
2024-08-14T11:00,Maitri Station,-21.9,-27.2,23,7.7,10.4,38.0,990.0
2024-08-14T12:00,Maitri Station,-23.3,-28.7,26,8.5,11.5,42.0,989.9
2024-08-14T13:00,Maitri Station,-27.7,-33.6,36,11.7,15.5,32.0,988.3
2024-08-14T14:00,Maitri Station,-28.6,-34.5,38,11.6,16.6,12.0,988.2
2024-08-14T15:00,Maitri Station,-25.6,-31.1,31,9.2,15.8,0.0,988.1
2024-08-14T16:00,Maitri Station,-22.6,-27.7,26,6.5,12.6,0.0,988.2
2024-08-14T17:00,Maitri Station,-22.1,-26.9,26,4.4,9.0,0.0,988.1
2024-08-14T18:00,Maitri Station,-21.9,-26.6,26,3.3,6.1,0.0,987.9
2024-08-14T19:00,Maitri Station,-21.9,-26.6,27,3.3,5.0,0.0,987.9
2024-08-14T20:00,Maitri Station,-21.9,-26.6,27,3.6,5.4,0.0,987.8
2024-08-14T21:00,Maitri Station,-21.7,-26.6,28,4.9,6.8,0.0,987.9
2024-08-14T22:00,Maitri Station,-21.6,-26.6,27,5.6,7.9,0.0,987.5
2024-08-14T23:00,Maitri Station,-21.6,-26.7,26,6.0,9.0,0.0,987.5
2024-08-15T00:00,Maitri Station,-21.7,-26.8,24,6.3,9.4,0.0,987.5
2024-08-15T01:00,Maitri Station,-25.6,-31.2,27,9.4,14.8,0.0,986.9
2024-08-15T02:00,Maitri Station,-22.9,-28.1,23,6.6,13.7,0.0,987.4
2024-08-15T03:00,Maitri Station,-22.8,-28.1,23,7.3,11.5,0.0,987.0
2024-08-15T04:00,Maitri Station,-26.8,-32.4,30,9.9,14.8,0.0,986.6
2024-08-15T05:00,Maitri Station,-27.9,-33.6,34,10.6,15.8,0.0,986.1
2024-08-15T06:00,Maitri Station,-27.6,-33.3,33,10.4,15.8,0.0,985.7
2024-08-15T07:00,Maitri Station,-27.1,-32.7,33,10.2,15.8,0.0,985.6
2024-08-15T08:00,Maitri Station,-27.0,-32.7,34,10.9,17.3,0.0,985.8
2024-08-15T09:00,Maitri Station,-26.0,-31.7,33,10.4,18.4,0.0,985.6
2024-08-15T10:00,Maitri Station,-25.0,-30.6,32,9.7,17.6,2.0,985.7
2024-08-15T11:00,Maitri Station,-22.0,-27.2,28,7.2,16.9,7.0,986.0
2024-08-15T12:00,Maitri Station,-22.2,-27.4,29,7.1,13.7,4.0,986.1
2024-08-15T13:00,Maitri Station,-22.3,-27.1,28,4.3,10.4,1.0,986.0
2024-08-15T14:00,Maitri Station,-21.8,-26.8,27,5.9,11.5,0.0,985.7
2024-08-15T15:00,Maitri Station,-24.7,-30.2,34,9.4,16.6,0.0,985.2
2024-08-15T16:00,Maitri Station,-26.2,-31.8,41,10.1,18.7,0.0,985.0
2024-08-15T17:00,Maitri Station,-25.6,-31.1,41,9.2,18.4,0.0,985.1
2024-08-15T18:00,Maitri Station,-25.5,-31.0,44,9.4,17.3,0.0,984.8
2024-08-15T19:00,Maitri Station,-25.8,-31.4,47,10.0,18.4,0.0,984.5
2024-08-15T20:00,Maitri Station,-25.2,-30.8,45,9.7,18.4,0.0,984.3
2024-08-15T21:00,Maitri Station,-24.7,-30.2,45,9.2,17.6,0.0,984.2
2024-08-15T22:00,Maitri Station,-25.6,-31.3,50,10.9,19.1,0.0,983.7
2024-08-15T23:00,Maitri Station,-25.8,-31.6,51,11.1,19.8,0.0,983.4
2024-08-16T00:00,Maitri Station,-25.5,-31.1,49,10.2,19.4,0.0,983.2
2024-08-16T01:00,Maitri Station,-28.0,-33.9,55,12.3,20.2,0.0,982.7
2024-08-16T02:00,Maitri Station,-28.1,-34.1,49,12.7,20.2,0.0,982.0
2024-08-16T03:00,Maitri Station,-26.8,-32.6,43,11.3,19.1,0.0,981.1
2024-08-16T04:00,Maitri Station,-27.0,-32.8,42,11.2,16.6,0.0,980.6
2024-08-16T05:00,Maitri Station,-28.6,-34.5,43,12.1,16.9,0.0,979.9
2024-08-16T06:00,Maitri Station,-28.9,-34.9,42,12.3,17.3,0.0,979.2
2024-08-16T07:00,Maitri Station,-27.5,-33.3,37,11.1,16.6,0.0,979.4
2024-08-16T08:00,Maitri Station,-27.0,-32.8,35,10.9,15.5,0.0,979.1
2024-08-16T09:00,Maitri Station,-27.6,-33.5,36,11.6,16.6,5.0,978.7
2024-08-16T10:00,Maitri Station,-27.3,-33.1,36,11.3,16.9,27.0,978.3
2024-08-16T11:00,Maitri Station,-27.3,-33.2,36,11.9,17.6,47.0,978.0
2024-08-16T12:00,Maitri Station,-28.0,-34.4,39,15.3,22.3,52.0,977.7
2024-08-16T13:00,Maitri Station,-26.3,-32.3,39,12.2,18.4,42.0,976.6
2024-08-16T14:00,Maitri Station,-25.8,-31.7,36,11.5,18.0,19.0,976.1
2024-08-16T15:00,Maitri Station,-27.9,-34.1,40,14.5,19.8,1.0,975.3
2024-08-16T16:00,Maitri Station,-26.0,-33.4,38,22.0,32.8,0.0,974.7
2024-08-16T17:00,Maitri Station,-22.3,-30.9,34,30.2,49.0,0.0,974.6
2024-08-16T18:00,Maitri Station,-24.4,-31.5,37,20.3,48.2,0.0,973.7
2024-08-16T19:00,Maitri Station,-28.1,-34.4,44,14.4,31.3,0.0,972.9
2024-08-16T20:00,Maitri Station,-23.4,-31.8,34,29.6,45.7,0.0,973.6
2024-08-16T21:00,Maitri Station,-22.3,-31.1,36,31.8,54.7,0.0,973.6
2024-08-16T22:00,Maitri Station,-22.9,-31.3,38,29.5,54.0,0.0,973.0
2024-08-16T23:00,Maitri Station,-23.1,-31.4,38,28.7,50.0,0.0,972.4
2024-08-17T00:00,Maitri Station,-22.3,-31.2,37,32.6,55.1,0.0,972.2
2024-08-17T01:00,Maitri Station,-22.3,-31.2,39,32.7,55.4,0.0,972.6
2024-08-17T02:00,Maitri Station,-22.0,-30.9,40,33.0,55.8,0.0,972.2
2024-08-17T03:00,Maitri Station,-21.5,-30.7,39,34.6,59.0,0.0,971.5
2024-08-17T04:00,Maitri Station,-21.3,-30.6,38,35.3,60.1,0.0,970.9
2024-08-17T05:00,Maitri Station,-20.7,-30.2,37,37.0,61.9,0.0,970.0
2024-08-17T06:00,Maitri Station,-20.4,-30.6,36,41.4,69.1,0.0,969.5
2024-08-17T07:00,Maitri Station,-20.3,-30.8,36,43.8,73.4,0.0,969.1
2024-08-17T08:00,Maitri Station,-20.0,-30.9,36,46.7,78.1,0.0,969.0
2024-08-17T09:00,Maitri Station,-19.8,-30.8,36,47.5,79.9,8.0,968.2
2024-08-17T10:00,Maitri Station,-19.3,-30.2,36,46.8,79.6,32.0,967.2
2024-08-17T11:00,Maitri Station,-18.8,-30.4,36,51.2,85.7,42.0,966.5
2024-08-17T12:00,Maitri Station,-18.6,-30.5,37,53.4,89.3,20.0,965.5
2024-08-17T13:00,Maitri Station,-18.0,-30.2,36,55.7,93.2,11.0,964.2
2024-08-17T14:00,Maitri Station,-17.4,-29.8,37,57.3,95.8,1.0,962.8
2024-08-17T15:00,Maitri Station,-17.1,-30.0,39,60.4,100.1,0.0,962.1
2024-08-17T16:00,Maitri Station,-16.7,-30.0,40,63.6,106.6,0.0,961.1
2024-08-17T17:00,Maitri Station,-16.4,-30.2,42,67.6,112.0,0.0,960.2
2024-08-17T18:00,Maitri Station,-16.0,-30.5,44,72.0,118.8,0.0,959.0
2024-08-17T19:00,Maitri Station,-15.6,-30.3,45,74.0,122.0,0.0,957.8
2024-08-17T20:00,Maitri Station,-15.2,-29.9,46,74.2,122.8,0.0,957.1
2024-08-17T21:00,Maitri Station,-14.8,-29.2,46,72.1,122.8,0.0,957.1
2024-08-17T22:00,Maitri Station,-14.5,-28.7,46,70.6,119.5,0.0,956.5
2024-08-17T23:00,Maitri Station,-14.1,-28.2,46,69.7,117.0,0.0,956.1
2024-08-18T00:00,Maitri Station,-13.7,-27.8,46,69.6,116.3,0.0,955.3
2024-08-18T01:00,Maitri Station,-13.8,-27.5,45,67.5,115.2,0.0,956.4
2024-08-18T02:00,Maitri Station,-13.3,-27.1,45,68.1,113.4,0.0,955.7
2024-08-18T03:00,Maitri Station,-12.9,-26.9,45,69.4,115.2,0.0,954.5
2024-08-18T04:00,Maitri Station,-12.6,-26.6,44,69.3,115.9,0.0,953.5
2024-08-18T05:00,Maitri Station,-12.1,-26.2,44,69.8,116.3,0.0,952.7
2024-08-18T06:00,Maitri Station,-11.8,-25.8,43,69.4,116.3,0.0,952.0
2024-08-18T07:00,Maitri Station,-11.5,-25.3,44,68.4,115.9,0.0,951.7
2024-08-18T08:00,Maitri Station,-11.2,-24.9,44,68.0,114.1,0.0,951.1
2024-08-18T09:00,Maitri Station,-10.7,-24.0,43,65.0,113.0,0.0,950.2
2024-08-18T10:00,Maitri Station,-10.2,-23.2,43,62.8,108.4,0.0,949.2
2024-08-18T11:00,Maitri Station,-9.7,-22.3,42,60.0,105.5,0.0,948.2
2024-08-18T12:00,Maitri Station,-9.0,-21.3,42,58.2,100.4,2.0,946.8
2024-08-18T13:00,Maitri Station,-8.7,-19.7,43,49.8,91.8,0.0,945.6
2024-08-18T14:00,Maitri Station,-8.3,-18.8,50,46.7,83.9,0.0,944.2
2024-08-18T15:00,Maitri Station,-7.7,-19.3,55,54.9,91.8,0.0,942.7
2024-08-18T16:00,Maitri Station,-7.7,-19.7,60,58.2,97.9,0.0,941.5
2024-08-18T17:00,Maitri Station,-7.4,-19.8,61,60.8,101.2,0.0,940.2
2024-08-18T18:00,Maitri Station,-7.2,-19.3,62,59.6,102.2,0.0,939.2
2024-08-18T19:00,Maitri Station,-6.9,-19.4,64,62.6,104.8,0.0,937.9
2024-08-18T20:00,Maitri Station,-6.6,-19.8,65,67.1,111.6,0.0,937.3
2024-08-18T21:00,Maitri Station,-6.5,-19.6,66,66.8,111.6,0.0,937.2
2024-08-18T22:00,Maitri Station,-6.9,-20.4,70,69.2,114.8,0.0,937.3
2024-08-18T23:00,Maitri Station,-8.9,-22.1,76,66.8,116.6,0.0,938.8
2024-08-19T00:00,Maitri Station,-10.7,-24.0,77,66.7,113.4,0.0,942.1
2024-08-19T01:00,Maitri Station,-12.5,-21.7,84,38.8,112.0,0.0,949.2
2024-08-19T02:00,Maitri Station,-15.8,-22.5,87,20.5,63.7,0.0,952.1
2024-08-19T03:00,Maitri Station,-17.7,-22.7,85,8.4,32.0,0.0,954.1
2024-08-19T04:00,Maitri Station,-18.5,-23.2,83,6.0,16.9,0.0,955.6
2024-08-19T05:00,Maitri Station,-19.0,-23.6,86,4.8,14.0,0.0,956.8
2024-08-19T06:00,Maitri Station,-19.5,-24.4,84,7.5,15.5,0.0,958.4
2024-08-19T07:00,Maitri Station,-19.9,-25.3,82,10.5,19.1,0.0,960.5
2024-08-19T08:00,Maitri Station,-20.8,-27.2,81,17.0,28.8,0.0,962.9
2024-08-19T09:00,Maitri Station,-21.6,-27.5,81,13.5,30.2,1.0,965.0
2024-08-19T10:00,Maitri Station,-22.0,-27.8,80,12.2,24.8,25.0,966.1
2024-08-19T11:00,Maitri Station,-21.7,-28.4,74,18.8,31.0,48.0,966.9
2024-08-19T12:00,Maitri Station,-21.3,-28.5,70,22.0,36.7,60.0,967.5
2024-08-19T13:00,Maitri Station,-21.9,-29.4,68,23.8,41.8,52.0,967.4
2024-08-19T14:00,Maitri Station,-21.8,-29.4,68,24.6,41.8,27.0,968.3
2024-08-19T15:00,Maitri Station,-21.6,-29.2,68,24.9,41.8,4.0,968.9
2024-08-19T16:00,Maitri Station,-21.5,-29.0,67,24.0,41.8,0.0,969.1
2024-08-19T17:00,Maitri Station,-21.4,-28.8,67,23.7,40.0,0.0,969.2
2024-08-19T18:00,Maitri Station,-21.2,-28.6,67,23.7,40.0,0.0,969.3
2024-08-19T19:00,Maitri Station,-21.1,-28.5,67,23.3,39.6,0.0,968.7
2024-08-19T20:00,Maitri Station,-21.2,-28.3,67,21.5,38.5,0.0,968.5
2024-08-19T21:00,Maitri Station,-21.2,-28.2,66,20.6,36.0,0.0,968.3
2024-08-19T22:00,Maitri Station,-21.3,-28.3,66,20.9,34.9,0.0,967.7
2024-08-19T23:00,Maitri Station,-21.1,-28.4,66,22.5,37.1,0.0,967.1
2024-08-20T00:00,Maitri Station,-20.5,-28.1,67,25.0,41.4,0.0,966.8
2024-08-20T01:00,Maitri Station,-19.8,-27.5,68,25.8,42.5,0.0,966.5
2024-08-20T02:00,Maitri Station,-19.7,-27.5,68,26.5,44.3,0.0,966.4
2024-08-20T03:00,Maitri Station,-19.7,-27.8,67,28.5,47.5,0.0,966.2
2024-08-20T04:00,Maitri Station,-19.2,-27.7,64,31.5,52.6,0.0,965.7
2024-08-20T05:00,Maitri Station,-18.7,-27.6,61,33.6,56.2,0.0,965.0
2024-08-20T06:00,Maitri Station,-18.0,-26.9,55,34.2,57.2,0.0,965.0
2024-08-20T07:00,Maitri Station,-17.2,-26.1,52,33.7,57.6,0.0,964.9
2024-08-20T08:00,Maitri Station,-16.3,-25.5,53,36.0,60.5,0.0,964.5
2024-08-20T09:00,Maitri Station,-15.5,-24.8,54,37.2,62.3,0.0,964.0
2024-08-20T10:00,Maitri Station,-14.9,-24.7,54,40.2,67.3,0.0,963.0
2024-08-20T11:00,Maitri Station,-14.6,-24.4,53,40.3,68.0,1.0,961.9
2024-08-20T12:00,Maitri Station,-14.3,-24.1,54,40.6,69.1,1.0,961.0
2024-08-20T13:00,Maitri Station,-14.4,-23.9,57,38.9,67.3,0.0,960.8
2024-08-20T14:00,Maitri Station,-14.7,-24.0,61,37.4,65.9,0.0,960.4
2024-08-20T15:00,Maitri Station,-15.3,-23.6,65,30.6,63.7,0.0,960.0
2024-08-20T16:00,Maitri Station,-16.5,-23.9,71,24.4,52.9,0.0,959.7
2024-08-20T17:00,Maitri Station,-18.1,-25.4,74,23.2,42.8,0.0,959.8
2024-08-20T18:00,Maitri Station,-18.8,-26.7,73,27.4,47.5,0.0,959.8
2024-08-20T19:00,Maitri Station,-19.1,-27.2,73,29.2,50.8,0.0,959.9
2024-08-20T20:00,Maitri Station,-19.3,-27.6,74,30.1,51.5,0.0,960.3
2024-08-20T21:00,Maitri Station,-19.5,-28.1,74,32.3,54.0,0.0,961.1
2024-08-20T22:00,Maitri Station,-19.7,-28.9,73,35.8,59.8,0.0,961.3
2024-08-20T23:00,Maitri Station,-19.4,-29.5,72,41.9,70.2,0.0,961.6
2024-08-21T00:00,Maitri Station,-20.9,-30.9,77,41.6,77.8,0.0,963.5
2024-08-21T01:00,Maitri Station,-21.5,-30.1,77,32.2,72.7,0.0,964.8
2024-08-21T02:00,Maitri Station,-21.5,-30.3,74,33.1,55.4,0.0,966.0
2024-08-21T03:00,Maitri Station,-21.0,-30.3,73,36.7,60.8,0.0,966.8
2024-08-21T04:00,Maitri Station,-20.5,-30.0,71,38.5,65.2,0.0,967.8
2024-08-21T05:00,Maitri Station,-20.0,-29.7,67,39.3,65.2,0.0,968.4
2024-08-21T06:00,Maitri Station,-19.4,-28.9,63,37.9,65.2,0.0,968.6
2024-08-21T07:00,Maitri Station,-18.9,-28.2,64,36.9,63.4,0.0,968.4
2024-08-21T08:00,Maitri Station,-18.8,-28.0,66,36.2,61.9,0.0,968.4
2024-08-21T09:00,Maitri Station,-18.2,-27.2,67,34.6,60.5,8.0,968.2
2024-08-21T10:00,Maitri Station,-17.0,-26.0,70,34.9,58.7,9.0,967.5
2024-08-21T11:00,Maitri Station,-16.4,-25.4,71,35.9,60.8,5.0,967.0
2024-08-21T12:00,Maitri Station,-15.9,-25.0,71,36.4,61.9,1.0,966.8
2024-08-21T13:00,Maitri Station,-15.6,-25.6,70,42.4,72.0,0.0,966.9
2024-08-21T14:00,Maitri Station,-15.3,-25.0,71,40.9,71.6,0.0,966.8
2024-08-21T15:00,Maitri Station,-15.1,-24.9,71,41.7,73.1,0.0,966.9
2024-08-21T16:00,Maitri Station,-14.8,-24.7,71,42.1,73.1,0.0,967.4
2024-08-21T17:00,Maitri Station,-14.3,-23.8,71,39.5,72.7,0.0,968.2
2024-08-21T18:00,Maitri Station,-13.9,-23.3,71,39.0,70.2,0.0,968.3
2024-08-21T19:00,Maitri Station,-13.3,-23.0,70,41.5,70.9,0.0,968.7
2024-08-21T20:00,Maitri Station,-12.9,-22.6,70,41.1,72.4,0.0,968.8
2024-08-21T21:00,Maitri Station,-12.4,-22.3,69,43.0,73.8,0.0,969.1
2024-08-21T22:00,Maitri Station,-12.2,-21.7,69,40.0,73.8,0.0,969.4
2024-08-21T23:00,Maitri Station,-12.1,-21.7,68,40.5,71.6,0.0,969.9
2024-08-22T00:00,Maitri Station,-12.0,-21.5,67,39.8,72.0,0.0,970.4
2024-08-22T01:00,Maitri Station,-11.7,-22.0,66,45.0,78.1,0.0,970.1
2024-08-22T02:00,Maitri Station,-11.6,-21.6,65,42.9,76.0,0.0,971.0
2024-08-22T03:00,Maitri Station,-11.8,-21.3,65,39.9,73.1,0.0,971.3
2024-08-22T04:00,Maitri Station,-11.9,-21.4,64,39.8,69.5,0.0,971.8
2024-08-22T05:00,Maitri Station,-11.9,-21.2,64,38.0,68.8,0.0,972.2
2024-08-22T06:00,Maitri Station,-12.0,-21.2,63,37.6,65.9,0.0,972.5
2024-08-22T07:00,Maitri Station,-12.2,-21.2,64,36.2,65.2,0.0,972.9
2024-08-22T08:00,Maitri Station,-12.2,-21.3,63,36.8,65.5,0.0,973.4
2024-08-22T09:00,Maitri Station,-12.3,-21.7,62,38.9,67.7,0.0,973.6
2024-08-22T10:00,Maitri Station,-12.5,-21.6,64,37.1,66.6,0.0,973.8
2024-08-22T11:00,Maitri Station,-12.6,-21.6,63,36.5,64.4,0.0,974.4
2024-08-22T12:00,Maitri Station,-12.9,-21.3,66,32.5,61.9,0.0,975.1
2024-08-22T13:00,Maitri Station,-13.8,-22.5,66,33.9,61.9,0.0,975.7
2024-08-22T14:00,Maitri Station,-14.1,-22.4,67,31.1,57.2,0.0,975.8
2024-08-22T15:00,Maitri Station,-14.3,-22.3,67,29.0,52.9,0.0,975.9
2024-08-22T16:00,Maitri Station,-14.5,-22.4,67,28.1,49.0,0.0,976.3
2024-08-22T17:00,Maitri Station,-14.5,-22.5,67,29.0,49.0,0.0,976.6
2024-08-22T18:00,Maitri Station,-14.7,-22.9,66,29.8,50.0,0.0,976.5
2024-08-22T19:00,Maitri Station,-14.9,-23.1,66,30.4,51.1,0.0,976.5
2024-08-22T20:00,Maitri Station,-14.9,-23.4,65,31.9,53.3,0.0,976.4
2024-08-22T21:00,Maitri Station,-14.9,-23.7,64,34.0,56.9,0.0,976.5
2024-08-22T22:00,Maitri Station,-15.0,-24.0,64,35.7,59.8,0.0,976.4
2024-08-22T23:00,Maitri Station,-15.0,-24.3,64,37.2,62.3,0.0,976.2
2024-08-23T00:00,Maitri Station,-15.0,-24.5,63,39.0,65.2,0.0,975.8
2024-08-23T01:00,Maitri Station,-14.9,-24.9,63,42.3,70.6,0.0,976.1
2024-08-23T02:00,Maitri Station,-14.9,-25.0,63,42.9,72.0,0.0,975.8
2024-08-23T03:00,Maitri Station,-15.0,-25.2,62,43.6,73.1,0.0,975.4
2024-08-23T04:00,Maitri Station,-15.0,-25.5,62,45.7,76.0,0.0,975.1
2024-08-23T05:00,Maitri Station,-14.9,-25.6,62,47.5,78.8,0.0,974.8
2024-08-23T06:00,Maitri Station,-14.7,-25.6,62,48.9,81.4,0.0,974.4
2024-08-23T07:00,Maitri Station,-14.4,-25.5,61,50.0,83.5,0.0,974.1
2024-08-23T08:00,Maitri Station,-14.2,-25.7,60,52.4,87.1,0.0,973.8
2024-08-23T09:00,Maitri Station,-14.1,-26.0,60,55.3,91.8,0.0,973.2
2024-08-23T10:00,Maitri Station,-14.0,-26.4,59,58.8,97.2,0.0,972.3
2024-08-23T11:00,Maitri Station,-13.8,-26.4,58,60.7,100.4,0.0,971.4
2024-08-23T12:00,Maitri Station,-13.5,-26.3,58,61.2,101.5,0.0,970.5
2024-08-23T13:00,Maitri Station,-13.7,-26.3,57,60.2,101.2,0.0,971.1
2024-08-23T14:00,Maitri Station,-13.4,-26.1,57,61.1,101.2,0.0,970.1
2024-08-23T15:00,Maitri Station,-13.1,-26.0,56,62.3,103.7,0.0,968.9
2024-08-23T16:00,Maitri Station,-12.7,-25.8,56,63.9,106.2,0.0,967.6
2024-08-23T17:00,Maitri Station,-12.2,-25.7,56,66.5,110.2,0.0,966.7
2024-08-23T18:00,Maitri Station,-11.8,-25.5,55,67.9,112.7,0.0,965.9
2024-08-23T19:00,Maitri Station,-11.7,-25.3,55,67.5,113.0,0.0,965.2
2024-08-23T20:00,Maitri Station,-11.7,-25.3,57,67.6,112.7,0.0,964.6
2024-08-23T21:00,Maitri Station,-11.6,-25.4,58,69.0,114.5,0.0,964.3
2024-08-23T22:00,Maitri Station,-11.5,-25.5,59,70.3,117.0,0.0,964.0
2024-08-23T23:00,Maitri Station,-11.6,-25.1,61,67.5,116.6,0.0,964.1
2024-08-24T00:00,Maitri Station,-11.6,-25.1,63,67.2,112.3,0.0,964.1
2024-08-24T01:00,Maitri Station,-11.8,-25.2,63,66.6,112.0,0.0,964.5
2024-08-24T02:00,Maitri Station,-11.8,-25.0,64,64.8,110.5,0.0,964.6
2024-08-24T03:00,Maitri Station,-11.6,-24.4,64,62.6,108.0,0.0,965.0
2024-08-24T04:00,Maitri Station,-11.5,-24.0,63,60.6,104.4,0.0,965.1
2024-08-24T05:00,Maitri Station,-11.3,-23.7,64,59.6,101.2,0.0,965.4
2024-08-24T06:00,Maitri Station,-11.2,-23.6,64,59.9,99.7,0.0,965.4
2024-08-24T07:00,Maitri Station,-11.1,-23.6,64,60.7,100.8,0.0,965.3
2024-08-24T08:00,Maitri Station,-10.8,-23.4,64,61.0,101.5,0.0,965.4
2024-08-24T09:00,Maitri Station,-10.6,-23.1,64,60.5,101.5,0.0,965.6
2024-08-24T10:00,Maitri Station,-10.5,-23.2,65,62.0,102.6,0.0,965.5
2024-08-24T11:00,Maitri Station,-10.3,-23.2,65,63.3,104.4,0.0,965.4
2024-08-24T12:00,Maitri Station,-10.1,-23.1,65,64.0,106.2,0.0,965.4
2024-08-24T13:00,Maitri Station,-10.4,-23.5,64,64.9,107.6,0.0,966.4
2024-08-24T14:00,Maitri Station,-10.3,-23.4,64,65.0,108.0,0.0,966.4
2024-08-24T15:00,Maitri Station,-10.2,-23.4,64,65.2,108.0,0.0,966.5
2024-08-24T16:00,Maitri Station,-10.1,-23.2,64,64.8,108.0,0.0,966.9
2024-08-24T17:00,Maitri Station,-9.9,-23.1,64,65.4,108.4,0.0,967.2
2024-08-24T18:00,Maitri Station,-9.7,-22.6,65,64.0,108.7,0.0,967.5
2024-08-24T19:00,Maitri Station,-9.5,-22.2,65,62.1,106.2,0.0,967.7
2024-08-24T20:00,Maitri Station,-9.3,-21.8,65,61.7,103.3,0.0,967.7
2024-08-24T21:00,Maitri Station,-9.1,-21.7,64,62.0,103.0,0.0,967.8
2024-08-24T22:00,Maitri Station,-9.0,-21.7,65,62.8,104.4,0.0,967.7
2024-08-24T23:00,Maitri Station,-8.9,-21.6,65,63.0,104.8,0.0,967.9
2024-08-25T00:00,Maitri Station,-8.7,-21.6,65,63.8,105.8,0.0,968.1
2024-08-25T01:00,Maitri Station,-9.0,-21.8,63,63.9,106.6,0.0,968.7
2024-08-25T02:00,Maitri Station,-8.9,-22.0,62,65.3,108.0,0.0,968.4
2024-08-25T03:00,Maitri Station,-8.8,-21.8,61,65.1,108.4,0.0,968.1
2024-08-25T04:00,Maitri Station,-8.7,-22.4,61,69.6,114.8,0.0,967.8
2024-08-25T05:00,Maitri Station,-8.6,-22.4,62,70.1,116.3,0.0,968.3
2024-08-25T06:00,Maitri Station,-8.6,-22.5,64,70.9,117.7,0.0,968.6
2024-08-25T07:00,Maitri Station,-8.6,-21.9,66,67.0,117.0,0.0,969.5
2024-08-25T08:00,Maitri Station,-8.5,-21.6,64,65.2,111.2,0.0,969.9
2024-08-25T09:00,Maitri Station,-8.4,-20.8,61,60.7,108.0,0.0,970.5
2024-08-25T10:00,Maitri Station,-8.3,-20.5,59,58.7,100.8,0.0,970.4
2024-08-25T11:00,Maitri Station,-8.2,-19.9,57,55.9,97.6,0.0,970.4
2024-08-25T12:00,Maitri Station,-8.0,-19.2,55,52.5,93.2,0.0,970.0
2024-08-25T13:00,Maitri Station,-7.6,-18.8,51,51.5,89.3,1.0,969.9
2024-08-25T14:00,Maitri Station,-7.5,-18.1,48,47.5,86.0,2.0,968.9
2024-08-25T15:00,Maitri Station,-7.4,-17.9,47,46.7,80.3,2.0,968.0
2024-08-25T16:00,Maitri Station,-7.3,-17.6,47,45.6,79.2,0.0,967.2
2024-08-25T17:00,Maitri Station,-6.9,-17.1,49,45.1,77.4,0.0,966.7
2024-08-25T18:00,Maitri Station,-6.6,-16.5,51,43.7,76.3,0.0,965.9
2024-08-25T19:00,Maitri Station,-6.3,-15.6,52,39.8,73.8,0.0,965.0
2024-08-25T20:00,Maitri Station,-5.9,-14.8,52,36.6,67.3,0.0,964.0
2024-08-25T21:00,Maitri Station,-5.4,-14.3,51,36.7,62.3,0.0,962.7
2024-08-25T22:00,Maitri Station,-5.0,-13.7,50,35.1,62.3,0.0,961.6
2024-08-25T23:00,Maitri Station,-4.7,-12.9,47,31.8,59.4,0.0,960.4
2024-08-26T00:00,Maitri Station,-4.3,-13.1,43,35.8,59.0,0.0,959.8
2024-08-26T01:00,Maitri Station,-4.4,-13.2,44,35.4,63.4,0.0,959.7
2024-08-26T02:00,Maitri Station,-4.9,-14.0,45,37.4,62.6,0.0,959.8
2024-08-26T03:00,Maitri Station,-5.6,-14.2,45,34.6,64.1,0.0,960.0
2024-08-26T04:00,Maitri Station,-6.3,-14.9,44,33.7,59.8,0.0,959.9
2024-08-26T05:00,Maitri Station,-6.1,-15.1,42,36.4,61.9,0.0,959.5
2024-08-26T06:00,Maitri Station,-5.8,-16.3,37,46.1,76.7,0.0,959.2
2024-08-26T07:00,Maitri Station,-5.8,-17.2,37,52.7,88.2,0.0,959.2
2024-08-26T08:00,Maitri Station,-5.8,-17.6,40,55.8,93.2,0.0,959.6
2024-08-26T09:00,Maitri Station,-6.1,-18.2,44,58.2,100.1,9.0,959.4
2024-08-26T10:00,Maitri Station,-6.2,-18.9,49,62.5,110.2,11.0,959.2
2024-08-26T11:00,Maitri Station,-6.4,-18.8,53,60.6,106.9,11.0,959.7
2024-08-26T12:00,Maitri Station,-6.5,-18.5,53,57.8,104.0,36.0,960.1
2024-08-26T13:00,Maitri Station,-6.7,-19.1,54,61.2,108.7,17.0,960.1
2024-08-26T14:00,Maitri Station,-7.4,-19.7,56,59.6,106.9,22.0,961.0
2024-08-26T15:00,Maitri Station,-7.8,-20.3,56,61.1,106.9,8.0,961.4
2024-08-26T16:00,Maitri Station,-7.4,-20.5,55,65.6,121.0,0.0,961.7
2024-08-26T17:00,Maitri Station,-7.6,-19.9,60,60.2,119.9,0.0,962.0
2024-08-26T18:00,Maitri Station,-7.8,-20.7,63,64.6,117.7,0.0,962.7
2024-08-26T19:00,Maitri Station,-7.8,-20.9,62,65.4,115.9,0.0,964.0
2024-08-26T20:00,Maitri Station,-7.8,-20.0,65,59.4,113.8,0.0,965.1
2024-08-26T21:00,Maitri Station,-7.9,-19.6,63,56.4,106.6,0.0,965.5
2024-08-26T22:00,Maitri Station,-8.0,-18.9,60,50.1,104.8,0.0,965.3
2024-08-26T23:00,Maitri Station,-7.8,-18.7,54,49.9,95.4,0.0,964.9
2024-08-27T00:00,Maitri Station,-7.8,-18.9,46,50.7,91.1,0.0,964.1
2024-08-27T01:00,Maitri Station,-8.3,-18.9,40,46.7,80.6,0.0,962.6
2024-08-27T02:00,Maitri Station,-8.6,-18.6,38,42.8,78.8,0.0,961.1
2024-08-27T03:00,Maitri Station,-9.1,-19.1,37,42.4,71.6,0.0,959.4
2024-08-27T04:00,Maitri Station,-8.8,-19.7,36,48.5,78.8,0.0,956.9
2024-08-27T05:00,Maitri Station,-8.5,-20.4,35,55.0,88.9,0.0,954.9
2024-08-27T06:00,Maitri Station,-8.2,-20.3,35,56.4,90.7,0.0,952.9
2024-08-27T07:00,Maitri Station,-7.5,-19.0,35,52.6,91.1,0.0,951.5
2024-08-27T08:00,Maitri Station,-6.7,-17.4,36,47.9,85.3,0.0,949.5
2024-08-27T09:00,Maitri Station,-5.6,-15.8,39,44.3,77.8,0.0,947.6
2024-08-27T10:00,Maitri Station,-4.4,-13.5,44,37.7,72.4,0.0,945.7
2024-08-27T11:00,Maitri Station,-3.3,-12.9,47,42.5,72.0,0.0,944.2
2024-08-27T12:00,Maitri Station,-3.6,-14.0,54,48.5,85.3,0.0,943.2
2024-08-27T13:00,Maitri Station,-4.4,-14.8,59,48.4,87.5,0.0,942.6
2024-08-27T14:00,Maitri Station,-4.8,-16.1,57,54.1,89.3,1.0,942.9
2024-08-27T15:00,Maitri Station,-5.4,-16.9,58,55.0,95.0,3.0,942.9
2024-08-27T16:00,Maitri Station,-5.7,-17.4,57,56.5,95.4,0.0,942.6
2024-08-27T17:00,Maitri Station,-6.0,-16.9,57,51.0,95.0,0.0,942.2
2024-08-27T18:00,Maitri Station,-5.6,-17.9,52,60.4,101.9,0.0,941.5
2024-08-27T19:00,Maitri Station,-5.4,-17.0,53,55.5,100.8,0.0,941.6
2024-08-27T20:00,Maitri Station,-5.8,-16.7,55,50.7,95.0,0.0,942.2
2024-08-27T21:00,Maitri Station,-6.7,-18.7,58,58.5,101.2,0.0,943.3
2024-08-27T22:00,Maitri Station,-7.1,-19.2,65,59.4,110.9,0.0,943.8
2024-08-27T23:00,Maitri Station,-7.6,-20.7,67,66.2,113.0,0.0,945.5
2024-08-28T00:00,Maitri Station,-7.8,-20.2,69,61.4,115.2,0.0,946.8
2024-08-28T01:00,Maitri Station,-8.3,-20.6,68,60.7,119.2,0.0,950.7
2024-08-28T02:00,Maitri Station,-8.0,-20.0,68,58.6,110.5,0.0,951.9
2024-08-28T03:00,Maitri Station,-7.7,-18.9,70,53.5,102.2,0.0,952.9
2024-08-28T04:00,Maitri Station,-7.4,-18.7,71,54.3,97.6,0.0,954.0
2024-08-28T05:00,Maitri Station,-7.2,-18.4,73,54.4,94.0,0.0,955.0
2024-08-28T06:00,Maitri Station,-7.0,-18.2,73,54.3,94.3,0.0,956.0
2024-08-28T07:00,Maitri Station,-7.1,-17.2,75,46.6,91.4,0.0,957.0
2024-08-28T08:00,Maitri Station,-7.0,-17.5,74,48.9,90.0,0.0,957.9
2024-08-28T09:00,Maitri Station,-7.0,-17.2,75,47.6,89.3,0.0,958.7
2024-08-28T10:00,Maitri Station,-6.9,-16.9,76,46.6,86.8,0.0,959.2
2024-08-28T11:00,Maitri Station,-6.9,-17.6,75,50.4,91.1,1.0,960.1
2024-08-28T12:00,Maitri Station,-6.8,-17.1,74,47.9,89.3,0.0,960.8
2024-08-28T13:00,Maitri Station,-7.4,-17.9,73,49.0,90.0,0.0,962.4
2024-08-28T14:00,Maitri Station,-7.6,-18.9,69,54.2,96.1,0.0,963.6
2024-08-28T15:00,Maitri Station,-7.9,-18.8,69,51.2,98.6,0.0,964.5
2024-08-28T16:00,Maitri Station,-8.0,-20.2,65,59.6,99.4,0.0,965.5
2024-08-28T17:00,Maitri Station,-8.3,-19.9,65,55.7,101.9,0.0,966.8
2024-08-28T18:00,Maitri Station,-8.3,-19.6,63,53.2,97.2,0.0,967.6
2024-08-28T19:00,Maitri Station,-8.5,-19.5,62,51.6,93.2,0.0,968.3
2024-08-28T20:00,Maitri Station,-8.5,-19.2,63,49.3,94.3,0.0,969.0
2024-08-28T21:00,Maitri Station,-8.4,-18.9,63,48.0,92.2,0.0,970.1
2024-08-28T22:00,Maitri Station,-8.5,-19.1,61,48.7,87.1,0.0,970.7
2024-08-28T23:00,Maitri Station,-8.4,-18.5,62,44.8,85.3,0.0,971.6
2024-08-29T00:00,Maitri Station,-8.2,-18.4,61,45.6,85.0,0.0,972.4
2024-08-29T01:00,Maitri Station,-8.2,-18.9,57,49.2,90.0,0.0,973.4
2024-08-29T02:00,Maitri Station,-8.1,-18.7,59,48.0,87.8,0.0,974.4
2024-08-29T03:00,Maitri Station,-8.1,-18.6,57,47.5,85.0,0.0,975.6
2024-08-29T04:00,Maitri Station,-8.1,-18.5,56,46.7,81.7,0.0,976.3
2024-08-29T05:00,Maitri Station,-8.5,-18.7,55,45.0,79.9,0.0,976.8
2024-08-29T06:00,Maitri Station,-8.5,-18.8,52,45.8,77.8,0.0,977.4
2024-08-29T07:00,Maitri Station,-8.4,-18.7,50,45.2,78.1,0.0,978.2
2024-08-29T08:00,Maitri Station,-8.4,-18.4,48,42.9,76.0,4.0,978.5
2024-08-29T09:00,Maitri Station,-8.5,-18.0,47,39.5,72.0,28.0,979.3
2024-08-29T10:00,Maitri Station,-8.6,-17.5,45,35.5,66.2,57.0,979.6
2024-08-29T11:00,Maitri Station,-8.8,-17.2,43,31.7,59.8,106.0,980.1
2024-08-29T12:00,Maitri Station,-9.1,-16.8,43,26.8,53.3,114.0,979.9
2024-08-29T13:00,Maitri Station,-9.1,-16.3,42,23.3,46.8,98.0,979.7
2024-08-29T14:00,Maitri Station,-9.7,-16.5,43,20.4,38.9,66.0,979.8
2024-08-29T15:00,Maitri Station,-10.8,-17.2,44,18.0,32.8,27.0,979.4
2024-08-29T16:00,Maitri Station,-12.3,-18.5,46,16.2,27.7,2.0,979.1
2024-08-29T17:00,Maitri Station,-13.5,-19.5,48,14.5,24.1,0.0,979.2
2024-08-29T18:00,Maitri Station,-14.9,-20.5,50,11.8,20.9,0.0,979.3
2024-08-29T19:00,Maitri Station,-14.7,-20.0,45,9.4,16.9,0.0,979.3
2024-08-29T20:00,Maitri Station,-16.0,-21.5,47,10.6,14.4,0.0,979.3
2024-08-29T21:00,Maitri Station,-15.4,-20.7,41,9.4,15.1,0.0,979.4
2024-08-29T22:00,Maitri Station,-11.1,-16.1,23,6.6,13.3,0.0,979.2
2024-08-29T23:00,Maitri Station,-11.0,-15.5,21,3.2,9.4,0.0,979.2
2024-08-30T00:00,Maitri Station,-11.8,-16.4,22,4.1,6.8,0.0,979.1
2024-08-30T01:00,Maitri Station,-16.7,-22.3,38,10.9,19.1,0.0,978.9
2024-08-30T02:00,Maitri Station,-14.0,-19.1,28,7.7,16.9,0.0,978.9
2024-08-30T03:00,Maitri Station,-13.1,-17.8,25,4.6,11.5,0.0,978.9
2024-08-30T04:00,Maitri Station,-12.7,-17.3,22,3.6,6.8,0.0,978.9
2024-08-30T05:00,Maitri Station,-13.8,-18.5,25,4.3,6.1,0.0,979.0
2024-08-30T06:00,Maitri Station,-13.8,-18.8,23,6.8,9.7,0.0,979.1
2024-08-30T07:00,Maitri Station,-13.1,-18.1,24,6.5,11.5,0.0,978.8
2024-08-30T08:00,Maitri Station,-13.0,-17.3,26,1.8,10.4,15.0,978.9
2024-08-30T09:00,Maitri Station,-14.0,-18.2,31,1.1,4.3,54.0,979.1
2024-08-30T10:00,Maitri Station,-13.0,-18.0,26,6.5,11.2,95.0,979.1
2024-08-30T11:00,Maitri Station,-18.5,-24.6,39,13.8,20.2,121.0,979.3
2024-08-30T12:00,Maitri Station,-18.4,-24.6,40,14.5,24.1,127.0,979.3
2024-08-30T13:00,Maitri Station,-19.2,-24.6,44,9.6,22.7,111.0,978.8
2024-08-30T14:00,Maitri Station,-17.8,-23.0,35,7.7,15.1,76.0,979.1
2024-08-30T15:00,Maitri Station,-18.4,-23.6,34,7.7,13.0,33.0,979.1
2024-08-30T16:00,Maitri Station,-21.5,-28.1,45,17.6,26.3,3.0,979.3
2024-08-30T17:00,Maitri Station,-17.3,-26.5,31,35.4,56.9,0.0,980.5
2024-08-30T18:00,Maitri Station,-17.5,-27.7,32,42.0,70.6,0.0,980.9
2024-08-30T19:00,Maitri Station,-18.0,-28.1,34,41.7,70.9,0.0,981.2
2024-08-30T20:00,Maitri Station,-18.1,-27.9,35,39.2,67.3,0.0,981.7
2024-08-30T21:00,Maitri Station,-18.0,-27.3,37,36.1,62.3,0.0,982.0
2024-08-30T22:00,Maitri Station,-17.7,-26.8,38,35.0,57.6,0.0,981.7
2024-08-30T23:00,Maitri Station,-16.9,-26.3,38,37.2,61.6,0.0,982.0
2024-08-31T00:00,Maitri Station,-16.5,-26.0,38,37.2,61.9,0.0,982.3
2024-08-31T01:00,Maitri Station,-15.8,-25.8,45,41.8,70.2,0.0,983.1
2024-08-31T02:00,Maitri Station,-15.0,-24.6,52,39.5,70.2,0.0,983.6
2024-08-31T03:00,Maitri Station,-14.4,-24.3,51,40.8,68.0,0.0,984.1
2024-08-31T04:00,Maitri Station,-14.3,-24.2,50,40.9,69.5,0.0,984.3
2024-08-31T05:00,Maitri Station,-14.2,-24.0,48,40.3,68.4,0.0,984.4
2024-08-31T06:00,Maitri Station,-14.3,-24.2,45,40.8,68.4,0.0,984.7
2024-08-31T07:00,Maitri Station,-14.6,-24.6,43,41.5,69.5,0.0,984.7
2024-08-31T08:00,Maitri Station,-14.6,-24.6,43,41.5,69.5,6.0,984.7
2024-08-31T09:00,Maitri Station,-14.3,-24.2,44,40.8,69.5,29.0,985.0
2024-08-31T10:00,Maitri Station,-14.1,-23.6,46,38.2,68.4,70.0,985.1
2024-08-31T11:00,Maitri Station,-13.9,-23.0,47,35.5,64.4,83.0,985.4
2024-08-31T12:00,Maitri Station,-13.9,-22.5,50,32.7,59.8,77.0,985.6
2024-08-31T13:00,Maitri Station,-13.7,-22.0,54,31.0,55.8,35.0,986.1
2024-08-31T14:00,Maitri Station,-13.9,-22.1,54,29.7,52.9,29.0,986.2
2024-08-31T15:00,Maitri Station,-14.5,-22.4,52,27.7,50.8,25.0,985.8
2024-08-31T16:00,Maitri Station,-14.8,-22.6,52,26.7,47.9,2.0,985.9
2024-08-31T17:00,Maitri Station,-15.0,-22.8,51,26.6,45.7,0.0,986.1
2024-08-31T18:00,Maitri Station,-15.2,-22.9,50,26.2,45.4,0.0,986.1
2024-08-31T19:00,Maitri Station,-15.4,-23.0,50,25.6,44.6,0.0,986.2
2024-08-31T20:00,Maitri Station,-15.6,-23.1,49,24.3,43.6,0.0,986.5
2024-08-31T21:00,Maitri Station,-16.0,-23.2,50,22.3,41.4,0.0,986.9
2024-08-31T22:00,Maitri Station,-16.0,-23.0,51,21.0,38.2,0.0,986.9
2024-08-31T23:00,Maitri Station,-16.2,-23.0,52,20.0,35.6,0.0,987.3
2024-09-01T00:00,Maitri Station,-16.7,-23.7,50,20.9,34.9,0.0,987.5
2024-09-01T01:00,Maitri Station,-16.5,-23.6,54,21.7,36.4,0.0,988.1
2024-09-01T02:00,Maitri Station,-16.5,-23.7,52,22.2,37.8,0.0,988.0
2024-09-01T03:00,Maitri Station,-17.0,-24.0,48,20.7,37.8,0.0,987.8
2024-09-01T04:00,Maitri Station,-17.4,-24.2,44,19.5,34.9,0.0,987.7
2024-09-01T05:00,Maitri Station,-17.4,-24.4,42,20.4,34.6,0.0,987.8
2024-09-01T06:00,Maitri Station,-17.2,-24.4,40,22.2,37.4,0.0,988.2
2024-09-01T07:00,Maitri Station,-17.4,-24.6,41,22.2,38.5,0.0,988.3
2024-09-01T08:00,Maitri Station,-17.7,-24.5,41,19.5,37.8,20.0,988.7
2024-09-01T09:00,Maitri Station,-18.8,-24.9,44,14.1,32.8,63.0,988.9
2024-09-01T10:00,Maitri Station,-17.7,-24.4,39,18.4,31.0,105.0,989.1
2024-09-01T11:00,Maitri Station,-16.9,-24.1,38,21.9,37.4,131.0,989.4
2024-09-01T12:00,Maitri Station,-17.0,-24.5,39,24.1,41.4,136.0,989.8
2024-09-01T13:00,Maitri Station,-16.6,-24.7,42,28.3,48.2,111.0,990.4
2024-09-01T14:00,Maitri Station,-17.1,-25.0,44,26.3,48.6,80.0,990.2
2024-09-01T15:00,Maitri Station,-18.8,-25.4,45,17.4,45.0,38.0,989.7
2024-09-01T16:00,Maitri Station,-20.4,-26.9,40,16.5,29.9,5.0,989.5
2024-09-01T17:00,Maitri Station,-19.7,-26.5,37,18.9,32.0,0.0,989.9
2024-09-01T18:00,Maitri Station,-19.9,-26.8,36,19.5,33.1,0.0,990.0
2024-09-01T19:00,Maitri Station,-18.8,-26.6,33,25.5,42.5,0.0,990.2
2024-09-01T20:00,Maitri Station,-18.7,-26.7,35,27.2,45.7,0.0,990.1
2024-09-01T21:00,Maitri Station,-18.9,-26.8,36,26.4,45.7,0.0,989.9
2024-09-01T22:00,Maitri Station,-19.1,-26.8,37,24.6,43.6,0.0,989.5
2024-09-01T23:00,Maitri Station,-19.5,-26.9,37,22.7,40.3,0.0,989.4
2024-09-02T00:00,Maitri Station,-20.3,-27.4,38,20.8,36.4,0.0,988.7
2024-09-02T01:00,Maitri Station,-21.3,-28.2,42,19.8,31.3,0.0,988.0
2024-09-02T02:00,Maitri Station,-22.1,-29.1,44,19.9,29.9,0.0,987.6
2024-09-02T03:00,Maitri Station,-22.4,-29.3,44,19.7,30.2,0.0,987.3
2024-09-02T04:00,Maitri Station,-22.5,-29.4,42,19.3,29.5,0.0,987.2
2024-09-02T05:00,Maitri Station,-22.8,-29.8,42,19.7,29.5,0.0,986.9
2024-09-02T06:00,Maitri Station,-23.0,-29.9,42,19.1,29.5,0.0,986.4
2024-09-02T07:00,Maitri Station,-23.3,-30.1,43,18.5,28.4,1.0,986.0
2024-09-02T08:00,Maitri Station,-23.2,-29.9,45,17.9,27.4,24.0,985.6
2024-09-02T09:00,Maitri Station,-23.1,-29.8,49,17.7,26.3,70.0,985.3
2024-09-02T10:00,Maitri Station,-23.0,-29.5,50,16.8,25.6,113.0,984.9
2024-09-02T11:00,Maitri Station,-23.0,-29.1,50,13.9,24.1,140.0,984.5
2024-09-02T12:00,Maitri Station,-23.7,-29.5,51,12.1,19.8,145.0,984.2
2024-09-02T13:00,Maitri Station,-23.6,-29.5,53,12.5,18.0,128.0,983.2
2024-09-02T14:00,Maitri Station,-24.1,-29.8,49,11.3,17.6,92.0,982.3
2024-09-02T15:00,Maitri Station,-23.2,-28.6,38,9.2,15.8,45.0,981.3
2024-09-02T16:00,Maitri Station,-23.2,-28.7,33,9.2,13.0,7.0,980.7
2024-09-02T17:00,Maitri Station,-22.1,-27.4,27,8.3,12.6,0.0,980.4
2024-09-02T18:00,Maitri Station,-19.7,-24.8,20,6.2,11.5,0.0,979.9
2024-09-02T19:00,Maitri Station,-19.6,-24.7,20,7.0,9.7,0.0,979.4
2024-09-02T20:00,Maitri Station,-19.2,-24.1,20,5.4,9.7,0.0,979.1
2024-09-02T21:00,Maitri Station,-19.1,-24.3,21,6.7,9.7,0.0,978.9
2024-09-02T22:00,Maitri Station,-19.9,-25.2,24,7.6,11.5,0.0,978.4
2024-09-02T23:00,Maitri Station,-20.8,-25.8,26,6.0,11.9,0.0,977.7
2024-09-03T00:00,Maitri Station,-21.7,-26.8,26,6.5,10.4,0.0,977.3
2024-09-03T01:00,Maitri Station,-24.2,-29.7,29,9.2,13.3,0.0,975.7
2024-09-03T02:00,Maitri Station,-21.3,-26.6,23,8.0,14.0,0.0,975.1
2024-09-03T03:00,Maitri Station,-21.1,-26.3,22,6.6,11.9,0.0,975.0
2024-09-03T04:00,Maitri Station,-20.9,-25.8,21,5.5,10.4,0.0,974.6
2024-09-03T05:00,Maitri Station,-20.2,-25.2,19,5.5,9.0,0.0,974.5
2024-09-03T06:00,Maitri Station,-19.6,-24.4,17,3.9,9.0,0.0,973.9
2024-09-03T07:00,Maitri Station,-19.7,-24.9,17,7.0,9.7,1.0,973.8
2024-09-03T08:00,Maitri Station,-27.3,-33.2,35,12.0,16.9,29.0,972.8
2024-09-03T09:00,Maitri Station,-27.7,-33.7,42,12.6,19.4,77.0,972.1
2024-09-03T10:00,Maitri Station,-26.7,-32.4,41,10.9,18.0,121.0,971.9
2024-09-03T11:00,Maitri Station,-24.8,-30.4,36,10.1,15.8,145.0,971.4
2024-09-03T12:00,Maitri Station,-24.4,-30.1,35,10.8,15.1,151.0,970.9
2024-09-03T13:00,Maitri Station,-25.1,-31.7,46,16.7,24.5,134.0,968.2
2024-09-03T14:00,Maitri Station,-25.0,-31.7,45,17.3,26.3,96.0,966.9
2024-09-03T15:00,Maitri Station,-25.9,-31.9,43,12.9,25.6,48.0,965.6
2024-09-03T16:00,Maitri Station,-23.2,-28.9,32,10.5,20.9,9.0,964.5
2024-09-03T17:00,Maitri Station,-21.3,-26.8,26,9.2,18.4,0.0,963.9
2024-09-03T18:00,Maitri Station,-21.3,-26.8,25,9.3,16.9,0.0,963.1
2024-09-03T19:00,Maitri Station,-18.9,-24.3,19,8.6,17.3,0.0,962.4
2024-09-03T20:00,Maitri Station,-18.2,-23.4,16,7.1,15.5,0.0,962.0
2024-09-03T21:00,Maitri Station,-17.8,-22.7,14,5.4,11.9,0.0,962.0
2024-09-03T22:00,Maitri Station,-18.3,-23.2,13,5.2,9.4,0.0,961.7
2024-09-03T23:00,Maitri Station,-18.5,-23.5,12,5.4,8.3,0.0,961.7
2024-09-04T00:00,Maitri Station,-18.8,-23.3,13,2.2,7.9,0.0,962.4
2024-09-04T01:00,Maitri Station,-18.5,-23.5,20,5.8,9.0,0.0,962.3
2024-09-04T02:00,Maitri Station,-17.7,-22.5,19,4.6,10.1,0.0,962.8
2024-09-04T03:00,Maitri Station,-16.1,-21.0,16,5.1,7.9,0.0,963.8
2024-09-04T04:00,Maitri Station,-24.7,-31.9,34,20.6,29.5,0.0,964.3
2024-09-04T05:00,Maitri Station,-21.4,-29.2,36,25.7,40.7,0.0,965.7
2024-09-04T06:00,Maitri Station,-19.7,-28.1,33,29.7,47.5,0.0,966.7
2024-09-04T07:00,Maitri Station,-16.7,-26.9,31,41.7,65.5,2.0,967.9
2024-09-04T08:00,Maitri Station,-16.7,-26.1,33,36.5,65.9,32.0,970.0
2024-09-04T09:00,Maitri Station,-16.8,-25.6,35,32.7,59.8,80.0,971.7
2024-09-04T10:00,Maitri Station,-16.7,-25.5,36,33.1,56.2,123.0,973.6
2024-09-04T11:00,Maitri Station,-17.4,-25.5,38,27.5,56.2,150.0,975.1
2024-09-04T12:00,Maitri Station,-18.7,-26.1,39,22.9,46.8,155.0,976.0
2024-09-04T13:00,Maitri Station,-18.4,-25.6,42,21.7,47.5,137.0,977.0
2024-09-04T14:00,Maitri Station,-21.0,-27.5,43,17.0,38.2,101.0,977.7
2024-09-04T15:00,Maitri Station,-19.9,-27.3,38,22.9,38.2,53.0,978.7
2024-09-04T16:00,Maitri Station,-18.3,-26.7,33,29.9,50.8,11.0,979.7
2024-09-04T17:00,Maitri Station,-18.3,-26.7,32,29.3,51.1,0.0,980.4
2024-09-04T18:00,Maitri Station,-18.4,-26.7,31,28.5,50.0,0.0,980.7
2024-09-04T19:00,Maitri Station,-18.3,-26.7,30,29.8,49.7,0.0,980.9
2024-09-04T20:00,Maitri Station,-17.9,-26.6,30,31.2,52.2,0.0,981.5
2024-09-04T21:00,Maitri Station,-17.9,-26.6,30,31.9,54.0,0.0,982.3
2024-09-04T22:00,Maitri Station,-18.1,-26.6,31,30.1,53.6,0.0,982.3
2024-09-04T23:00,Maitri Station,-18.0,-26.3,30,28.5,50.4,0.0,982.6
2024-09-05T00:00,Maitri Station,-18.1,-26.1,29,27.2,47.2,0.0,982.6
2024-09-05T01:00,Maitri Station,-18.2,-25.8,31,23.8,40.3,0.0,981.6
2024-09-05T02:00,Maitri Station,-18.4,-25.6,32,21.4,38.9,0.0,981.2
2024-09-05T03:00,Maitri Station,-18.6,-25.4,32,18.5,35.3,0.0,981.2
2024-09-05T04:00,Maitri Station,-20.4,-26.3,34,12.5,31.0,0.0,980.9
2024-09-05T05:00,Maitri Station,-14.5,-19.3,13,4.0,22.0,0.0,981.0
2024-09-05T06:00,Maitri Station,-16.1,-21.3,15,7.6,11.2,0.0,981.2
2024-09-05T07:00,Maitri Station,-21.5,-28.0,29,16.4,22.3,2.0,980.7
2024-09-05T08:00,Maitri Station,-20.5,-27.4,33,18.8,28.1,35.0,980.2
2024-09-05T09:00,Maitri Station,-20.2,-27.0,39,18.2,29.5,87.0,979.8
2024-09-05T10:00,Maitri Station,-20.7,-27.0,43,14.9,29.2,132.0,979.0
2024-09-05T11:00,Maitri Station,-22.1,-27.7,48,10.5,24.8,159.0,978.3
2024-09-05T12:00,Maitri Station,-22.0,-27.4,48,9.2,18.0,165.0,977.8
2024-09-05T13:00,Maitri Station,-22.7,-28.6,53,12.5,21.2,146.0,976.1
2024-09-05T14:00,Maitri Station,-22.4,-28.0,47,10.1,18.4,108.0,975.6
2024-09-05T15:00,Maitri Station,-16.2,-21.1,25,5.5,15.8,57.0,975.6
2024-09-05T16:00,Maitri Station,-16.9,-21.6,26,4.1,9.7,12.0,975.4
2024-09-05T17:00,Maitri Station,-17.2,-21.7,26,3.0,8.3,0.0,975.1
2024-09-05T18:00,Maitri Station,-15.7,-20.3,22,3.3,7.6,0.0,974.8
2024-09-05T19:00,Maitri Station,-16.1,-20.4,22,1.4,7.2,0.0,975.1
2024-09-05T20:00,Maitri Station,-16.8,-21.7,23,5.4,7.9,0.0,975.4
2024-09-05T21:00,Maitri Station,-15.8,-20.7,20,5.4,9.4,0.0,975.3
2024-09-05T22:00,Maitri Station,-15.6,-20.4,19,5.1,10.1,0.0,975.1
2024-09-05T23:00,Maitri Station,-17.1,-22.0,22,4.8,8.6,0.0,975.5
2024-09-06T00:00,Maitri Station,-18.5,-23.4,25,5.1,9.4,0.0,976.0
2024-09-06T01:00,Maitri Station,-16.5,-21.7,23,7.0,19.1,0.0,974.7
2024-09-06T02:00,Maitri Station,-18.6,-23.6,25,5.6,13.7,0.0,974.5
2024-09-06T03:00,Maitri Station,-19.2,-23.4,25,0.8,11.5,0.0,974.7
2024-09-06T04:00,Maitri Station,-22.4,-28.0,31,10.0,13.3,0.0,975.0
2024-09-06T05:00,Maitri Station,-22.6,-28.2,31,9.7,15.1,0.0,974.9
2024-09-06T06:00,Maitri Station,-20.9,-26.3,27,8.7,14.4,0.0,975.4
2024-09-06T07:00,Maitri Station,-23.3,-28.9,31,10.1,14.4,4.0,975.5
2024-09-06T08:00,Maitri Station,-19.5,-24.7,24,7.0,14.4,42.0,975.9
2024-09-06T09:00,Maitri Station,-18.9,-23.9,23,5.7,11.2,92.0,976.2
2024-09-06T10:00,Maitri Station,-18.1,-23.1,21,5.9,11.5,126.0,975.9
2024-09-06T11:00,Maitri Station,-18.3,-23.2,22,4.8,11.5,162.0,975.9
2024-09-06T12:00,Maitri Station,-18.7,-23.7,24,5.8,10.4,126.0,976.1
2024-09-06T13:00,Maitri Station,-18.9,-23.9,25,5.9,10.4,143.0,974.7
2024-09-06T14:00,Maitri Station,-20.1,-25.4,28,8.1,12.6,112.0,974.5
2024-09-06T15:00,Maitri Station,-19.5,-24.9,26,8.7,14.0,62.0,973.9
2024-09-06T16:00,Maitri Station,-17.6,-22.7,22,6.7,14.0,16.0,973.9
2024-09-06T17:00,Maitri Station,-17.7,-22.8,21,6.5,11.2,0.0,974.2
2024-09-06T18:00,Maitri Station,-17.6,-22.6,21,5.9,11.9,0.0,974.2
2024-09-06T19:00,Maitri Station,-17.1,-21.6,20,2.2,10.4,0.0,974.2
2024-09-06T20:00,Maitri Station,-16.0,-20.9,20,5.7,7.9,0.0,974.3
2024-09-06T21:00,Maitri Station,-15.1,-20.3,20,7.3,9.4,0.0,974.7
2024-09-06T22:00,Maitri Station,-16.2,-21.6,21,9.1,13.3,0.0,975.0
2024-09-06T23:00,Maitri Station,-15.8,-21.1,21,8.0,13.3,0.0,975.5
2024-09-07T00:00,Maitri Station,-15.3,-20.5,19,7.2,12.6,0.0,975.6
2024-09-07T01:00,Maitri Station,-28.9,-35.2,49,14.3,23.4,0.0,973.8
2024-09-07T02:00,Maitri Station,-20.1,-25.6,27,9.4,20.9,0.0,975.0
2024-09-07T03:00,Maitri Station,-16.3,-20.9,20,2.9,13.0,0.0,976.2
2024-09-07T04:00,Maitri Station,-17.3,-21.8,21,3.0,5.0,0.0,976.8
2024-09-07T05:00,Maitri Station,-18.0,-23.0,21,5.5,8.3,0.0,977.6
2024-09-07T06:00,Maitri Station,-16.8,-21.8,18,5.8,9.7,0.0,978.5
2024-09-07T07:00,Maitri Station,-17.4,-22.7,18,8.3,13.7,6.0,979.3
2024-09-07T08:00,Maitri Station,-16.4,-21.2,16,4.1,13.0,45.0,980.2
2024-09-07T09:00,Maitri Station,-16.9,-21.7,17,4.6,8.3,99.0,980.9
2024-09-07T10:00,Maitri Station,-15.8,-20.4,16,3.6,8.6,144.0,981.3
2024-09-07T11:00,Maitri Station,-15.7,-20.7,17,6.0,10.1,171.0,981.8
2024-09-07T12:00,Maitri Station,-16.8,-22.2,21,8.7,13.3,175.0,982.2
2024-09-07T13:00,Maitri Station,-13.8,-18.8,17,6.3,15.1,157.0,981.9
2024-09-07T14:00,Maitri Station,-14.0,-18.3,17,1.6,9.0,79.0,982.5
2024-09-07T15:00,Maitri Station,-14.9,-19.7,18,4.7,6.1,16.0,983.1
2024-09-07T16:00,Maitri Station,-15.1,-19.7,18,3.2,9.0,1.0,983.8
2024-09-07T17:00,Maitri Station,-15.9,-20.6,19,3.7,5.8,0.0,984.4
2024-09-07T18:00,Maitri Station,-15.9,-20.3,19,2.3,6.5,0.0,984.8
2024-09-07T19:00,Maitri Station,-16.0,-20.8,20,4.2,7.2,0.0,985.8
2024-09-07T20:00,Maitri Station,-15.4,-20.0,19,3.4,6.8,0.0,986.0
2024-09-07T21:00,Maitri Station,-15.6,-20.2,19,3.7,5.4,0.0,986.3
2024-09-07T22:00,Maitri Station,-15.0,-20.1,18,6.6,10.1,0.0,986.4
2024-09-07T23:00,Maitri Station,-14.5,-19.7,18,7.6,11.5,0.0,986.4
2024-09-08T00:00,Maitri Station,-14.3,-19.6,19,7.9,12.2,0.0,986.4
2024-09-08T01:00,Maitri Station,-13.8,-18.6,19,5.2,9.4,0.0,986.1
2024-09-08T02:00,Maitri Station,-13.7,-18.3,20,3.5,7.9,0.0,986.1
2024-09-08T03:00,Maitri Station,-13.8,-18.5,20,3.9,6.5,0.0,986.2
2024-09-08T04:00,Maitri Station,-13.7,-18.6,21,5.3,8.6,0.0,986.0
2024-09-08T05:00,Maitri Station,-13.7,-18.5,23,4.6,8.6,0.0,985.4
2024-09-08T06:00,Maitri Station,-13.9,-18.3,25,2.1,6.8,0.0,985.2
2024-09-08T07:00,Maitri Station,-14.0,-18.6,25,4.0,5.8,0.0,985.6
2024-09-08T08:00,Maitri Station,-14.1,-18.7,26,3.6,5.8,1.0,985.9
2024-09-08T09:00,Maitri Station,-14.5,-18.9,27,2.3,5.4,6.0,986.0
2024-09-08T10:00,Maitri Station,-14.5,-18.9,28,2.6,4.0,27.0,985.7
2024-09-08T11:00,Maitri Station,-14.4,-18.8,29,2.5,4.0,101.0,985.5
2024-09-08T12:00,Maitri Station,-13.7,-18.8,28,7.1,10.1,125.0,985.0
2024-09-08T13:00,Maitri Station,-14.1,-18.6,30,3.2,6.5,103.0,983.9
2024-09-08T14:00,Maitri Station,-14.3,-18.9,30,4.1,5.8,76.0,983.3
2024-09-08T15:00,Maitri Station,-14.7,-19.4,29,4.3,6.5,38.0,982.8
2024-09-08T16:00,Maitri Station,-14.7,-19.4,28,4.4,6.5,8.0,982.5
2024-09-08T17:00,Maitri Station,-14.3,-19.1,25,5.2,8.3,0.0,982.1
2024-09-08T18:00,Maitri Station,-14.3,-18.8,25,3.1,8.6,0.0,981.8
2024-09-08T19:00,Maitri Station,-14.6,-18.9,25,1.8,6.8,0.0,981.4
2024-09-08T20:00,Maitri Station,-14.5,-19.2,26,4.1,8.6,0.0,981.4
2024-09-08T21:00,Maitri Station,-18.5,-24.0,37,10.1,18.0,0.0,980.5
2024-09-08T22:00,Maitri Station,-19.8,-25.6,45,11.7,22.0,0.0,979.5
2024-09-08T23:00,Maitri Station,-20.3,-26.3,47,13.4,24.1,0.0,978.8
2024-09-09T00:00,Maitri Station,-19.6,-25.9,46,15.4,27.4,0.0,978.2
2024-09-09T01:00,Maitri Station,-19.7,-25.8,51,13.9,25.2,0.0,978.2
2024-09-09T02:00,Maitri Station,-17.8,-24.7,50,19.5,33.5,0.0,977.2
2024-09-09T03:00,Maitri Station,-16.7,-24.3,50,25.0,43.2,0.0,976.5
2024-09-09T04:00,Maitri Station,-16.2,-24.4,50,29.2,50.4,0.0,976.3
2024-09-09T05:00,Maitri Station,-16.3,-24.9,51,31.9,54.4,0.0,976.0
2024-09-09T06:00,Maitri Station,-16.5,-25.2,52,33.1,55.8,0.0,975.9
2024-09-09T07:00,Maitri Station,-16.5,-25.5,55,35.2,58.7,0.0,975.8
2024-09-09T08:00,Maitri Station,-16.4,-25.1,60,32.9,59.0,0.0,976.0
2024-09-09T09:00,Maitri Station,-16.3,-24.7,64,31.4,55.1,0.0,976.0
2024-09-09T10:00,Maitri Station,-15.8,-24.2,64,31.4,52.6,0.0,975.2
2024-09-09T11:00,Maitri Station,-15.2,-23.7,64,31.6,52.6,0.0,974.8
2024-09-09T12:00,Maitri Station,-15.0,-23.4,64,31.1,52.2,0.0,974.4
2024-09-09T13:00,Maitri Station,-14.5,-23.0,61,31.6,52.9,0.0,973.4
2024-09-09T14:00,Maitri Station,-14.3,-22.9,58,32.8,55.1,0.0,973.4
2024-09-09T15:00,Maitri Station,-14.1,-22.7,55,32.4,55.8,0.0,973.6
2024-09-09T16:00,Maitri Station,-14.3,-21.9,52,25.4,54.7,0.0,973.7
2024-09-09T17:00,Maitri Station,-14.0,-21.3,48,22.9,43.2,0.0,973.3
2024-09-09T18:00,Maitri Station,-13.1,-20.4,44,23.6,41.4,0.0,973.1
2024-09-09T19:00,Maitri Station,-14.1,-20.7,51,18.5,40.3,0.0,973.8
2024-09-09T20:00,Maitri Station,-15.9,-21.8,56,13.9,32.4,0.0,974.2
2024-09-09T21:00,Maitri Station,-16.7,-22.3,55,11.7,24.5,0.0,974.6
2024-09-09T22:00,Maitri Station,-16.8,-22.0,51,9.0,20.2,0.0,975.1
2024-09-09T23:00,Maitri Station,-15.6,-20.8,41,7.9,16.2,0.0,975.6
2024-09-10T00:00,Maitri Station,-14.7,-19.7,36,7.1,14.4,0.0,976.0
2024-09-10T01:00,Maitri Station,-14.8,-20.0,31,7.6,23.4,0.0,976.0
2024-09-10T02:00,Maitri Station,-13.5,-18.5,26,6.8,13.7,0.0,977.0
2024-09-10T03:00,Maitri Station,-16.7,-22.1,33,9.1,11.9,0.0,976.8
2024-09-10T04:00,Maitri Station,-17.5,-22.9,34,9.5,14.4,0.0,977.0
2024-09-10T05:00,Maitri Station,-15.2,-20.2,25,6.6,13.3,0.0,977.4
2024-09-10T06:00,Maitri Station,-16.4,-21.4,27,6.2,11.2,0.0,977.6
2024-09-10T07:00,Maitri Station,-17.4,-21.6,30,0.8,9.7,12.0,977.9
2024-09-10T08:00,Maitri Station,-17.5,-22.0,30,3.3,5.8,55.0,978.6
2024-09-10T09:00,Maitri Station,-16.9,-21.5,29,3.7,6.8,106.0,978.6
2024-09-10T10:00,Maitri Station,-16.1,-20.7,27,3.7,5.8,130.0,978.7
2024-09-10T11:00,Maitri Station,-15.7,-20.2,27,2.6,5.4,147.0,978.6
2024-09-10T12:00,Maitri Station,-16.1,-20.7,28,3.5,5.4,119.0,978.5
2024-09-10T13:00,Maitri Station,-16.3,-20.5,29,0.8,3.2,22.0,978.0
2024-09-10T14:00,Maitri Station,-17.6,-22.2,33,3.5,5.0,9.0,977.9
2024-09-10T15:00,Maitri Station,-20.6,-25.8,45,7.9,11.9,2.0,977.1
2024-09-10T16:00,Maitri Station,-19.0,-24.1,40,7.0,12.2,0.0,976.7
2024-09-10T17:00,Maitri Station,-19.5,-24.6,42,7.4,11.9,0.0,976.4
2024-09-10T18:00,Maitri Station,-20.1,-25.3,45,7.7,13.0,0.0,975.9
2024-09-10T19:00,Maitri Station,-17.7,-22.3,36,4.0,13.3,0.0,976.3
2024-09-10T20:00,Maitri Station,-19.4,-24.3,50,6.2,11.5,0.0,976.1
2024-09-10T21:00,Maitri Station,-18.7,-25.3,56,18.5,29.9,0.0,975.0
2024-09-10T22:00,Maitri Station,-17.9,-24.7,59,20.1,33.5,0.0,974.4
2024-09-10T23:00,Maitri Station,-18.1,-25.3,60,21.9,36.0,0.0,974.1
2024-09-11T00:00,Maitri Station,-18.0,-25.5,60,24.5,40.0,0.0,973.9
2024-09-11T01:00,Maitri Station,-17.9,-25.6,60,25.8,42.8,0.0,973.1
2024-09-11T02:00,Maitri Station,-18.2,-25.9,58,25.6,43.6,0.0,972.9
2024-09-11T03:00,Maitri Station,-17.8,-25.8,58,28.2,47.2,0.0,972.8
2024-09-11T04:00,Maitri Station,-17.7,-26.0,59,30.1,50.0,0.0,973.2
2024-09-11T05:00,Maitri Station,-18.1,-26.8,61,32.3,54.0,0.0,973.2
2024-09-11T06:00,Maitri Station,-18.2,-26.1,63,27.7,54.0,0.0,973.5
2024-09-11T07:00,Maitri Station,-17.8,-25.8,63,27.9,46.4,0.0,973.1
2024-09-11T08:00,Maitri Station,-18.0,-26.6,62,32.0,54.4,1.0,973.5
2024-09-11T09:00,Maitri Station,-18.0,-25.7,61,26.0,53.3,8.0,973.6
2024-09-11T10:00,Maitri Station,-17.5,-25.0,62,24.7,44.3,16.0,973.5
2024-09-11T11:00,Maitri Station,-17.1,-24.0,63,20.7,42.1,16.0,973.1
2024-09-11T12:00,Maitri Station,-16.8,-23.5,64,19.3,35.6,16.0,972.9
2024-09-11T13:00,Maitri Station,-16.5,-23.7,62,22.4,38.9,39.0,971.7
2024-09-11T14:00,Maitri Station,-17.4,-24.0,62,18.0,38.9,51.0,971.9
2024-09-11T15:00,Maitri Station,-19.4,-25.3,66,12.9,31.7,43.0,971.8
2024-09-11T16:00,Maitri Station,-19.7,-25.9,64,15.5,26.3,13.0,971.7
2024-09-11T17:00,Maitri Station,-20.1,-26.4,63,16.1,27.7,1.0,971.9
2024-09-11T18:00,Maitri Station,-20.9,-27.0,63,14.1,27.4,0.0,972.1
2024-09-11T19:00,Maitri Station,-22.0,-27.6,64,10.5,23.8,0.0,972.1
2024-09-11T20:00,Maitri Station,-21.5,-27.0,60,9.7,19.1,0.0,972.1
2024-09-11T21:00,Maitri Station,-22.0,-27.6,57,10.7,19.1,0.0,972.8
2024-09-11T22:00,Maitri Station,-20.4,-25.7,49,8.7,19.1,0.0,972.8
2024-09-11T23:00,Maitri Station,-17.9,-22.7,42,5.8,15.8,0.0,972.9
2024-09-12T00:00,Maitri Station,-19.0,-24.1,43,7.1,11.9,0.0,973.2
2024-09-12T01:00,Maitri Station,-16.5,-21.3,37,5.3,10.1,0.0,973.1
2024-09-12T02:00,Maitri Station,-16.6,-21.6,36,6.4,10.8,0.0,973.5
2024-09-12T03:00,Maitri Station,-17.1,-22.2,33,6.8,11.2,0.0,973.9
2024-09-12T04:00,Maitri Station,-17.3,-22.2,31,5.4,11.2,0.0,974.0
2024-09-12T05:00,Maitri Station,-17.6,-22.5,31,5.7,9.4,0.0,974.2
2024-09-12T06:00,Maitri Station,-19.2,-24.4,34,7.7,10.4,0.0,974.8
2024-09-12T07:00,Maitri Station,-23.1,-28.6,45,9.8,14.4,19.0,975.0
2024-09-12T08:00,Maitri Station,-22.8,-29.1,48,15.1,22.0,71.0,975.1
2024-09-12T09:00,Maitri Station,-18.9,-23.5,36,3.9,22.3,130.0,975.7
2024-09-12T10:00,Maitri Station,-18.6,-23.0,36,2.3,6.8,176.0,975.8
2024-09-12T11:00,Maitri Station,-17.7,-22.7,33,5.9,9.4,204.0,975.7
2024-09-12T12:00,Maitri Station,-17.8,-22.7,33,5.4,9.4,208.0,975.8
2024-09-12T13:00,Maitri Station,-21.8,-27.1,44,8.1,12.2,189.0,975.3
2024-09-12T14:00,Maitri Station,-19.1,-24.1,35,6.4,11.9,148.0,975.4
2024-09-12T15:00,Maitri Station,-19.4,-24.2,37,5.4,10.4,92.0,975.2
2024-09-12T16:00,Maitri Station,-20.0,-24.8,39,5.1,10.1,35.0,974.9
2024-09-12T17:00,Maitri Station,-20.4,-24.7,41,1.8,9.7,2.0,974.7
2024-09-12T18:00,Maitri Station,-20.8,-25.3,42,2.5,6.1,0.0,974.5
2024-09-12T19:00,Maitri Station,-20.6,-25.1,40,2.5,6.5,0.0,974.5
2024-09-12T20:00,Maitri Station,-20.6,-25.0,39,2.6,5.4,0.0,974.3
2024-09-12T21:00,Maitri Station,-21.0,-25.8,40,4.6,6.8,0.0,974.1
2024-09-12T22:00,Maitri Station,-21.1,-25.9,40,5.1,7.9,0.0,973.7
2024-09-12T23:00,Maitri Station,-20.9,-25.8,39,5.4,8.3,0.0,973.5
2024-09-13T00:00,Maitri Station,-20.9,-25.5,38,3.8,8.3,0.0,973.3
2024-09-13T01:00,Maitri Station,-20.9,-25.4,40,3.1,7.6,0.0,972.6
2024-09-13T02:00,Maitri Station,-21.5,-26.0,40,2.5,6.1,0.0,972.4
2024-09-13T03:00,Maitri Station,-22.2,-26.7,42,2.6,5.4,0.0,971.9
2024-09-13T04:00,Maitri Station,-22.4,-27.0,42,3.8,6.1,0.0,971.5
2024-09-13T05:00,Maitri Station,-22.5,-27.3,42,5.3,8.3,0.0,970.7
2024-09-13T06:00,Maitri Station,-22.1,-26.7,40,3.6,7.9,0.0,970.1
2024-09-13T07:00,Maitri Station,-22.2,-26.7,39,2.4,5.8,23.0,969.7
2024-09-13T08:00,Maitri Station,-22.2,-26.6,39,1.8,4.3,80.0,969.5
2024-09-13T09:00,Maitri Station,-22.3,-26.7,38,1.9,4.0,140.0,969.3
2024-09-13T10:00,Maitri Station,-22.4,-26.7,38,1.5,4.3,188.0,968.9
2024-09-13T11:00,Maitri Station,-22.3,-26.9,35,2.9,5.0,216.0,968.6
2024-09-13T12:00,Maitri Station,-22.2,-26.8,33,2.7,5.8,220.0,968.4
2024-09-13T13:00,Maitri Station,-22.6,-27.4,31,4.1,6.8,200.0,967.2
2024-09-13T14:00,Maitri Station,-22.6,-27.2,30,3.5,6.1,158.0,966.7
2024-09-13T15:00,Maitri Station,-22.6,-27.2,30,3.1,5.8,101.0,966.2
2024-09-13T16:00,Maitri Station,-22.7,-27.2,30,2.5,5.0,40.0,965.5
2024-09-13T17:00,Maitri Station,-23.0,-27.4,30,1.4,4.7,3.0,964.9
2024-09-13T18:00,Maitri Station,-23.6,-28.0,32,1.9,3.6,0.0,964.6
2024-09-13T19:00,Maitri Station,-24.3,-28.8,34,2.3,4.0,0.0,964.5
2024-09-13T20:00,Maitri Station,-24.5,-29.1,35,3.6,5.8,0.0,964.6
2024-09-13T21:00,Maitri Station,-24.0,-28.7,33,4.0,6.1,0.0,964.6
2024-09-13T22:00,Maitri Station,-23.2,-28.1,32,5.2,7.9,0.0,964.4
2024-09-13T23:00,Maitri Station,-22.2,-27.1,28,5.1,8.3,0.0,964.2
2024-09-14T00:00,Maitri Station,-21.9,-26.4,27,2.5,7.6,0.0,964.3
2024-09-14T01:00,Maitri Station,-24.5,-29.1,36,3.5,9.4,0.0,964.5
2024-09-14T02:00,Maitri Station,-24.9,-29.9,37,5.4,7.2,0.0,964.1
2024-09-14T03:00,Maitri Station,-23.9,-28.9,34,6.4,9.4,0.0,963.7
2024-09-14T04:00,Maitri Station,-22.3,-27.2,30,5.3,9.7,0.0,963.7
2024-09-14T05:00,Maitri Station,-20.9,-25.9,27,5.9,9.0,0.0,964.1
2024-09-14T06:00,Maitri Station,-21.2,-25.8,27,3.4,9.0,1.0,965.0
2024-09-14T07:00,Maitri Station,-22.0,-26.7,28,3.6,5.8,28.0,965.8
2024-09-14T08:00,Maitri Station,-21.7,-26.9,27,7.3,10.1,87.0,966.3
2024-09-14T09:00,Maitri Station,-22.0,-27.1,26,6.4,10.4,149.0,966.7
2024-09-14T10:00,Maitri Station,-21.4,-26.4,24,5.9,9.7,198.0,967.1
2024-09-14T11:00,Maitri Station,-20.8,-25.9,24,6.8,11.2,227.0,967.8
2024-09-14T12:00,Maitri Station,-21.3,-26.1,25,4.6,10.8,231.0,968.5
2024-09-14T13:00,Maitri Station,-23.7,-28.8,32,6.9,11.2,209.0,967.5
2024-09-14T14:00,Maitri Station,-22.9,-27.9,30,5.5,11.2,167.0,968.1
2024-09-14T15:00,Maitri Station,-22.7,-27.6,29,5.4,9.0,108.0,968.7
2024-09-14T16:00,Maitri Station,-22.5,-27.4,27,4.7,8.6,45.0,969.1
2024-09-14T17:00,Maitri Station,-22.0,-26.8,25,4.1,7.9,4.0,969.8
2024-09-14T18:00,Maitri Station,-21.9,-26.8,25,5.1,7.9,0.0,970.4
2024-09-14T19:00,Maitri Station,-22.0,-26.7,25,3.9,7.9,0.0,971.2
2024-09-14T20:00,Maitri Station,-21.6,-26.0,24,1.8,6.8,0.0,971.9
2024-09-14T21:00,Maitri Station,-21.2,-25.7,23,2.1,4.7,0.0,972.8
2024-09-14T22:00,Maitri Station,-21.2,-25.9,23,3.9,5.8,0.0,973.4
2024-09-14T23:00,Maitri Station,-21.3,-26.5,23,7.5,10.1,0.0,973.6
2024-09-15T00:00,Maitri Station,-20.7,-25.9,22,7.6,11.2,0.0,974.3
2024-09-15T01:00,Maitri Station,-22.1,-26.9,26,4.7,14.8,0.0,974.4
2024-09-15T02:00,Maitri Station,-22.1,-26.9,25,4.5,7.6,0.0,975.2
2024-09-15T03:00,Maitri Station,-23.1,-27.4,26,1.3,7.6,0.0,976.3
2024-09-15T04:00,Maitri Station,-22.0,-27.1,24,6.5,9.7,0.0,976.4
2024-09-15T05:00,Maitri Station,-23.2,-28.7,26,9.7,14.8,0.0,976.5
2024-09-15T06:00,Maitri Station,-25.4,-31.3,32,11.7,17.3,0.0,976.7
2024-09-15T07:00,Maitri Station,-24.5,-30.3,31,11.3,17.6,0.0,976.7
2024-09-15T08:00,Maitri Station,-20.3,-25.6,23,7.5,16.2,3.0,977.4
2024-09-15T09:00,Maitri Station,-25.9,-32.4,40,16.6,26.3,24.0,977.6
2024-09-15T10:00,Maitri Station,-23.6,-30.8,41,21.6,34.9,21.0,978.6
2024-09-15T11:00,Maitri Station,-22.9,-30.5,41,23.9,38.9,15.0,978.8
2024-09-15T12:00,Maitri Station,-22.4,-29.9,42,23.4,38.9,4.0,979.2
2024-09-15T13:00,Maitri Station,-21.5,-29.1,44,24.2,39.6,0.0,978.0
2024-09-15T14:00,Maitri Station,-21.1,-28.8,46,25.0,41.8,0.0,978.1
2024-09-15T15:00,Maitri Station,-21.1,-29.2,49,27.9,45.7,0.0,978.0
2024-09-15T16:00,Maitri Station,-21.3,-29.7,51,30.0,48.6,0.0,977.8
2024-09-15T17:00,Maitri Station,-21.3,-30.0,52,31.4,53.6,0.0,977.6
2024-09-15T18:00,Maitri Station,-21.3,-30.5,53,35.3,58.3,0.0,977.4
2024-09-15T19:00,Maitri Station,-21.0,-30.1,53,34.5,60.8,0.0,977.3
2024-09-15T20:00,Maitri Station,-20.8,-30.3,53,37.9,62.6,0.0,976.8
2024-09-15T21:00,Maitri Station,-20.5,-30.2,54,39.4,65.9,0.0,976.9
2024-09-15T22:00,Maitri Station,-20.5,-30.7,55,42.4,70.2,0.0,976.9
2024-09-15T23:00,Maitri Station,-20.7,-31.1,57,44.3,74.5,0.0,976.6
2024-09-16T00:00,Maitri Station,-20.4,-30.8,58,43.5,74.2,0.0,976.3
2024-09-16T01:00,Maitri Station,-19.0,-29.0,59,41.7,71.3,0.0,974.7
2024-09-16T02:00,Maitri Station,-18.3,-28.2,60,41.3,70.2,0.0,974.5
2024-09-16T03:00,Maitri Station,-17.9,-27.9,61,41.6,69.8,0.0,974.1
2024-09-16T04:00,Maitri Station,-17.9,-28.3,60,44.4,73.8,0.0,973.9
2024-09-16T05:00,Maitri Station,-18.1,-28.3,61,43.5,74.2,0.0,973.8
2024-09-16T06:00,Maitri Station,-18.1,-28.3,62,43.5,73.1,0.0,973.8
2024-09-16T07:00,Maitri Station,-17.5,-28.2,61,46.2,77.4,0.0,973.2
2024-09-16T08:00,Maitri Station,-17.0,-27.9,60,47.8,80.6,1.0,973.0
2024-09-16T09:00,Maitri Station,-16.5,-27.4,58,47.9,81.4,7.0,973.1
2024-09-16T10:00,Maitri Station,-16.3,-27.1,58,46.8,80.6,3.0,973.3
2024-09-16T11:00,Maitri Station,-16.1,-26.9,58,47.0,79.2,13.0,973.2
2024-09-16T12:00,Maitri Station,-15.9,-26.6,58,46.3,78.8,24.0,973.1
2024-09-16T13:00,Maitri Station,-16.1,-26.5,58,44.8,76.3,7.0,973.6
2024-09-16T14:00,Maitri Station,-16.0,-26.4,56,44.5,75.6,5.0,974.0
2024-09-16T15:00,Maitri Station,-16.1,-26.6,56,45.3,76.3,10.0,974.3
2024-09-16T16:00,Maitri Station,-16.3,-26.8,54,45.2,76.3,10.0,974.6
2024-09-16T17:00,Maitri Station,-16.2,-26.8,54,45.8,77.0,0.0,975.2
2024-09-16T18:00,Maitri Station,-16.1,-26.8,53,46.7,78.1,0.0,975.6
2024-09-16T19:00,Maitri Station,-16.0,-26.7,53,46.5,78.1,0.0,975.9
2024-09-16T20:00,Maitri Station,-15.8,-26.5,52,46.5,77.8,0.0,976.2
2024-09-16T21:00,Maitri Station,-15.6,-26.3,52,46.3,77.8,0.0,976.4
2024-09-16T22:00,Maitri Station,-15.6,-26.0,52,44.9,77.0,0.0,976.7
2024-09-16T23:00,Maitri Station,-15.4,-25.8,52,44.3,75.2,0.0,976.7
2024-09-17T00:00,Maitri Station,-15.3,-25.6,51,44.0,73.8,0.0,977.0
2024-09-17T01:00,Maitri Station,-14.9,-25.5,52,46.0,78.1,0.0,977.8
2024-09-17T02:00,Maitri Station,-14.8,-25.3,51,45.4,76.7,0.0,977.4
2024-09-17T03:00,Maitri Station,-14.7,-25.1,50,44.8,76.0,0.0,977.3
2024-09-17T04:00,Maitri Station,-14.5,-24.7,49,43.1,74.9,0.0,977.4
2024-09-17T05:00,Maitri Station,-14.2,-24.3,49,42.7,72.4,0.0,977.5
2024-09-17T06:00,Maitri Station,-14.3,-24.3,48,42.2,72.0,0.0,977.7
2024-09-17T07:00,Maitri Station,-14.3,-24.2,48,41.2,71.3,9.0,977.8
2024-09-17T08:00,Maitri Station,-14.0,-23.7,48,40.0,69.8,48.0,977.8
2024-09-17T09:00,Maitri Station,-13.6,-23.1,48,38.9,67.7,113.0,977.6
2024-09-17T10:00,Maitri Station,-13.2,-22.8,49,39.5,67.0,155.0,977.4
2024-09-17T11:00,Maitri Station,-12.7,-22.5,51,40.7,69.1,135.0,977.2
2024-09-17T12:00,Maitri Station,-12.4,-22.3,53,41.6,69.8,67.0,976.7
2024-09-17T13:00,Maitri Station,-12.1,-22.2,53,43.6,73.4,22.0,976.0
2024-09-17T14:00,Maitri Station,-11.9,-22.2,54,44.8,75.6,17.0,975.4
2024-09-17T15:00,Maitri Station,-11.9,-22.4,54,46.4,77.8,17.0,975.2
2024-09-17T16:00,Maitri Station,-11.9,-22.6,54,47.0,78.8,8.0,974.8
2024-09-17T17:00,Maitri Station,-11.9,-22.7,54,48.0,80.6,1.0,974.5
2024-09-17T18:00,Maitri Station,-11.8,-22.8,54,49.3,82.4,0.0,974.2
2024-09-17T19:00,Maitri Station,-11.9,-22.8,54,49.0,82.8,0.0,974.0
2024-09-17T20:00,Maitri Station,-11.8,-22.6,55,47.9,81.7,0.0,973.6
2024-09-17T21:00,Maitri Station,-11.9,-22.5,55,46.8,80.6,0.0,973.4
2024-09-17T22:00,Maitri Station,-11.8,-22.4,55,47.1,78.8,0.0,973.0
2024-09-17T23:00,Maitri Station,-11.8,-22.5,55,47.6,79.9,0.0,972.5
2024-09-18T00:00,Maitri Station,-11.9,-22.5,55,46.7,79.6,0.0,972.2
2024-09-18T01:00,Maitri Station,-11.1,-22.3,58,51.4,87.8,0.0,971.6
2024-09-18T02:00,Maitri Station,-11.0,-21.8,55,48.1,85.3,0.0,971.4
2024-09-18T03:00,Maitri Station,-11.3,-21.8,52,46.5,80.3,0.0,971.3
2024-09-18T04:00,Maitri Station,-11.5,-21.9,50,45.2,77.8,0.0,970.8
2024-09-18T05:00,Maitri Station,-11.9,-22.1,48,43.6,75.6,0.0,970.5
2024-09-18T06:00,Maitri Station,-12.3,-22.2,47,41.9,73.1,3.0,970.4
2024-09-18T07:00,Maitri Station,-12.3,-22.2,47,41.1,70.6,42.0,970.3
2024-09-18T08:00,Maitri Station,-12.2,-21.7,48,38.6,69.1,106.0,970.5
2024-09-18T09:00,Maitri Station,-12.0,-21.2,48,36.6,65.2,163.0,970.1
2024-09-18T10:00,Maitri Station,-11.9,-20.7,49,34.2,62.3,214.0,969.9
2024-09-18T11:00,Maitri Station,-11.9,-20.4,49,31.6,58.3,239.0,969.6
2024-09-18T12:00,Maitri Station,-11.9,-20.7,54,34.4,59.0,239.0,969.6
2024-09-18T13:00,Maitri Station,-12.0,-20.8,56,34.3,58.7,222.0,969.7
2024-09-18T14:00,Maitri Station,-12.1,-21.0,57,35.3,59.8,164.0,969.6
2024-09-18T15:00,Maitri Station,-12.3,-21.3,58,36.3,61.6,114.0,969.7
2024-09-18T16:00,Maitri Station,-12.6,-21.9,57,37.8,63.7,43.0,969.6
2024-09-18T17:00,Maitri Station,-12.7,-22.1,57,38.6,65.2,3.0,969.5
2024-09-18T18:00,Maitri Station,-12.8,-22.4,58,39.8,67.3,0.0,969.4
2024-09-18T19:00,Maitri Station,-12.9,-22.6,61,40.3,67.7,0.0,969.4
2024-09-18T20:00,Maitri Station,-12.8,-22.3,62,39.8,68.0,0.0,969.2
2024-09-18T21:00,Maitri Station,-12.9,-22.2,64,38.5,67.3,0.0,969.6
2024-09-18T22:00,Maitri Station,-13.2,-22.2,68,36.5,65.2,0.0,969.6
2024-09-18T23:00,Maitri Station,-13.7,-23.2,70,39.8,66.6,0.0,969.2
2024-09-19T00:00,Maitri Station,-14.0,-24.2,69,43.9,73.4,0.0,968.8
2024-09-19T01:00,Maitri Station,-12.8,-22.9,69,43.4,74.5,0.0,967.7
2024-09-19T02:00,Maitri Station,-12.3,-23.5,69,51.9,86.4,0.0,967.3
2024-09-19T03:00,Maitri Station,-12.6,-23.5,71,49.4,87.1,0.0,967.3
2024-09-19T04:00,Maitri Station,-12.9,-23.4,70,47.2,82.4,0.0,967.2
2024-09-19T05:00,Maitri Station,-12.4,-23.2,70,49.0,79.9,0.0,966.4
2024-09-19T06:00,Maitri Station,-12.5,-23.8,71,52.8,86.4,0.0,965.5
2024-09-19T07:00,Maitri Station,-13.0,-24.1,72,51.4,88.9,0.0,965.0
2024-09-19T08:00,Maitri Station,-13.0,-24.1,72,50.8,88.9,0.0,964.3
2024-09-19T09:00,Maitri Station,-12.7,-24.5,71,56.0,92.9,0.0,963.0
2024-09-19T10:00,Maitri Station,-12.5,-24.7,70,58.2,97.2,0.0,961.9
2024-09-19T11:00,Maitri Station,-12.9,-25.4,71,60.0,100.4,0.0,961.4
2024-09-19T12:00,Maitri Station,-13.4,-26.4,70,64.0,107.3,0.0,961.0
2024-09-19T13:00,Maitri Station,-14.3,-27.5,71,64.7,111.2,0.0,961.1
2024-09-19T14:00,Maitri Station,-14.0,-27.4,70,66.0,108.7,0.0,960.5
2024-09-19T15:00,Maitri Station,-13.8,-27.0,70,64.6,107.6,0.0,960.2
2024-09-19T16:00,Maitri Station,-13.9,-26.7,68,62.0,111.2,0.0,959.7
2024-09-19T17:00,Maitri Station,-13.9,-27.3,68,66.1,111.2,0.0,958.9
2024-09-19T18:00,Maitri Station,-13.8,-28.0,66,71.9,118.8,0.0,958.4
2024-09-19T19:00,Maitri Station,-13.6,-27.3,66,68.3,121.7,0.0,958.4
2024-09-19T20:00,Maitri Station,-13.5,-27.2,67,68.2,116.6,0.0,958.3
2024-09-19T21:00,Maitri Station,-13.5,-27.1,66,67.4,117.0,0.0,957.8
2024-09-19T22:00,Maitri Station,-13.5,-26.8,66,65.3,120.6,0.0,957.4
2024-09-19T23:00,Maitri Station,-13.6,-26.9,66,65.1,117.4,0.0,957.3
2024-09-20T00:00,Maitri Station,-13.6,-26.5,66,62.8,113.4,0.0,957.4
2024-09-20T01:00,Maitri Station,-14.2,-26.2,66,56.4,113.4,0.0,958.9
2024-09-20T02:00,Maitri Station,-14.2,-26.4,66,57.6,109.4,0.0,959.0
2024-09-20T03:00,Maitri Station,-14.1,-26.3,64,57.8,108.4,0.0,959.1
2024-09-20T04:00,Maitri Station,-14.0,-26.4,65,59.0,107.3,0.0,959.5
2024-09-20T05:00,Maitri Station,-14.0,-25.9,67,55.7,105.8,0.0,959.5
2024-09-20T06:00,Maitri Station,-14.0,-26.0,67,56.4,101.9,0.0,959.6
2024-09-20T07:00,Maitri Station,-14.2,-26.3,67,57.2,103.7,0.0,959.8
2024-09-20T08:00,Maitri Station,-14.1,-26.0,67,55.7,98.6,0.0,960.4
2024-09-20T09:00,Maitri Station,-14.1,-26.0,68,55.5,96.8,0.0,960.8
2024-09-20T10:00,Maitri Station,-14.1,-25.6,68,53.2,94.0,0.0,961.5
2024-09-20T11:00,Maitri Station,-14.1,-25.7,69,53.4,94.0,0.0,961.7
2024-09-20T12:00,Maitri Station,-14.1,-25.4,69,52.0,90.4,0.0,962.1
2024-09-20T13:00,Maitri Station,-14.7,-26.1,68,52.3,95.0,0.0,963.2
2024-09-20T14:00,Maitri Station,-14.9,-26.4,68,52.8,94.7,0.0,963.8
2024-09-20T15:00,Maitri Station,-14.8,-26.2,67,52.0,89.6,0.0,964.1
2024-09-20T16:00,Maitri Station,-14.6,-25.1,69,45.7,88.2,0.0,964.4
2024-09-20T17:00,Maitri Station,-14.4,-24.2,69,41.3,78.5,0.0,964.8
2024-09-20T18:00,Maitri Station,-14.2,-23.9,69,40.8,73.4,0.0,965.0
2024-09-20T19:00,Maitri Station,-14.2,-23.7,70,39.3,72.4,0.0,965.2
2024-09-20T20:00,Maitri Station,-14.2,-23.6,70,38.5,69.1,0.0,965.4
2024-09-20T21:00,Maitri Station,-14.2,-23.2,70,36.3,66.6,0.0,965.5
2024-09-20T22:00,Maitri Station,-14.0,-22.7,70,33.6,62.6,0.0,965.7
2024-09-20T23:00,Maitri Station,-13.8,-22.2,69,32.4,58.3,0.0,965.8
2024-09-21T00:00,Maitri Station,-13.5,-21.5,68,29.3,55.4,0.0,966.1
2024-09-21T01:00,Maitri Station,-13.6,-21.0,69,25.2,50.0,0.0,967.4
2024-09-21T02:00,Maitri Station,-13.4,-20.5,68,23.4,45.0,0.0,967.7
2024-09-21T03:00,Maitri Station,-13.1,-20.4,66,24.5,43.9,0.0,968.4
2024-09-21T04:00,Maitri Station,-12.7,-20.2,64,25.9,45.7,0.0,968.9
2024-09-21T05:00,Maitri Station,-12.6,-20.0,63,25.3,46.1,0.0,969.4
2024-09-21T06:00,Maitri Station,-12.5,-19.8,62,24.4,45.0,0.0,969.9
2024-09-21T07:00,Maitri Station,-12.3,-19.5,60,23.8,43.2,5.0,970.2
2024-09-21T08:00,Maitri Station,-12.1,-19.1,59,22.7,42.1,21.0,970.9
2024-09-21T09:00,Maitri Station,-12.1,-18.8,59,20.5,40.0,46.0,971.6
2024-09-21T10:00,Maitri Station,-12.5,-19.1,59,19.3,36.7,106.0,972.0
2024-09-21T11:00,Maitri Station,-12.4,-18.7,59,17.7,34.2,169.0,972.4
2024-09-21T12:00,Maitri Station,-12.8,-18.9,60,15.9,32.0,202.0,972.8
2024-09-21T13:00,Maitri Station,-12.7,-18.7,60,15.0,25.9,220.0,972.2
2024-09-21T14:00,Maitri Station,-13.1,-19.4,59,17.2,29.5,197.0,972.1
2024-09-21T15:00,Maitri Station,-13.8,-20.2,59,17.9,31.0,140.0,972.4
2024-09-21T16:00,Maitri Station,-14.5,-21.1,58,18.4,30.6,73.0,972.7
2024-09-21T17:00,Maitri Station,-14.9,-21.8,57,20.8,34.2,16.0,972.8
2024-09-21T18:00,Maitri Station,-15.2,-22.3,56,22.4,37.1,0.0,972.8
2024-09-21T19:00,Maitri Station,-15.2,-22.5,56,23.7,39.2,0.0,973.3
2024-09-21T20:00,Maitri Station,-15.1,-22.4,56,23.1,40.3,0.0,973.7
2024-09-21T21:00,Maitri Station,-15.6,-22.9,57,23.3,39.2,0.0,974.1
2024-09-21T22:00,Maitri Station,-15.2,-23.0,56,27.2,46.1,0.0,973.8
2024-09-21T23:00,Maitri Station,-15.3,-23.3,55,28.3,47.5,0.0,974.1
2024-09-22T00:00,Maitri Station,-14.8,-23.1,55,30.4,51.8,0.0,974.2
2024-09-22T01:00,Maitri Station,-14.8,-22.9,55,29.2,49.7,0.0,973.9
2024-09-22T02:00,Maitri Station,-14.6,-23.0,54,31.1,52.6,0.0,974.1
2024-09-22T03:00,Maitri Station,-14.8,-23.4,54,31.9,53.6,0.0,974.2
2024-09-22T04:00,Maitri Station,-15.0,-23.8,53,34.1,59.0,0.0,973.7
2024-09-22T05:00,Maitri Station,-14.8,-24.2,51,37.4,62.3,0.0,974.0
2024-09-22T06:00,Maitri Station,-14.8,-24.7,51,41.4,69.5,0.0,973.7
2024-09-22T07:00,Maitri Station,-14.8,-25.1,50,43.7,73.1,0.0,973.6
2024-09-22T08:00,Maitri Station,-14.9,-25.6,50,46.8,77.8,6.0,973.3
2024-09-22T09:00,Maitri Station,-14.8,-25.8,50,48.1,80.6,1.0,972.7
2024-09-22T10:00,Maitri Station,-14.6,-25.7,49,49.8,82.8,11.0,972.3
2024-09-22T11:00,Maitri Station,-14.5,-25.9,49,51.1,85.7,12.0,972.0
2024-09-22T12:00,Maitri Station,-14.6,-26.1,49,52.0,87.1,0.0,971.6
2024-09-22T13:00,Maitri Station,-14.7,-25.9,49,50.0,84.2,9.0,970.8
2024-09-22T14:00,Maitri Station,-14.6,-25.8,48,49.9,83.9,6.0,970.5
2024-09-22T15:00,Maitri Station,-14.6,-25.9,48,50.7,85.3,3.0,969.7
2024-09-22T16:00,Maitri Station,-14.7,-26.6,47,55.0,91.4,2.0,968.4
2024-09-22T17:00,Maitri Station,-14.5,-27.1,45,59.3,99.0,0.0,967.4
2024-09-22T18:00,Maitri Station,-14.7,-27.3,44,59.8,100.4,0.0,967.3
2024-09-22T19:00,Maitri Station,-14.8,-27.3,44,58.2,100.1,0.0,967.3
2024-09-22T20:00,Maitri Station,-15.0,-27.4,44,57.9,97.9,0.0,967.1
2024-09-22T21:00,Maitri Station,-15.2,-28.0,44,60.7,101.2,0.0,966.8
2024-09-22T22:00,Maitri Station,-15.4,-28.6,43,63.4,105.8,0.0,966.5
2024-09-22T23:00,Maitri Station,-15.4,-28.5,42,62.5,106.2,0.0,966.3
2024-09-23T00:00,Maitri Station,-15.4,-28.2,40,60.9,104.8,0.0,966.2
2024-09-23T01:00,Maitri Station,-15.4,-28.0,40,59.1,103.3,0.0,966.4
2024-09-23T02:00,Maitri Station,-15.2,-27.3,40,55.7,99.4,0.0,966.5
2024-09-23T03:00,Maitri Station,-15.2,-27.1,40,54.5,94.0,0.0,966.8
2024-09-23T04:00,Maitri Station,-15.3,-26.9,40,51.8,92.2,0.0,967.2
2024-09-23T05:00,Maitri Station,-15.3,-26.5,39,49.1,88.2,0.0,967.6
2024-09-23T06:00,Maitri Station,-15.2,-25.8,39,45.8,83.5,7.0,968.2
2024-09-23T07:00,Maitri Station,-15.0,-25.2,40,42.7,78.5,33.0,968.4
2024-09-23T08:00,Maitri Station,-14.9,-24.8,40,40.3,73.1,124.0,969.0
2024-09-23T09:00,Maitri Station,-14.7,-24.2,41,37.5,69.1,175.0,969.6
2024-09-23T10:00,Maitri Station,-14.5,-23.6,42,35.3,64.4,260.0,969.7
2024-09-23T11:00,Maitri Station,-14.5,-23.1,44,31.8,60.8,285.0,969.9
2024-09-23T12:00,Maitri Station,-14.7,-22.7,45,27.5,55.4,286.0,970.5
2024-09-23T13:00,Maitri Station,-13.6,-22.1,43,31.0,61.2,271.0,969.8
2024-09-23T14:00,Maitri Station,-14.0,-21.8,45,26.4,54.0,225.0,970.6
2024-09-23T15:00,Maitri Station,-14.6,-22.3,46,25.8,46.8,161.0,971.4
2024-09-23T16:00,Maitri Station,-15.5,-23.0,46,24.7,45.7,89.0,972.1
2024-09-23T17:00,Maitri Station,-16.7,-23.8,47,21.5,43.9,26.0,972.9
2024-09-23T18:00,Maitri Station,-17.8,-24.5,46,18.3,38.5,0.0,973.4
2024-09-23T19:00,Maitri Station,-18.4,-24.9,42,16.9,33.1,0.0,973.9
2024-09-23T20:00,Maitri Station,-18.1,-24.9,38,18.6,32.4,0.0,974.5
2024-09-23T21:00,Maitri Station,-18.5,-25.3,39,18.9,33.8,0.0,975.2
2024-09-23T22:00,Maitri Station,-19.4,-25.9,41,16.8,33.5,0.0,975.9
2024-09-23T23:00,Maitri Station,-19.2,-24.6,34,9.1,29.5,0.0,976.4
2024-09-24T00:00,Maitri Station,-17.2,-22.5,25,8.2,18.4,0.0,977.1
2024-09-24T01:00,Maitri Station,-14.8,-19.0,19,0.5,22.7,0.0,975.6
2024-09-24T02:00,Maitri Station,-17.9,-23.2,25,8.6,13.0,0.0,975.5
2024-09-24T03:00,Maitri Station,-20.5,-26.2,35,10.9,15.1,0.0,975.1
2024-09-24T04:00,Maitri Station,-19.7,-25.3,32,10.2,15.8,0.0,975.3
2024-09-24T05:00,Maitri Station,-14.9,-20.0,18,6.7,15.1,0.0,975.6
2024-09-24T06:00,Maitri Station,-15.1,-19.9,16,4.0,10.8,8.0,975.7
2024-09-24T07:00,Maitri Station,-15.7,-20.5,16,4.3,6.8,36.0,975.5
2024-09-24T08:00,Maitri Station,-16.7,-21.7,20,6.1,8.3,42.0,975.6
2024-09-24T09:00,Maitri Station,-18.5,-23.6,31,6.9,9.7,75.0,975.3
2024-09-24T10:00,Maitri Station,-19.1,-24.2,36,6.9,10.4,139.0,974.9
2024-09-24T11:00,Maitri Station,-19.2,-24.2,36,6.5,10.1,134.0,974.6
2024-09-24T12:00,Maitri Station,-18.2,-23.1,27,5.3,9.4,108.0,974.4
2024-09-24T13:00,Maitri Station,-17.8,-22.6,29,5.4,9.0,57.0,973.0
2024-09-24T14:00,Maitri Station,-17.8,-22.8,30,5.8,9.4,25.0,972.6
2024-09-24T15:00,Maitri Station,-18.2,-23.3,30,6.7,9.4,15.0,971.7
2024-09-24T16:00,Maitri Station,-19.9,-25.3,39,9.0,11.5,1.0,970.8
2024-09-24T17:00,Maitri Station,-21.6,-27.5,47,12.6,16.2,1.0,970.0
2024-09-24T18:00,Maitri Station,-22.6,-28.8,48,14.8,19.8,0.0,969.3
2024-09-24T19:00,Maitri Station,-23.5,-30.0,49,16.8,23.0,0.0,968.8
2024-09-24T20:00,Maitri Station,-24.3,-31.0,52,17.8,24.8,0.0,967.9
2024-09-24T21:00,Maitri Station,-25.1,-31.8,57,17.9,25.2,0.0,967.6
2024-09-24T22:00,Maitri Station,-25.4,-32.1,58,17.7,25.2,0.0,967.1
2024-09-24T23:00,Maitri Station,-25.2,-31.8,55,16.8,24.8,0.0,966.5
2024-09-25T00:00,Maitri Station,-25.2,-31.6,53,16.2,22.7,0.0,966.2
2024-09-25T01:00,Maitri Station,-24.6,-31.1,51,16.0,23.0,0.0,965.6
2024-09-25T02:00,Maitri Station,-25.2,-31.4,50,14.5,21.6,0.0,965.3
2024-09-25T03:00,Maitri Station,-25.4,-31.7,48,15.1,20.5,0.0,965.3
2024-09-25T04:00,Maitri Station,-25.6,-31.9,47,15.2,20.9,0.0,965.5
2024-09-25T05:00,Maitri Station,-25.5,-31.9,47,15.3,20.9,0.0,965.8
2024-09-25T06:00,Maitri Station,-24.6,-30.9,46,15.0,20.9,18.0,966.4
2024-09-25T07:00,Maitri Station,-23.5,-29.5,47,13.0,20.5,54.0,967.1
2024-09-25T08:00,Maitri Station,-22.7,-28.2,45,9.6,17.6,67.0,967.7
2024-09-25T09:00,Maitri Station,-22.9,-28.5,49,10.4,13.7,131.0,968.5
2024-09-25T10:00,Maitri Station,-23.3,-28.7,53,8.7,14.0,221.0,969.4
2024-09-25T11:00,Maitri Station,-23.0,-28.4,53,9.1,12.6,235.0,969.8
2024-09-25T12:00,Maitri Station,-22.0,-27.9,52,12.2,17.6,228.0,970.6
2024-09-25T13:00,Maitri Station,-21.5,-28.5,57,20.6,32.8,269.0,971.5
2024-09-25T14:00,Maitri Station,-22.1,-28.9,57,18.7,32.8,235.0,972.8
2024-09-25T15:00,Maitri Station,-22.5,-28.9,52,16.4,29.2,173.0,973.6
2024-09-25T16:00,Maitri Station,-23.7,-29.9,49,14.6,24.5,98.0,974.2
2024-09-25T17:00,Maitri Station,-24.6,-30.9,46,15.0,20.5,32.0,975.1
2024-09-25T18:00,Maitri Station,-25.2,-31.0,44,11.3,20.2,1.0,975.9
2024-09-25T19:00,Maitri Station,-21.6,-27.0,31,8.5,15.5,0.0,977.1
2024-09-25T20:00,Maitri Station,-23.1,-28.5,34,9.1,12.2,0.0,977.7
2024-09-25T21:00,Maitri Station,-22.8,-28.3,32,9.0,12.2,0.0,978.7
2024-09-25T22:00,Maitri Station,-23.8,-29.3,33,9.6,13.0,0.0,979.4
2024-09-25T23:00,Maitri Station,-22.6,-28.1,29,8.8,13.0,0.0,980.1
2024-09-26T00:00,Maitri Station,-25.4,-31.1,35,10.4,13.3,0.0,980.6
2024-09-26T01:00,Maitri Station,-25.9,-32.5,45,17.4,26.3,0.0,980.9
2024-09-26T02:00,Maitri Station,-26.2,-32.9,45,17.9,24.1,0.0,981.3
2024-09-26T03:00,Maitri Station,-26.7,-33.5,47,18.2,25.2,0.0,981.7
2024-09-26T04:00,Maitri Station,-27.0,-33.8,47,17.8,25.2,0.0,982.3
2024-09-26T05:00,Maitri Station,-26.7,-33.3,44,16.5,24.5,0.0,982.5
2024-09-26T06:00,Maitri Station,-26.2,-32.7,44,16.5,23.0,27.0,982.9
2024-09-26T07:00,Maitri Station,-26.2,-32.6,50,15.6,22.7,92.0,983.3
2024-09-26T08:00,Maitri Station,-25.6,-31.9,52,14.5,22.3,167.0,983.6
2024-09-26T09:00,Maitri Station,-23.6,-29.9,47,14.8,21.2,235.0,983.8
2024-09-26T10:00,Maitri Station,-22.5,-28.6,44,14.2,22.3,286.0,983.7
2024-09-26T11:00,Maitri Station,-22.6,-28.6,46,12.9,21.2,313.0,983.9
2024-09-26T12:00,Maitri Station,-22.0,-28.2,46,14.5,20.5,314.0,983.9
2024-09-26T13:00,Maitri Station,-22.1,-28.2,46,13.7,20.2,292.0,983.4
2024-09-26T14:00,Maitri Station,-22.7,-28.7,46,13.0,20.2,245.0,983.4
2024-09-26T15:00,Maitri Station,-23.5,-29.6,46,13.4,19.4,180.0,983.2
2024-09-26T16:00,Maitri Station,-24.0,-30.4,45,15.7,22.0,106.0,983.1
2024-09-26T17:00,Maitri Station,-24.7,-31.3,45,16.7,23.4,37.0,983.3
2024-09-26T18:00,Maitri Station,-25.0,-31.7,44,17.2,24.5,2.0,983.5
2024-09-26T19:00,Maitri Station,-24.9,-31.5,43,17.5,24.8,0.0,983.9
2024-09-26T20:00,Maitri Station,-24.4,-31.2,42,18.4,26.3,0.0,984.1
2024-09-26T21:00,Maitri Station,-24.3,-31.1,41,18.7,27.0,0.0,984.4
2024-09-26T22:00,Maitri Station,-24.4,-31.2,41,18.2,27.0,0.0,984.6
2024-09-26T23:00,Maitri Station,-24.5,-31.3,41,17.9,26.3,0.0,985.0
2024-09-27T00:00,Maitri Station,-24.1,-31.0,40,18.9,27.4,0.0,985.2
2024-09-27T01:00,Maitri Station,-23.4,-30.3,44,18.9,27.0,0.0,985.1
2024-09-27T02:00,Maitri Station,-23.2,-30.0,43,18.6,27.0,0.0,985.4
2024-09-27T03:00,Maitri Station,-23.3,-30.1,42,18.7,27.0,0.0,985.7
2024-09-27T04:00,Maitri Station,-22.9,-29.8,42,19.4,28.8,0.0,986.1
2024-09-27T05:00,Maitri Station,-22.6,-29.6,41,19.4,29.5,1.0,986.7
2024-09-27T06:00,Maitri Station,-20.7,-27.8,38,21.1,32.8,30.0,987.6
2024-09-27T07:00,Maitri Station,-17.8,-25.5,34,25.0,39.2,97.0,987.9
2024-09-27T08:00,Maitri Station,-17.1,-24.7,36,24.5,39.6,171.0,988.2
2024-09-27T09:00,Maitri Station,-17.1,-24.3,39,21.2,38.2,237.0,988.6
2024-09-27T10:00,Maitri Station,-17.6,-24.3,43,18.3,32.8,286.0,988.8
2024-09-27T11:00,Maitri Station,-18.2,-24.5,46,15.3,27.7,314.0,988.9
2024-09-27T12:00,Maitri Station,-17.9,-24.3,46,16.5,25.2,316.0,989.1
2024-09-27T13:00,Maitri Station,-18.3,-24.4,49,14.4,21.2,294.0,988.6
2024-09-27T14:00,Maitri Station,-18.6,-24.8,50,15.2,22.3,247.0,988.5
2024-09-27T15:00,Maitri Station,-19.0,-25.4,49,16.5,23.8,182.0,988.3
2024-09-27T16:00,Maitri Station,-19.0,-25.7,45,18.4,27.4,108.0,988.2
2024-09-27T17:00,Maitri Station,-18.1,-25.4,39,22.5,34.9,39.0,988.2
2024-09-27T18:00,Maitri Station,-16.3,-24.7,34,29.5,46.1,2.0,988.5
2024-09-27T19:00,Maitri Station,-15.9,-24.6,34,32.5,51.5,0.0,988.5
2024-09-27T20:00,Maitri Station,-15.8,-24.5,34,32.3,51.5,0.0,988.5
2024-09-27T21:00,Maitri Station,-15.7,-24.4,34,32.5,51.5,0.0,988.4
2024-09-27T22:00,Maitri Station,-15.7,-24.3,34,31.8,51.5,0.0,988.2
2024-09-27T23:00,Maitri Station,-15.6,-24.2,34,31.6,50.4,0.0,988.3
2024-09-28T00:00,Maitri Station,-15.7,-24.1,34,30.3,50.0,0.0,988.3
2024-09-28T01:00,Maitri Station,-15.6,-24.1,33,30.2,48.2,0.0,988.2
2024-09-28T02:00,Maitri Station,-15.6,-24.0,33,30.0,47.5,0.0,988.0
2024-09-28T03:00,Maitri Station,-15.5,-23.9,32,29.7,47.2,0.0,987.6
2024-09-28T04:00,Maitri Station,-15.6,-24.0,33,29.7,47.2,0.0,987.5
2024-09-28T05:00,Maitri Station,-15.7,-24.0,33,28.9,46.8,1.0,987.6
2024-09-28T06:00,Maitri Station,-15.4,-23.6,33,28.5,46.4,33.0,987.8
2024-09-28T07:00,Maitri Station,-14.9,-23.1,34,28.2,46.4,102.0,987.8
2024-09-28T08:00,Maitri Station,-14.7,-22.4,35,25.8,46.1,178.0,987.6
2024-09-28T09:00,Maitri Station,-14.6,-21.8,37,22.0,42.5,246.0,987.6
2024-09-28T10:00,Maitri Station,-14.7,-21.5,39,19.2,36.7,297.0,987.4
2024-09-28T11:00,Maitri Station,-14.7,-21.3,39,18.0,32.4,324.0,987.0
2024-09-28T12:00,Maitri Station,-15.0,-21.4,40,16.4,31.0,326.0,986.9
2024-09-28T13:00,Maitri Station,-15.8,-21.4,45,11.1,23.0,303.0,986.3
2024-09-28T14:00,Maitri Station,-14.8,-19.9,35,8.0,20.2,255.0,986.2
2024-09-28T15:00,Maitri Station,-12.8,-17.8,25,6.6,16.2,190.0,986.1
2024-09-28T16:00,Maitri Station,-13.0,-18.1,22,7.1,14.4,115.0,985.8
2024-09-28T17:00,Maitri Station,-12.1,-17.2,18,7.3,15.1,44.0,985.8
2024-09-28T18:00,Maitri Station,-14.1,-19.5,20,8.6,16.6,3.0,985.5
2024-09-28T19:00,Maitri Station,-18.0,-23.7,28,10.9,18.4,0.0,985.3
2024-09-28T20:00,Maitri Station,-20.7,-26.8,37,14.0,20.2,0.0,985.2
2024-09-28T21:00,Maitri Station,-20.9,-27.2,39,14.9,22.0,0.0,985.3
2024-09-28T22:00,Maitri Station,-21.1,-27.0,39,12.7,21.2,0.0,985.5
2024-09-28T23:00,Maitri Station,-20.6,-26.4,36,11.9,18.0,0.0,985.6
2024-09-29T00:00,Maitri Station,-20.1,-25.8,34,10.8,16.6,0.0,986.0
2024-09-29T01:00,Maitri Station,-21.9,-27.8,44,12.9,22.7,0.0,985.4
2024-09-29T02:00,Maitri Station,-20.5,-26.2,37,11.1,18.7,0.0,985.6
2024-09-29T03:00,Maitri Station,-20.0,-25.6,34,10.3,16.6,0.0,985.7
2024-09-29T04:00,Maitri Station,-20.6,-26.2,34,10.4,16.2,0.0,986.0
2024-09-29T05:00,Maitri Station,-21.3,-27.0,36,10.9,17.6,2.0,986.3
2024-09-29T06:00,Maitri Station,-20.7,-26.3,35,10.5,18.0,40.0,986.9
2024-09-29T07:00,Maitri Station,-20.7,-26.4,38,10.9,19.4,111.0,987.6
2024-09-29T08:00,Maitri Station,-20.4,-26.2,40,11.6,21.6,188.0,988.2
2024-09-29T09:00,Maitri Station,-19.4,-25.5,42,14.1,25.2,257.0,988.8
2024-09-29T10:00,Maitri Station,-17.4,-24.2,42,19.2,33.5,307.0,989.4
2024-09-29T11:00,Maitri Station,-16.4,-24.0,44,24.8,42.8,335.0,989.9
2024-09-29T12:00,Maitri Station,-16.5,-23.9,46,23.5,43.6,337.0,990.0
2024-09-29T13:00,Maitri Station,-16.3,-23.5,47,22.1,38.9,313.0,989.6
2024-09-29T14:00,Maitri Station,-17.0,-24.1,50,21.5,39.6,265.0,989.7
2024-09-29T15:00,Maitri Station,-17.9,-24.9,51,20.2,38.2,199.0,989.9
2024-09-29T16:00,Maitri Station,-19.3,-26.1,53,19.0,36.0,123.0,990.2
2024-09-29T17:00,Maitri Station,-20.1,-26.9,51,18.7,34.2,49.0,990.2
2024-09-29T18:00,Maitri Station,-20.2,-27.0,46,19.2,34.2,5.0,990.1
2024-09-29T19:00,Maitri Station,-18.7,-26.0,39,22.5,39.6,0.0,990.1
2024-09-29T20:00,Maitri Station,-19.1,-26.3,37,21.9,39.6,0.0,990.2
2024-09-29T21:00,Maitri Station,-19.8,-26.9,37,20.8,38.9,0.0,990.5
2024-09-29T22:00,Maitri Station,-19.5,-27.0,37,23.4,40.7,0.0,990.9
2024-09-29T23:00,Maitri Station,-19.1,-27.0,38,26.3,45.7,0.0,991.3
2024-09-30T00:00,Maitri Station,-19.0,-27.1,38,27.3,47.2,0.0,991.3
2024-09-30T01:00,Maitri Station,-20.1,-27.5,34,22.4,38.9,0.0,991.2
2024-09-30T02:00,Maitri Station,-19.1,-27.2,37,27.5,47.5,0.0,991.3
2024-09-30T03:00,Maitri Station,-19.2,-27.4,40,28.3,48.6,0.0,991.6
2024-09-30T04:00,Maitri Station,-19.3,-27.3,41,27.5,49.0,0.0,991.5
2024-09-30T05:00,Maitri Station,-19.1,-27.0,42,26.7,47.5,0.0,991.1
2024-09-30T06:00,Maitri Station,-19.0,-26.6,45,24.1,46.1,1.0,990.9
2024-09-30T07:00,Maitri Station,-18.8,-26.0,48,21.4,42.1,2.0,991.2
2024-09-30T08:00,Maitri Station,-18.3,-25.4,49,21.7,38.5,7.0,991.2
2024-09-30T09:00,Maitri Station,-17.8,-25.2,48,23.1,40.7,14.0,991.2
2024-09-30T10:00,Maitri Station,-17.9,-25.1,47,22.1,40.7,12.0,990.9
2024-09-30T11:00,Maitri Station,-17.8,-25.1,47,22.8,38.9,44.0,990.8
2024-09-30T12:00,Maitri Station,-17.4,-24.7,45,22.3,39.2,42.0,990.7
2024-09-30T13:00,Maitri Station,-17.1,-24.1,46,20.3,34.9,46.0,989.7
2024-09-30T14:00,Maitri Station,-17.2,-24.1,46,19.9,34.6,43.0,989.6
2024-09-30T15:00,Maitri Station,-17.7,-24.3,48,18.1,32.8,42.0,989.0
2024-09-30T16:00,Maitri Station,-18.6,-25.2,51,17.5,31.0,53.0,988.4
2024-09-30T17:00,Maitri Station,-19.5,-26.2,50,18.8,31.7,29.0,988.0
2024-09-30T18:00,Maitri Station,-19.9,-26.8,48,19.6,33.1,1.0,987.9
2024-09-30T19:00,Maitri Station,-19.8,-26.8,46,20.3,33.8,0.0,987.6
2024-09-30T20:00,Maitri Station,-19.6,-26.6,46,20.3,34.2,0.0,987.3
2024-09-30T21:00,Maitri Station,-19.0,-26.1,45,20.6,34.6,0.0,986.8
2024-09-30T22:00,Maitri Station,-18.9,-26.0,43,21.0,35.3,0.0,986.4
2024-09-30T23:00,Maitri Station,-18.5,-25.6,42,20.9,35.3,0.0,985.7
2024-10-01T00:00,Maitri Station,-18.6,-25.8,42,21.6,37.1,0.0,985.2
2024-10-01T01:00,Maitri Station,-20.4,-26.4,44,13.8,27.4,0.0,984.2
2024-10-01T02:00,Maitri Station,-18.6,-25.8,37,21.4,36.4,0.0,983.5
2024-10-01T03:00,Maitri Station,-18.6,-25.9,40,22.1,38.5,0.0,982.3
2024-10-01T04:00,Maitri Station,-18.7,-25.4,40,18.6,38.5,0.0,981.1
2024-10-01T05:00,Maitri Station,-17.9,-24.5,41,17.7,33.8,0.0,980.5
2024-10-01T06:00,Maitri Station,-17.5,-24.4,46,19.6,36.4,1.0,980.5
2024-10-01T07:00,Maitri Station,-17.4,-24.3,49,20.2,37.1,6.0,980.3
2024-10-01T08:00,Maitri Station,-16.9,-23.8,51,20.2,37.1,12.0,980.0
2024-10-01T09:00,Maitri Station,-16.5,-23.9,51,23.3,41.8,20.0,979.3
2024-10-01T10:00,Maitri Station,-16.6,-23.8,53,22.8,42.8,53.0,978.5
2024-10-01T11:00,Maitri Station,-16.7,-24.4,54,25.9,46.1,124.0,977.1
2024-10-01T12:00,Maitri Station,-16.0,-24.0,55,28.1,49.3,31.0,976.2
2024-10-01T13:00,Maitri Station,-14.1,-22.3,55,29.9,52.6,39.0,974.1
2024-10-01T14:00,Maitri Station,-14.1,-23.1,57,35.0,60.5,43.0,973.5
2024-10-01T15:00,Maitri Station,-15.0,-24.6,56,39.4,67.7,14.0,972.7
2024-10-01T16:00,Maitri Station,-14.8,-25.5,52,46.8,78.8,2.0,971.6
2024-10-01T17:00,Maitri Station,-13.8,-25.1,48,51.0,85.3,0.0,970.2
2024-10-01T18:00,Maitri Station,-13.1,-24.7,47,52.8,88.2,0.0,968.9
2024-10-01T19:00,Maitri Station,-12.9,-24.6,46,53.6,90.4,0.0,967.8
2024-10-01T20:00,Maitri Station,-12.9,-25.2,46,57.3,96.1,0.0,967.5
2024-10-01T21:00,Maitri Station,-13.3,-26.1,47,61.2,101.2,0.0,966.6
2024-10-01T22:00,Maitri Station,-13.9,-27.6,46,67.3,113.0,0.0,966.0
2024-10-01T23:00,Maitri Station,-13.7,-27.5,46,67.6,112.7,0.0,965.5
2024-10-02T00:00,Maitri Station,-14.0,-28.1,46,69.8,115.9,0.0,965.2
2024-10-02T01:00,Maitri Station,-14.5,-28.7,47,70.2,117.4,0.0,965.3
2024-10-02T02:00,Maitri Station,-14.7,-28.6,48,68.5,117.0,0.0,965.1
2024-10-02T03:00,Maitri Station,-14.8,-28.4,48,66.6,114.1,0.0,965.1
2024-10-02T04:00,Maitri Station,-14.9,-28.5,48,65.9,110.9,0.0,965.1
2024-10-02T05:00,Maitri Station,-15.1,-28.6,48,66.1,110.5,0.0,964.8
2024-10-02T06:00,Maitri Station,-15.2,-28.4,49,63.5,110.2,0.0,965.2
2024-10-02T07:00,Maitri Station,-15.2,-28.0,49,60.5,105.8,0.0,965.5
2024-10-02T08:00,Maitri Station,-15.2,-27.7,49,58.8,100.8,0.0,965.9
2024-10-02T09:00,Maitri Station,-15.2,-27.5,49,57.9,98.3,18.0,965.9
2024-10-02T10:00,Maitri Station,-15.2,-27.4,49,57.2,96.8,25.0,965.8
2024-10-02T11:00,Maitri Station,-15.1,-27.0,49,54.3,95.4,29.0,966.0
2024-10-02T12:00,Maitri Station,-15.2,-26.7,49,51.6,91.1,58.0,966.2
2024-10-02T13:00,Maitri Station,-15.0,-26.4,51,51.0,87.5,16.0,965.2
2024-10-02T14:00,Maitri Station,-14.9,-26.0,50,49.5,85.7,37.0,965.2
2024-10-02T15:00,Maitri Station,-15.1,-25.9,50,47.7,84.2,35.0,965.1
2024-10-02T16:00,Maitri Station,-15.2,-25.8,49,45.3,81.0,10.0,965.1
2024-10-02T17:00,Maitri Station,-15.4,-25.6,48,42.9,77.4,5.0,965.3
2024-10-02T18:00,Maitri Station,-15.5,-25.5,47,42.0,73.4,0.0,965.8
2024-10-02T19:00,Maitri Station,-15.7,-25.7,46,41.4,71.3,0.0,965.8
2024-10-02T20:00,Maitri Station,-16.0,-26.1,46,42.1,71.3,0.0,965.8
2024-10-02T21:00,Maitri Station,-16.4,-26.6,45,42.3,72.0,0.0,965.9
2024-10-02T22:00,Maitri Station,-16.7,-26.8,44,41.6,72.0,0.0,966.1
2024-10-02T23:00,Maitri Station,-17.0,-26.8,44,39.9,70.6,0.0,966.3
2024-10-03T00:00,Maitri Station,-17.3,-27.1,44,39.3,68.0,0.0,966.6
2024-10-03T01:00,Maitri Station,-17.7,-26.2,46,31.4,67.7,0.0,966.1
2024-10-03T02:00,Maitri Station,-17.8,-26.2,46,29.9,53.3,0.0,966.4
2024-10-03T03:00,Maitri Station,-17.5,-26.0,47,30.7,55.1,0.0,967.2
2024-10-03T04:00,Maitri Station,-17.4,-25.6,47,29.0,52.9,0.0,967.4
2024-10-03T05:00,Maitri Station,-17.3,-25.6,47,29.4,51.1,0.0,967.7
2024-10-03T06:00,Maitri Station,-17.4,-25.9,45,30.8,52.6,13.0,968.0
2024-10-03T07:00,Maitri Station,-17.2,-25.8,44,31.4,54.0,68.0,968.3
2024-10-03T08:00,Maitri Station,-16.9,-25.5,42,31.9,54.4,133.0,968.7
2024-10-03T09:00,Maitri Station,-16.4,-25.2,43,32.6,55.8,246.0,969.1
2024-10-03T10:00,Maitri Station,-16.1,-24.7,44,32.1,55.4,305.0,969.5
2024-10-03T11:00,Maitri Station,-15.6,-24.3,46,32.5,55.1,275.0,970.0
2024-10-03T12:00,Maitri Station,-15.4,-24.3,47,33.6,57.2,277.0,970.1
2024-10-03T13:00,Maitri Station,-15.5,-24.3,48,33.6,56.9,154.0,969.6
2024-10-03T14:00,Maitri Station,-15.4,-24.5,48,35.8,60.5,136.0,969.5
2024-10-03T15:00,Maitri Station,-15.5,-24.7,48,36.2,61.2,100.0,969.7
2024-10-03T16:00,Maitri Station,-15.6,-24.7,48,35.4,61.2,61.0,969.9
2024-10-03T17:00,Maitri Station,-15.7,-24.7,47,34.4,59.8,23.0,970.3
2024-10-03T18:00,Maitri Station,-16.0,-25.1,46,34.8,59.0,4.0,970.4
2024-10-03T19:00,Maitri Station,-16.3,-25.6,46,36.7,61.9,0.0,970.7
2024-10-03T20:00,Maitri Station,-16.3,-26.0,45,39.0,65.5,0.0,970.9
2024-10-03T21:00,Maitri Station,-16.2,-26.2,46,41.3,69.1,0.0,971.1
2024-10-03T22:00,Maitri Station,-15.9,-26.1,48,42.5,70.9,0.0,970.9
2024-10-03T23:00,Maitri Station,-15.6,-25.7,50,42.5,70.9,0.0,970.7
2024-10-04T00:00,Maitri Station,-15.3,-25.4,50,42.5,71.3,0.0,970.7
2024-10-04T01:00,Maitri Station,-15.4,-25.6,48,42.5,73.1,0.0,969.7
2024-10-04T02:00,Maitri Station,-15.3,-25.2,48,40.7,70.9,0.0,969.8
2024-10-04T03:00,Maitri Station,-15.1,-24.9,48,39.9,68.0,0.0,969.9
2024-10-04T04:00,Maitri Station,-15.2,-24.8,47,39.1,67.0,0.0,969.7
2024-10-04T05:00,Maitri Station,-15.0,-24.5,47,38.7,65.9,7.0,969.8
2024-10-04T06:00,Maitri Station,-14.7,-24.1,47,37.1,64.8,50.0,970.0
2024-10-04T07:00,Maitri Station,-14.4,-23.6,48,36.2,62.3,105.0,969.9
2024-10-04T08:00,Maitri Station,-14.0,-23.1,48,36.0,61.2,183.0,969.9
2024-10-04T09:00,Maitri Station,-13.7,-22.9,48,36.6,61.9,240.0,969.7
2024-10-04T10:00,Maitri Station,-13.4,-22.5,48,36.1,61.9,313.0,969.5
2024-10-04T11:00,Maitri Station,-13.2,-22.2,49,35.4,61.2,353.0,969.3
2024-10-04T12:00,Maitri Station,-13.0,-22.0,49,35.1,60.1,356.0,969.2
2024-10-04T13:00,Maitri Station,-12.9,-21.1,49,29.8,53.6,337.0,967.5
2024-10-04T14:00,Maitri Station,-12.9,-20.9,49,28.3,51.1,290.0,967.1
2024-10-04T15:00,Maitri Station,-13.2,-20.9,48,26.1,48.6,224.0,967.0
2024-10-04T16:00,Maitri Station,-13.9,-21.2,47,23.2,44.6,145.0,966.8
2024-10-04T17:00,Maitri Station,-14.3,-21.9,43,24.6,41.8,68.0,966.6
2024-10-04T18:00,Maitri Station,-14.3,-22.3,39,27.8,46.4,14.0,966.6
2024-10-04T19:00,Maitri Station,-14.4,-22.6,37,29.3,49.0,0.0,966.7
2024-10-04T20:00,Maitri Station,-14.4,-22.9,36,30.5,50.4,0.0,966.7
2024-10-04T21:00,Maitri Station,-14.6,-23.2,35,31.7,51.8,0.0,966.7
2024-10-04T22:00,Maitri Station,-14.6,-23.4,35,32.5,53.3,0.0,966.7
2024-10-04T23:00,Maitri Station,-14.5,-23.3,35,33.3,54.4,0.0,966.9
2024-10-05T00:00,Maitri Station,-14.4,-23.2,36,33.0,54.4,0.0,967.0
2024-10-05T01:00,Maitri Station,-14.4,-23.2,36,33.2,55.1,0.0,965.4
2024-10-05T02:00,Maitri Station,-14.5,-23.1,36,31.6,53.3,0.0,966.0
2024-10-05T03:00,Maitri Station,-14.7,-23.0,37,30.0,50.8,0.0,966.6
2024-10-05T04:00,Maitri Station,-14.8,-23.1,37,29.2,48.2,0.0,967.2
2024-10-05T05:00,Maitri Station,-14.9,-22.8,38,27.3,46.1,13.0,967.7
2024-10-05T06:00,Maitri Station,-14.4,-22.3,38,26.6,43.6,68.0,968.2
2024-10-05T07:00,Maitri Station,-14.0,-21.8,39,26.0,42.8,146.0,968.8
2024-10-05T08:00,Maitri Station,-13.6,-21.2,40,25.5,42.1,225.0,969.5
2024-10-05T09:00,Maitri Station,-13.2,-20.7,41,24.6,41.4,294.0,970.1
2024-10-05T10:00,Maitri Station,-12.8,-20.0,42,22.9,40.0,343.0,970.4
2024-10-05T11:00,Maitri Station,-12.5,-19.4,42,20.9,37.4,369.0,971.1
2024-10-05T12:00,Maitri Station,-12.5,-19.2,43,19.2,34.2,370.0,971.7
2024-10-05T13:00,Maitri Station,-11.9,-18.8,42,20.2,35.3,345.0,971.3
2024-10-05T14:00,Maitri Station,-12.2,-19.0,42,20.1,33.1,297.0,971.7
2024-10-05T15:00,Maitri Station,-12.7,-19.5,42,19.9,32.0,230.0,971.9
2024-10-05T16:00,Maitri Station,-13.6,-20.4,43,19.6,31.3,152.0,971.9
2024-10-05T17:00,Maitri Station,-15.0,-21.8,44,19.9,31.0,75.0,972.4
2024-10-05T18:00,Maitri Station,-16.3,-23.2,45,20.1,30.6,17.0,973.0
2024-10-05T19:00,Maitri Station,-17.4,-24.3,48,20.1,30.2,0.0,973.5
2024-10-05T20:00,Maitri Station,-18.2,-25.0,50,19.5,29.9,0.0,973.7
2024-10-05T21:00,Maitri Station,-18.8,-25.5,51,18.6,28.4,0.0,974.1
2024-10-05T22:00,Maitri Station,-19.3,-25.9,51,17.8,26.6,0.0,974.2
2024-10-05T23:00,Maitri Station,-19.7,-26.3,52,17.3,25.2,0.0,974.5
2024-10-06T00:00,Maitri Station,-20.1,-26.6,52,17.1,24.8,0.0,974.8
2024-10-06T01:00,Maitri Station,-19.2,-25.7,51,17.5,25.9,0.0,973.9
2024-10-06T02:00,Maitri Station,-19.3,-25.7,48,16.1,25.2,0.0,974.4
2024-10-06T03:00,Maitri Station,-19.8,-26.2,49,16.6,23.4,0.0,974.9
2024-10-06T04:00,Maitri Station,-20.3,-26.9,51,17.7,24.8,0.0,975.3
2024-10-06T05:00,Maitri Station,-20.5,-27.2,54,18.2,25.6,17.0,975.6
2024-10-06T06:00,Maitri Station,-20.1,-26.7,56,17.3,25.6,75.0,975.9
2024-10-06T07:00,Maitri Station,-19.5,-25.8,58,15.9,24.1,154.0,975.7
2024-10-06T08:00,Maitri Station,-18.8,-24.9,60,14.8,22.7,234.0,975.9
2024-10-06T09:00,Maitri Station,-18.0,-23.9,61,13.4,21.2,303.0,976.0
2024-10-06T10:00,Maitri Station,-17.3,-23.0,61,12.3,19.4,354.0,975.9
2024-10-06T11:00,Maitri Station,-17.0,-22.6,60,12.0,17.6,381.0,975.6
2024-10-06T12:00,Maitri Station,-16.9,-22.5,59,11.7,17.3,381.0,975.4
2024-10-06T13:00,Maitri Station,-16.1,-21.6,55,11.1,16.2,355.0,974.5
2024-10-06T14:00,Maitri Station,-16.4,-22.0,51,10.8,16.6,306.0,974.2
2024-10-06T15:00,Maitri Station,-17.2,-22.7,47,10.9,16.6,239.0,973.5
2024-10-06T16:00,Maitri Station,-17.9,-23.8,45,12.8,19.1,160.0,973.0
2024-10-06T17:00,Maitri Station,-17.8,-24.3,42,17.3,26.3,81.0,972.5
2024-10-06T18:00,Maitri Station,-18.4,-25.1,41,18.3,27.7,20.0,972.3
2024-10-06T19:00,Maitri Station,-19.4,-25.9,41,16.5,27.4,0.0,972.1
2024-10-06T20:00,Maitri Station,-20.5,-26.8,42,15.4,23.8,0.0,971.4
2024-10-06T21:00,Maitri Station,-21.0,-27.4,43,15.7,23.0,0.0,971.2
2024-10-06T22:00,Maitri Station,-21.4,-27.8,44,15.9,23.0,0.0,970.9
2024-10-06T23:00,Maitri Station,-21.2,-27.7,44,16.8,23.8,0.0,970.7
2024-10-07T00:00,Maitri Station,-21.1,-27.7,43,17.4,26.3,0.0,970.5
2024-10-07T01:00,Maitri Station,-19.4,-26.3,40,19.3,30.2,0.0,969.7
2024-10-07T02:00,Maitri Station,-18.8,-25.9,39,20.7,32.8,0.0,969.3
2024-10-07T03:00,Maitri Station,-18.3,-25.7,37,22.5,35.6,0.0,969.3
2024-10-07T04:00,Maitri Station,-18.0,-25.6,37,24.3,38.2,0.0,969.1
2024-10-07T05:00,Maitri Station,-17.6,-25.2,37,24.8,39.2,20.0,968.9
2024-10-07T06:00,Maitri Station,-17.2,-24.6,39,23.0,38.5,82.0,968.6
2024-10-07T07:00,Maitri Station,-16.8,-23.8,41,20.3,35.3,163.0,968.5
2024-10-07T08:00,Maitri Station,-16.7,-23.2,44,17.1,30.6,244.0,968.6
2024-10-07T09:00,Maitri Station,-16.2,-22.5,45,15.8,26.3,314.0,968.6
2024-10-07T10:00,Maitri Station,-16.1,-22.1,46,14.1,24.8,364.0,968.5
2024-10-07T11:00,Maitri Station,-15.9,-21.7,47,12.8,21.6,391.0,968.5
2024-10-07T12:00,Maitri Station,-16.4,-21.7,47,9.1,19.4,392.0,968.6
2024-10-07T13:00,Maitri Station,-15.7,-20.8,41,7.7,13.0,368.0,967.8
2024-10-07T14:00,Maitri Station,-14.7,-19.7,32,6.8,10.1,319.0,968.0
2024-10-07T15:00,Maitri Station,-16.5,-21.7,39,8.1,11.2,250.0,967.7
2024-10-07T16:00,Maitri Station,-18.8,-24.2,47,9.7,13.3,170.0,967.7
2024-10-07T17:00,Maitri Station,-20.6,-26.2,51,10.8,15.5,88.0,967.9
2024-10-07T18:00,Maitri Station,-21.1,-26.7,47,10.6,15.1,24.0,968.4
2024-10-07T19:00,Maitri Station,-20.1,-25.8,38,11.2,15.5,0.0,969.4
2024-10-07T20:00,Maitri Station,-20.9,-27.0,40,14.3,21.2,0.0,970.2
2024-10-07T21:00,Maitri Station,-16.0,-21.3,23,8.1,21.2,0.0,971.3
2024-10-07T22:00,Maitri Station,-20.0,-25.8,32,11.8,20.9,0.0,971.5
2024-10-07T23:00,Maitri Station,-18.4,-25.9,31,23.4,36.0,0.0,972.5
2024-10-08T00:00,Maitri Station,-18.5,-26.3,37,26.1,41.8,0.0,973.6
2024-10-08T01:00,Maitri Station,-18.7,-26.2,34,23.8,43.6,0.0,972.9
2024-10-08T02:00,Maitri Station,-19.1,-27.1,35,26.6,42.8,0.0,974.5
2024-10-08T03:00,Maitri Station,-19.9,-27.6,39,24.4,43.6,0.0,975.8
2024-10-08T04:00,Maitri Station,-20.9,-27.7,38,19.0,38.5,0.0,976.6
2024-10-08T05:00,Maitri Station,-21.1,-26.8,33,10.7,29.2,24.0,977.1
2024-10-08T06:00,Maitri Station,-18.7,-24.0,24,7.9,15.5,89.0,977.7
2024-10-08T07:00,Maitri Station,-20.7,-26.9,36,14.9,23.8,171.0,978.6
2024-10-08T08:00,Maitri Station,-18.7,-25.7,37,20.4,34.2,252.0,979.3
2024-10-08T09:00,Maitri Station,-18.7,-25.1,38,16.3,33.1,322.0,979.7
2024-10-08T10:00,Maitri Station,-19.1,-25.0,40,12.4,25.6,374.0,979.7
2024-10-08T11:00,Maitri Station,-19.6,-25.3,44,10.9,17.3,400.0,979.5
2024-10-08T12:00,Maitri Station,-20.1,-25.4,50,8.8,14.8,402.0,980.0
2024-10-08T13:00,Maitri Station,-18.4,-25.5,44,20.6,33.5,372.0,980.4
2024-10-08T14:00,Maitri Station,-18.7,-25.4,44,18.1,33.8,312.0,980.6
2024-10-08T15:00,Maitri Station,-18.9,-25.5,40,17.4,28.8,222.0,980.7
2024-10-08T16:00,Maitri Station,-19.6,-26.2,39,17.2,27.7,148.0,980.6
2024-10-08T17:00,Maitri Station,-21.0,-27.5,40,16.2,26.3,82.0,980.2
2024-10-08T18:00,Maitri Station,-21.8,-28.3,39,16.5,23.4,17.0,980.0
2024-10-08T19:00,Maitri Station,-22.4,-29.0,38,16.9,23.4,0.0,979.9
2024-10-08T20:00,Maitri Station,-22.8,-29.3,38,16.3,23.0,0.0,980.2
2024-10-08T21:00,Maitri Station,-23.6,-29.8,38,14.4,21.6,0.0,980.6
2024-10-08T22:00,Maitri Station,-21.4,-27.0,27,9.7,19.1,0.0,981.0
2024-10-08T23:00,Maitri Station,-17.2,-22.4,16,7.4,13.0,0.0,981.6
2024-10-09T00:00,Maitri Station,-21.1,-26.7,22,9.7,13.0,0.0,981.7
2024-10-09T01:00,Maitri Station,-23.0,-29.8,41,18.4,30.6,0.0,981.3
2024-10-09T02:00,Maitri Station,-23.7,-30.4,42,17.9,25.9,0.0,981.1
2024-10-09T03:00,Maitri Station,-24.6,-30.8,42,14.1,24.1,0.0,981.2
2024-10-09T04:00,Maitri Station,-24.0,-29.7,35,10.4,18.7,0.0,981.6
2024-10-09T05:00,Maitri Station,-23.4,-29.1,34,10.4,14.4,27.0,981.7
2024-10-09T06:00,Maitri Station,-22.0,-27.4,31,8.9,14.4,94.0,981.9
2024-10-09T07:00,Maitri Station,-20.6,-25.7,28,7.0,12.2,178.0,982.2
2024-10-09T08:00,Maitri Station,-19.3,-24.1,24,4.5,10.1,259.0,982.5
2024-10-09T09:00,Maitri Station,-19.4,-24.2,25,4.3,6.8,328.0,982.9
2024-10-09T10:00,Maitri Station,-20.7,-25.6,35,5.9,9.0,378.0,982.8
2024-10-09T11:00,Maitri Station,-20.1,-25.0,34,5.5,9.4,403.0,982.9
2024-10-09T12:00,Maitri Station,-18.9,-23.6,27,3.9,8.6,387.0,983.0
2024-10-09T13:00,Maitri Station,-18.8,-23.6,24,4.2,12.6,288.0,981.8
2024-10-09T14:00,Maitri Station,-19.4,-23.9,26,2.2,8.6,316.0,981.7
2024-10-09T15:00,Maitri Station,-19.7,-24.3,26,2.8,6.1,255.0,981.4
2024-10-09T16:00,Maitri Station,-20.1,-24.8,25,4.0,7.6,177.0,981.0
2024-10-09T17:00,Maitri Station,-20.3,-25.0,24,3.8,7.9,90.0,980.9
2024-10-09T18:00,Maitri Station,-20.5,-24.9,22,1.8,7.2,22.0,980.5
2024-10-09T19:00,Maitri Station,-21.2,-25.6,24,1.9,5.0,1.0,980.0
2024-10-09T20:00,Maitri Station,-21.4,-25.9,25,2.4,5.0,0.0,980.0
2024-10-09T21:00,Maitri Station,-21.4,-25.8,25,2.2,5.0,0.0,979.9
2024-10-09T22:00,Maitri Station,-21.5,-25.9,26,2.1,4.7,0.0,980.0
2024-10-09T23:00,Maitri Station,-22.0,-26.4,28,1.7,4.0,0.0,980.0
2024-10-10T00:00,Maitri Station,-21.8,-26.4,28,3.5,5.0,0.0,979.7
2024-10-10T01:00,Maitri Station,-21.4,-26.2,27,5.0,7.6,0.0,979.1
2024-10-10T02:00,Maitri Station,-22.0,-27.1,26,6.3,8.6,0.0,979.0
2024-10-10T03:00,Maitri Station,-22.3,-27.5,25,6.7,9.4,0.0,979.0
2024-10-10T04:00,Maitri Station,-21.8,-26.9,23,6.3,9.0,0.0,978.6
2024-10-10T05:00,Maitri Station,-22.4,-27.7,23,7.7,10.4,19.0,978.4
2024-10-10T06:00,Maitri Station,-25.8,-31.3,32,9.6,13.0,90.0,978.2
2024-10-10T07:00,Maitri Station,-25.9,-31.5,37,9.8,13.7,162.0,977.9
2024-10-10T08:00,Maitri Station,-24.3,-29.6,36,8.5,13.7,236.0,978.1
2024-10-10T09:00,Maitri Station,-22.1,-27.3,32,7.2,12.2,302.0,978.2
2024-10-10T10:00,Maitri Station,-20.7,-25.8,29,6.5,11.2,350.0,978.0
2024-10-10T11:00,Maitri Station,-21.4,-26.4,34,6.1,10.4,387.0,977.7
2024-10-10T12:00,Maitri Station,-21.1,-26.0,35,5.5,10.8,403.0,978.0
2024-10-10T13:00,Maitri Station,-21.1,-26.0,36,5.3,10.4,380.0,976.4
2024-10-10T14:00,Maitri Station,-23.0,-28.2,46,7.9,13.7,332.0,976.3
2024-10-10T15:00,Maitri Station,-24.0,-29.9,53,12.4,20.9,263.0,975.9
2024-10-10T16:00,Maitri Station,-23.5,-30.0,56,16.5,27.0,182.0,975.7
2024-10-10T17:00,Maitri Station,-23.3,-30.1,53,18.9,30.6,99.0,975.5
2024-10-10T18:00,Maitri Station,-22.9,-30.1,49,21.5,34.9,31.0,975.2
2024-10-10T19:00,Maitri Station,-22.5,-30.0,46,23.6,38.5,1.0,975.4
2024-10-10T20:00,Maitri Station,-21.8,-29.6,45,25.6,42.1,0.0,975.6
2024-10-10T21:00,Maitri Station,-20.7,-28.9,45,28.2,46.1,0.0,975.6
2024-10-10T22:00,Maitri Station,-19.5,-27.9,45,30.2,50.0,0.0,975.6
2024-10-10T23:00,Maitri Station,-19.4,-27.7,42,29.5,51.5,0.0,975.9
2024-10-11T00:00,Maitri Station,-20.0,-28.2,39,27.9,48.6,0.0,975.4
2024-10-11T01:00,Maitri Station,-20.1,-29.3,42,35.5,59.8,0.0,976.2
2024-10-11T02:00,Maitri Station,-21.9,-29.1,45,21.5,59.4,0.0,975.9
2024-10-11T03:00,Maitri Station,-22.5,-30.1,40,23.6,37.8,0.0,975.2
2024-10-11T04:00,Maitri Station,-20.1,-29.6,37,37.5,63.4,1.0,975.7
2024-10-11T05:00,Maitri Station,-19.5,-29.4,38,40.1,68.0,33.0,975.7
2024-10-11T06:00,Maitri Station,-19.1,-28.7,40,38.4,68.0,101.0,975.9
2024-10-11T07:00,Maitri Station,-18.4,-28.0,42,38.1,65.9,140.0,976.0
2024-10-11T08:00,Maitri Station,-17.9,-27.7,43,40.0,67.7,209.0,976.4
2024-10-11T09:00,Maitri Station,-17.6,-27.4,44,39.6,68.4,277.0,976.6
2024-10-11T10:00,Maitri Station,-17.4,-26.8,45,36.5,67.0,324.0,976.6
2024-10-11T11:00,Maitri Station,-17.1,-25.9,45,33.2,62.3,385.0,976.5
2024-10-11T12:00,Maitri Station,-16.9,-25.6,45,32.7,56.9,405.0,976.5
2024-10-11T13:00,Maitri Station,-17.1,-25.5,45,30.2,52.6,388.0,975.5
2024-10-11T14:00,Maitri Station,-17.2,-25.3,45,28.2,52.2,339.0,975.4
2024-10-11T15:00,Maitri Station,-17.5,-25.0,45,24.0,48.6,270.0,975.3
2024-10-11T16:00,Maitri Station,-19.2,-25.7,46,17.2,41.4,191.0,974.9
2024-10-11T17:00,Maitri Station,-21.1,-27.5,44,16.3,28.1,107.0,974.2
2024-10-11T18:00,Maitri Station,-20.9,-27.7,41,18.7,28.4,37.0,974.2
2024-10-11T19:00,Maitri Station,-21.1,-27.9,38,18.8,29.2,2.0,974.1
2024-10-11T20:00,Maitri Station,-21.8,-28.7,41,19.8,29.2,0.0,973.9
2024-10-11T21:00,Maitri Station,-21.9,-28.9,42,19.7,29.9,0.0,973.5
2024-10-11T22:00,Maitri Station,-21.7,-28.8,40,20.7,31.0,0.0,973.2
2024-10-11T23:00,Maitri Station,-20.9,-28.2,38,21.6,33.5,0.0,972.9
2024-10-12T00:00,Maitri Station,-20.5,-27.8,36,22.0,34.6,0.0,972.7
2024-10-12T01:00,Maitri Station,-21.1,-28.1,42,19.7,29.2,0.0,970.8
2024-10-12T02:00,Maitri Station,-21.1,-28.1,41,19.6,29.9,0.0,970.7
2024-10-12T03:00,Maitri Station,-21.0,-27.9,40,18.9,29.9,0.0,970.6
2024-10-12T04:00,Maitri Station,-21.2,-27.9,40,18.2,28.1,3.0,970.6
2024-10-12T05:00,Maitri Station,-20.3,-27.2,40,18.9,28.4,40.0,970.6
2024-10-12T06:00,Maitri Station,-19.4,-26.3,41,19.4,29.2,113.0,970.7
2024-10-12T07:00,Maitri Station,-18.7,-25.2,42,17.0,28.8,199.0,970.3
2024-10-12T08:00,Maitri Station,-18.1,-24.6,43,16.6,25.9,282.0,970.7
2024-10-12T09:00,Maitri Station,-16.6,-23.3,41,18.5,29.2,352.0,970.6
2024-10-12T10:00,Maitri Station,-15.9,-22.4,41,17.6,29.2,402.0,970.1
2024-10-12T11:00,Maitri Station,-16.0,-22.4,46,16.4,26.6,429.0,970.1
2024-10-12T12:00,Maitri Station,-16.1,-22.3,48,15.2,24.5,428.0,970.1
2024-10-12T13:00,Maitri Station,-14.1,-20.5,42,16.9,27.0,399.0,968.6
2024-10-12T14:00,Maitri Station,-14.5,-21.1,42,17.7,27.4,349.0,968.9
2024-10-12T15:00,Maitri Station,-15.2,-21.6,43,17.0,27.4,279.0,969.4
2024-10-12T16:00,Maitri Station,-16.0,-22.5,43,17.1,25.9,198.0,969.5
2024-10-12T17:00,Maitri Station,-16.8,-23.4,42,17.6,25.9,112.0,969.9
2024-10-12T18:00,Maitri Station,-17.8,-24.4,41,17.8,26.6,40.0,970.4
2024-10-12T19:00,Maitri Station,-18.1,-25.0,41,19.2,28.4,3.0,971.0
2024-10-12T20:00,Maitri Station,-18.4,-25.2,42,19.0,28.4,0.0,971.3
2024-10-12T21:00,Maitri Station,-19.2,-26.0,47,19.5,28.4,0.0,971.9
2024-10-12T22:00,Maitri Station,-19.8,-26.6,49,19.2,28.1,0.0,972.3
2024-10-12T23:00,Maitri Station,-20.1,-26.9,50,18.9,27.4,0.0,973.0
2024-10-13T00:00,Maitri Station,-20.5,-27.2,51,18.3,26.6,0.0,973.4
2024-10-13T01:00,Maitri Station,-20.0,-27.0,53,20.5,30.2,0.0,972.2
2024-10-13T02:00,Maitri Station,-20.2,-27.1,53,20.1,29.5,0.0,972.4
2024-10-13T03:00,Maitri Station,-20.4,-27.3,53,20.1,28.8,0.0,972.7
2024-10-13T04:00,Maitri Station,-20.3,-27.2,52,20.2,29.5,4.0,973.1
2024-10-13T05:00,Maitri Station,-19.4,-26.1,51,18.2,29.2,44.0,973.6
2024-10-13T06:00,Maitri Station,-18.6,-24.7,49,14.5,26.3,118.0,974.2
2024-10-13T07:00,Maitri Station,-18.2,-23.8,49,11.1,20.9,204.0,974.6
2024-10-13T08:00,Maitri Station,-17.4,-23.0,49,10.9,16.2,287.0,975.3
2024-10-13T09:00,Maitri Station,-16.6,-22.2,50,11.4,16.2,357.0,975.6
2024-10-13T10:00,Maitri Station,-16.0,-21.5,51,10.8,16.6,407.0,975.9
2024-10-13T11:00,Maitri Station,-15.9,-21.1,53,8.9,15.8,433.0,976.1
2024-10-13T12:00,Maitri Station,-15.1,-20.1,46,7.2,13.3,433.0,976.3
2024-10-13T13:00,Maitri Station,-15.4,-21.0,49,11.5,18.4,410.0,974.0
2024-10-13T14:00,Maitri Station,-16.4,-21.8,51,10.4,18.7,359.0,974.3
2024-10-13T15:00,Maitri Station,-17.2,-22.8,53,11.4,18.0,289.0,974.4
2024-10-13T16:00,Maitri Station,-18.4,-24.0,55,11.3,18.0,206.0,974.4
2024-10-13T17:00,Maitri Station,-19.1,-24.6,49,10.4,16.9,121.0,974.6
2024-10-13T18:00,Maitri Station,-20.4,-26.5,48,13.7,19.4,46.0,974.9
2024-10-13T19:00,Maitri Station,-20.1,-26.6,47,17.1,24.8,4.0,975.4
2024-10-13T20:00,Maitri Station,-19.7,-26.1,45,16.6,25.2,0.0,976.1
2024-10-13T21:00,Maitri Station,-20.3,-26.6,46,15.4,24.1,0.0,976.5
2024-10-13T22:00,Maitri Station,-20.6,-26.9,46,15.8,23.0,0.0,977.3
2024-10-13T23:00,Maitri Station,-19.2,-26.0,42,18.4,27.4,0.0,977.8
2024-10-14T00:00,Maitri Station,-19.3,-26.0,43,18.7,27.4,0.0,978.2
2024-10-14T01:00,Maitri Station,-18.4,-25.4,40,20.3,34.2,0.0,977.1
2024-10-14T02:00,Maitri Station,-19.4,-26.2,42,18.8,31.0,0.0,977.3
2024-10-14T03:00,Maitri Station,-20.5,-27.1,45,17.4,28.8,0.0,977.2
2024-10-14T04:00,Maitri Station,-19.8,-26.7,45,19.6,29.9,5.0,977.8
2024-10-14T05:00,Maitri Station,-17.0,-24.5,40,24.0,38.2,48.0,978.3
2024-10-14T06:00,Maitri Station,-13.9,-22.7,34,33.1,52.9,124.0,978.6
2024-10-14T07:00,Maitri Station,-13.2,-22.5,35,36.9,60.8,210.0,978.7
2024-10-14T08:00,Maitri Station,-12.8,-21.7,35,34.0,60.1,293.0,979.4
2024-10-14T09:00,Maitri Station,-12.2,-21.1,35,34.2,56.5,362.0,979.6
2024-10-14T10:00,Maitri Station,-11.7,-20.7,36,34.8,57.6,412.0,979.3
2024-10-14T11:00,Maitri Station,-11.3,-19.9,36,32.2,57.6,438.0,979.3
2024-10-14T12:00,Maitri Station,-11.1,-19.5,36,30.5,53.6,438.0,978.7
2024-10-14T13:00,Maitri Station,-11.1,-18.2,42,22.6,42.1,413.0,976.8
2024-10-14T14:00,Maitri Station,-11.6,-18.6,42,21.1,38.9,362.0,976.4
2024-10-14T15:00,Maitri Station,-11.4,-19.1,37,26.1,45.0,291.0,975.9
2024-10-14T16:00,Maitri Station,-11.1,-19.7,37,31.9,54.4,207.0,975.4
2024-10-14T17:00,Maitri Station,-10.9,-20.4,35,38.0,63.7,112.0,975.0
2024-10-14T18:00,Maitri Station,-11.2,-21.6,36,44.1,74.2,33.0,974.9
2024-10-14T19:00,Maitri Station,-11.8,-22.5,38,46.7,77.8,2.0,974.9
2024-10-14T20:00,Maitri Station,-12.2,-23.1,40,47.6,79.6,0.0,974.5
2024-10-14T21:00,Maitri Station,-12.2,-23.1,40,48.0,79.2,0.0,974.3
2024-10-14T22:00,Maitri Station,-12.2,-23.2,40,48.2,79.6,0.0,973.3
2024-10-14T23:00,Maitri Station,-12.1,-23.1,40,48.7,79.9,0.0,972.6
2024-10-15T00:00,Maitri Station,-11.9,-23.1,41,50.4,82.4,0.0,971.7
2024-10-15T01:00,Maitri Station,-11.4,-22.9,40,51.8,85.3,0.0,970.2
2024-10-15T02:00,Maitri Station,-11.1,-22.5,38,51.0,84.6,0.0,969.2
2024-10-15T03:00,Maitri Station,-10.9,-22.1,37,50.1,84.2,0.0,968.3
2024-10-15T04:00,Maitri Station,-10.6,-22.3,38,53.2,87.5,0.0,967.6
2024-10-15T05:00,Maitri Station,-10.3,-21.8,39,52.5,89.3,0.0,967.3
2024-10-15T06:00,Maitri Station,-9.9,-21.2,41,50.9,87.8,2.0,966.8
2024-10-15T07:00,Maitri Station,-9.6,-20.9,43,50.9,85.7,8.0,966.6
2024-10-15T08:00,Maitri Station,-9.6,-20.9,44,51.4,86.8,55.0,966.3
2024-10-15T09:00,Maitri Station,-9.5,-21.1,44,53.6,89.6,230.0,965.5
2024-10-15T10:00,Maitri Station,-9.4,-21.0,44,53.7,90.7,243.0,965.1
2024-10-15T11:00,Maitri Station,-9.2,-20.8,44,53.7,90.4,266.0,964.6
2024-10-15T12:00,Maitri Station,-9.0,-20.8,44,55.0,92.5,240.0,964.0
2024-10-15T13:00,Maitri Station,-9.5,-20.9,45,52.4,88.9,109.0,965.0
2024-10-15T14:00,Maitri Station,-9.6,-21.1,44,53.1,89.3,133.0,964.8
2024-10-15T15:00,Maitri Station,-9.6,-21.2,44,53.6,90.0,123.0,964.4
2024-10-15T16:00,Maitri Station,-9.7,-21.6,44,55.2,92.5,52.0,964.4
2024-10-15T17:00,Maitri Station,-9.9,-21.8,44,55.0,92.9,15.0,964.3
2024-10-15T18:00,Maitri Station,-10.0,-21.6,42,53.5,92.2,7.0,964.2
2024-10-15T19:00,Maitri Station,-10.0,-21.6,41,53.3,90.0,1.0,964.1
2024-10-15T20:00,Maitri Station,-10.0,-21.7,41,53.8,90.4,0.0,964.0
2024-10-15T21:00,Maitri Station,-10.2,-21.9,41,54.0,91.1,0.0,964.3
2024-10-15T22:00,Maitri Station,-10.3,-22.2,41,54.8,92.2,0.0,964.5
2024-10-15T23:00,Maitri Station,-10.2,-21.8,40,53.3,92.2,0.0,964.6
2024-10-16T00:00,Maitri Station,-10.4,-22.2,40,54.9,91.8,0.0,965.0
2024-10-16T01:00,Maitri Station,-10.5,-22.3,40,54.7,92.2,0.0,965.1
2024-10-16T02:00,Maitri Station,-10.4,-22.2,40,54.5,91.8,0.0,965.2
2024-10-16T03:00,Maitri Station,-10.3,-22.2,41,55.7,93.6,0.0,965.5
2024-10-16T04:00,Maitri Station,-10.2,-22.2,43,55.9,94.0,0.0,966.0
2024-10-16T05:00,Maitri Station,-9.9,-21.9,43,55.8,93.6,2.0,966.1
2024-10-16T06:00,Maitri Station,-9.6,-21.5,44,55.7,93.6,6.0,966.5
2024-10-16T07:00,Maitri Station,-9.4,-21.3,44,55.8,93.2,36.0,967.0
2024-10-16T08:00,Maitri Station,-9.1,-21.2,44,57.2,95.0,47.0,967.2
2024-10-16T09:00,Maitri Station,-8.9,-21.4,45,60.0,99.4,62.0,967.2
2024-10-16T10:00,Maitri Station,-8.7,-21.4,45,61.4,102.2,84.0,967.4
2024-10-16T11:00,Maitri Station,-8.4,-21.1,46,61.7,103.0,113.0,967.8
2024-10-16T12:00,Maitri Station,-8.4,-21.0,48,61.1,102.6,56.0,968.0
2024-10-16T13:00,Maitri Station,-8.6,-21.3,51,62.2,104.8,19.0,968.4
2024-10-16T14:00,Maitri Station,-8.6,-21.3,53,61.5,103.7,22.0,969.3
2024-10-16T15:00,Maitri Station,-8.7,-21.2,53,61.0,102.6,23.0,969.8
2024-10-16T16:00,Maitri Station,-8.7,-21.2,54,60.5,101.9,2.0,970.4
2024-10-16T17:00,Maitri Station,-8.7,-21.0,54,59.2,101.2,0.0,970.9
2024-10-16T18:00,Maitri Station,-8.7,-20.8,54,58.2,99.0,0.0,971.2
2024-10-16T19:00,Maitri Station,-8.7,-20.7,53,56.9,97.2,0.0,971.2
2024-10-16T20:00,Maitri Station,-8.7,-20.8,52,57.3,95.8,0.0,971.4
2024-10-16T21:00,Maitri Station,-8.7,-20.6,51,56.9,96.5,0.0,971.8
2024-10-16T22:00,Maitri Station,-8.7,-20.4,53,55.4,95.0,0.0,972.1
2024-10-16T23:00,Maitri Station,-8.4,-20.2,52,55.7,93.2,0.0,972.4
2024-10-17T00:00,Maitri Station,-8.4,-20.3,53,56.7,94.7,0.0,972.7
2024-10-17T01:00,Maitri Station,-8.2,-20.0,53,56.1,95.0,0.0,972.9
2024-10-17T02:00,Maitri Station,-8.0,-19.9,53,56.3,94.3,0.0,972.8
2024-10-17T03:00,Maitri Station,-8.0,-19.9,54,57.1,95.4,0.0,973.0
2024-10-17T04:00,Maitri Station,-7.8,-19.8,55,57.1,95.8,0.0,973.5
2024-10-17T05:00,Maitri Station,-7.7,-19.5,56,56.5,95.4,3.0,973.8
2024-10-17T06:00,Maitri Station,-7.5,-19.3,57,56.6,94.7,6.0,974.3
2024-10-17T07:00,Maitri Station,-7.3,-19.2,57,56.8,95.0,15.0,974.6
2024-10-17T08:00,Maitri Station,-7.2,-19.0,58,57.0,95.0,27.0,974.8
2024-10-17T09:00,Maitri Station,-6.9,-18.7,59,57.4,95.4,90.0,974.8
2024-10-17T10:00,Maitri Station,-6.7,-18.5,60,56.7,95.4,110.0,975.0
2024-10-17T11:00,Maitri Station,-6.5,-18.1,61,55.7,94.3,111.0,975.1
2024-10-17T12:00,Maitri Station,-6.3,-17.8,61,55.4,92.5,110.0,975.2
2024-10-17T13:00,Maitri Station,-6.0,-17.5,62,55.4,93.6,78.0,975.8
2024-10-17T14:00,Maitri Station,-6.1,-17.4,61,54.1,92.2,84.0,976.2
2024-10-17T15:00,Maitri Station,-6.1,-17.2,60,53.0,90.0,79.0,976.4
2024-10-17T16:00,Maitri Station,-6.2,-17.2,60,52.1,88.6,32.0,976.7
2024-10-17T17:00,Maitri Station,-6.4,-17.3,60,51.1,87.1,10.0,976.8
2024-10-17T18:00,Maitri Station,-6.5,-17.2,60,49.5,85.3,9.0,977.2
2024-10-17T19:00,Maitri Station,-6.5,-17.1,61,48.6,82.4,1.0,977.4
2024-10-17T20:00,Maitri Station,-6.4,-16.8,61,47.9,81.0,0.0,977.5
2024-10-17T21:00,Maitri Station,-6.4,-16.7,61,46.9,79.9,0.0,977.4
2024-10-17T22:00,Maitri Station,-6.3,-16.6,60,46.6,78.5,0.0,977.0
2024-10-17T23:00,Maitri Station,-6.3,-16.4,59,45.7,77.8,0.0,977.1
2024-10-18T00:00,Maitri Station,-6.4,-16.3,58,44.4,76.3,0.0,977.1
2024-10-18T01:00,Maitri Station,-6.0,-16.3,55,46.4,79.6,0.0,977.0
2024-10-18T02:00,Maitri Station,-6.1,-16.3,53,45.5,77.4,0.0,976.9
2024-10-18T03:00,Maitri Station,-6.2,-16.2,52,44.3,76.3,0.0,976.7
2024-10-18T04:00,Maitri Station,-6.4,-16.0,51,41.8,73.8,0.0,976.6
2024-10-18T05:00,Maitri Station,-6.3,-15.8,49,40.4,69.8,0.0,976.5
2024-10-18T06:00,Maitri Station,-6.5,-15.9,48,39.6,67.7,10.0,976.2
2024-10-18T07:00,Maitri Station,-6.6,-15.9,48,39.3,66.6,48.0,975.8
2024-10-18T08:00,Maitri Station,-6.5,-15.8,48,38.8,65.9,157.0,975.6
2024-10-18T09:00,Maitri Station,-6.3,-15.5,50,38.4,65.5,312.0,975.4
2024-10-18T10:00,Maitri Station,-6.1,-15.2,53,38.5,64.8,381.0,974.9
2024-10-18T11:00,Maitri Station,-5.9,-15.1,57,39.4,66.2,424.0,974.5
2024-10-18T12:00,Maitri Station,-5.8,-14.9,60,38.8,66.6,414.0,974.1
2024-10-18T13:00,Maitri Station,-5.8,-14.6,57,36.8,64.1,407.0,974.2
2024-10-18T14:00,Maitri Station,-6.0,-14.9,58,37.4,63.0,360.0,974.1
2024-10-18T15:00,Maitri Station,-6.3,-15.2,59,37.3,63.4,290.0,973.7
2024-10-18T16:00,Maitri Station,-6.6,-15.4,60,36.9,63.0,204.0,973.3
2024-10-18T17:00,Maitri Station,-6.8,-15.7,60,37.1,62.3,118.0,972.9
2024-10-18T18:00,Maitri Station,-7.1,-16.0,60,37.4,62.6,47.0,972.8
2024-10-18T19:00,Maitri Station,-7.3,-16.3,58,37.7,63.4,8.0,972.5
2024-10-18T20:00,Maitri Station,-7.3,-16.3,57,37.9,63.7,0.0,972.3
2024-10-18T21:00,Maitri Station,-7.2,-16.4,56,38.7,64.8,0.0,971.8
2024-10-18T22:00,Maitri Station,-7.3,-16.6,54,39.1,65.5,0.0,971.4
2024-10-18T23:00,Maitri Station,-7.4,-16.7,53,39.1,65.5,0.0,971.1
2024-10-19T00:00,Maitri Station,-7.4,-16.8,52,39.5,66.2,0.0,970.7
2024-10-19T01:00,Maitri Station,-6.9,-16.1,57,38.6,65.9,0.0,970.9
2024-10-19T02:00,Maitri Station,-7.0,-16.0,55,37.3,64.4,0.0,970.4
2024-10-19T03:00,Maitri Station,-7.0,-15.9,53,36.3,62.6,0.0,970.2
2024-10-19T04:00,Maitri Station,-7.2,-16.0,50,35.7,60.8,3.0,970.0
2024-10-19T05:00,Maitri Station,-7.1,-15.9,50,35.5,59.8,33.0,969.8
2024-10-19T06:00,Maitri Station,-6.9,-15.7,50,35.1,59.4,89.0,969.9
2024-10-19T07:00,Maitri Station,-6.8,-15.5,49,35.3,59.4,193.0,969.8
2024-10-19T08:00,Maitri Station,-6.5,-15.2,49,34.7,59.4,256.0,969.7
2024-10-19T09:00,Maitri Station,-6.3,-14.6,50,32.6,58.3,366.0,969.6
2024-10-19T10:00,Maitri Station,-6.1,-14.6,50,33.7,56.9,420.0,969.3
2024-10-19T11:00,Maitri Station,-6.0,-14.5,53,34.2,58.0,443.0,969.2
2024-10-19T12:00,Maitri Station,-6.0,-14.2,55,32.7,57.2,441.0,969.1
2024-10-19T13:00,Maitri Station,-6.0,-13.8,57,29.6,52.6,416.0,969.2
2024-10-19T14:00,Maitri Station,-6.2,-13.9,56,29.2,50.4,361.0,969.4
2024-10-19T15:00,Maitri Station,-6.3,-14.1,55,29.0,49.7,257.0,969.4
2024-10-19T16:00,Maitri Station,-6.4,-14.0,55,27.6,49.3,111.0,969.5
2024-10-19T17:00,Maitri Station,-7.2,-14.7,53,26.6,47.2,105.0,969.5
2024-10-19T18:00,Maitri Station,-8.2,-15.6,52,25.9,45.4,64.0,969.7
2024-10-19T19:00,Maitri Station,-8.7,-16.1,50,25.0,44.3,13.0,969.9
2024-10-19T20:00,Maitri Station,-8.8,-16.5,46,27.0,44.6,0.0,970.1
2024-10-19T21:00,Maitri Station,-8.9,-16.9,49,29.0,48.2,0.0,970.4
2024-10-19T22:00,Maitri Station,-8.9,-16.8,49,28.9,48.6,0.0,970.4
2024-10-19T23:00,Maitri Station,-8.7,-16.6,51,28.9,48.2,0.0,970.6
2024-10-20T00:00,Maitri Station,-8.7,-16.4,51,27.6,48.2,0.0,970.7
2024-10-20T01:00,Maitri Station,-8.4,-16.2,51,28.3,50.8,0.0,970.9
2024-10-20T02:00,Maitri Station,-8.4,-16.1,50,27.5,47.2,0.0,970.9
2024-10-20T03:00,Maitri Station,-9.0,-16.6,50,26.9,46.1,0.0,971.3
2024-10-20T04:00,Maitri Station,-9.0,-16.3,50,25.1,45.0,4.0,971.8
2024-10-20T05:00,Maitri Station,-9.0,-16.7,50,27.3,46.1,36.0,972.0
2024-10-20T06:00,Maitri Station,-9.0,-16.4,50,25.5,46.1,117.0,972.2
2024-10-20T07:00,Maitri Station,-8.7,-15.7,49,22.5,42.8,206.0,972.3
2024-10-20T08:00,Maitri Station,-8.2,-14.9,49,21.2,38.2,269.0,972.3
2024-10-20T09:00,Maitri Station,-7.7,-14.5,48,21.4,36.7,337.0,972.3
2024-10-20T10:00,Maitri Station,-7.6,-14.3,49,20.5,36.4,384.0,972.3
2024-10-20T11:00,Maitri Station,-7.5,-14.1,50,20.5,35.3,429.0,972.4
2024-10-20T12:00,Maitri Station,-7.6,-14.0,54,19.2,34.9,423.0,972.5
2024-10-20T13:00,Maitri Station,-7.8,-13.8,56,16.5,31.0,391.0,971.6
2024-10-20T14:00,Maitri Station,-8.2,-14.0,58,15.2,28.8,363.0,971.7
2024-10-20T15:00,Maitri Station,-8.8,-14.6,59,14.7,26.3,304.0,971.7
2024-10-20T16:00,Maitri Station,-9.3,-15.3,55,15.6,25.6,225.0,971.8
2024-10-20T17:00,Maitri Station,-9.9,-16.1,51,16.9,27.0,140.0,971.8
2024-10-20T18:00,Maitri Station,-10.3,-16.9,50,19.4,31.0,65.0,972.1
2024-10-20T19:00,Maitri Station,-10.7,-17.5,50,20.7,33.1,15.0,972.1
2024-10-20T20:00,Maitri Station,-10.8,-17.7,50,21.2,34.6,0.0,972.5
2024-10-20T21:00,Maitri Station,-10.9,-17.6,50,19.8,34.6,0.0,972.8
2024-10-20T22:00,Maitri Station,-10.4,-17.8,50,25.1,40.3,0.0,973.1
2024-10-20T23:00,Maitri Station,-10.6,-18.0,53,25.2,43.6,0.0,973.6
2024-10-21T00:00,Maitri Station,-10.7,-18.4,53,27.1,45.4,0.0,973.7
2024-10-21T01:00,Maitri Station,-10.3,-18.3,51,29.5,49.7,0.0,973.1
2024-10-21T02:00,Maitri Station,-10.6,-18.5,53,28.1,49.7,0.0,973.9
2024-10-21T03:00,Maitri Station,-10.4,-18.2,56,28.2,47.9,0.0,974.6
2024-10-21T04:00,Maitri Station,-9.6,-17.5,60,29.4,49.7,0.0,975.1
2024-10-21T05:00,Maitri Station,-9.2,-17.2,63,30.0,50.8,0.0,975.5
2024-10-21T06:00,Maitri Station,-8.9,-16.8,64,30.2,50.8,15.0,976.1
2024-10-21T07:00,Maitri Station,-8.7,-16.7,64,30.4,51.1,9.0,976.3
2024-10-21T08:00,Maitri Station,-8.4,-16.4,65,30.3,51.1,7.0,976.7
2024-10-21T09:00,Maitri Station,-8.0,-16.0,65,30.9,51.8,12.0,977.2
2024-10-21T10:00,Maitri Station,-7.6,-15.6,64,30.6,51.8,10.0,977.4
2024-10-21T11:00,Maitri Station,-7.3,-15.2,64,30.7,51.8,31.0,977.5
2024-10-21T12:00,Maitri Station,-7.0,-15.0,64,31.3,52.6,43.0,977.6
2024-10-21T13:00,Maitri Station,-7.3,-15.5,62,32.3,54.4,138.0,976.9
2024-10-21T14:00,Maitri Station,-7.2,-15.6,64,33.8,57.2,139.0,977.2
2024-10-21T15:00,Maitri Station,-7.3,-15.6,63,33.3,57.2,81.0,977.3
2024-10-21T16:00,Maitri Station,-7.3,-15.8,62,34.0,57.2,55.0,977.4
2024-10-21T17:00,Maitri Station,-7.3,-15.8,60,34.5,58.3,22.0,977.6
2024-10-21T18:00,Maitri Station,-7.5,-16.1,59,35.3,59.4,11.0,977.7
2024-10-21T19:00,Maitri Station,-7.5,-16.5,59,37.4,62.3,0.0,977.5
2024-10-21T20:00,Maitri Station,-7.3,-16.6,60,39.3,65.9,0.0,977.7
2024-10-21T21:00,Maitri Station,-7.2,-16.6,60,40.5,68.0,0.0,977.6
2024-10-21T22:00,Maitri Station,-7.1,-16.7,60,41.9,70.2,0.0,977.7
2024-10-21T23:00,Maitri Station,-7.0,-16.8,59,42.8,72.0,0.0,977.8
2024-10-22T00:00,Maitri Station,-6.9,-16.8,58,43.6,73.1,0.0,977.9
2024-10-22T01:00,Maitri Station,-7.0,-17.3,56,46.0,77.4,0.0,977.7
2024-10-22T02:00,Maitri Station,-7.3,-17.5,55,45.3,77.4,0.0,977.9
2024-10-22T03:00,Maitri Station,-7.4,-17.6,53,44.8,76.7,0.0,978.2
2024-10-22T04:00,Maitri Station,-7.2,-17.3,54,44.2,75.6,1.0,978.4
2024-10-22T05:00,Maitri Station,-6.9,-16.7,53,42.7,74.5,6.0,978.9
2024-10-22T06:00,Maitri Station,-6.8,-16.3,51,41.0,72.0,34.0,979.2
2024-10-22T07:00,Maitri Station,-6.6,-16.0,50,39.5,69.1,98.0,979.3
2024-10-22T08:00,Maitri Station,-6.3,-15.4,50,37.4,66.6,118.0,979.4
2024-10-22T09:00,Maitri Station,-6.1,-14.8,49,35.1,63.0,239.0,979.3
2024-10-22T10:00,Maitri Station,-5.9,-14.2,50,32.1,59.4,387.0,979.4
2024-10-22T11:00,Maitri Station,-5.8,-13.3,50,27.7,54.7,471.0,979.4
2024-10-22T12:00,Maitri Station,-5.7,-12.6,49,24.4,47.2,473.0,979.3
2024-10-22T13:00,Maitri Station,-5.3,-11.6,49,19.5,40.0,447.0,977.7
2024-10-22T14:00,Maitri Station,-5.8,-11.7,50,16.4,33.1,399.0,977.4
2024-10-22T15:00,Maitri Station,-6.3,-12.1,50,15.1,26.6,331.0,977.1
2024-10-22T16:00,Maitri Station,-7.1,-13.0,51,15.7,24.1,250.0,976.6
2024-10-22T17:00,Maitri Station,-7.8,-13.9,49,16.7,25.6,163.0,976.6
2024-10-22T18:00,Maitri Station,-8.3,-14.7,47,18.4,27.7,82.0,976.3
2024-10-22T19:00,Maitri Station,-9.0,-15.5,47,18.9,28.8,23.0,976.4
2024-10-22T20:00,Maitri Station,-9.7,-16.1,47,18.6,28.8,1.0,976.8
2024-10-22T21:00,Maitri Station,-10.3,-16.7,49,18.2,27.7,0.0,977.1
2024-10-22T22:00,Maitri Station,-10.7,-17.2,48,18.9,28.4,0.0,977.6
2024-10-22T23:00,Maitri Station,-10.5,-17.3,46,20.4,31.3,0.0,978.0
2024-10-23T00:00,Maitri Station,-10.0,-17.0,42,21.6,33.8,0.0,978.5
2024-10-23T01:00,Maitri Station,-8.5,-16.4,40,28.0,45.4,0.0,978.0
2024-10-23T02:00,Maitri Station,-8.9,-16.8,40,27.9,44.6,0.0,978.5
2024-10-23T03:00,Maitri Station,-9.3,-16.8,40,25.5,44.3,1.0,979.0
2024-10-23T04:00,Maitri Station,-9.2,-16.4,40,23.6,40.0,28.0,979.5
2024-10-23T05:00,Maitri Station,-8.9,-15.9,41,22.2,37.4,91.0,980.0
2024-10-23T06:00,Maitri Station,-8.4,-15.2,41,20.9,35.3,174.0,980.7
2024-10-23T07:00,Maitri Station,-8.2,-14.6,44,18.4,33.5,263.0,981.2
2024-10-23T08:00,Maitri Station,-8.0,-13.9,47,15.6,29.2,347.0,981.7
2024-10-23T09:00,Maitri Station,-7.9,-13.5,51,13.4,24.5,416.0,982.3
2024-10-23T10:00,Maitri Station,-7.7,-12.9,54,11.7,20.9,467.0,982.8
2024-10-23T11:00,Maitri Station,-7.6,-12.4,57,10.6,17.3,493.0,983.3
2024-10-23T12:00,Maitri Station,-7.4,-12.2,57,10.4,15.8,493.0,983.6
2024-10-23T13:00,Maitri Station,-7.2,-11.7,62,7.4,16.9,466.0,982.0
2024-10-23T14:00,Maitri Station,-7.5,-12.0,57,6.6,12.2,416.0,982.6
2024-10-23T15:00,Maitri Station,-8.5,-13.3,58,7.7,10.8,345.0,982.7
2024-10-23T16:00,Maitri Station,-9.4,-14.7,54,11.1,14.4,261.0,983.0
2024-10-23T17:00,Maitri Station,-9.9,-15.9,50,15.1,22.3,172.0,983.6
2024-10-23T18:00,Maitri Station,-10.7,-16.7,48,15.0,23.0,90.0,983.8
2024-10-23T19:00,Maitri Station,-10.7,-16.9,43,16.2,28.1,27.0,984.3
2024-10-23T20:00,Maitri Station,-11.6,-17.8,44,16.0,28.1,1.0,985.4
2024-10-23T21:00,Maitri Station,-10.9,-17.5,42,18.3,29.2,0.0,986.0
2024-10-23T22:00,Maitri Station,-12.5,-18.1,43,11.7,28.8,0.0,987.0
2024-10-23T23:00,Maitri Station,-8.9,-13.9,29,7.5,17.3,0.0,988.1
2024-10-24T00:00,Maitri Station,-8.5,-13.3,26,5.8,11.5,0.0,989.0
2024-10-24T01:00,Maitri Station,-7.5,-12.1,22,4.7,6.8,0.0,989.1
2024-10-24T02:00,Maitri Station,-9.6,-14.1,26,3.4,7.9,0.0,989.8
2024-10-24T03:00,Maitri Station,-8.4,-13.2,23,5.1,8.3,1.0,990.2
2024-10-24T04:00,Maitri Station,-7.3,-11.7,22,3.3,7.6,10.0,991.1
2024-10-24T05:00,Maitri Station,-7.1,-11.6,21,3.6,6.5,66.0,991.6
2024-10-24T06:00,Maitri Station,-7.8,-12.4,22,4.1,6.1,138.0,992.2
2024-10-24T07:00,Maitri Station,-8.1,-12.6,22,3.8,7.2,214.0,993.0
2024-10-24T08:00,Maitri Station,-7.5,-12.2,22,5.1,6.8,283.0,993.8
2024-10-24T09:00,Maitri Station,-7.4,-11.9,24,3.3,9.0,332.0,994.5
2024-10-24T10:00,Maitri Station,-7.4,-11.6,25,1.7,5.0,328.0,995.0
2024-10-24T11:00,Maitri Station,-8.7,-13.2,43,6.0,9.0,327.0,995.3
2024-10-24T12:00,Maitri Station,-7.5,-11.8,30,2.7,9.4,320.0,995.6
2024-10-24T13:00,Maitri Station,-7.7,-12.1,38,4.3,7.2,175.0,995.6
2024-10-24T14:00,Maitri Station,-7.3,-11.8,34,5.1,7.9,141.0,996.0
2024-10-24T15:00,Maitri Station,-6.9,-11.4,28,4.6,8.6,245.0,996.2
2024-10-24T16:00,Maitri Station,-7.3,-11.6,28,2.5,7.6,220.0,996.5
2024-10-24T17:00,Maitri Station,-7.5,-11.9,27,2.9,5.4,141.0,996.6
2024-10-24T18:00,Maitri Station,-6.0,-10.4,21,2.6,5.0,21.0,996.3
2024-10-24T19:00,Maitri Station,-4.9,-9.4,17,3.8,5.8,0.0,996.3
2024-10-24T20:00,Maitri Station,-5.3,-9.6,17,2.2,6.1,0.0,996.8
2024-10-24T21:00,Maitri Station,-5.9,-10.2,18,2.2,3.2,0.0,997.0
2024-10-24T22:00,Maitri Station,-4.9,-9.6,17,4.8,7.6,0.0,996.7
2024-10-24T23:00,Maitri Station,-4.5,-9.3,20,6.1,10.1,0.0,996.6
2024-10-25T00:00,Maitri Station,-4.9,-9.5,22,4.5,10.4,0.0,996.6
2024-10-25T01:00,Maitri Station,-8.5,-14.3,47,14.4,24.1,0.0,996.3
2024-10-25T02:00,Maitri Station,-6.9,-13.3,47,18.4,31.3,0.0,996.0
2024-10-25T03:00,Maitri Station,-6.8,-13.5,51,20.9,36.0,0.0,996.0
2024-10-25T04:00,Maitri Station,-7.0,-14.1,56,24.8,42.5,0.0,996.2
2024-10-25T05:00,Maitri Station,-7.2,-15.4,56,31.4,51.8,1.0,996.5
2024-10-25T06:00,Maitri Station,-7.5,-16.2,56,35.7,59.0,0.0,996.6
2024-10-25T07:00,Maitri Station,-7.2,-15.8,56,34.6,59.0,0.0,996.4
2024-10-25T08:00,Maitri Station,-6.9,-15.3,55,32.7,57.2,8.0,996.8
2024-10-25T09:00,Maitri Station,-6.8,-15.1,54,32.4,54.7,27.0,996.9
2024-10-25T10:00,Maitri Station,-6.7,-15.3,53,34.4,56.9,23.0,996.8
2024-10-25T11:00,Maitri Station,-6.6,-15.2,53,34.6,58.0,39.0,996.7
2024-10-25T12:00,Maitri Station,-6.6,-14.6,52,30.6,56.9,37.0,996.7
2024-10-25T13:00,Maitri Station,-5.8,-11.9,49,17.6,35.6,5.0,995.1
2024-10-25T14:00,Maitri Station,-5.0,-11.5,45,19.9,33.1,5.0,993.8
2024-10-25T15:00,Maitri Station,-4.6,-12.0,47,27.0,45.4,14.0,993.4
2024-10-25T16:00,Maitri Station,-5.6,-12.7,60,25.8,47.9,9.0,993.2
2024-10-25T17:00,Maitri Station,-6.1,-12.4,62,19.4,44.3,0.0,992.5
2024-10-25T18:00,Maitri Station,-6.4,-12.7,69,20.2,35.6,0.0,992.2
2024-10-25T19:00,Maitri Station,-6.6,-13.3,73,23.3,40.3,0.0,992.2
2024-10-25T20:00,Maitri Station,-6.7,-13.7,69,25.3,43.6,0.0,992.2
2024-10-25T21:00,Maitri Station,-6.9,-14.1,68,26.6,45.4,0.0,992.1
2024-10-25T22:00,Maitri Station,-6.8,-14.2,68,27.7,46.8,0.0,991.7
2024-10-25T23:00,Maitri Station,-6.5,-14.2,64,29.5,50.0,0.0,990.9
2024-10-26T00:00,Maitri Station,-5.9,-14.3,60,33.9,56.9,0.0,989.9
2024-10-26T01:00,Maitri Station,-5.1,-14.1,58,38.0,67.0,0.0,988.9
2024-10-26T02:00,Maitri Station,-5.3,-14.6,61,40.5,67.7,0.0,988.2
2024-10-26T03:00,Maitri Station,-5.8,-16.0,61,46.7,77.8,0.0,987.7
2024-10-26T04:00,Maitri Station,-6.4,-17.2,62,50.2,83.5,0.0,987.6
2024-10-26T05:00,Maitri Station,-6.9,-17.6,65,49.9,83.9,0.0,987.8
2024-10-26T06:00,Maitri Station,-7.0,-17.8,66,50.2,83.9,0.0,987.8
2024-10-26T07:00,Maitri Station,-7.1,-17.9,67,50.9,84.6,1.0,987.7
2024-10-26T08:00,Maitri Station,-7.1,-18.2,67,52.7,87.8,0.0,987.6
2024-10-26T09:00,Maitri Station,-7.0,-18.4,66,54.4,90.4,0.0,987.3
2024-10-26T10:00,Maitri Station,-7.0,-18.3,67,54.4,91.1,9.0,987.0
2024-10-26T11:00,Maitri Station,-7.0,-17.7,70,50.7,89.6,3.0,986.5
2024-10-26T12:00,Maitri Station,-6.8,-17.2,71,48.6,83.9,3.0,986.2
2024-10-26T13:00,Maitri Station,-6.9,-18.4,70,55.4,92.2,2.0,985.3
2024-10-26T14:00,Maitri Station,-6.9,-18.4,71,55.7,93.6,0.0,985.0
2024-10-26T15:00,Maitri Station,-7.0,-18.4,71,55.3,93.2,1.0,985.1
2024-10-26T16:00,Maitri Station,-7.3,-18.7,71,54.9,92.5,0.0,985.7
2024-10-26T17:00,Maitri Station,-7.5,-18.9,70,54.6,91.4,0.0,986.0
2024-10-26T18:00,Maitri Station,-7.8,-19.2,69,54.8,91.1,0.0,986.4
2024-10-26T19:00,Maitri Station,-7.8,-18.6,68,51.0,89.6,0.0,986.7
2024-10-26T20:00,Maitri Station,-7.5,-17.8,71,47.8,85.3,0.0,987.0
2024-10-26T21:00,Maitri Station,-7.3,-17.1,72,44.3,79.2,0.0,987.4
2024-10-26T22:00,Maitri Station,-7.4,-17.2,71,43.8,75.6,0.0,988.1
2024-10-26T23:00,Maitri Station,-7.3,-16.6,71,40.6,74.2,0.0,988.7
2024-10-27T00:00,Maitri Station,-7.3,-16.6,71,40.9,70.6,0.0,989.3
2024-10-27T01:00,Maitri Station,-7.8,-17.3,71,41.8,72.7,0.0,990.1
2024-10-27T02:00,Maitri Station,-7.8,-17.2,69,41.0,70.6,0.0,990.3
2024-10-27T03:00,Maitri Station,-7.7,-17.5,67,43.1,72.7,0.0,990.6
2024-10-27T04:00,Maitri Station,-7.6,-16.4,67,36.6,72.7,0.0,991.2
2024-10-27T05:00,Maitri Station,-7.5,-16.4,66,37.3,64.1,0.0,991.5
2024-10-27T06:00,Maitri Station,-7.4,-16.0,66,35.7,64.1,0.0,991.8
2024-10-27T07:00,Maitri Station,-7.0,-15.7,65,35.9,61.9,5.0,991.8
2024-10-27T08:00,Maitri Station,-6.9,-15.0,65,32.1,60.8,23.0,992.3
2024-10-27T09:00,Maitri Station,-6.4,-14.6,66,33.0,55.4,25.0,992.1
2024-10-27T10:00,Maitri Station,-6.1,-14.1,65,32.1,57.6,53.0,992.1
2024-10-27T11:00,Maitri Station,-6.0,-13.8,64,30.8,55.1,97.0,992.0
2024-10-27T12:00,Maitri Station,-5.8,-13.8,64,32.1,54.4,88.0,991.4
2024-10-27T13:00,Maitri Station,-5.8,-13.9,62,31.9,55.8,293.0,990.3
2024-10-27T14:00,Maitri Station,-6.0,-13.9,60,30.6,54.7,296.0,990.1
2024-10-27T15:00,Maitri Station,-5.8,-14.0,59,32.6,55.1,179.0,989.3
2024-10-27T16:00,Maitri Station,-6.0,-14.2,58,32.6,55.8,136.0,988.5
2024-10-27T17:00,Maitri Station,-6.5,-14.9,58,33.8,57.2,85.0,987.4
2024-10-27T18:00,Maitri Station,-7.0,-15.6,58,34.3,59.4,59.0,986.4
2024-10-27T19:00,Maitri Station,-7.6,-15.8,58,31.5,59.0,19.0,986.3
2024-10-27T20:00,Maitri Station,-7.9,-16.3,59,33.7,58.0,1.0,985.4
2024-10-27T21:00,Maitri Station,-7.9,-16.6,58,35.1,59.4,0.0,984.8
2024-10-27T22:00,Maitri Station,-7.7,-16.9,57,38.3,64.8,0.0,983.8
2024-10-27T23:00,Maitri Station,-7.7,-17.4,56,41.6,69.5,0.0,982.6
2024-10-28T00:00,Maitri Station,-7.4,-18.0,55,47.6,79.6,0.0,981.2
2024-10-28T01:00,Maitri Station,-7.6,-17.7,53,44.1,79.2,0.0,980.2
2024-10-28T02:00,Maitri Station,-7.6,-17.6,53,43.7,74.5,0.0,979.4
2024-10-28T03:00,Maitri Station,-7.7,-18.1,54,46.5,78.5,0.0,978.5
2024-10-28T04:00,Maitri Station,-7.9,-18.8,55,49.9,84.2,0.0,977.6
2024-10-28T05:00,Maitri Station,-7.8,-18.9,55,51.4,88.6,0.0,976.4
2024-10-28T06:00,Maitri Station,-7.7,-18.5,57,50.0,86.8,0.0,976.1
2024-10-28T07:00,Maitri Station,-7.6,-18.4,61,50.0,84.6,0.0,975.5
2024-10-28T08:00,Maitri Station,-7.6,-18.5,64,50.6,87.8,0.0,975.2
2024-10-28T09:00,Maitri Station,-7.6,-19.2,61,55.1,90.7,0.0,975.0
2024-10-28T10:00,Maitri Station,-7.8,-18.3,70,48.5,90.0,0.0,975.0
2024-10-28T11:00,Maitri Station,-7.8,-18.9,67,52.1,90.0,0.0,974.9
2024-10-28T12:00,Maitri Station,-7.8,-18.8,69,51.9,88.6,0.0,974.5
2024-10-28T13:00,Maitri Station,-8.0,-18.9,69,50.9,85.0,0.0,974.4
2024-10-28T14:00,Maitri Station,-8.0,-18.8,69,50.9,85.3,0.0,973.7
2024-10-28T15:00,Maitri Station,-7.9,-18.6,68,49.6,86.8,0.0,973.5
2024-10-28T16:00,Maitri Station,-7.9,-18.8,67,51.2,86.8,0.0,973.5
2024-10-28T17:00,Maitri Station,-7.8,-18.6,65,50.6,85.0,1.0,973.4
2024-10-28T18:00,Maitri Station,-7.7,-18.6,64,50.8,83.9,0.0,973.6
2024-10-28T19:00,Maitri Station,-7.6,-18.3,63,49.4,85.7,0.0,973.9
2024-10-28T20:00,Maitri Station,-7.6,-18.0,64,48.0,82.1,0.0,974.3
2024-10-28T21:00,Maitri Station,-7.5,-17.9,66,47.4,81.7,0.0,974.4
2024-10-28T22:00,Maitri Station,-7.4,-17.8,67,47.9,79.2,0.0,974.5
2024-10-28T23:00,Maitri Station,-7.3,-17.5,67,46.9,79.9,0.0,974.7
2024-10-29T00:00,Maitri Station,-7.2,-17.5,67,47.2,78.8,0.0,974.9
2024-10-29T01:00,Maitri Station,-7.5,-17.9,65,48.1,80.6,0.0,975.2
2024-10-29T02:00,Maitri Station,-7.7,-17.7,65,44.8,79.6,0.0,975.8
2024-10-29T03:00,Maitri Station,-7.8,-17.8,64,44.1,76.0,0.0,976.5
2024-10-29T04:00,Maitri Station,-7.8,-17.9,61,45.0,74.9,0.0,976.9
2024-10-29T05:00,Maitri Station,-7.8,-17.5,61,42.5,75.2,0.0,977.8
2024-10-29T06:00,Maitri Station,-7.7,-17.4,61,42.4,72.7,0.0,978.3
2024-10-29T07:00,Maitri Station,-7.6,-17.5,59,43.7,73.4,0.0,978.7
2024-10-29T08:00,Maitri Station,-7.6,-17.3,60,42.6,75.2,0.0,979.0
2024-10-29T09:00,Maitri Station,-7.3,-16.9,60,41.9,72.4,0.0,979.4
2024-10-29T10:00,Maitri Station,-7.0,-16.4,61,40.3,71.3,11.0,979.7
2024-10-29T11:00,Maitri Station,-6.8,-15.9,60,39.1,69.1,17.0,979.8
2024-10-29T12:00,Maitri Station,-6.7,-15.6,60,37.6,67.3,43.0,980.0
2024-10-29T13:00,Maitri Station,-6.7,-15.9,61,39.0,70.6,33.0,979.7
2024-10-29T14:00,Maitri Station,-6.6,-15.6,61,38.0,67.7,19.0,980.1
2024-10-29T15:00,Maitri Station,-6.5,-15.5,59,38.0,65.5,6.0,980.0
2024-10-29T16:00,Maitri Station,-6.6,-15.4,59,36.8,65.2,4.0,980.0
2024-10-29T17:00,Maitri Station,-6.7,-15.5,59,36.7,63.7,1.0,980.0
2024-10-29T18:00,Maitri Station,-6.8,-15.5,59,36.1,63.0,0.0,980.2
2024-10-29T19:00,Maitri Station,-6.9,-15.7,58,36.7,61.9,0.0,980.3
2024-10-29T20:00,Maitri Station,-7.0,-15.9,57,37.1,63.7,0.0,980.3
2024-10-29T21:00,Maitri Station,-7.0,-16.2,56,38.7,65.5,0.0,980.2
2024-10-29T22:00,Maitri Station,-7.0,-16.3,56,39.4,66.6,0.0,980.4
2024-10-29T23:00,Maitri Station,-7.0,-16.3,56,39.6,67.3,0.0,980.3
2024-10-30T00:00,Maitri Station,-7.2,-16.4,57,38.9,67.7,0.0,980.4
2024-10-30T01:00,Maitri Station,-7.8,-17.2,56,40.1,71.6,0.0,981.1
2024-10-30T02:00,Maitri Station,-8.0,-17.6,54,41.0,69.1,0.0,981.0
2024-10-30T03:00,Maitri Station,-8.1,-17.7,54,41.3,69.1,0.0,980.8
2024-10-30T04:00,Maitri Station,-8.1,-17.5,53,40.0,69.8,0.0,980.5
2024-10-30T05:00,Maitri Station,-7.9,-17.2,54,38.9,69.1,0.0,980.5
2024-10-30T06:00,Maitri Station,-7.8,-17.1,54,38.7,68.0,3.0,980.4
2024-10-30T07:00,Maitri Station,-7.6,-16.6,55,37.4,67.0,20.0,980.3
2024-10-30T08:00,Maitri Station,-7.5,-16.4,56,36.5,64.8,31.0,980.2
2024-10-30T09:00,Maitri Station,-7.3,-16.0,58,35.3,63.4,70.0,980.0
2024-10-30T10:00,Maitri Station,-7.2,-15.9,58,35.6,61.9,112.0,979.9
2024-10-30T11:00,Maitri Station,-7.1,-15.7,59,34.8,61.9,141.0,979.5
2024-10-30T12:00,Maitri Station,-7.0,-15.4,60,33.9,60.8,117.0,979.4
2024-10-30T13:00,Maitri Station,-7.3,-15.5,61,32.3,60.5,67.0,979.6
2024-10-30T14:00,Maitri Station,-7.4,-15.3,62,30.6,56.9,45.0,979.7
2024-10-30T15:00,Maitri Station,-7.4,-15.1,63,28.9,52.9,47.0,979.7
2024-10-30T16:00,Maitri Station,-7.8,-15.1,63,26.3,50.4,31.0,979.4
2024-10-30T17:00,Maitri Station,-7.9,-15.3,61,26.5,46.8,8.0,979.0
2024-10-30T18:00,Maitri Station,-8.2,-15.6,61,26.5,46.8,3.0,978.9
2024-10-30T19:00,Maitri Station,-8.6,-16.1,61,27.3,47.2,3.0,978.6
2024-10-30T20:00,Maitri Station,-8.7,-16.3,61,27.3,47.5,0.0,978.4
2024-10-30T21:00,Maitri Station,-8.8,-16.2,60,26.1,47.2,0.0,978.1
2024-10-30T22:00,Maitri Station,-8.9,-16.3,59,25.9,45.4,0.0,977.9
2024-10-30T23:00,Maitri Station,-9.0,-16.6,57,27.3,47.2,0.0,977.8
2024-10-31T00:00,Maitri Station,-9.2,-16.8,56,27.1,47.2,0.0,977.5
2024-10-31T01:00,Maitri Station,-9.2,-17.2,57,29.8,55.1,0.0,977.9
2024-10-31T02:00,Maitri Station,-9.3,-17.4,54,30.6,52.2,0.0,977.9
2024-10-31T03:00,Maitri Station,-9.3,-17.4,53,30.8,52.9,1.0,977.6
2024-10-31T04:00,Maitri Station,-9.3,-17.3,52,29.3,52.9,7.0,977.2
2024-10-31T05:00,Maitri Station,-9.4,-17.1,52,27.0,50.4,27.0,976.6
2024-10-31T06:00,Maitri Station,-9.3,-16.5,53,24.5,46.8,58.0,976.1
2024-10-31T07:00,Maitri Station,-8.9,-15.9,54,22.9,42.8,121.0,975.4
2024-10-31T08:00,Maitri Station,-8.6,-15.6,56,22.7,40.3,196.0,975.1
2024-10-31T09:00,Maitri Station,-8.4,-15.3,57,22.4,40.0,280.0,974.8
2024-10-31T10:00,Maitri Station,-8.2,-14.8,57,21.6,39.6,316.0,974.3
2024-10-31T11:00,Maitri Station,-8.0,-14.3,58,20.4,38.2,302.0,973.6
2024-10-31T12:00,Maitri Station,-7.9,-14.1,59,19.2,36.4,231.0,973.1
2024-10-31T13:00,Maitri Station,-7.7,-13.5,60,15.4,28.8,238.0,972.5
2024-10-31T14:00,Maitri Station,-7.8,-13.6,61,15.5,28.1,248.0,972.0
2024-10-31T15:00,Maitri Station,-8.1,-13.8,63,14.7,28.1,231.0,971.7
2024-10-31T16:00,Maitri Station,-8.8,-14.4,64,13.9,26.6,199.0,971.4
2024-10-31T17:00,Maitri Station,-9.9,-15.6,65,14.3,25.6,154.0,970.9
2024-10-31T18:00,Maitri Station,-10.3,-16.4,64,16.5,27.7,93.0,970.7
2024-10-31T19:00,Maitri Station,-10.6,-16.9,63,18.1,30.2,24.0,970.6
2024-10-31T20:00,Maitri Station,-10.7,-17.0,62,17.8,30.6,2.0,970.6
2024-10-31T21:00,Maitri Station,-11.1,-17.3,63,17.3,29.9,0.0,970.8
2024-10-31T22:00,Maitri Station,-11.2,-17.5,64,17.8,29.5,0.0,971.0
2024-10-31T23:00,Maitri Station,-11.0,-17.4,64,18.9,31.7,0.0,971.0
2024-11-01T00:00,Maitri Station,-11.2,-17.7,65,19.3,33.1,0.0,971.1
2024-11-01T01:00,Maitri Station,-10.8,-17.6,65,21.3,35.6,0.0,971.0
2024-11-01T02:00,Maitri Station,-11.2,-18.0,67,21.6,36.4,0.0,971.3
2024-11-01T03:00,Maitri Station,-10.9,-17.8,67,22.6,38.5,0.0,971.2
2024-11-01T04:00,Maitri Station,-10.5,-17.5,67,23.3,40.0,2.0,971.0
2024-11-01T05:00,Maitri Station,-9.9,-17.1,66,25.0,42.8,9.0,970.9
2024-11-01T06:00,Maitri Station,-9.5,-16.9,63,26.2,44.6,27.0,971.1
2024-11-01T07:00,Maitri Station,-9.4,-16.8,61,25.6,44.6,66.0,971.2
2024-11-01T08:00,Maitri Station,-9.2,-16.4,60,24.7,43.9,119.0,971.2
2024-11-01T09:00,Maitri Station,-9.0,-16.2,59,24.2,42.1,161.0,971.2
2024-11-01T10:00,Maitri Station,-8.9,-15.9,58,23.1,41.4,192.0,971.1
2024-11-01T11:00,Maitri Station,-8.7,-15.5,57,22.7,39.6,210.0,970.8
2024-11-01T12:00,Maitri Station,-8.6,-15.4,57,23.0,39.6,243.0,970.6
2024-11-01T13:00,Maitri Station,-8.5,-15.4,58,22.1,37.8,167.0,969.8
2024-11-01T14:00,Maitri Station,-8.5,-15.4,58,22.5,38.5,174.0,969.7
2024-11-01T15:00,Maitri Station,-8.7,-15.6,58,22.8,39.2,126.0,969.4
2024-11-01T16:00,Maitri Station,-9.0,-15.9,59,22.3,39.2,148.0,969.1
2024-11-01T17:00,Maitri Station,-9.7,-16.5,58,21.3,38.9,112.0,969.0
2024-11-01T18:00,Maitri Station,-10.2,-16.9,58,21.1,37.1,84.0,968.9
2024-11-01T19:00,Maitri Station,-10.7,-17.6,57,22.2,38.2,31.0,969.1
2024-11-01T20:00,Maitri Station,-10.7,-17.8,56,22.9,39.6,1.0,969.5
2024-11-01T21:00,Maitri Station,-11.1,-18.2,56,23.3,40.3,0.0,969.7
2024-11-01T22:00,Maitri Station,-11.4,-18.6,56,24.0,41.4,0.0,970.0
2024-11-01T23:00,Maitri Station,-11.7,-18.8,55,23.3,41.8,0.0,970.0
2024-11-02T00:00,Maitri Station,-11.8,-19.1,52,23.7,41.0,0.0,970.2
2024-11-02T01:00,Maitri Station,-11.7,-19.7,52,28.4,49.3,0.0,970.7
2024-11-02T02:00,Maitri Station,-11.7,-19.9,50,29.8,50.4,0.0,970.5
2024-11-02T03:00,Maitri Station,-11.6,-20.1,47,32.0,54.4,6.0,970.6
2024-11-02T04:00,Maitri Station,-11.7,-20.1,45,31.1,54.4,32.0,970.8
2024-11-02T05:00,Maitri Station,-11.7,-19.4,45,26.3,53.3,116.0,970.5
2024-11-02T06:00,Maitri Station,-12.0,-18.5,49,18.2,45.7,222.0,970.3
2024-11-02T07:00,Maitri Station,-11.1,-18.1,46,21.8,38.2,296.0,970.7
2024-11-02T08:00,Maitri Station,-10.6,-17.7,46,22.7,40.7,356.0,970.8
2024-11-02T09:00,Maitri Station,-10.3,-17.3,47,22.5,40.3,412.0,970.8
2024-11-02T10:00,Maitri Station,-10.0,-16.8,48,23.1,40.3,476.0,970.7
2024-11-02T11:00,Maitri Station,-9.9,-16.5,48,23.0,40.7,524.0,970.5
2024-11-02T12:00,Maitri Station,-9.9,-16.2,49,20.9,40.3,519.0,970.3
2024-11-02T13:00,Maitri Station,-10.1,-14.5,57,8.5,26.3,515.0,969.4
2024-11-02T14:00,Maitri Station,-10.5,-15.0,60,6.8,16.2,471.0,969.0
2024-11-02T15:00,Maitri Station,-11.0,-16.0,58,9.3,13.0,401.0,968.5
2024-11-02T16:00,Maitri Station,-11.8,-17.4,60,12.7,18.0,319.0,968.0
2024-11-02T17:00,Maitri Station,-12.7,-18.8,62,16.2,23.4,228.0,967.3
2024-11-02T18:00,Maitri Station,-13.5,-20.0,61,18.7,26.6,138.0,966.8
2024-11-02T19:00,Maitri Station,-14.9,-21.6,61,20.1,28.8,66.0,966.2
2024-11-02T20:00,Maitri Station,-14.6,-21.5,54,20.2,29.9,17.0,966.2
2024-11-02T21:00,Maitri Station,-13.4,-20.3,45,20.7,31.3,0.0,966.1
2024-11-02T22:00,Maitri Station,-14.2,-21.2,48,20.9,30.6,0.0,966.0
2024-11-02T23:00,Maitri Station,-14.7,-21.7,50,21.6,32.0,0.0,965.7
2024-11-03T00:00,Maitri Station,-14.4,-21.3,46,20.3,31.7,0.0,965.9
2024-11-03T01:00,Maitri Station,-13.4,-20.2,43,19.8,31.3,0.0,965.4
2024-11-03T02:00,Maitri Station,-12.8,-19.7,39,20.5,31.7,1.0,965.6
2024-11-03T03:00,Maitri Station,-12.3,-19.3,40,21.3,33.1,22.0,965.8
2024-11-03T04:00,Maitri Station,-11.5,-18.4,42,20.7,33.5,73.0,965.9
2024-11-03T05:00,Maitri Station,-10.4,-17.2,43,20.3,33.1,145.0,966.2
2024-11-03T06:00,Maitri Station,-8.7,-15.8,44,22.5,36.4,224.0,966.8
2024-11-03T07:00,Maitri Station,-7.4,-14.3,47,22.0,36.4,274.0,966.9
2024-11-03T08:00,Maitri Station,-6.5,-13.5,48,22.7,37.1,385.0,967.3
2024-11-03T09:00,Maitri Station,-5.3,-12.5,49,25.8,42.1,449.0,967.6
2024-11-03T10:00,Maitri Station,-4.5,-11.3,50,25.2,42.1,472.0,967.7
2024-11-03T11:00,Maitri Station,-3.9,-10.4,50,23.8,42.1,471.0,967.8
2024-11-03T12:00,Maitri Station,-3.3,-9.9,48,24.6,41.0,391.0,968.1
2024-11-03T13:00,Maitri Station,-3.3,-9.9,47,23.3,39.2,461.0,967.6
2024-11-03T14:00,Maitri Station,-2.5,-10.2,55,30.3,50.8,161.0,968.0
2024-11-03T15:00,Maitri Station,-2.9,-11.1,67,34.6,57.6,6.0,968.5
2024-11-03T16:00,Maitri Station,-3.4,-11.6,72,35.6,60.1,0.0,969.1
2024-11-03T17:00,Maitri Station,-3.5,-12.0,74,37.2,62.3,0.0,969.8
2024-11-03T18:00,Maitri Station,-3.5,-12.3,75,39.1,65.5,0.0,970.4
2024-11-03T19:00,Maitri Station,-3.7,-12.7,76,41.1,69.1,0.0,971.0
2024-11-03T20:00,Maitri Station,-3.9,-13.3,76,43.8,73.1,0.0,971.5
2024-11-03T21:00,Maitri Station,-3.9,-13.5,76,44.7,74.9,0.0,971.8
2024-11-03T22:00,Maitri Station,-4.0,-13.6,76,45.1,75.6,0.0,972.2
2024-11-03T23:00,Maitri Station,-4.2,-13.8,76,45.1,75.6,0.0,972.3
2024-11-04T00:00,Maitri Station,-4.2,-13.9,76,45.3,76.3,0.0,972.3
2024-11-04T01:00,Maitri Station,-4.5,-14.6,75,48.5,83.2,0.0,971.6
2024-11-04T02:00,Maitri Station,-4.5,-14.7,74,48.4,81.0,0.0,971.4
2024-11-04T03:00,Maitri Station,-4.6,-14.8,73,48.8,81.4,0.0,971.2
2024-11-04T04:00,Maitri Station,-4.7,-15.1,72,49.7,82.8,0.0,970.9
2024-11-04T05:00,Maitri Station,-4.9,-15.6,71,51.5,85.7,0.0,970.8
2024-11-04T06:00,Maitri Station,-5.1,-15.9,70,52.0,86.8,2.0,970.8
2024-11-04T07:00,Maitri Station,-5.2,-16.0,68,51.9,87.5,0.0,970.9
2024-11-04T08:00,Maitri Station,-5.3,-16.1,68,51.8,86.8,0.0,970.9
2024-11-04T09:00,Maitri Station,-5.2,-16.5,66,54.7,90.4,1.0,970.0
2024-11-04T10:00,Maitri Station,-5.1,-16.4,64,55.3,91.8,157.0,969.3
2024-11-04T11:00,Maitri Station,-5.0,-16.3,62,54.7,91.8,53.0,968.7
2024-11-04T12:00,Maitri Station,-4.8,-15.9,60,52.9,90.7,17.0,968.2
2024-11-04T13:00,Maitri Station,-4.8,-15.4,57,49.3,86.4,323.0,966.6
2024-11-04T14:00,Maitri Station,-4.9,-15.3,57,47.9,82.8,356.0,965.9
2024-11-04T15:00,Maitri Station,-5.1,-15.4,56,47.2,80.3,402.0,965.1
2024-11-04T16:00,Maitri Station,-5.3,-15.9,55,48.7,81.4,316.0,964.4
2024-11-04T17:00,Maitri Station,-5.5,-16.3,54,49.8,83.9,226.0,963.7
2024-11-04T18:00,Maitri Station,-5.7,-16.4,52,49.4,83.5,143.0,963.2
2024-11-04T19:00,Maitri Station,-5.9,-16.7,51,49.3,83.2,68.0,963.0
2024-11-04T20:00,Maitri Station,-6.3,-17.0,50,48.8,82.8,20.0,962.7
2024-11-04T21:00,Maitri Station,-6.4,-17.1,48,48.7,82.1,1.0,962.2
2024-11-04T22:00,Maitri Station,-6.5,-17.3,46,49.1,82.4,0.0,961.5
2024-11-04T23:00,Maitri Station,-6.5,-17.3,45,49.1,82.8,0.0,960.9
2024-11-05T00:00,Maitri Station,-6.7,-17.3,45,47.4,82.4,0.0,960.7
2024-11-05T01:00,Maitri Station,-7.0,-17.1,44,43.5,77.8,0.0,960.4
2024-11-05T02:00,Maitri Station,-7.3,-16.9,44,40.5,73.4,2.0,960.3
2024-11-05T03:00,Maitri Station,-7.4,-16.9,44,39.6,68.8,27.0,960.3
2024-11-05T04:00,Maitri Station,-7.3,-16.4,44,37.4,67.3,81.0,960.0
2024-11-05T05:00,Maitri Station,-6.9,-16.1,44,37.6,63.7,158.0,959.5
2024-11-05T06:00,Maitri Station,-6.6,-15.7,45,37.3,64.1,244.0,959.1
2024-11-05T07:00,Maitri Station,-6.1,-14.9,45,35.3,63.4,334.0,958.6
2024-11-05T08:00,Maitri Station,-5.7,-14.2,47,33.4,60.1,419.0,958.2
2024-11-05T09:00,Maitri Station,-5.4,-13.4,48,31.4,57.2,488.0,957.8
2024-11-05T10:00,Maitri Station,-5.2,-12.5,49,28.9,54.0,536.0,957.7
2024-11-05T11:00,Maitri Station,-5.0,-11.8,51,26.5,49.7,560.0,957.3
2024-11-05T12:00,Maitri Station,-4.9,-11.4,52,24.4,46.1,559.0,957.1
2024-11-05T13:00,Maitri Station,-5.1,-10.9,55,19.3,41.8,532.0,956.2
2024-11-05T14:00,Maitri Station,-5.3,-10.7,58,15.2,33.8,482.0,956.1
2024-11-05T15:00,Maitri Station,-5.8,-11.2,60,13.1,27.0,411.0,956.0
2024-11-05T16:00,Maitri Station,-6.5,-11.9,58,13.3,23.0,325.0,955.8
2024-11-05T17:00,Maitri Station,-7.3,-12.7,54,13.0,22.3,237.0,955.7
2024-11-05T18:00,Maitri Station,-8.0,-13.8,50,14.2,22.7,150.0,955.8
2024-11-05T19:00,Maitri Station,-8.5,-14.6,47,16.3,25.6,73.0,956.0
2024-11-05T20:00,Maitri Station,-8.6,-15.1,45,18.9,29.2,22.0,956.3
2024-11-05T21:00,Maitri Station,-8.7,-15.6,44,21.3,33.5,2.0,956.6
2024-11-05T22:00,Maitri Station,-8.4,-15.7,42,23.7,37.4,0.0,956.7
2024-11-05T23:00,Maitri Station,-8.2,-15.8,40,26.2,42.5,0.0,957.2
2024-11-06T00:00,Maitri Station,-8.2,-16.1,40,28.6,46.4,0.0,957.7
2024-11-06T01:00,Maitri Station,-8.1,-16.1,40,29.3,47.2,0.0,957.4
2024-11-06T02:00,Maitri Station,-8.3,-16.6,40,30.5,48.6,3.0,957.6
2024-11-06T03:00,Maitri Station,-8.3,-16.6,40,30.8,50.0,28.0,958.0
2024-11-06T04:00,Maitri Station,-8.0,-16.4,40,31.4,49.7,84.0,958.2
2024-11-06T05:00,Maitri Station,-7.7,-15.9,40,30.8,50.0,163.0,958.3
2024-11-06T06:00,Maitri Station,-7.3,-15.2,41,29.0,49.0,253.0,958.5
2024-11-06T07:00,Maitri Station,-6.8,-14.5,41,27.2,46.4,345.0,958.6
2024-11-06T08:00,Maitri Station,-6.3,-13.7,42,25.8,43.6,430.0,958.7
2024-11-06T09:00,Maitri Station,-5.9,-12.6,43,23.2,41.4,500.0,958.9
2024-11-06T10:00,Maitri Station,-5.5,-11.6,44,20.4,37.4,550.0,959.0
2024-11-06T11:00,Maitri Station,-5.3,-10.8,46,18.1,32.8,576.0,959.0
2024-11-06T12:00,Maitri Station,-5.2,-10.4,49,16.0,28.8,575.0,959.1
2024-11-06T13:00,Maitri Station,-5.0,-9.9,53,14.0,25.2,545.0,958.4
2024-11-06T14:00,Maitri Station,-5.3,-10.5,53,13.9,22.3,493.0,958.8
2024-11-06T15:00,Maitri Station,-5.7,-11.4,53,15.0,23.8,421.0,959.1
2024-11-06T16:00,Maitri Station,-6.1,-12.1,52,16.5,25.9,337.0,959.4
2024-11-06T17:00,Maitri Station,-6.6,-12.7,49,17.3,26.6,246.0,959.6
2024-11-06T18:00,Maitri Station,-6.9,-13.3,46,19.1,29.9,159.0,960.0
2024-11-06T19:00,Maitri Station,-7.0,-13.9,43,21.8,34.2,82.0,960.9
2024-11-06T20:00,Maitri Station,-7.1,-14.6,41,25.5,40.7,28.0,961.7
2024-11-06T21:00,Maitri Station,-6.7,-15.7,38,36.0,56.9,3.0,962.6
2024-11-06T22:00,Maitri Station,-6.5,-15.9,39,38.4,62.6,0.0,963.4
2024-11-06T23:00,Maitri Station,-6.7,-16.0,39,38.3,63.0,0.0,964.3
2024-11-07T00:00,Maitri Station,-6.7,-16.2,39,39.6,65.2,0.0,965.1
2024-11-07T01:00,Maitri Station,-6.8,-16.1,39,38.1,61.9,0.0,964.9
2024-11-07T02:00,Maitri Station,-6.7,-16.1,39,39.0,63.7,4.0,965.4
2024-11-07T03:00,Maitri Station,-6.6,-15.9,40,38.3,63.7,28.0,965.8
2024-11-07T04:00,Maitri Station,-6.3,-15.4,41,36.7,62.3,82.0,966.2
2024-11-07T05:00,Maitri Station,-6.0,-14.9,41,36.2,60.1,160.0,966.7
2024-11-07T06:00,Maitri Station,-5.5,-14.4,40,35.8,59.4,248.0,967.3
2024-11-07T07:00,Maitri Station,-5.0,-13.7,41,34.5,59.0,342.0,967.9
2024-11-07T08:00,Maitri Station,-4.6,-12.9,42,32.4,57.2,425.0,968.3
2024-11-07T09:00,Maitri Station,-4.2,-12.0,42,30.4,54.0,495.0,968.6
2024-11-07T10:00,Maitri Station,-3.9,-11.2,43,29.2,50.4,545.0,968.7
2024-11-07T11:00,Maitri Station,-3.6,-10.6,43,28.0,49.0,572.0,968.4
2024-11-07T12:00,Maitri Station,-3.5,-10.3,44,26.7,46.8,572.0,968.2
2024-11-07T13:00,Maitri Station,-2.9,-9.7,45,25.9,44.6,544.0,966.6
2024-11-07T14:00,Maitri Station,-3.1,-10.1,45,25.8,42.5,495.0,966.5
2024-11-07T15:00,Maitri Station,-3.5,-10.9,44,26.5,43.2,426.0,966.3
2024-11-07T16:00,Maitri Station,-3.9,-11.5,43,27.5,44.6,343.0,966.2
2024-11-07T17:00,Maitri Station,-4.5,-12.4,41,29.4,47.5,253.0,966.3
2024-11-07T18:00,Maitri Station,-5.2,-13.5,40,31.3,50.8,164.0,966.6
2024-11-07T19:00,Maitri Station,-5.9,-14.4,39,33.3,54.0,87.0,967.0
2024-11-07T20:00,Maitri Station,-6.5,-15.1,38,33.7,54.7,31.0,967.2
2024-11-07T21:00,Maitri Station,-7.0,-15.7,37,33.7,54.7,4.0,967.8
2024-11-07T22:00,Maitri Station,-7.3,-16.2,37,34.6,55.8,0.0,968.0
2024-11-07T23:00,Maitri Station,-7.7,-16.6,36,34.6,55.8,0.0,968.3
2024-11-08T00:00,Maitri Station,-8.2,-17.0,36,34.3,56.2,0.0,968.6
2024-11-08T01:00,Maitri Station,-8.2,-17.4,36,36.8,59.8,0.0,968.0
2024-11-08T02:00,Maitri Station,-8.3,-17.1,36,33.6,58.3,6.0,968.2
2024-11-08T03:00,Maitri Station,-8.3,-16.8,36,31.9,53.6,38.0,968.4
2024-11-08T04:00,Maitri Station,-8.1,-16.6,37,31.7,51.5,98.0,968.6
2024-11-08T05:00,Maitri Station,-7.8,-16.0,37,30.0,50.8,180.0,968.8
2024-11-08T06:00,Maitri Station,-7.5,-15.3,39,27.1,48.2,272.0,969.1
2024-11-08T07:00,Maitri Station,-7.1,-14.4,41,24.3,43.6,365.0,969.3
2024-11-08T08:00,Maitri Station,-6.7,-13.7,42,22.5,39.2,451.0,969.6
2024-11-08T09:00,Maitri Station,-6.3,-12.6,44,20.4,37.8,520.0,970.0
2024-11-08T10:00,Maitri Station,-6.1,-11.5,46,17.1,33.8,569.0,969.6
2024-11-08T11:00,Maitri Station,-5.9,-10.8,48,15.3,29.2,594.0,969.3
2024-11-08T12:00,Maitri Station,-5.9,-10.6,52,13.9,26.6,592.0,969.2
2024-11-08T13:00,Maitri Station,-5.3,-10.0,55,13.2,22.0,561.0,967.5
2024-11-08T14:00,Maitri Station,-5.6,-10.5,57,12.9,22.0,509.0,967.3
2024-11-08T15:00,Maitri Station,-6.1,-11.7,57,14.8,23.4,437.0,967.1
2024-11-08T16:00,Maitri Station,-6.4,-12.7,55,19.2,31.3,352.0,967.0
2024-11-08T17:00,Maitri Station,-7.3,-13.7,55,19.2,32.8,261.0,967.0
2024-11-08T18:00,Maitri Station,-8.1,-14.7,53,20.4,33.1,171.0,967.0
2024-11-08T19:00,Maitri Station,-8.8,-15.5,50,20.9,33.8,92.0,967.1
2024-11-08T20:00,Maitri Station,-8.9,-16.2,46,24.5,40.0,35.0,967.1
2024-11-08T21:00,Maitri Station,-9.1,-17.0,44,27.9,45.7,6.0,966.9
2024-11-08T22:00,Maitri Station,-9.4,-17.3,42,28.6,48.6,0.0,967.0
2024-11-08T23:00,Maitri Station,-9.7,-17.7,41,28.8,47.9,0.0,966.8
2024-11-09T00:00,Maitri Station,-9.7,-17.9,38,29.8,49.7,0.0,966.6
2024-11-09T01:00,Maitri Station,-9.6,-17.6,37,28.9,47.9,0.0,966.0
2024-11-09T02:00,Maitri Station,-9.6,-17.8,36,29.6,49.0,8.0,966.0
2024-11-09T03:00,Maitri Station,-9.7,-17.8,37,29.0,49.3,41.0,965.8
2024-11-09T04:00,Maitri Station,-9.7,-17.8,38,29.3,48.6,103.0,965.6
2024-11-09T05:00,Maitri Station,-9.5,-17.5,40,28.4,49.0,185.0,965.4
2024-11-09T06:00,Maitri Station,-9.2,-17.0,41,27.6,47.5,277.0,965.3
2024-11-09T07:00,Maitri Station,-8.9,-16.4,44,25.7,46.4,370.0,965.0
2024-11-09T08:00,Maitri Station,-8.7,-15.9,47,24.0,43.9,455.0,964.9
2024-11-09T09:00,Maitri Station,-8.5,-14.8,50,21.1,41.4,525.0,964.6
2024-11-09T10:00,Maitri Station,-8.3,-14.8,51,23.9,41.4,574.0,964.3
2024-11-09T11:00,Maitri Station,-8.3,-15.4,48,28.5,49.0,599.0,964.1
2024-11-09T12:00,Maitri Station,-8.4,-15.9,47,30.9,52.9,598.0,963.9
2024-11-09T13:00,Maitri Station,-8.5,-16.3,48,31.9,54.4,570.0,962.7
2024-11-09T14:00,Maitri Station,-8.6,-16.7,48,32.3,55.4,518.0,962.5
2024-11-09T15:00,Maitri Station,-8.8,-17.3,48,32.4,55.8,446.0,962.3
2024-11-09T16:00,Maitri Station,-9.2,-17.6,48,32.2,55.8,360.0,962.1
2024-11-09T17:00,Maitri Station,-9.5,-18.1,47,33.1,56.5,268.0,961.9
2024-11-09T18:00,Maitri Station,-10.0,-19.1,46,36.0,60.8,178.0,961.8
2024-11-09T19:00,Maitri Station,-10.4,-20.0,45,39.5,66.6,97.0,961.8
2024-11-09T20:00,Maitri Station,-10.7,-20.4,45,40.1,68.0,38.0,961.7
2024-11-09T21:00,Maitri Station,-11.0,-20.6,44,39.2,68.0,7.0,961.6
2024-11-09T22:00,Maitri Station,-11.1,-20.5,42,37.8,66.2,0.0,961.6
2024-11-09T23:00,Maitri Station,-10.9,-20.3,42,38.1,64.1,0.0,961.5
2024-11-10T00:00,Maitri Station,-11.1,-20.7,42,39.1,65.2,0.0,961.4
2024-11-10T01:00,Maitri Station,-11.1,-20.5,42,37.5,63.7,0.0,961.8
2024-11-10T02:00,Maitri Station,-11.3,-20.4,41,35.6,62.6,5.0,961.8
2024-11-10T03:00,Maitri Station,-11.3,-19.8,40,32.0,59.4,34.0,961.8
2024-11-10T04:00,Maitri Station,-11.2,-19.2,39,28.2,53.3,93.0,961.4
2024-11-10T05:00,Maitri Station,-10.8,-18.9,38,28.9,48.6,178.0,961.2
2024-11-10T06:00,Maitri Station,-10.3,-18.6,37,30.2,52.6,276.0,961.3
2024-11-10T07:00,Maitri Station,-10.1,-18.0,38,28.1,51.1,376.0,961.4
2024-11-10T08:00,Maitri Station,-9.8,-17.6,38,27.8,48.2,463.0,961.6
2024-11-10T09:00,Maitri Station,-9.6,-18.0,40,33.9,56.5,532.0,961.6
2024-11-10T10:00,Maitri Station,-10.2,-18.5,46,34.7,60.8,581.0,961.8
2024-11-10T11:00,Maitri Station,-10.0,-17.6,49,31.4,58.3,605.0,961.8
2024-11-10T12:00,Maitri Station,-9.7,-16.1,52,24.1,53.3,600.0,961.4
2024-11-10T13:00,Maitri Station,-9.6,-15.6,56,21.0,47.9,567.0,961.0
2024-11-10T14:00,Maitri Station,-9.8,-15.7,61,18.6,36.0,515.0,960.9
2024-11-10T15:00,Maitri Station,-10.2,-16.8,65,20.6,34.2,446.0,961.1
2024-11-10T16:00,Maitri Station,-10.5,-17.0,66,19.9,34.2,363.0,961.2
2024-11-10T17:00,Maitri Station,-10.9,-17.6,66,20.9,33.8,281.0,961.0
2024-11-10T18:00,Maitri Station,-11.2,-18.1,67,22.2,36.0,184.0,961.1
2024-11-10T19:00,Maitri Station,-11.1,-18.1,70,22.9,37.1,67.0,961.4
2024-11-10T20:00,Maitri Station,-10.3,-17.0,74,22.2,37.1,6.0,961.6
2024-11-10T21:00,Maitri Station,-9.7,-16.2,77,21.2,36.4,0.0,961.7
2024-11-10T22:00,Maitri Station,-9.4,-16.0,77,21.6,35.6,0.0,961.8
2024-11-10T23:00,Maitri Station,-9.3,-16.2,73,23.5,38.9,0.0,962.0
2024-11-11T00:00,Maitri Station,-9.4,-16.3,69,23.3,39.2,0.0,962.2
2024-11-11T01:00,Maitri Station,-9.7,-16.3,62,20.9,33.8,0.0,962.2
2024-11-11T02:00,Maitri Station,-9.8,-16.8,58,22.6,36.7,0.0,962.5
2024-11-11T03:00,Maitri Station,-9.8,-17.0,55,23.7,38.9,2.0,962.5
2024-11-11T04:00,Maitri Station,-9.7,-16.7,53,22.8,38.9,24.0,962.4
2024-11-11T05:00,Maitri Station,-9.6,-17.0,51,25.1,41.8,145.0,962.7
2024-11-11T06:00,Maitri Station,-9.4,-16.7,51,24.8,42.1,236.0,963.2
2024-11-11T07:00,Maitri Station,-8.8,-16.0,53,24.2,41.8,269.0,963.9
2024-11-11T08:00,Maitri Station,-8.5,-15.3,54,21.7,40.7,294.0,964.5
2024-11-11T09:00,Maitri Station,-8.2,-14.3,55,18.7,37.1,337.0,964.9
2024-11-11T10:00,Maitri Station,-8.0,-14.0,53,20.2,35.3,473.0,965.1
2024-11-11T11:00,Maitri Station,-7.8,-13.7,54,21.0,36.0,539.0,965.2
2024-11-11T12:00,Maitri Station,-7.9,-14.5,54,25.6,43.2,563.0,965.2
2024-11-11T13:00,Maitri Station,-8.2,-14.6,55,23.6,40.7,572.0,965.2
2024-11-11T14:00,Maitri Station,-8.2,-14.9,56,23.8,40.7,504.0,965.2
2024-11-11T15:00,Maitri Station,-8.5,-15.5,57,23.4,40.7,427.0,965.1
2024-11-11T16:00,Maitri Station,-8.8,-15.8,58,23.3,40.3,341.0,965.3
2024-11-11T17:00,Maitri Station,-9.3,-16.3,58,23.1,40.0,254.0,965.3
2024-11-11T18:00,Maitri Station,-9.9,-17.0,59,23.4,39.6,169.0,965.1
2024-11-11T19:00,Maitri Station,-10.6,-17.7,57,23.6,39.6,97.0,965.3
2024-11-11T20:00,Maitri Station,-11.2,-18.4,55,23.8,39.6,41.0,965.4
2024-11-11T21:00,Maitri Station,-11.7,-19.0,53,24.4,40.3,9.0,965.3
2024-11-11T22:00,Maitri Station,-12.0,-19.3,52,24.1,40.3,0.0,965.3
2024-11-11T23:00,Maitri Station,-12.2,-19.5,51,23.8,40.0,0.0,965.3
2024-11-12T00:00,Maitri Station,-12.3,-19.6,50,24.2,40.0,0.0,965.3
2024-11-12T01:00,Maitri Station,-12.0,-18.9,45,20.8,33.1,1.0,965.0
2024-11-12T02:00,Maitri Station,-11.8,-19.0,45,22.7,36.7,12.0,964.9
2024-11-12T03:00,Maitri Station,-11.5,-18.8,45,23.7,38.9,47.0,964.8
2024-11-12T04:00,Maitri Station,-11.1,-18.3,45,23.0,39.2,110.0,964.7
2024-11-12T05:00,Maitri Station,-10.6,-17.5,45,20.8,38.2,182.0,965.0
2024-11-12T06:00,Maitri Station,-10.2,-16.8,45,19.6,34.9,257.0,965.0
2024-11-12T07:00,Maitri Station,-9.7,-16.5,45,20.7,35.3,323.0,965.5
2024-11-12T08:00,Maitri Station,-9.4,-16.2,46,20.9,35.6,351.0,965.6
2024-11-12T09:00,Maitri Station,-9.3,-15.8,48,21.1,36.4,378.0,965.7
2024-11-12T10:00,Maitri Station,-9.0,-15.0,50,19.9,36.4,391.0,965.7
2024-11-12T11:00,Maitri Station,-8.7,-14.3,53,18.5,34.2,404.0,965.7
2024-11-12T12:00,Maitri Station,-8.6,-14.0,55,17.3,32.0,389.0,965.5
2024-11-12T13:00,Maitri Station,-8.6,-13.8,55,14.8,28.8,417.0,964.4
2024-11-12T14:00,Maitri Station,-8.7,-13.8,55,12.5,25.6,376.0,964.7
2024-11-12T15:00,Maitri Station,-9.1,-14.4,58,11.2,22.0,346.0,964.7
2024-11-12T16:00,Maitri Station,-9.7,-15.2,57,12.3,20.5,292.0,964.5
2024-11-12T17:00,Maitri Station,-10.1,-16.1,50,15.1,24.5,223.0,964.3
2024-11-12T18:00,Maitri Station,-10.3,-16.9,46,19.2,31.0,133.0,964.2
2024-11-12T19:00,Maitri Station,-10.9,-17.5,46,19.1,31.7,52.0,964.0
2024-11-12T20:00,Maitri Station,-11.6,-18.1,45,18.4,30.6,24.0,963.8
2024-11-12T21:00,Maitri Station,-11.9,-18.8,45,20.7,32.4,4.0,963.3
2024-11-12T22:00,Maitri Station,-11.3,-18.5,42,22.4,36.4,0.0,963.4
2024-11-12T23:00,Maitri Station,-11.3,-18.7,43,24.3,39.6,0.0,963.4
2024-11-13T00:00,Maitri Station,-10.7,-18.5,45,27.2,45.0,0.0,963.2
2024-11-13T01:00,Maitri Station,-10.2,-17.5,48,24.2,40.0,0.0,963.0
2024-11-13T02:00,Maitri Station,-10.0,-17.4,46,24.7,40.7,0.0,963.0
2024-11-13T03:00,Maitri Station,-9.8,-17.4,45,26.1,42.8,3.0,962.9
2024-11-13T04:00,Maitri Station,-9.5,-17.8,44,30.5,49.7,23.0,962.6
2024-11-13T05:00,Maitri Station,-8.9,-17.6,49,33.7,55.8,74.0,962.6
2024-11-13T06:00,Maitri Station,-8.3,-16.9,53,34.0,57.2,171.0,962.6
2024-11-13T07:00,Maitri Station,-7.6,-16.0,54,32.8,56.9,259.0,962.4
2024-11-13T08:00,Maitri Station,-7.2,-15.4,56,31.8,55.1,335.0,962.5
2024-11-13T09:00,Maitri Station,-6.7,-14.2,59,28.2,53.3,272.0,962.4
2024-11-13T10:00,Maitri Station,-6.1,-13.2,59,26.5,47.9,165.0,962.3
2024-11-13T11:00,Maitri Station,-5.6,-12.5,58,25.6,45.4,149.0,962.1
2024-11-13T12:00,Maitri Station,-5.5,-12.3,59,25.7,44.6,207.0,961.9
2024-11-13T13:00,Maitri Station,-5.6,-12.0,57,23.4,44.3,383.0,960.4
2024-11-13T14:00,Maitri Station,-5.7,-12.3,56,24.0,41.4,476.0,960.5
2024-11-13T15:00,Maitri Station,-5.8,-12.9,56,24.8,43.2,355.0,960.5
2024-11-13T16:00,Maitri Station,-6.1,-13.2,58,25.2,43.9,255.0,960.5
2024-11-13T17:00,Maitri Station,-6.5,-13.5,58,24.0,43.9,207.0,960.5
2024-11-13T18:00,Maitri Station,-7.1,-13.9,57,22.0,41.8,158.0,960.6
2024-11-13T19:00,Maitri Station,-7.9,-14.5,56,20.6,38.2,84.0,960.5
2024-11-13T20:00,Maitri Station,-8.9,-15.2,55,18.2,34.9,37.0,960.1
2024-11-13T21:00,Maitri Station,-10.9,-17.5,55,20.1,29.9,12.0,959.7
2024-11-13T22:00,Maitri Station,-9.8,-17.0,44,23.3,36.7,1.0,959.8
2024-11-13T23:00,Maitri Station,-9.8,-17.1,42,24.2,38.5,0.0,959.8
2024-11-14T00:00,Maitri Station,-9.9,-17.4,41,25.3,40.3,0.0,959.9
2024-11-14T01:00,Maitri Station,-9.6,-17.3,42,26.6,42.1,2.0,959.6
2024-11-14T02:00,Maitri Station,-9.4,-17.1,42,26.4,42.8,15.0,959.8
2024-11-14T03:00,Maitri Station,-9.0,-16.8,43,27.1,43.6,48.0,960.0
2024-11-14T04:00,Maitri Station,-8.2,-15.9,45,26.7,43.9,109.0,960.0
2024-11-14T05:00,Maitri Station,-7.7,-15.1,47,25.4,42.8,183.0,959.9
2024-11-14T06:00,Maitri Station,-7.2,-14.4,47,24.3,41.0,280.0,960.1
2024-11-14T07:00,Maitri Station,-6.7,-13.5,49,21.9,39.2,368.0,960.3
2024-11-14T08:00,Maitri Station,-6.1,-12.7,50,20.8,35.6,448.0,960.2
2024-11-14T09:00,Maitri Station,-5.5,-11.4,51,19.0,34.2,508.0,960.2
2024-11-14T10:00,Maitri Station,-5.0,-10.2,52,16.9,31.3,541.0,960.0
2024-11-14T11:00,Maitri Station,-4.8,-9.5,55,15.1,28.8,583.0,959.7
2024-11-14T12:00,Maitri Station,-4.8,-8.9,59,12.1,25.6,586.0,959.5
2024-11-14T13:00,Maitri Station,-4.9,-8.9,57,10.3,23.0,573.0,957.6
2024-11-14T14:00,Maitri Station,-5.2,-9.4,59,9.5,16.9,524.0,957.3
2024-11-14T15:00,Maitri Station,-5.7,-10.6,60,10.9,16.2,455.0,957.2
2024-11-14T16:00,Maitri Station,-6.4,-11.7,59,12.5,17.6,372.0,956.8
2024-11-14T17:00,Maitri Station,-7.4,-13.0,60,14.8,20.5,281.0,956.3
2024-11-14T18:00,Maitri Station,-8.5,-14.6,62,17.6,25.2,193.0,956.0
2024-11-14T19:00,Maitri Station,-9.0,-15.4,59,19.1,28.4,113.0,955.6
2024-11-14T20:00,Maitri Station,-9.2,-15.8,54,19.7,29.5,52.0,955.3
2024-11-14T21:00,Maitri Station,-9.5,-16.2,54,20.6,31.7,15.0,955.4
2024-11-14T22:00,Maitri Station,-8.4,-15.3,49,21.9,35.6,2.0,955.7
2024-11-14T23:00,Maitri Station,-7.9,-15.2,49,24.7,40.3,0.0,955.7
2024-11-15T00:00,Maitri Station,-7.7,-15.6,50,29.3,47.5,0.0,955.7
2024-11-15T01:00,Maitri Station,-6.6,-14.7,53,31.7,54.0,0.0,955.7
2024-11-15T02:00,Maitri Station,-6.8,-14.4,54,27.3,52.9,1.0,955.5
2024-11-15T03:00,Maitri Station,-6.8,-15.3,50,33.4,54.7,30.0,955.4
2024-11-15T04:00,Maitri Station,-6.7,-14.9,52,31.5,56.2,67.0,955.4
2024-11-15T05:00,Maitri Station,-6.4,-14.5,53,31.3,53.6,108.0,955.4
2024-11-15T06:00,Maitri Station,-6.1,-14.4,53,32.2,54.4,189.0,955.8
2024-11-15T07:00,Maitri Station,-6.0,-14.4,53,33.3,56.2,246.0,956.0
2024-11-15T08:00,Maitri Station,-5.9,-14.4,53,34.4,58.3,377.0,956.2
2024-11-15T09:00,Maitri Station,-5.7,-13.9,54,34.5,58.3,420.0,956.4
2024-11-15T10:00,Maitri Station,-5.7,-13.6,55,34.4,58.3,483.0,956.5
2024-11-15T11:00,Maitri Station,-5.6,-13.3,56,33.9,58.0,464.0,956.5
2024-11-15T12:00,Maitri Station,-5.5,-13.1,56,32.9,56.9,498.0,956.7
2024-11-15T13:00,Maitri Station,-5.5,-13.0,55,31.5,55.1,484.0,955.3
2024-11-15T14:00,Maitri Station,-5.6,-13.2,55,30.6,53.3,439.0,955.3
2024-11-15T15:00,Maitri Station,-5.7,-13.6,55,30.4,52.2,410.0,955.5
2024-11-15T16:00,Maitri Station,-5.8,-13.6,55,30.1,51.8,240.0,955.6
2024-11-15T17:00,Maitri Station,-6.0,-13.9,55,30.3,51.5,160.0,955.6
2024-11-15T18:00,Maitri Station,-6.5,-14.4,55,30.0,51.5,110.0,955.9
2024-11-15T19:00,Maitri Station,-6.9,-15.0,56,30.8,52.6,65.0,956.2
2024-11-15T20:00,Maitri Station,-7.5,-15.6,56,31.6,53.3,19.0,956.7
2024-11-15T21:00,Maitri Station,-7.8,-16.2,57,32.9,55.4,5.0,957.3
2024-11-15T22:00,Maitri Station,-8.0,-16.4,58,33.0,55.8,1.0,957.8
2024-11-15T23:00,Maitri Station,-7.9,-16.3,58,33.1,56.2,0.0,958.4
2024-11-16T00:00,Maitri Station,-7.8,-16.3,57,34.1,57.2,0.0,958.8
2024-11-16T01:00,Maitri Station,-7.5,-16.6,55,38.3,64.4,0.0,959.5
2024-11-16T02:00,Maitri Station,-7.5,-16.6,55,38.3,64.8,4.0,959.9
2024-11-16T03:00,Maitri Station,-7.3,-16.4,54,37.6,64.8,10.0,960.3
2024-11-16T04:00,Maitri Station,-7.2,-16.2,55,37.3,63.7,7.0,960.6
2024-11-16T05:00,Maitri Station,-7.0,-16.0,57,37.5,63.4,19.0,961.2
2024-11-16T06:00,Maitri Station,-7.1,-15.8,59,35.8,63.4,49.0,961.7
2024-11-16T07:00,Maitri Station,-7.0,-15.5,60,34.3,60.5,72.0,962.4
2024-11-16T08:00,Maitri Station,-6.8,-15.1,62,33.5,58.3,105.0,962.9
2024-11-16T09:00,Maitri Station,-6.6,-14.7,64,32.7,56.9,143.0,963.1
2024-11-16T10:00,Maitri Station,-6.3,-14.3,66,31.6,55.4,136.0,963.7
2024-11-16T11:00,Maitri Station,-6.2,-14.0,67,30.8,53.6,115.0,963.8
2024-11-16T12:00,Maitri Station,-5.9,-13.6,68,30.8,52.2,131.0,964.0
2024-11-16T13:00,Maitri Station,-6.3,-13.9,66,30.0,52.6,155.0,964.0
2024-11-16T14:00,Maitri Station,-6.3,-13.8,67,28.7,50.8,164.0,964.4
2024-11-16T15:00,Maitri Station,-6.2,-13.5,67,27.0,48.6,165.0,964.7
2024-11-16T16:00,Maitri Station,-6.4,-13.5,68,25.8,46.1,89.0,964.6
2024-11-16T17:00,Maitri Station,-6.6,-13.7,68,25.6,44.3,66.0,964.5
2024-11-16T18:00,Maitri Station,-6.9,-14.0,68,25.2,43.9,45.0,964.6
2024-11-16T19:00,Maitri Station,-7.1,-14.3,66,25.9,44.3,27.0,964.6
2024-11-16T20:00,Maitri Station,-7.2,-14.6,64,27.1,45.7,3.0,964.6
2024-11-16T21:00,Maitri Station,-7.2,-14.8,62,28.0,47.2,1.0,964.6
2024-11-16T22:00,Maitri Station,-7.4,-15.1,61,28.6,47.9,0.0,964.8
2024-11-16T23:00,Maitri Station,-7.4,-15.0,61,28.1,47.9,0.0,964.8
2024-11-17T00:00,Maitri Station,-7.5,-14.9,61,27.1,47.2,0.0,964.7
2024-11-17T01:00,Maitri Station,-7.5,-14.3,61,22.7,39.6,0.0,965.1
2024-11-17T02:00,Maitri Station,-7.4,-14.2,59,22.1,38.5,3.0,965.1
2024-11-17T03:00,Maitri Station,-7.7,-14.4,57,21.4,37.4,11.0,965.0
2024-11-17T04:00,Maitri Station,-7.9,-14.1,55,18.1,36.4,71.0,964.7
2024-11-17T05:00,Maitri Station,-7.4,-14.5,52,23.6,39.2,138.0,964.6
2024-11-17T06:00,Maitri Station,-7.4,-14.4,52,23.5,41.8,226.0,964.6
2024-11-17T07:00,Maitri Station,-7.1,-14.0,54,22.8,40.3,349.0,964.7
2024-11-17T08:00,Maitri Station,-7.0,-13.4,57,20.3,39.2,430.0,964.9
2024-11-17T09:00,Maitri Station,-6.8,-12.5,58,18.8,35.6,485.0,965.0
2024-11-17T10:00,Maitri Station,-6.5,-12.2,57,20.3,34.9,525.0,965.0
2024-11-17T11:00,Maitri Station,-6.5,-12.2,56,20.9,36.7,544.0,964.7
2024-11-17T12:00,Maitri Station,-6.4,-12.0,56,20.3,36.4,500.0,964.5
2024-11-17T13:00,Maitri Station,-6.3,-11.3,58,16.3,31.3,557.0,963.9
2024-11-17T14:00,Maitri Station,-6.5,-11.8,59,15.9,29.2,494.0,964.0
2024-11-17T15:00,Maitri Station,-6.7,-12.4,60,15.8,28.1,435.0,963.6
2024-11-17T16:00,Maitri Station,-7.1,-13.0,60,16.4,28.4,364.0,963.4
2024-11-17T17:00,Maitri Station,-7.6,-13.6,61,17.0,29.5,272.0,963.1
2024-11-17T18:00,Maitri Station,-8.2,-14.4,61,17.8,30.6,194.0,962.9
2024-11-17T19:00,Maitri Station,-8.9,-15.3,59,19.2,32.0,120.0,962.8
2024-11-17T20:00,Maitri Station,-9.4,-16.2,56,21.5,35.6,57.0,962.5
2024-11-17T21:00,Maitri Station,-9.8,-16.8,54,22.5,37.1,20.0,962.4
2024-11-17T22:00,Maitri Station,-10.2,-17.1,52,21.4,37.1,4.0,962.5
2024-11-17T23:00,Maitri Station,-10.6,-17.1,50,19.2,34.9,0.0,962.3
2024-11-18T00:00,Maitri Station,-10.1,-16.5,51,18.2,31.7,0.0,962.6
2024-11-18T01:00,Maitri Station,-8.8,-15.4,52,20.0,34.2,0.0,962.2
2024-11-18T02:00,Maitri Station,-9.5,-16.2,52,20.4,34.2,12.0,962.0
2024-11-18T03:00,Maitri Station,-9.3,-16.0,51,20.1,34.6,50.0,961.8
2024-11-18T04:00,Maitri Station,-8.9,-15.6,48,20.3,34.6,82.0,961.7
2024-11-18T05:00,Maitri Station,-8.5,-15.3,46,21.1,36.0,160.0,961.8
2024-11-18T06:00,Maitri Station,-8.1,-14.9,47,21.5,36.4,231.0,961.7
2024-11-18T07:00,Maitri Station,-7.8,-14.6,48,21.5,36.7,355.0,962.0
2024-11-18T08:00,Maitri Station,-7.6,-14.1,51,20.9,36.7,417.0,962.0
2024-11-18T09:00,Maitri Station,-7.2,-13.1,54,19.5,35.6,521.0,962.0
2024-11-18T10:00,Maitri Station,-7.0,-12.3,57,18.1,33.5,582.0,962.1
2024-11-18T11:00,Maitri Station,-6.9,-12.1,58,17.9,31.7,608.0,961.8
2024-11-18T12:00,Maitri Station,-6.9,-12.3,58,19.1,32.8,606.0,961.8
2024-11-18T13:00,Maitri Station,-7.1,-12.3,59,17.3,29.9,560.0,961.3
2024-11-18T14:00,Maitri Station,-7.4,-13.0,59,18.4,31.3,515.0,961.3
2024-11-18T15:00,Maitri Station,-7.7,-13.7,61,18.2,31.7,439.0,961.2
2024-11-18T16:00,Maitri Station,-8.1,-14.3,60,18.4,31.7,383.0,961.0
2024-11-18T17:00,Maitri Station,-8.6,-14.8,60,18.0,31.7,291.0,960.9
2024-11-18T18:00,Maitri Station,-9.4,-15.4,60,16.8,31.0,204.0,960.7
2024-11-18T19:00,Maitri Station,-10.1,-16.2,59,17.1,28.4,126.0,960.7
2024-11-18T20:00,Maitri Station,-10.7,-16.7,56,15.6,27.7,63.0,960.6
2024-11-18T21:00,Maitri Station,-10.9,-17.3,52,18.3,28.8,23.0,960.7
2024-11-18T22:00,Maitri Station,-11.0,-18.0,50,21.9,35.6,6.0,961.1
2024-11-18T23:00,Maitri Station,-11.4,-18.4,50,22.3,36.7,1.0,961.3
2024-11-19T00:00,Maitri Station,-11.5,-18.6,51,22.5,37.8,1.0,961.5
2024-11-19T01:00,Maitri Station,-10.8,-17.9,53,22.5,37.1,6.0,961.6
2024-11-19T02:00,Maitri Station,-10.9,-18.0,52,22.4,37.1,26.0,962.0
2024-11-19T03:00,Maitri Station,-10.8,-17.7,52,21.4,37.4,68.0,962.2
2024-11-19T04:00,Maitri Station,-10.1,-16.9,49,20.4,35.6,91.0,962.2
2024-11-19T05:00,Maitri Station,-9.2,-16.8,48,26.6,44.6,173.0,962.4
2024-11-19T06:00,Maitri Station,-8.9,-16.3,50,25.2,44.3,237.0,962.6
2024-11-19T07:00,Maitri Station,-8.6,-15.0,51,18.5,42.1,390.0,962.9
2024-11-19T08:00,Maitri Station,-8.3,-14.1,53,16.2,32.4,469.0,963.2
2024-11-19T09:00,Maitri Station,-8.0,-13.8,56,19.4,33.8,537.0,963.7
2024-11-19T10:00,Maitri Station,-7.8,-13.9,57,22.5,38.5,584.0,964.0
2024-11-19T11:00,Maitri Station,-8.1,-14.8,57,27.4,45.7,603.0,964.2
2024-11-19T12:00,Maitri Station,-8.2,-15.2,58,29.1,49.0,609.0,964.4
2024-11-19T13:00,Maitri Station,-8.2,-14.6,60,24.6,42.8,570.0,964.8
2024-11-19T14:00,Maitri Station,-8.3,-14.8,60,24.0,41.4,512.0,965.1
2024-11-19T15:00,Maitri Station,-8.3,-15.1,58,22.8,40.3,437.0,965.0
2024-11-19T16:00,Maitri Station,-8.6,-15.5,57,22.6,38.5,365.0,964.9
2024-11-19T17:00,Maitri Station,-8.9,-15.9,56,22.7,38.5,293.0,964.9
2024-11-19T18:00,Maitri Station,-9.4,-16.6,54,23.7,39.6,207.0,965.2
2024-11-19T19:00,Maitri Station,-9.9,-17.3,52,24.9,41.4,128.0,965.5
2024-11-19T20:00,Maitri Station,-10.4,-18.0,50,26.0,42.8,65.0,965.7
2024-11-19T21:00,Maitri Station,-10.8,-18.4,49,26.1,43.2,25.0,966.0
2024-11-19T22:00,Maitri Station,-11.0,-18.5,46,25.3,43.2,6.0,966.3
2024-11-19T23:00,Maitri Station,-11.0,-18.4,44,24.2,41.8,1.0,966.6
2024-11-20T00:00,Maitri Station,-11.1,-18.4,42,23.5,39.6,1.0,966.8
2024-11-20T01:00,Maitri Station,-11.0,-17.7,47,19.5,30.6,3.0,966.4
2024-11-20T02:00,Maitri Station,-10.8,-17.6,45,20.3,32.0,14.0,966.6
2024-11-20T03:00,Maitri Station,-10.5,-17.1,45,19.0,32.0,42.0,966.7
2024-11-20T04:00,Maitri Station,-10.0,-16.7,43,19.8,32.4,93.0,966.9
2024-11-20T05:00,Maitri Station,-9.6,-15.9,44,17.1,33.1,185.0,967.2
2024-11-20T06:00,Maitri Station,-9.3,-15.2,45,14.5,29.2,258.0,967.5
2024-11-20T07:00,Maitri Station,-9.0,-15.6,47,20.0,35.3,327.0,968.0
2024-11-20T08:00,Maitri Station,-8.5,-15.6,48,24.0,41.0,448.0,968.6
2024-11-20T09:00,Maitri Station,-8.7,-15.3,52,23.9,41.8,520.0,968.9
2024-11-20T10:00,Maitri Station,-8.5,-15.0,54,24.8,42.1,580.0,969.1
2024-11-20T11:00,Maitri Station,-8.5,-14.8,55,24.9,42.5,611.0,969.3
2024-11-20T12:00,Maitri Station,-8.4,-14.6,55,24.7,42.5,619.0,969.4
2024-11-20T13:00,Maitri Station,-8.1,-13.8,57,20.7,37.4,606.0,969.1
2024-11-20T14:00,Maitri Station,-8.1,-13.9,57,19.0,34.9,554.0,969.1
2024-11-20T15:00,Maitri Station,-8.3,-14.3,57,17.5,32.0,481.0,969.1
2024-11-20T16:00,Maitri Station,-8.7,-14.7,57,16.5,29.5,396.0,969.2
2024-11-20T17:00,Maitri Station,-9.3,-15.4,56,16.5,28.4,310.0,969.4
2024-11-20T18:00,Maitri Station,-10.1,-16.3,55,17.6,29.2,221.0,969.4
2024-11-20T19:00,Maitri Station,-10.7,-17.1,52,18.4,30.2,140.0,969.5
2024-11-20T20:00,Maitri Station,-11.3,-17.8,50,18.6,30.2,74.0,969.7
2024-11-20T21:00,Maitri Station,-11.7,-18.2,47,18.2,30.2,30.0,969.8
2024-11-20T22:00,Maitri Station,-12.0,-18.6,44,18.3,28.8,9.0,969.9
2024-11-20T23:00,Maitri Station,-12.4,-19.0,44,18.5,28.8,3.0,970.0
2024-11-21T00:00,Maitri Station,-12.8,-19.3,44,17.8,28.1,3.0,969.9
2024-11-21T01:00,Maitri Station,-12.5,-18.7,49,16.3,27.0,10.0,969.2
2024-11-21T02:00,Maitri Station,-12.4,-18.4,47,14.7,24.1,32.0,969.3
2024-11-21T03:00,Maitri Station,-12.7,-18.5,50,13.7,21.2,77.0,969.4
2024-11-21T04:00,Maitri Station,-13.3,-18.7,57,10.7,19.1,144.0,969.9
2024-11-21T05:00,Maitri Station,-12.0,-17.7,54,13.0,19.4,227.0,970.3
2024-11-21T06:00,Maitri Station,-10.3,-16.1,49,13.7,22.0,319.0,970.5
2024-11-21T07:00,Maitri Station,-9.4,-14.7,49,11.2,22.3,411.0,970.7
2024-11-21T08:00,Maitri Station,-8.6,-12.7,46,5.4,19.1,496.0,971.0
2024-11-21T09:00,Maitri Station,-8.3,-11.3,45,1.7,12.2,567.0,971.2
2024-11-21T10:00,Maitri Station,-8.0,-11.5,50,6.8,13.7,617.0,971.4
2024-11-21T11:00,Maitri Station,-7.6,-12.6,48,16.6,28.1,641.0,971.8
2024-11-21T12:00,Maitri Station,-7.9,-12.9,53,17.6,31.3,640.0,971.8
2024-11-21T13:00,Maitri Station,-8.0,-12.6,56,13.9,26.6,610.0,970.9
2024-11-21T14:00,Maitri Station,-8.2,-13.0,55,13.3,24.5,559.0,970.8
2024-11-21T15:00,Maitri Station,-8.5,-13.6,56,12.2,23.4,491.0,970.5
2024-11-21T16:00,Maitri Station,-9.3,-14.4,58,10.2,21.6,408.0,970.5
2024-11-21T17:00,Maitri Station,-9.8,-14.9,53,9.2,18.0,317.0,970.3
2024-11-21T18:00,Maitri Station,-10.8,-16.2,49,10.8,15.8,226.0,970.0
2024-11-21T19:00,Maitri Station,-11.9,-18.2,53,16.9,25.6,144.0,970.2
2024-11-21T20:00,Maitri Station,-10.9,-17.5,45,18.9,31.3,77.0,970.4
2024-11-21T21:00,Maitri Station,-12.0,-18.3,45,16.7,30.6,32.0,970.0
2024-11-21T22:00,Maitri Station,-13.1,-19.0,43,13.7,25.2,10.0,969.4
2024-11-21T23:00,Maitri Station,-13.9,-19.9,45,14.1,20.2,3.0,969.4
2024-11-22T00:00,Maitri Station,-15.1,-21.4,48,16.0,22.3,4.0,969.6
2024-11-22T01:00,Maitri Station,-11.4,-17.9,45,18.4,31.7,7.0,969.2
2024-11-22T02:00,Maitri Station,-10.9,-18.0,43,21.9,37.1,31.0,969.1
2024-11-22T03:00,Maitri Station,-10.6,-17.8,43,23.1,39.2,76.0,968.9
2024-11-22T04:00,Maitri Station,-10.2,-17.5,44,23.9,40.7,140.0,968.6
2024-11-22T05:00,Maitri Station,-9.9,-17.0,45,22.9,40.7,214.0,968.4
2024-11-22T06:00,Maitri Station,-9.5,-16.7,47,23.6,40.0,288.0,968.5
2024-11-22T07:00,Maitri Station,-9.0,-16.2,49,24.3,41.8,364.0,968.4
2024-11-22T08:00,Maitri Station,-8.5,-15.3,53,23.0,41.4,448.0,968.3
2024-11-22T09:00,Maitri Station,-8.2,-14.4,55,21.8,39.6,525.0,967.8
2024-11-22T10:00,Maitri Station,-7.9,-13.5,57,20.0,37.4,592.0,967.2
2024-11-22T11:00,Maitri Station,-7.7,-12.7,58,17.8,34.6,624.0,966.8
2024-11-22T12:00,Maitri Station,-7.5,-12.1,58,14.9,31.0,623.0,966.3
2024-11-22T13:00,Maitri Station,-8.0,-11.5,62,7.5,22.0,598.0,965.6
2024-11-22T14:00,Maitri Station,-8.1,-11.5,64,4.5,14.8,537.0,965.4
2024-11-22T15:00,Maitri Station,-8.3,-12.2,60,4.7,9.7,474.0,964.8
2024-11-22T16:00,Maitri Station,-8.7,-13.2,58,6.2,10.4,402.0,964.5
2024-11-22T17:00,Maitri Station,-9.5,-14.5,55,9.1,14.0,313.0,964.0
2024-11-22T18:00,Maitri Station,-10.3,-15.8,52,12.3,19.1,224.0,963.4
2024-11-22T19:00,Maitri Station,-10.7,-16.6,49,14.4,23.4,143.0,963.0
2024-11-22T20:00,Maitri Station,-11.1,-17.1,47,15.0,24.5,77.0,962.6
2024-11-22T21:00,Maitri Station,-12.4,-18.7,50,17.1,25.9,33.0,962.1
2024-11-22T22:00,Maitri Station,-12.4,-18.9,49,18.6,29.2,11.0,961.9
2024-11-22T23:00,Maitri Station,-12.1,-18.6,47,18.6,30.2,3.0,961.7
2024-11-23T00:00,Maitri Station,-12.1,-18.8,47,20.0,32.4,3.0,961.4
2024-11-23T01:00,Maitri Station,-9.5,-17.7,59,31.3,51.8,3.0,961.2
2024-11-23T02:00,Maitri Station,-8.9,-17.2,64,32.5,54.4,2.0,961.2
2024-11-23T03:00,Maitri Station,-8.9,-17.2,63,32.5,54.7,3.0,961.1
2024-11-23T04:00,Maitri Station,-8.8,-17.1,62,32.6,54.7,4.0,961.1
2024-11-23T05:00,Maitri Station,-8.7,-17.0,62,32.4,55.1,6.0,960.9
2024-11-23T06:00,Maitri Station,-8.4,-16.6,61,32.3,55.1,15.0,961.1
2024-11-23T07:00,Maitri Station,-8.2,-16.4,60,31.8,54.7,11.0,961.1
2024-11-23T08:00,Maitri Station,-7.9,-16.1,60,31.7,54.0,17.0,961.1
2024-11-23T09:00,Maitri Station,-7.6,-15.7,59,30.9,53.6,4.0,961.0
2024-11-23T10:00,Maitri Station,-7.3,-15.0,58,29.0,52.2,30.0,960.8
2024-11-23T11:00,Maitri Station,-6.9,-14.1,57,27.7,49.3,136.0,960.8
2024-11-23T12:00,Maitri Station,-6.7,-13.6,57,26.4,46.4,161.0,960.8
2024-11-23T13:00,Maitri Station,-6.2,-14.4,56,32.2,55.8,24.0,959.6
2024-11-23T14:00,Maitri Station,-6.1,-13.9,55,29.5,54.0,37.0,960.2
2024-11-23T15:00,Maitri Station,-6.1,-13.7,53,27.5,50.0,36.0,960.5
2024-11-23T16:00,Maitri Station,-6.4,-13.7,52,25.6,47.2,86.0,961.0
2024-11-23T17:00,Maitri Station,-7.0,-14.0,52,23.0,43.9,187.0,961.4
2024-11-23T18:00,Maitri Station,-7.8,-14.6,52,21.6,39.6,197.0,961.9
2024-11-23T19:00,Maitri Station,-8.6,-15.2,51,20.1,37.4,129.0,962.3
2024-11-23T20:00,Maitri Station,-9.4,-16.1,51,20.0,34.9,76.0,962.8
2024-11-23T21:00,Maitri Station,-9.7,-16.3,49,19.4,34.2,36.0,963.3
2024-11-23T22:00,Maitri Station,-11.0,-17.3,51,17.1,32.4,14.0,963.4
2024-11-23T23:00,Maitri Station,-11.8,-18.4,52,19.1,29.9,5.0,964.0
2024-11-24T00:00,Maitri Station,-10.7,-17.5,44,20.2,33.1,6.0,965.1
2024-11-24T01:00,Maitri Station,-8.3,-16.6,42,31.1,51.8,14.0,965.2
2024-11-24T02:00,Maitri Station,-8.5,-16.8,41,31.1,51.8,38.0,966.0
2024-11-24T03:00,Maitri Station,-8.5,-16.4,42,28.0,51.5,84.0,966.7
2024-11-24T04:00,Maitri Station,-8.2,-15.4,43,23.2,46.8,149.0,967.2
2024-11-24T05:00,Maitri Station,-7.7,-15.4,42,27.4,45.4,226.0,967.7
2024-11-24T06:00,Maitri Station,-7.7,-15.4,46,27.2,47.2,326.0,968.5
2024-11-24T07:00,Maitri Station,-7.3,-14.8,50,26.5,46.1,380.0,969.2
2024-11-24T08:00,Maitri Station,-7.0,-14.1,53,25.6,45.0,440.0,969.6
2024-11-24T09:00,Maitri Station,-6.7,-13.5,55,26.1,44.6,525.0,969.9
2024-11-24T10:00,Maitri Station,-6.5,-12.4,57,22.7,44.3,551.0,970.2
2024-11-24T11:00,Maitri Station,-6.1,-12.0,58,23.4,39.6,558.0,970.4
2024-11-24T12:00,Maitri Station,-6.0,-12.6,59,27.1,45.4,428.0,970.1
2024-11-24T13:00,Maitri Station,-5.6,-12.2,62,26.4,45.7,382.0,969.9
2024-11-24T14:00,Maitri Station,-5.5,-12.2,63,26.0,44.6,410.0,970.2
2024-11-24T15:00,Maitri Station,-5.7,-12.7,65,26.0,44.3,352.0,970.1
2024-11-24T16:00,Maitri Station,-5.9,-13.1,66,26.6,45.0,296.0,970.0
2024-11-24T17:00,Maitri Station,-6.1,-13.5,66,28.1,47.2,220.0,970.0
2024-11-24T18:00,Maitri Station,-6.2,-14.0,67,30.4,50.4,99.0,970.1
2024-11-24T19:00,Maitri Station,-6.5,-14.4,66,31.3,52.6,30.0,970.1
2024-11-24T20:00,Maitri Station,-6.6,-14.6,65,32.0,53.6,7.0,970.3
2024-11-24T21:00,Maitri Station,-6.7,-14.7,64,31.9,54.0,5.0,970.4
2024-11-24T22:00,Maitri Station,-6.7,-14.8,62,31.6,53.6,0.0,970.2
2024-11-24T23:00,Maitri Station,-6.7,-14.5,60,29.7,52.6,0.0,970.1
2024-11-25T00:00,Maitri Station,-6.7,-14.4,56,28.6,49.7,0.0,970.0
2024-11-25T01:00,Maitri Station,-6.4,-14.2,58,29.7,49.7,0.0,970.4
2024-11-25T02:00,Maitri Station,-6.5,-14.2,53,29.0,49.3,2.0,970.4
2024-11-25T03:00,Maitri Station,-7.0,-14.7,50,27.8,48.6,31.0,970.4
2024-11-25T04:00,Maitri Station,-7.2,-14.6,46,25.6,46.4,127.0,970.4
2024-11-25T05:00,Maitri Station,-6.9,-14.2,45,25.1,42.8,211.0,970.0
2024-11-25T06:00,Maitri Station,-6.5,-13.7,45,24.2,42.1,316.0,969.8
2024-11-25T07:00,Maitri Station,-6.1,-13.0,45,22.1,40.7,414.0,969.9
2024-11-25T08:00,Maitri Station,-5.8,-12.3,45,22.0,37.4,502.0,970.1
2024-11-25T09:00,Maitri Station,-5.6,-11.9,47,23.4,39.2,574.0,970.2
2024-11-25T10:00,Maitri Station,-5.5,-11.4,51,23.3,40.0,625.0,970.2
2024-11-25T11:00,Maitri Station,-5.4,-10.8,55,21.4,38.9,652.0,970.1
2024-11-25T12:00,Maitri Station,-5.4,-10.5,56,19.4,36.0,653.0,970.1
2024-11-25T13:00,Maitri Station,-5.6,-10.6,57,17.9,31.7,629.0,969.7
2024-11-25T14:00,Maitri Station,-5.8,-11.0,57,17.1,30.2,580.0,969.7
2024-11-25T15:00,Maitri Station,-6.1,-11.7,56,17.0,29.2,511.0,969.3
2024-11-25T16:00,Maitri Station,-6.6,-12.7,54,17.6,29.5,427.0,969.1
2024-11-25T17:00,Maitri Station,-7.1,-13.3,50,17.7,29.5,336.0,968.6
2024-11-25T18:00,Maitri Station,-7.5,-14.0,45,19.0,29.9,239.0,968.4
2024-11-25T19:00,Maitri Station,-7.7,-14.8,47,23.5,36.7,152.0,968.0
2024-11-25T20:00,Maitri Station,-7.9,-15.4,46,25.9,41.8,69.0,967.9
2024-11-25T21:00,Maitri Station,-8.0,-15.6,45,26.9,43.2,10.0,967.7
2024-11-25T22:00,Maitri Station,-7.6,-15.7,46,30.3,48.6,0.0,967.3
2024-11-25T23:00,Maitri Station,-7.4,-15.8,44,32.5,53.3,0.0,967.0
2024-11-26T00:00,Maitri Station,-7.2,-16.0,43,34.8,57.2,0.0,967.0
2024-11-26T01:00,Maitri Station,-6.8,-15.3,42,32.8,54.4,0.0,966.9
2024-11-26T02:00,Maitri Station,-7.1,-15.6,44,33.4,55.4,0.0,966.7
2024-11-26T03:00,Maitri Station,-7.0,-15.7,46,34.1,57.2,0.0,966.4
2024-11-26T04:00,Maitri Station,-6.9,-15.5,48,34.1,57.6,2.0,966.6
2024-11-26T05:00,Maitri Station,-7.0,-15.9,51,36.2,61.2,9.0,966.6
2024-11-26T06:00,Maitri Station,-7.0,-16.1,53,38.2,64.1,31.0,966.9
2024-11-26T07:00,Maitri Station,-7.0,-16.3,54,39.1,65.9,53.0,967.1
2024-11-26T08:00,Maitri Station,-7.1,-16.4,56,39.5,66.2,108.0,967.4
2024-11-26T09:00,Maitri Station,-7.1,-16.3,57,40.5,67.7,237.0,967.4
2024-11-26T10:00,Maitri Station,-6.9,-16.0,58,41.8,69.5,251.0,967.2
2024-11-26T11:00,Maitri Station,-6.6,-15.7,59,42.3,70.6,242.0,966.7
2024-11-26T12:00,Maitri Station,-6.5,-15.9,59,43.3,72.0,181.0,966.6
2024-11-26T13:00,Maitri Station,-6.6,-16.4,59,44.0,73.1,108.0,966.1
2024-11-26T14:00,Maitri Station,-6.7,-16.7,60,44.9,74.5,68.0,966.2
2024-11-26T15:00,Maitri Station,-6.7,-16.6,61,44.2,74.5,37.0,966.2
2024-11-26T16:00,Maitri Station,-6.6,-16.4,62,43.9,73.4,28.0,966.1
2024-11-26T17:00,Maitri Station,-6.6,-16.2,63,42.4,72.7,21.0,966.1
2024-11-26T18:00,Maitri Station,-6.6,-16.2,64,42.1,70.6,5.0,966.2
2024-11-26T19:00,Maitri Station,-6.6,-16.1,63,41.7,70.2,1.0,966.3
2024-11-26T20:00,Maitri Station,-6.8,-16.3,61,41.3,69.5,1.0,966.4
2024-11-26T21:00,Maitri Station,-6.8,-16.3,61,41.9,69.5,0.0,966.5
2024-11-26T22:00,Maitri Station,-6.8,-16.4,60,42.5,70.9,0.0,966.7
2024-11-26T23:00,Maitri Station,-7.0,-16.6,59,41.4,70.9,0.0,966.8
2024-11-27T00:00,Maitri Station,-7.0,-16.4,57,40.3,68.8,0.0,967.0
2024-11-27T01:00,Maitri Station,-7.0,-16.4,55,39.8,66.6,0.0,967.3
2024-11-27T02:00,Maitri Station,-7.0,-16.5,52,40.5,67.7,4.0,967.3
2024-11-27T03:00,Maitri Station,-7.0,-16.5,51,40.7,67.7,11.0,967.1
2024-11-27T04:00,Maitri Station,-6.9,-16.3,50,39.8,67.7,38.0,967.1
2024-11-27T05:00,Maitri Station,-6.8,-16.1,50,38.8,66.6,26.0,967.1
2024-11-27T06:00,Maitri Station,-6.7,-15.8,51,38.3,64.8,67.0,967.4
2024-11-27T07:00,Maitri Station,-6.5,-15.5,52,37.4,63.7,98.0,967.4
2024-11-27T08:00,Maitri Station,-6.2,-15.0,52,36.3,62.6,201.0,967.6
2024-11-27T09:00,Maitri Station,-6.0,-14.5,52,35.4,60.8,257.0,967.3
2024-11-27T10:00,Maitri Station,-5.8,-13.9,52,35.5,59.4,363.0,967.1
2024-11-27T11:00,Maitri Station,-5.6,-13.6,53,35.6,59.8,354.0,966.9
2024-11-27T12:00,Maitri Station,-5.6,-13.5,53,35.0,59.4,406.0,966.8
2024-11-27T13:00,Maitri Station,-5.6,-14.0,56,34.4,59.4,81.0,967.0
2024-11-27T14:00,Maitri Station,-5.5,-13.6,56,31.5,57.2,63.0,966.8
2024-11-27T15:00,Maitri Station,-5.4,-13.4,55,31.0,52.9,72.0,966.7
2024-11-27T16:00,Maitri Station,-5.8,-13.6,55,29.9,52.2,215.0,966.6
2024-11-27T17:00,Maitri Station,-6.1,-13.9,55,29.6,50.4,204.0,966.3
2024-11-27T18:00,Maitri Station,-6.4,-14.1,54,28.3,50.0,151.0,966.4
2024-11-27T19:00,Maitri Station,-6.7,-14.3,50,27.6,48.2,88.0,966.3
2024-11-27T20:00,Maitri Station,-7.1,-14.9,49,28.7,48.6,31.0,966.4
2024-11-27T21:00,Maitri Station,-7.4,-15.4,48,29.7,50.0,11.0,966.4
2024-11-27T22:00,Maitri Station,-7.7,-15.9,46,30.4,51.1,7.0,966.6
2024-11-27T23:00,Maitri Station,-7.7,-15.5,44,28.4,51.1,4.0,966.6
2024-11-28T00:00,Maitri Station,-7.5,-15.6,41,29.7,49.3,3.0,966.6
2024-11-28T01:00,Maitri Station,-7.2,-15.4,42,30.5,50.8,6.0,967.0
2024-11-28T02:00,Maitri Station,-7.6,-15.7,42,30.0,50.8,26.0,967.2
2024-11-28T03:00,Maitri Station,-7.5,-15.5,41,29.1,50.4,83.0,967.5
2024-11-28T04:00,Maitri Station,-7.2,-14.9,40,27.2,49.0,156.0,967.7
2024-11-28T05:00,Maitri Station,-7.0,-14.3,41,24.7,45.7,242.0,968.0
2024-11-28T06:00,Maitri Station,-6.8,-14.0,42,23.9,42.1,336.0,968.5
2024-11-28T07:00,Maitri Station,-6.6,-13.7,43,23.5,40.7,432.0,968.9
2024-11-28T08:00,Maitri Station,-6.3,-12.9,44,22.8,40.0,520.0,969.4
2024-11-28T09:00,Maitri Station,-6.1,-12.1,47,21.7,39.2,591.0,969.8
2024-11-28T10:00,Maitri Station,-5.9,-11.2,51,19.4,37.1,641.0,970.2
2024-11-28T11:00,Maitri Station,-5.7,-10.4,54,17.1,33.5,668.0,970.4
2024-11-28T12:00,Maitri Station,-5.6,-10.0,56,15.4,29.9,669.0,970.6
2024-11-28T13:00,Maitri Station,-5.5,-10.1,56,15.7,27.7,642.0,970.1
2024-11-28T14:00,Maitri Station,-5.6,-10.6,56,16.5,28.8,593.0,970.2
2024-11-28T15:00,Maitri Station,-5.9,-11.5,57,17.7,30.6,524.0,970.3
2024-11-28T16:00,Maitri Station,-6.3,-12.5,56,18.8,32.4,440.0,970.4
2024-11-28T17:00,Maitri Station,-6.7,-13.2,54,20.3,34.9,348.0,970.6
2024-11-28T18:00,Maitri Station,-7.3,-14.1,53,22.1,37.4,256.0,971.2
2024-11-28T19:00,Maitri Station,-7.9,-14.9,52,22.7,38.9,172.0,971.6
2024-11-28T20:00,Maitri Station,-8.6,-15.5,50,22.2,38.9,102.0,972.1
2024-11-28T21:00,Maitri Station,-9.2,-16.1,47,21.3,37.8,52.0,972.2
2024-11-28T22:00,Maitri Station,-9.7,-16.5,46,20.9,36.4,24.0,972.5
2024-11-28T23:00,Maitri Station,-9.4,-16.8,46,25.0,41.4,12.0,972.7
2024-11-29T00:00,Maitri Station,-9.4,-17.1,45,26.9,45.4,12.0,973.1
2024-11-29T01:00,Maitri Station,-9.4,-16.7,45,24.2,40.7,23.0,973.0
2024-11-29T02:00,Maitri Station,-9.2,-16.5,45,24.5,41.4,51.0,973.4
2024-11-29T03:00,Maitri Station,-8.9,-16.3,44,25.1,42.5,100.0,973.6
2024-11-29T04:00,Maitri Station,-8.3,-15.8,43,25.4,42.8,170.0,973.6
2024-11-29T05:00,Maitri Station,-7.8,-15.2,43,25.3,43.6,254.0,973.8
2024-11-29T06:00,Maitri Station,-7.4,-14.8,45,25.0,43.2,346.0,974.3
2024-11-29T07:00,Maitri Station,-7.1,-14.5,47,25.3,43.6,438.0,974.6
2024-11-29T08:00,Maitri Station,-6.9,-13.6,51,24.2,43.9,522.0,975.3
2024-11-29T09:00,Maitri Station,-6.7,-12.9,55,23.5,42.1,592.0,975.6
2024-11-29T10:00,Maitri Station,-6.7,-12.7,56,24.2,41.8,642.0,975.9
2024-11-29T11:00,Maitri Station,-6.6,-12.5,55,24.2,42.1,669.0,976.0
2024-11-29T12:00,Maitri Station,-6.4,-12.1,54,22.7,41.8,670.0,976.1
2024-11-29T13:00,Maitri Station,-6.4,-11.9,53,20.8,38.2,645.0,975.3
2024-11-29T14:00,Maitri Station,-6.4,-11.7,53,17.7,36.4,598.0,975.4
2024-11-29T15:00,Maitri Station,-6.8,-11.5,56,12.1,31.3,529.0,975.3
2024-11-29T16:00,Maitri Station,-7.3,-12.4,58,10.5,21.6,446.0,975.2
2024-11-29T17:00,Maitri Station,-7.2,-13.0,56,15.4,24.5,354.0,975.2
2024-11-29T18:00,Maitri Station,-7.2,-13.8,53,20.7,35.3,261.0,975.6
2024-11-29T19:00,Maitri Station,-7.9,-14.6,49,20.8,35.3,176.0,975.8
2024-11-29T20:00,Maitri Station,-8.3,-15.4,49,22.9,39.2,106.0,976.3
2024-11-29T21:00,Maitri Station,-8.7,-16.0,49,24.4,42.1,55.0,976.6
2024-11-29T22:00,Maitri Station,-9.3,-16.5,49,23.8,42.1,25.0,976.9
2024-11-29T23:00,Maitri Station,-9.5,-16.7,48,23.8,41.4,13.0,977.1
2024-11-30T00:00,Maitri Station,-9.7,-17.0,47,24.7,42.5,13.0,977.4
2024-11-30T01:00,Maitri Station,-9.1,-16.1,44,22.1,39.6,24.0,976.9
2024-11-30T02:00,Maitri Station,-8.6,-16.1,42,25.2,43.2,51.0,977.2
2024-11-30T03:00,Maitri Station,-8.3,-15.9,43,26.4,45.4,99.0,977.6
2024-11-30T04:00,Maitri Station,-8.0,-15.6,43,26.8,45.7,166.0,977.5
2024-11-30T05:00,Maitri Station,-7.6,-15.6,43,29.7,49.7,242.0,977.9
2024-11-30T06:00,Maitri Station,-7.3,-15.3,47,29.6,51.5,323.0,978.4
2024-11-30T07:00,Maitri Station,-6.7,-14.3,49,27.4,50.0,389.0,978.7
2024-11-30T08:00,Maitri Station,-6.1,-13.1,51,24.4,46.4,293.0,979.0
2024-11-30T09:00,Maitri Station,-5.5,-12.0,52,23.2,42.1,290.0,979.0
2024-11-30T10:00,Maitri Station,-5.2,-11.2,53,23.3,40.0,509.0,979.0
2024-11-30T11:00,Maitri Station,-5.1,-10.8,53,22.8,40.0,645.0,978.9
2024-11-30T12:00,Maitri Station,-5.0,-10.2,53,20.7,39.2,663.0,978.9
2024-11-30T13:00,Maitri Station,-4.7,-9.8,53,19.2,36.0,641.0,977.9
2024-11-30T14:00,Maitri Station,-4.7,-9.7,54,16.6,33.1,595.0,978.0
2024-11-30T15:00,Maitri Station,-5.0,-10.1,56,14.9,29.2,528.0,978.0
2024-11-30T16:00,Maitri Station,-5.3,-10.9,57,15.0,26.3,444.0,977.9
2024-11-30T17:00,Maitri Station,-5.8,-11.7,56,16.2,27.4,352.0,978.0
2024-11-30T18:00,Maitri Station,-6.3,-12.4,52,17.6,28.4,261.0,977.9
2024-11-30T19:00,Maitri Station,-6.4,-12.9,47,19.7,31.7,176.0,978.0
2024-11-30T20:00,Maitri Station,-6.4,-13.6,44,24.0,38.5,106.0,978.2
2024-11-30T21:00,Maitri Station,-6.8,-14.1,43,24.8,40.3,55.0,978.2
2024-11-30T22:00,Maitri Station,-6.2,-14.5,40,31.4,51.5,24.0,978.4
2024-11-30T23:00,Maitri Station,-6.0,-14.5,41,33.1,54.7,11.0,978.5
2024-12-01T00:00,Maitri Station,-5.7,-14.3,43,33.9,56.5,6.0,978.8
2024-12-01T01:00,Maitri Station,-5.4,-14.0,46,34.2,57.2,10.0,978.7
2024-12-01T02:00,Maitri Station,-4.5,-13.1,50,34.9,58.7,2.0,979.0
2024-12-01T03:00,Maitri Station,-4.2,-12.8,53,35.1,59.0,2.0,979.1
2024-12-01T04:00,Maitri Station,-3.9,-12.4,56,35.2,59.4,3.0,979.2
2024-12-01T05:00,Maitri Station,-3.5,-11.8,58,34.3,59.4,5.0,979.3
2024-12-01T06:00,Maitri Station,-3.1,-11.4,61,34.7,58.7,12.0,979.5
2024-12-01T07:00,Maitri Station,-2.5,-10.7,65,34.8,59.4,55.0,979.7
2024-12-01T08:00,Maitri Station,-2.1,-10.2,67,34.9,59.0,78.0,979.8
2024-12-01T09:00,Maitri Station,-1.7,-9.9,69,35.9,60.5,71.0,979.9
2024-12-01T10:00,Maitri Station,-1.5,-9.7,69,36.2,61.2,14.0,979.8
2024-12-01T11:00,Maitri Station,-1.2,-9.3,69,37.3,63.0,47.0,979.7
2024-12-01T12:00,Maitri Station,-0.9,-9.4,69,38.8,65.5,27.0,979.7
2024-12-01T13:00,Maitri Station,-0.8,-9.8,69,42.6,70.9,82.0,978.4
2024-12-01T14:00,Maitri Station,-0.8,-10.1,70,44.2,74.2,37.0,978.6
2024-12-01T15:00,Maitri Station,-0.7,-9.9,69,43.8,74.5,23.0,978.7
2024-12-01T16:00,Maitri Station,-0.7,-10.2,69,45.4,76.0,38.0,978.7
2024-12-01T17:00,Maitri Station,-0.8,-10.2,70,44.5,76.3,1.0,978.9
2024-12-01T18:00,Maitri Station,-0.7,-10.0,68,43.9,74.9,0.0,979.1
2024-12-01T19:00,Maitri Station,-0.6,-9.8,67,43.4,74.2,0.0,979.2
2024-12-01T20:00,Maitri Station,-0.6,-10.1,66,45.2,75.6,3.0,979.1
2024-12-01T21:00,Maitri Station,-0.7,-10.4,66,46.5,78.1,0.0,979.0
2024-12-01T22:00,Maitri Station,-0.7,-10.7,66,48.5,81.4,0.0,978.9
2024-12-01T23:00,Maitri Station,-0.8,-11.0,68,49.9,83.5,0.0,978.9
2024-12-02T00:00,Maitri Station,-0.9,-11.4,70,52.6,87.8,0.0,978.9
2024-12-02T01:00,Maitri Station,-1.6,-12.6,67,54.7,91.4,0.0,980.0
2024-12-02T02:00,Maitri Station,-1.5,-12.3,68,54.0,91.8,0.0,980.2
2024-12-02T03:00,Maitri Station,-1.4,-12.1,69,53.1,90.0,0.0,980.4
2024-12-02T04:00,Maitri Station,-1.2,-11.9,69,53.5,89.6,0.0,980.4
2024-12-02T05:00,Maitri Station,-1.2,-11.8,71,52.9,89.3,0.0,980.8
2024-12-02T06:00,Maitri Station,-1.1,-11.6,72,52.3,88.6,0.0,981.4
2024-12-02T07:00,Maitri Station,-1.0,-11.0,73,48.9,87.1,0.0,981.8
2024-12-02T08:00,Maitri Station,-0.9,-10.6,73,47.8,81.7,0.0,982.1
2024-12-02T09:00,Maitri Station,-0.7,-10.3,73,47.0,79.9,0.0,982.2
2024-12-02T10:00,Maitri Station,-0.6,-10.4,71,47.9,79.9,14.0,982.1
2024-12-02T11:00,Maitri Station,-0.4,-10.4,69,48.7,81.4,9.0,981.8
2024-12-02T12:00,Maitri Station,-0.5,-10.3,68,48.2,81.4,3.0,981.7
2024-12-02T13:00,Maitri Station,-0.6,-10.6,70,49.7,83.5,37.0,981.3
2024-12-02T14:00,Maitri Station,-0.6,-10.2,71,46.4,82.4,7.0,981.5
2024-12-02T15:00,Maitri Station,-0.7,-9.8,72,43.5,77.8,6.0,981.7
2024-12-02T16:00,Maitri Station,-0.6,-9.2,72,39.8,73.1,1.0,981.6
2024-12-02T17:00,Maitri Station,-0.4,-9.0,67,38.9,67.3,0.0,981.5
2024-12-02T18:00,Maitri Station,-0.3,-9.0,63,39.1,66.6,0.0,981.6
2024-12-02T19:00,Maitri Station,-0.5,-9.4,61,40.7,68.4,0.0,981.8
2024-12-02T20:00,Maitri Station,-0.9,-10.0,63,41.8,70.6,1.0,981.9
2024-12-02T21:00,Maitri Station,-1.1,-10.4,65,43.6,72.7,0.0,982.0
2024-12-02T22:00,Maitri Station,-1.0,-10.4,66,44.1,74.9,0.0,982.0
2024-12-02T23:00,Maitri Station,-0.9,-10.2,65,43.3,73.8,0.0,981.9
2024-12-03T00:00,Maitri Station,-0.9,-10.6,64,45.8,76.7,0.0,982.0
2024-12-03T01:00,Maitri Station,-1.5,-11.3,62,46.2,77.4,0.0,982.3
2024-12-03T02:00,Maitri Station,-1.5,-11.7,60,49.0,82.1,0.0,982.2
2024-12-03T03:00,Maitri Station,-1.5,-11.8,61,49.2,82.4,0.0,982.3
2024-12-03T04:00,Maitri Station,-1.5,-11.9,61,50.2,83.9,0.0,982.1
2024-12-03T05:00,Maitri Station,-1.6,-12.1,61,51.2,85.7,0.0,982.0
2024-12-03T06:00,Maitri Station,-1.5,-12.2,61,52.0,86.8,0.0,982.2
2024-12-03T07:00,Maitri Station,-1.5,-12.1,62,51.7,87.1,0.0,982.4
2024-12-03T08:00,Maitri Station,-1.4,-11.7,63,49.9,86.4,0.0,982.5
2024-12-03T09:00,Maitri Station,-1.0,-11.2,62,48.7,83.2,23.0,982.7
2024-12-03T10:00,Maitri Station,-0.8,-10.7,61,47.5,81.4,57.0,982.4
2024-12-03T11:00,Maitri Station,-0.6,-10.4,61,46.5,79.6,80.0,982.3
2024-12-03T12:00,Maitri Station,-0.5,-10.0,62,45.2,77.8,55.0,982.1
2024-12-03T13:00,Maitri Station,-0.6,-10.2,63,45.8,77.4,74.0,981.4
2024-12-03T14:00,Maitri Station,-0.7,-10.0,64,43.6,77.0,10.0,981.3
2024-12-03T15:00,Maitri Station,-0.8,-9.6,64,39.9,73.4,0.0,981.0
2024-12-03T16:00,Maitri Station,-0.8,-9.5,62,39.5,67.7,0.0,980.6
2024-12-03T17:00,Maitri Station,-0.8,-9.5,61,39.2,67.0,0.0,980.4
2024-12-03T18:00,Maitri Station,-0.8,-9.7,62,40.1,68.0,0.0,980.4
2024-12-03T19:00,Maitri Station,-1.1,-9.9,64,39.8,68.0,0.0,980.5
2024-12-03T20:00,Maitri Station,-1.3,-10.1,64,40.3,68.0,0.0,980.3
2024-12-03T21:00,Maitri Station,-1.4,-10.5,65,42.2,70.9,0.0,980.5
2024-12-03T22:00,Maitri Station,-1.4,-10.7,67,43.5,73.4,0.0,980.4
2024-12-03T23:00,Maitri Station,-1.4,-10.8,66,44.3,74.5,0.0,980.4
2024-12-04T00:00,Maitri Station,-1.4,-10.9,64,44.8,75.2,0.0,980.4
2024-12-04T01:00,Maitri Station,-2.0,-11.7,59,44.8,75.2,0.0,980.8
2024-12-04T02:00,Maitri Station,-2.1,-12.2,57,47.6,79.9,0.0,980.8
2024-12-04T03:00,Maitri Station,-2.2,-12.5,57,48.3,81.4,0.0,980.9
2024-12-04T04:00,Maitri Station,-2.4,-12.6,58,47.7,81.4,0.0,981.1
2024-12-04T05:00,Maitri Station,-2.5,-12.6,60,47.9,80.3,1.0,981.3
2024-12-04T06:00,Maitri Station,-2.5,-12.6,61,47.4,80.3,1.0,981.4
2024-12-04T07:00,Maitri Station,-2.3,-12.3,60,46.7,79.2,0.0,981.6
2024-12-04T08:00,Maitri Station,-2.2,-12.0,60,45.1,78.1,3.0,981.9
2024-12-04T09:00,Maitri Station,-2.0,-11.6,60,43.8,75.2,0.0,982.2
2024-12-04T10:00,Maitri Station,-1.9,-11.3,61,42.7,73.4,0.0,982.2
2024-12-04T11:00,Maitri Station,-1.8,-11.0,63,42.4,71.6,11.0,982.1
2024-12-04T12:00,Maitri Station,-1.6,-10.6,65,41.2,71.3,15.0,982.2
2024-12-04T13:00,Maitri Station,-2.0,-11.0,64,40.4,72.7,29.0,982.4
2024-12-04T14:00,Maitri Station,-1.9,-10.4,63,37.1,67.7,20.0,982.6
2024-12-04T15:00,Maitri Station,-1.9,-9.9,62,33.3,62.3,4.0,982.6
2024-12-04T16:00,Maitri Station,-2.0,-9.5,63,30.1,56.5,8.0,982.7
2024-12-04T17:00,Maitri Station,-2.0,-9.1,63,27.2,51.1,6.0,982.5
2024-12-04T18:00,Maitri Station,-2.1,-8.8,62,24.7,46.8,0.0,982.6
2024-12-04T19:00,Maitri Station,-2.4,-8.7,62,22.1,42.5,5.0,982.8
2024-12-04T20:00,Maitri Station,-2.6,-8.7,62,20.4,38.5,6.0,982.9
2024-12-04T21:00,Maitri Station,-3.1,-9.2,62,19.6,35.3,13.0,982.8
2024-12-04T22:00,Maitri Station,-3.5,-9.5,61,19.3,33.8,7.0,983.0
2024-12-04T23:00,Maitri Station,-4.4,-10.5,60,18.8,33.1,9.0,983.1
2024-12-05T00:00,Maitri Station,-5.2,-11.3,59,18.1,31.7,13.0,983.3
2024-12-05T01:00,Maitri Station,-5.9,-11.4,58,14.3,23.8,30.0,982.9
2024-12-05T02:00,Maitri Station,-5.7,-11.4,56,15.6,24.8,58.0,982.8
2024-12-05T03:00,Maitri Station,-5.2,-11.1,56,17.1,28.1,106.0,982.8
2024-12-05T04:00,Maitri Station,-4.5,-10.5,56,17.6,29.5,174.0,982.8
2024-12-05T05:00,Maitri Station,-3.9,-9.8,56,17.4,30.2,256.0,982.6
2024-12-05T06:00,Maitri Station,-3.3,-9.0,57,16.9,30.2,349.0,982.8
2024-12-05T07:00,Maitri Station,-2.8,-8.2,60,14.7,29.5,440.0,983.2
2024-12-05T08:00,Maitri Station,-2.5,-6.9,64,11.8,25.9,524.0,983.4
2024-12-05T09:00,Maitri Station,-2.2,-5.8,67,10.4,22.0,594.0,983.4
2024-12-05T10:00,Maitri Station,-1.9,-4.8,68,8.7,19.8,644.0,983.3
2024-12-05T11:00,Maitri Station,-1.7,-4.0,68,6.3,17.3,672.0,983.1
2024-12-05T12:00,Maitri Station,-1.6,-3.4,68,4.0,13.7,674.0,982.8
2024-12-05T13:00,Maitri Station,-1.5,-3.7,65,4.4,11.2,651.0,981.9
2024-12-05T14:00,Maitri Station,-1.5,-3.6,71,2.6,10.8,603.0,981.6
2024-12-05T15:00,Maitri Station,-1.8,-4.1,67,0.3,8.6,536.0,981.4
2024-12-05T16:00,Maitri Station,-2.3,-5.8,67,3.4,7.6,453.0,981.3
2024-12-05T17:00,Maitri Station,-2.9,-7.0,64,6.9,11.2,363.0,980.7
2024-12-05T18:00,Maitri Station,-3.5,-8.2,57,9.7,14.8,273.0,980.5
2024-12-05T19:00,Maitri Station,-3.6,-8.1,49,6.7,14.8,190.0,980.3
2024-12-05T20:00,Maitri Station,-4.0,-7.8,45,1.9,10.1,115.0,980.1
2024-12-05T21:00,Maitri Station,-4.8,-8.9,46,4.1,6.8,40.0,980.2
2024-12-05T22:00,Maitri Station,-5.7,-10.9,51,11.0,15.8,7.0,980.1
2024-12-05T23:00,Maitri Station,-5.8,-11.3,52,13.1,20.5,1.0,979.9
2024-12-06T00:00,Maitri Station,-5.8,-10.9,49,10.6,20.5,0.0,980.0
2024-12-06T01:00,Maitri Station,-4.9,-9.4,43,6.2,15.1,3.0,979.8
2024-12-06T02:00,Maitri Station,-5.4,-9.7,45,4.5,11.2,13.0,980.0
2024-12-06T03:00,Maitri Station,-5.8,-10.0,47,4.0,8.6,44.0,979.8
2024-12-06T04:00,Maitri Station,-5.6,-10.0,46,6.0,11.2,147.0,979.7
2024-12-06T05:00,Maitri Station,-4.7,-9.3,46,7.2,13.3,179.0,979.5
2024-12-06T06:00,Maitri Station,-3.8,-8.6,49,9.2,17.3,242.0,979.6
2024-12-06T07:00,Maitri Station,-2.7,-7.8,52,12.2,21.6,338.0,979.7
2024-12-06T08:00,Maitri Station,-1.6,-7.3,54,19.1,32.0,438.0,979.9
2024-12-06T09:00,Maitri Station,-1.2,-6.8,57,21.6,36.4,480.0,980.1
2024-12-06T10:00,Maitri Station,-1.1,-6.1,60,20.6,36.4,485.0,980.2
2024-12-06T11:00,Maitri Station,-1.0,-5.8,61,20.0,34.6,531.0,980.5
2024-12-06T12:00,Maitri Station,-1.0,-5.4,60,17.9,33.8,631.0,980.7
2024-12-06T13:00,Maitri Station,-0.7,-3.6,62,8.0,24.1,529.0,979.9
2024-12-06T14:00,Maitri Station,-0.4,-4.1,57,10.0,17.3,433.0,979.7
2024-12-06T15:00,Maitri Station,-0.7,-5.6,57,15.7,25.6,442.0,979.9
2024-12-06T16:00,Maitri Station,-2.0,-8.0,62,20.4,34.2,413.0,980.0
2024-12-06T17:00,Maitri Station,-2.8,-9.2,57,21.4,35.3,358.0,979.9
2024-12-06T18:00,Maitri Station,-3.3,-9.8,53,21.6,36.0,229.0,980.3
2024-12-06T19:00,Maitri Station,-3.5,-10.1,49,21.2,35.3,166.0,980.3
2024-12-06T20:00,Maitri Station,-3.8,-10.3,46,20.5,33.5,112.0,980.1
2024-12-06T21:00,Maitri Station,-3.9,-10.6,43,21.3,33.5,67.0,980.3
2024-12-06T22:00,Maitri Station,-3.5,-10.4,47,23.8,38.5,35.0,980.5
2024-12-06T23:00,Maitri Station,-3.7,-11.0,48,26.6,45.0,21.0,980.6
2024-12-07T00:00,Maitri Station,-3.4,-11.7,46,33.2,55.1,20.0,980.8
2024-12-07T01:00,Maitri Station,-3.3,-11.2,45,30.1,55.4,33.0,980.2
2024-12-07T02:00,Maitri Station,-4.4,-10.8,46,19.7,50.4,62.0,980.0
2024-12-07T03:00,Maitri Station,-4.5,-10.8,45,18.5,33.5,112.0,979.6
2024-12-07T04:00,Maitri Station,-2.3,-10.6,39,32.8,55.1,181.0,979.8
2024-12-07T05:00,Maitri Station,-2.2,-11.8,43,42.2,69.8,264.0,980.5
2024-12-07T06:00,Maitri Station,-3.1,-13.0,52,44.9,77.4,355.0,982.1
2024-12-07T07:00,Maitri Station,-3.0,-11.3,55,34.4,73.8,443.0,982.4
2024-12-07T08:00,Maitri Station,-2.4,-9.5,53,28.6,56.9,514.0,982.3
2024-12-07T09:00,Maitri Station,-2.0,-8.5,54,27.6,47.5,595.0,982.8
2024-12-07T10:00,Maitri Station,-2.5,-8.2,62,25.0,46.4,647.0,983.7
2024-12-07T11:00,Maitri Station,-2.7,-8.6,61,26.6,45.0,676.0,983.9
2024-12-07T12:00,Maitri Station,-2.5,-9.4,61,32.9,54.7,679.0,984.1
2024-12-07T13:00,Maitri Station,-2.8,-9.8,57,32.2,55.8,655.0,983.5
2024-12-07T14:00,Maitri Station,-2.9,-10.3,57,33.2,56.2,609.0,983.6
2024-12-07T15:00,Maitri Station,-3.1,-10.9,57,34.1,58.0,542.0,983.8
2024-12-07T16:00,Maitri Station,-3.4,-11.6,58,34.4,58.7,460.0,984.0
2024-12-07T17:00,Maitri Station,-3.5,-11.9,58,34.6,59.0,369.0,984.1
2024-12-07T18:00,Maitri Station,-3.7,-12.3,56,36.2,61.6,277.0,984.3
2024-12-07T19:00,Maitri Station,-4.0,-12.8,55,37.6,64.4,193.0,984.6
2024-12-07T20:00,Maitri Station,-4.1,-13.1,54,38.2,65.5,122.0,984.8
2024-12-07T21:00,Maitri Station,-4.2,-13.4,51,39.6,67.7,70.0,984.8
2024-12-07T22:00,Maitri Station,-4.2,-13.6,50,40.8,69.5,38.0,985.0
2024-12-07T23:00,Maitri Station,-4.4,-13.9,50,41.2,70.2,23.0,985.3
2024-12-08T00:00,Maitri Station,-4.6,-14.1,51,41.4,70.6,22.0,985.6
2024-12-08T01:00,Maitri Station,-4.5,-13.7,52,39.3,67.3,34.0,985.9
2024-12-08T02:00,Maitri Station,-4.8,-13.7,54,37.5,67.3,61.0,986.0
2024-12-08T03:00,Maitri Station,-4.6,-13.6,53,38.3,65.2,110.0,985.9
2024-12-08T04:00,Maitri Station,-4.2,-13.5,53,40.4,68.8,179.0,985.8
2024-12-08T05:00,Maitri Station,-4.0,-13.4,54,40.9,70.2,261.0,985.7
2024-12-08T06:00,Maitri Station,-3.8,-12.9,55,39.0,69.5,351.0,985.9
2024-12-08T07:00,Maitri Station,-3.5,-12.5,55,38.4,66.6,441.0,985.7
2024-12-08T08:00,Maitri Station,-3.4,-11.9,56,38.0,65.5,526.0,985.8
2024-12-08T09:00,Maitri Station,-3.5,-11.4,58,36.5,65.2,596.0,985.7
2024-12-08T10:00,Maitri Station,-3.4,-10.7,59,34.5,62.3,647.0,985.6
2024-12-08T11:00,Maitri Station,-3.3,-10.3,60,33.2,59.0,675.0,985.2
2024-12-08T12:00,Maitri Station,-3.2,-9.9,60,31.4,56.9,678.0,984.8
2024-12-08T13:00,Maitri Station,-3.0,-10.1,60,33.4,58.3,652.0,983.9
2024-12-08T14:00,Maitri Station,-2.7,-10.0,59,32.9,57.2,605.0,983.6
2024-12-08T15:00,Maitri Station,-2.7,-10.2,59,32.5,56.2,538.0,983.0
2024-12-08T16:00,Maitri Station,-2.8,-10.6,59,31.5,55.4,456.0,982.6
2024-12-08T17:00,Maitri Station,-3.0,-10.6,59,29.5,54.0,367.0,982.5
2024-12-08T18:00,Maitri Station,-3.5,-10.8,60,27.9,51.1,273.0,982.3
2024-12-08T19:00,Maitri Station,-4.0,-11.4,60,27.8,48.6,193.0,982.4
2024-12-08T20:00,Maitri Station,-4.5,-12.1,60,28.7,49.7,121.0,982.3
2024-12-08T21:00,Maitri Station,-4.8,-12.6,58,30.1,51.8,69.0,982.2
2024-12-08T22:00,Maitri Station,-5.0,-13.1,57,32.1,55.1,36.0,982.1
2024-12-08T23:00,Maitri Station,-5.2,-13.5,56,33.4,57.2,23.0,982.1
2024-12-09T00:00,Maitri Station,-5.3,-13.8,56,34.4,58.7,21.0,982.0
2024-12-09T01:00,Maitri Station,-4.9,-13.8,54,37.3,63.0,34.0,980.9
2024-12-09T02:00,Maitri Station,-4.5,-13.7,52,39.5,66.6,63.0,980.6
2024-12-09T03:00,Maitri Station,-4.2,-13.7,52,41.4,69.5,112.0,980.2
2024-12-09T04:00,Maitri Station,-3.9,-13.5,53,42.5,71.6,176.0,980.2
2024-12-09T05:00,Maitri Station,-3.6,-13.3,53,43.7,73.4,254.0,980.1
2024-12-09T06:00,Maitri Station,-3.2,-13.1,54,44.6,74.9,344.0,980.1
2024-12-09T07:00,Maitri Station,-2.9,-12.7,55,44.1,74.5,438.0,979.9
2024-12-09T08:00,Maitri Station,-2.6,-12.0,55,44.4,74.2,524.0,979.6
2024-12-09T09:00,Maitri Station,-2.3,-11.4,56,44.2,74.2,593.0,979.2
2024-12-09T10:00,Maitri Station,-2.1,-10.7,57,42.6,73.8,633.0,979.2
2024-12-09T11:00,Maitri Station,-1.8,-10.3,58,42.7,71.6,647.0,978.7
2024-12-09T12:00,Maitri Station,-1.6,-10.0,60,42.6,71.3,643.0,978.5
2024-12-09T13:00,Maitri Station,-1.2,-9.7,62,42.8,72.4,568.0,977.4
2024-12-09T14:00,Maitri Station,-1.1,-9.7,63,41.6,71.3,392.0,977.2
2024-12-09T15:00,Maitri Station,-1.1,-9.7,61,39.6,69.5,377.0,976.9
2024-12-09T16:00,Maitri Station,-1.3,-10.0,59,38.4,66.2,350.0,976.6
2024-12-09T17:00,Maitri Station,-1.6,-10.3,60,38.4,64.8,178.0,976.7
2024-12-09T18:00,Maitri Station,-1.9,-10.6,61,38.0,64.4,103.0,976.4
2024-12-09T19:00,Maitri Station,-2.0,-10.7,61,38.4,64.8,24.0,976.4
2024-12-09T20:00,Maitri Station,-2.1,-10.9,61,38.5,64.8,16.0,976.4
2024-12-09T21:00,Maitri Station,-2.2,-11.0,62,39.0,65.5,2.0,976.5
2024-12-09T22:00,Maitri Station,-2.3,-11.1,64,39.1,65.9,1.0,976.6
2024-12-09T23:00,Maitri Station,-2.4,-11.2,66,38.8,65.9,2.0,976.6
2024-12-10T00:00,Maitri Station,-2.4,-11.0,66,37.9,65.2,2.0,976.9
2024-12-10T01:00,Maitri Station,-2.4,-10.9,67,37.2,64.4,1.0,976.5
2024-12-10T02:00,Maitri Station,-2.3,-10.5,67,35.8,62.6,4.0,976.4
2024-12-10T03:00,Maitri Station,-2.3,-10.4,66,34.4,60.5,0.0,976.5
2024-12-10T04:00,Maitri Station,-2.1,-10.1,66,33.7,58.3,0.0,976.4
2024-12-10T05:00,Maitri Station,-1.8,-9.7,67,33.7,57.2,5.0,976.4
2024-12-10T06:00,Maitri Station,-1.6,-9.4,68,33.1,57.2,5.0,976.6
2024-12-10T07:00,Maitri Station,-1.3,-9.0,69,32.8,56.2,20.0,976.8
2024-12-10T08:00,Maitri Station,-1.0,-8.6,69,32.2,55.4,67.0,977.0
2024-12-10T09:00,Maitri Station,-0.8,-7.9,69,30.1,54.0,128.0,977.1
2024-12-10T10:00,Maitri Station,-0.5,-6.9,69,29.1,51.1,337.0,977.2
2024-12-10T11:00,Maitri Station,-0.4,-6.3,69,27.6,49.3,478.0,977.0
2024-12-10T12:00,Maitri Station,-0.3,-6.0,70,26.9,46.8,495.0,977.0
2024-12-10T13:00,Maitri Station,0.1,-5.3,70,24.7,45.7,563.0,976.9
2024-12-10T14:00,Maitri Station,0.2,-4.9,70,21.7,41.8,509.0,976.9
2024-12-10T15:00,Maitri Station,0.3,-5.1,70,20.3,37.4,414.0,976.9
2024-12-10T16:00,Maitri Station,0.1,-5.5,70,19.5,35.3,349.0,976.8
2024-12-10T17:00,Maitri Station,-0.4,-5.6,72,16.7,33.8,305.0,977.1
2024-12-10T18:00,Maitri Station,-1.2,-6.1,75,14.1,29.2,224.0,977.5
2024-12-10T19:00,Maitri Station,-2.1,-7.1,76,14.7,25.6,165.0,977.9
2024-12-10T20:00,Maitri Station,-2.5,-7.8,77,16.7,28.8,87.0,978.6
2024-12-10T21:00,Maitri Station,-2.0,-7.7,79,20.0,33.8,23.0,979.3
2024-12-10T22:00,Maitri Station,-2.5,-8.5,76,21.6,36.0,20.0,979.5
2024-12-10T23:00,Maitri Station,-2.3,-8.5,74,22.4,37.4,11.0,979.8
2024-12-11T00:00,Maitri Station,-1.7,-7.7,75,21.6,37.4,3.0,980.2
2024-12-11T01:00,Maitri Station,-1.6,-7.9,77,23.8,40.3,9.0,980.3
2024-12-11T02:00,Maitri Station,-1.4,-7.8,76,24.8,42.1,14.0,980.7
2024-12-11T03:00,Maitri Station,-0.9,-7.3,78,25.5,43.2,0.0,981.1
2024-12-11T04:00,Maitri Station,-0.6,-7.1,80,26.5,45.0,0.0,981.4
2024-12-11T05:00,Maitri Station,-0.6,-7.1,83,27.4,46.1,0.0,981.7
2024-12-11T06:00,Maitri Station,-0.4,-7.0,84,28.0,47.5,0.0,982.3
2024-12-11T07:00,Maitri Station,-0.2,-6.7,84,27.4,47.5,0.0,982.9
2024-12-11T08:00,Maitri Station,0.0,-6.1,85,25.5,46.1,3.0,983.7
2024-12-11T09:00,Maitri Station,0.1,-5.7,87,23.8,43.2,0.0,984.3
2024-12-11T10:00,Maitri Station,0.5,-5.1,87,22.2,40.0,0.0,984.8
2024-12-11T11:00,Maitri Station,0.6,-4.7,86,20.2,37.4,0.0,985.0
2024-12-11T12:00,Maitri Station,0.8,-4.3,84,19.2,34.6,0.0,985.2
2024-12-11T13:00,Maitri Station,0.9,-3.7,84,15.9,32.4,0.0,984.9
2024-12-11T14:00,Maitri Station,1.1,-3.1,83,13.6,27.0,274.0,985.0
2024-12-11T15:00,Maitri Station,1.2,-2.7,83,11.5,23.4,257.0,984.9
2024-12-11T16:00,Maitri Station,1.0,-2.6,85,9.2,20.2,341.0,985.2
2024-12-11T17:00,Maitri Station,0.3,-3.2,87,7.7,16.6,296.0,985.3
2024-12-11T18:00,Maitri Station,-0.3,-3.8,87,6.9,14.0,197.0,985.6
2024-12-11T19:00,Maitri Station,-1.1,-5.0,84,9.0,14.0,154.0,985.8
2024-12-11T20:00,Maitri Station,-1.6,-5.9,79,10.2,15.8,89.0,985.7
2024-12-11T21:00,Maitri Station,-2.3,-6.9,75,11.8,18.0,57.0,985.5
2024-12-11T22:00,Maitri Station,-2.5,-7.5,73,14.0,21.6,34.0,985.5
2024-12-11T23:00,Maitri Station,-2.7,-8.1,70,15.9,24.8,21.0,985.5
2024-12-12T00:00,Maitri Station,-2.7,-8.2,67,16.9,27.0,20.0,985.4
2024-12-12T01:00,Maitri Station,-2.5,-7.4,66,12.8,22.7,31.0,985.0
2024-12-12T02:00,Maitri Station,-2.5,-7.2,65,11.4,20.5,58.0,985.0
2024-12-12T03:00,Maitri Station,-3.2,-8.3,65,13.4,19.4,105.0,984.6
2024-12-12T04:00,Maitri Station,-2.1,-7.2,62,13.6,22.0,171.0,984.6
2024-12-12T05:00,Maitri Station,-1.6,-6.4,62,11.9,22.0,243.0,984.4
2024-12-12T06:00,Maitri Station,-1.2,-5.2,61,6.3,18.7,281.0,984.3
2024-12-12T07:00,Maitri Station,-0.6,-4.3,60,4.1,11.2,328.0,984.6
2024-12-12T08:00,Maitri Station,0.2,-3.2,61,5.4,11.2,390.0,984.8
2024-12-12T09:00,Maitri Station,0.7,-2.7,57,8.5,15.5,457.0,984.7
2024-12-12T10:00,Maitri Station,0.8,-2.0,62,8.0,16.2,540.0,984.5
2024-12-12T11:00,Maitri Station,0.9,-1.3,61,5.2,14.8,538.0,984.0
2024-12-12T12:00,Maitri Station,0.4,-1.1,71,2.6,10.4,541.0,983.7
2024-12-12T13:00,Maitri Station,0.7,-0.9,61,1.3,5.0,554.0,983.0
2024-12-12T14:00,Maitri Station,0.8,-1.3,64,2.7,5.4,579.0,983.0
2024-12-12T15:00,Maitri Station,0.7,-1.7,74,3.3,5.4,519.0,982.5
2024-12-12T16:00,Maitri Station,0.4,-2.8,72,3.8,5.4,398.0,982.1
2024-12-12T17:00,Maitri Station,-0.1,-3.4,70,3.6,4.7,273.0,981.6
2024-12-12T18:00,Maitri Station,-0.5,-3.9,66,3.0,4.3,190.0,981.4
2024-12-12T19:00,Maitri Station,-1.2,-4.6,63,2.7,4.0,96.0,981.4
2024-12-12T20:00,Maitri Station,-1.5,-4.9,57,2.1,4.3,30.0,981.0
2024-12-12T21:00,Maitri Station,-1.8,-5.2,54,1.1,3.2,14.0,980.8
2024-12-12T22:00,Maitri Station,-2.4,-5.8,56,0.9,1.8,2.0,980.9
2024-12-12T23:00,Maitri Station,-3.0,-6.4,61,1.5,1.8,1.0,980.9
2024-12-13T00:00,Maitri Station,-3.5,-7.2,65,3.5,5.0,3.0,980.8
2024-12-13T01:00,Maitri Station,-2.4,-6.5,53,5.6,7.6,3.0,980.4
2024-12-13T02:00,Maitri Station,-2.7,-7.0,51,6.7,9.0,6.0,980.3
2024-12-13T03:00,Maitri Station,-2.4,-6.6,53,6.6,9.4,15.0,980.1
2024-12-13T04:00,Maitri Station,-2.3,-6.5,55,6.5,9.4,35.0,979.9
2024-12-13T05:00,Maitri Station,-2.0,-6.1,58,6.5,8.6,70.0,980.1
2024-12-13T06:00,Maitri Station,-1.1,-5.1,59,5.9,8.6,122.0,980.3
2024-12-13T07:00,Maitri Station,-0.1,-3.6,58,2.8,7.2,174.0,980.7
2024-12-13T08:00,Maitri Station,0.2,-3.2,43,0.4,4.0,176.0,981.1
2024-12-13T09:00,Maitri Station,0.4,-2.6,49,2.1,4.7,179.0,981.4
2024-12-13T10:00,Maitri Station,0.7,-1.8,66,3.9,8.3,180.0,981.6
2024-12-13T11:00,Maitri Station,1.3,-2.3,62,11.0,18.4,147.0,981.7
2024-12-13T12:00,Maitri Station,1.3,-2.8,69,15.5,26.3,206.0,982.2
2024-12-13T13:00,Maitri Station,1.1,-2.7,71,14.5,24.5,266.0,982.2
2024-12-13T14:00,Maitri Station,1.0,-3.0,74,14.1,24.8,316.0,982.8
2024-12-13T15:00,Maitri Station,0.8,-3.5,75,14.0,24.1,256.0,983.0
2024-12-13T16:00,Maitri Station,0.7,-3.8,77,13.6,24.1,196.0,983.2
2024-12-13T17:00,Maitri Station,0.4,-4.1,79,13.2,23.4,162.0,983.4
2024-12-13T18:00,Maitri Station,-0.2,-4.7,79,13.1,23.0,72.0,983.8
2024-12-13T19:00,Maitri Station,-0.8,-5.3,79,12.7,22.3,28.0,984.0
2024-12-13T20:00,Maitri Station,-1.1,-5.7,76,12.8,21.6,15.0,984.5
2024-12-13T21:00,Maitri Station,-1.7,-6.5,72,13.3,22.0,5.0,984.7
2024-12-13T22:00,Maitri Station,-2.0,-7.1,68,13.9,22.7,2.0,985.0
2024-12-13T23:00,Maitri Station,-2.3,-7.4,66,14.3,23.0,1.0,985.2
2024-12-14T00:00,Maitri Station,-2.5,-7.7,64,14.3,23.0,1.0,985.2
2024-12-14T01:00,Maitri Station,-3.0,-7.9,65,12.2,22.7,5.0,985.4
2024-12-14T02:00,Maitri Station,-3.2,-8.0,66,11.6,20.2,8.0,985.7
2024-12-14T03:00,Maitri Station,-3.2,-8.2,65,12.7,21.6,67.0,985.7
2024-12-14T04:00,Maitri Station,-2.9,-7.9,65,12.7,22.3,108.0,985.6
2024-12-14T05:00,Maitri Station,-2.7,-7.6,66,12.2,22.3,186.0,986.0
2024-12-14T06:00,Maitri Station,-2.2,-7.1,66,13.0,23.0,292.0,986.5
2024-12-14T07:00,Maitri Station,-1.9,-6.7,68,12.5,23.0,354.0,986.8
2024-12-14T08:00,Maitri Station,-1.5,-5.6,70,10.7,22.0,467.0,987.4
2024-12-14T09:00,Maitri Station,-1.4,-4.8,70,9.7,19.4,549.0,987.7
2024-12-14T10:00,Maitri Station,-1.2,-4.4,68,10.8,19.1,617.0,987.8
2024-12-14T11:00,Maitri Station,-0.9,-4.2,65,12.1,21.6,655.0,987.8
2024-12-14T12:00,Maitri Station,-0.7,-4.0,66,12.4,22.3,659.0,987.7
2024-12-14T13:00,Maitri Station,-0.6,-3.7,68,10.3,19.4,637.0,987.3
2024-12-14T14:00,Maitri Station,-0.6,-3.8,72,9.5,19.1,591.0,987.3
2024-12-14T15:00,Maitri Station,-0.8,-4.5,75,10.0,18.4,506.0,987.1
2024-12-14T16:00,Maitri Station,-1.4,-5.2,80,7.7,18.4,422.0,987.1
2024-12-14T17:00,Maitri Station,-2.2,-5.6,83,4.7,14.8,358.0,986.8
2024-12-14T18:00,Maitri Station,-2.8,-6.1,83,3.6,10.4,265.0,986.9
2024-12-14T19:00,Maitri Station,-3.3,-6.5,83,2.3,8.6,181.0,986.8
2024-12-14T20:00,Maitri Station,-3.9,-7.2,83,2.2,6.5,104.0,986.5
2024-12-14T21:00,Maitri Station,-4.4,-7.9,81,3.5,6.5,60.0,986.4
2024-12-14T22:00,Maitri Station,-4.8,-8.5,78,4.1,6.8,29.0,986.0
2024-12-14T23:00,Maitri Station,-5.0,-8.5,76,2.5,6.8,12.0,985.6
2024-12-15T00:00,Maitri Station,-5.4,-8.7,77,1.3,4.7,11.0,985.2
2024-12-15T01:00,Maitri Station,-5.3,-9.0,76,3.4,5.4,20.0,984.7
2024-12-15T02:00,Maitri Station,-5.0,-8.3,76,1.3,5.4,33.0,984.4
2024-12-15T03:00,Maitri Station,-5.0,-8.3,77,1.5,2.5,53.0,984.0
2024-12-15T04:00,Maitri Station,-5.0,-8.6,81,3.6,5.0,66.0,983.4
2024-12-15T05:00,Maitri Station,-5.3,-8.8,84,3.1,6.1,108.0,982.9
2024-12-15T06:00,Maitri Station,-5.0,-8.5,87,3.5,7.2,147.0,982.4
2024-12-15T07:00,Maitri Station,-4.8,-8.4,87,4.9,9.4,189.0,982.3
2024-12-15T08:00,Maitri Station,-4.7,-8.4,88,5.3,10.1,206.0,982.3
2024-12-15T09:00,Maitri Station,-4.1,-7.3,88,5.7,11.2,268.0,982.0
2024-12-15T10:00,Maitri Station,-4.0,-6.9,90,7.1,13.3,290.0,981.6
2024-12-15T11:00,Maitri Station,-4.0,-6.8,92,7.2,13.7,331.0,981.2
2024-12-15T12:00,Maitri Station,-3.6,-6.2,92,6.9,13.7,372.0,980.7
2024-12-15T13:00,Maitri Station,-2.3,-4.9,88,8.1,16.2,564.0,979.6
2024-12-15T14:00,Maitri Station,-1.8,-4.7,85,9.3,14.4,601.0,979.4
2024-12-15T15:00,Maitri Station,-1.4,-4.9,87,10.3,16.2,535.0,979.0
2024-12-15T16:00,Maitri Station,-1.8,-4.9,90,4.7,15.5,454.0,978.7
2024-12-15T17:00,Maitri Station,-1.8,-4.8,87,2.3,6.8,369.0,978.6
2024-12-15T18:00,Maitri Station,-1.9,-5.5,77,4.9,7.6,263.0,978.9
2024-12-15T19:00,Maitri Station,-2.2,-6.3,69,7.1,10.8,146.0,979.1
2024-12-15T20:00,Maitri Station,-2.5,-7.3,58,11.0,16.6,90.0,979.6
2024-12-15T21:00,Maitri Station,-2.9,-8.0,51,11.7,19.1,60.0,980.1
2024-12-15T22:00,Maitri Station,-4.0,-9.1,52,11.5,19.1,37.0,980.2
2024-12-15T23:00,Maitri Station,-4.6,-10.0,48,12.6,21.2,26.0,980.7
2024-12-16T00:00,Maitri Station,-5.1,-10.7,47,13.5,22.0,26.0,980.7
2024-12-16T01:00,Maitri Station,-3.1,-9.8,43,21.8,36.4,40.0,980.6
2024-12-16T02:00,Maitri Station,-3.0,-9.8,42,22.9,39.2,69.0,981.0
2024-12-16T03:00,Maitri Station,-2.9,-9.8,42,23.4,40.0,119.0,981.5
2024-12-16T04:00,Maitri Station,-2.7,-9.5,43,22.8,40.3,187.0,981.7
2024-12-16T05:00,Maitri Station,-2.5,-8.9,44,20.5,38.9,271.0,981.8
2024-12-16T06:00,Maitri Station,-2.3,-8.2,47,16.8,35.3,362.0,982.3
2024-12-16T07:00,Maitri Station,-2.1,-7.4,51,14.3,29.9,454.0,982.9
2024-12-16T08:00,Maitri Station,-1.8,-6.3,54,13.0,25.6,538.0,983.4
2024-12-16T09:00,Maitri Station,-1.8,-5.8,61,12.7,24.1,607.0,983.8
2024-12-16T10:00,Maitri Station,-2.1,-5.3,66,10.4,23.4,658.0,984.1
2024-12-16T11:00,Maitri Station,-2.4,-4.9,65,7.3,19.8,687.0,984.0
2024-12-16T12:00,Maitri Station,-2.4,-4.6,66,5.9,15.8,690.0,984.0
2024-12-16T13:00,Maitri Station,-3.0,-4.7,65,1.7,8.6,667.0,983.9
2024-12-16T14:00,Maitri Station,-2.9,-5.2,65,2.8,8.6,623.0,984.0
2024-12-16T15:00,Maitri Station,-3.3,-6.1,74,4.0,9.7,548.0,983.9
2024-12-16T16:00,Maitri Station,-3.9,-7.4,75,4.3,10.1,440.0,983.9
2024-12-16T17:00,Maitri Station,-4.5,-8.4,72,5.0,10.4,345.0,983.9
2024-12-16T18:00,Maitri Station,-5.3,-9.7,72,8.0,14.4,278.0,984.3
2024-12-16T19:00,Maitri Station,-6.0,-11.0,70,11.2,19.1,194.0,984.4
2024-12-16T20:00,Maitri Station,-6.5,-11.6,68,12.1,20.5,113.0,984.6
2024-12-16T21:00,Maitri Station,-6.7,-12.1,65,13.8,22.7,59.0,984.8
2024-12-16T22:00,Maitri Station,-6.7,-12.6,61,16.6,26.6,41.0,984.7
2024-12-16T23:00,Maitri Station,-6.9,-12.8,58,16.6,27.4,29.0,984.7
2024-12-17T00:00,Maitri Station,-7.3,-12.9,57,13.6,26.6,27.0,984.5
2024-12-17T01:00,Maitri Station,-6.8,-10.7,62,3.2,11.2,37.0,985.1
2024-12-17T02:00,Maitri Station,-6.7,-10.5,61,2.0,7.2,66.0,985.0
2024-12-17T03:00,Maitri Station,-6.8,-10.8,61,3.5,7.6,115.0,984.7
2024-12-17T04:00,Maitri Station,-6.9,-11.1,61,4.7,9.0,184.0,984.3
2024-12-17T05:00,Maitri Station,-6.2,-10.7,56,6.6,11.5,267.0,983.9
2024-12-17T06:00,Maitri Station,-5.3,-9.7,54,6.4,12.6,359.0,984.0
2024-12-17T07:00,Maitri Station,-4.7,-8.6,55,3.7,12.2,453.0,984.0
2024-12-17T08:00,Maitri Station,-4.0,-6.9,56,1.7,9.0,538.0,984.1
2024-12-17T09:00,Maitri Station,-3.2,-5.5,42,0.2,6.8,609.0,984.0
2024-12-17T10:00,Maitri Station,-3.0,-5.2,48,2.3,7.9,660.0,984.0
2024-12-17T11:00,Maitri Station,-2.9,-5.4,62,6.4,13.3,689.0,983.8
2024-12-17T12:00,Maitri Station,-2.9,-5.4,63,7.3,15.1,693.0,983.6
2024-12-17T13:00,Maitri Station,-2.8,-4.5,68,2.7,9.0,671.0,982.5
2024-12-17T14:00,Maitri Station,-3.1,-5.3,79,3.9,6.8,625.0,982.3
2024-12-17T15:00,Maitri Station,-3.6,-6.5,84,5.2,6.5,558.0,982.1
2024-12-17T16:00,Maitri Station,-4.4,-7.7,85,4.1,6.5,477.0,981.7
2024-12-17T17:00,Maitri Station,-5.1,-8.4,86,2.6,5.4,387.0,981.5
2024-12-17T18:00,Maitri Station,-5.8,-9.3,80,2.4,4.7,296.0,981.5
2024-12-17T19:00,Maitri Station,-6.6,-10.3,78,3.7,6.1,209.0,981.5
2024-12-17T20:00,Maitri Station,-6.9,-10.8,76,4.6,7.2,136.0,981.5
2024-12-17T21:00,Maitri Station,-7.2,-11.2,75,4.5,7.6,81.0,981.3
2024-12-17T22:00,Maitri Station,-7.1,-11.1,69,4.7,7.6,46.0,981.2
2024-12-17T23:00,Maitri Station,-7.1,-11.4,60,5.2,7.9,30.0,981.2
2024-12-18T00:00,Maitri Station,-7.2,-11.7,50,5.9,9.0,27.0,981.1
2024-12-18T01:00,Maitri Station,-6.3,-10.8,42,5.5,14.4,40.0,981.0
2024-12-18T02:00,Maitri Station,-6.6,-11.3,42,6.4,11.2,69.0,981.1
2024-12-18T03:00,Maitri Station,-6.6,-11.2,44,6.4,11.2,118.0,981.2
2024-12-18T04:00,Maitri Station,-6.5,-10.9,46,5.6,10.4,186.0,981.0
2024-12-18T05:00,Maitri Station,-5.7,-9.8,45,3.8,9.4,269.0,980.6
2024-12-18T06:00,Maitri Station,-4.6,-8.5,42,1.9,7.6,360.0,980.7
2024-12-18T07:00,Maitri Station,-4.0,-7.7,41,1.3,5.0,451.0,980.8
2024-12-18T08:00,Maitri Station,-3.8,-7.2,46,4.0,5.8,537.0,980.9
2024-12-18T09:00,Maitri Station,-3.7,-6.8,52,5.6,8.6,609.0,981.2
2024-12-18T10:00,Maitri Station,-3.9,-6.8,54,7.2,11.5,659.0,981.1
2024-12-18T11:00,Maitri Station,-4.0,-6.7,62,7.7,13.0,685.0,981.0
2024-12-18T12:00,Maitri Station,-4.1,-6.6,73,7.8,14.0,693.0,980.9
2024-12-18T13:00,Maitri Station,-4.6,-7.6,76,9.9,18.0,664.0,980.0
2024-12-18T14:00,Maitri Station,-4.3,-7.3,80,8.1,16.9,607.0,979.7
2024-12-18T15:00,Maitri Station,-4.3,-7.5,82,7.0,14.0,537.0,979.3
2024-12-18T16:00,Maitri Station,-4.8,-8.1,86,4.0,11.5,466.0,978.8
2024-12-18T17:00,Maitri Station,-5.2,-8.6,87,2.7,7.2,379.0,978.5
2024-12-18T18:00,Maitri Station,-5.2,-9.0,89,5.6,6.5,177.0,978.2
2024-12-18T19:00,Maitri Station,-6.1,-9.9,90,5.2,7.6,119.0,978.0
2024-12-18T20:00,Maitri Station,-6.3,-10.1,88,5.0,7.2,72.0,977.8
2024-12-18T21:00,Maitri Station,-6.2,-10.2,83,5.9,9.0,31.0,977.7
2024-12-18T22:00,Maitri Station,-6.2,-10.2,81,6.0,9.7,15.0,977.6
2024-12-18T23:00,Maitri Station,-6.8,-10.6,83,4.6,9.7,9.0,977.8
2024-12-19T00:00,Maitri Station,-7.4,-11.0,84,3.1,7.6,10.0,978.0
2024-12-19T01:00,Maitri Station,-6.1,-10.4,86,8.7,13.7,4.0,977.8
2024-12-19T02:00,Maitri Station,-6.8,-10.7,82,5.3,13.7,11.0,977.6
2024-12-19T03:00,Maitri Station,-6.6,-10.7,75,6.2,11.2,70.0,977.3
2024-12-19T04:00,Maitri Station,-6.6,-10.8,68,5.4,11.2,124.0,976.9
2024-12-19T05:00,Maitri Station,-5.8,-9.3,59,0.6,9.4,199.0,976.8
2024-12-19T06:00,Maitri Station,-6.0,-9.8,54,1.5,4.7,307.0,977.1
2024-12-19T07:00,Maitri Station,-5.7,-9.5,54,2.2,6.1,367.0,977.3
2024-12-19T08:00,Maitri Station,-5.2,-8.2,56,1.2,6.5,484.0,977.5
2024-12-19T09:00,Maitri Station,-5.3,-7.9,64,2.1,6.8,525.0,977.8
2024-12-19T10:00,Maitri Station,-4.8,-6.6,66,0.7,6.8,604.0,977.8
2024-12-19T11:00,Maitri Station,-4.1,-6.2,68,4.2,9.7,638.0,977.7
2024-12-19T12:00,Maitri Station,-3.7,-5.7,74,4.6,10.4,681.0,978.0
2024-12-19T13:00,Maitri Station,-3.6,-5.9,73,5.3,10.4,660.0,977.5
2024-12-19T14:00,Maitri Station,-4.0,-6.3,81,3.9,10.8,629.0,977.9
2024-12-19T15:00,Maitri Station,-4.4,-6.8,85,2.4,8.6,563.0,977.9
2024-12-19T16:00,Maitri Station,-4.7,-7.5,88,0.6,6.5,478.0,978.1
2024-12-19T17:00,Maitri Station,-5.1,-8.5,87,3.2,6.8,387.0,978.1
2024-12-19T18:00,Maitri Station,-5.3,-9.3,84,6.0,10.4,295.0,978.4
2024-12-19T19:00,Maitri Station,-5.7,-10.0,81,7.6,12.6,209.0,978.7
2024-12-19T20:00,Maitri Station,-6.2,-10.5,78,7.6,13.0,136.0,979.1
2024-12-19T21:00,Maitri Station,-6.9,-11.2,75,7.3,12.6,81.0,979.5
2024-12-19T22:00,Maitri Station,-7.4,-12.1,70,8.9,14.4,46.0,979.7
2024-12-19T23:00,Maitri Station,-7.7,-13.1,64,13.3,20.5,30.0,979.9
2024-12-20T00:00,Maitri Station,-7.4,-13.2,61,16.1,25.2,28.0,980.2
2024-12-20T01:00,Maitri Station,-7.5,-12.5,66,10.7,16.6,38.0,980.3
2024-12-20T02:00,Maitri Station,-7.0,-12.3,64,12.4,19.4,66.0,980.3
2024-12-20T03:00,Maitri Station,-6.0,-11.4,61,13.9,22.0,113.0,980.3
2024-12-20T04:00,Maitri Station,-4.8,-10.7,61,17.5,28.4,179.0,980.5
2024-12-20T05:00,Maitri Station,-4.3,-10.6,55,20.1,33.1,263.0,980.9
2024-12-20T06:00,Maitri Station,-4.1,-10.8,53,22.5,37.1,324.0,981.7
2024-12-20T07:00,Maitri Station,-3.7,-10.4,54,22.6,38.2,415.0,981.9
2024-12-20T08:00,Maitri Station,-3.2,-9.1,55,20.7,37.4,523.0,982.8
2024-12-20T09:00,Maitri Station,-2.7,-8.0,56,20.0,34.6,590.0,983.2
2024-12-20T10:00,Maitri Station,-2.4,-7.1,58,18.0,33.5,646.0,983.4
2024-12-20T11:00,Maitri Station,-2.4,-6.6,62,17.0,30.6,647.0,983.4
2024-12-20T12:00,Maitri Station,-2.7,-7.0,65,17.8,30.2,656.0,983.6
2024-12-20T13:00,Maitri Station,-3.0,-6.9,67,14.4,24.8,588.0,983.0
2024-12-20T14:00,Maitri Station,-3.2,-7.4,67,14.7,25.6,573.0,983.0
2024-12-20T15:00,Maitri Station,-3.4,-7.9,67,13.5,25.6,503.0,983.1
2024-12-20T16:00,Maitri Station,-3.8,-8.5,69,11.2,23.8,393.0,983.2
2024-12-20T17:00,Maitri Station,-4.4,-9.3,69,11.9,20.9,325.0,982.8
2024-12-20T18:00,Maitri Station,-4.7,-10.0,67,13.9,23.8,233.0,982.8
2024-12-20T19:00,Maitri Station,-5.1,-10.9,62,17.1,28.4,160.0,982.8
2024-12-20T20:00,Maitri Station,-5.4,-11.6,58,19.3,32.0,72.0,982.8
2024-12-20T21:00,Maitri Station,-6.1,-12.4,55,19.2,32.4,78.0,982.6
2024-12-20T22:00,Maitri Station,-6.5,-12.7,52,18.1,31.3,42.0,982.5
2024-12-20T23:00,Maitri Station,-6.8,-12.7,50,15.9,28.8,17.0,982.2
2024-12-21T00:00,Maitri Station,-6.7,-12.6,49,15.5,24.8,9.0,982.0
2024-12-21T01:00,Maitri Station,-6.1,-11.3,45,11.2,18.7,15.0,981.1
2024-12-21T02:00,Maitri Station,-5.8,-12.0,48,17.8,28.1,64.0,981.2
2024-12-21T03:00,Maitri Station,-5.5,-12.3,49,22.2,35.3,110.0,980.9
2024-12-21T04:00,Maitri Station,-5.1,-11.7,48,21.4,35.6,170.0,980.7
2024-12-21T05:00,Maitri Station,-4.6,-10.7,48,18.0,34.9,242.0,980.5
2024-12-21T06:00,Maitri Station,-4.3,-9.7,49,13.5,29.5,321.0,980.4
2024-12-21T07:00,Maitri Station,-3.6,-9.0,48,13.4,24.1,380.0,980.6
2024-12-21T08:00,Maitri Station,-3.2,-9.1,51,19.2,32.8,398.0,981.1
2024-12-21T09:00,Maitri Station,-3.1,-8.1,55,17.0,33.5,388.0,981.0
2024-12-21T10:00,Maitri Station,-2.8,-7.1,56,14.3,29.2,421.0,980.9
2024-12-21T11:00,Maitri Station,-2.6,-6.3,56,11.9,25.2,428.0,980.4
2024-12-21T12:00,Maitri Station,-2.6,-6.2,55,11.2,21.6,422.0,980.4
2024-12-21T13:00,Maitri Station,-2.4,-5.8,48,7.7,15.5,256.0,979.5
2024-12-21T14:00,Maitri Station,-2.5,-6.5,48,9.3,15.5,197.0,979.4
2024-12-21T15:00,Maitri Station,-2.7,-7.3,51,9.4,16.9,148.0,979.3
2024-12-21T16:00,Maitri Station,-3.1,-7.5,56,7.4,16.2,88.0,979.0
2024-12-21T17:00,Maitri Station,-3.4,-7.6,58,5.9,13.0,67.0,979.0
2024-12-21T18:00,Maitri Station,-3.9,-8.3,55,7.1,12.2,24.0,979.0
2024-12-21T19:00,Maitri Station,-4.1,-8.7,50,7.4,12.2,12.0,979.1
2024-12-21T20:00,Maitri Station,-4.4,-9.1,50,8.5,13.3,5.0,978.9
2024-12-21T21:00,Maitri Station,-4.8,-9.9,52,10.8,16.6,2.0,979.0
2024-12-21T22:00,Maitri Station,-5.1,-10.5,51,13.5,20.9,1.0,979.2
2024-12-21T23:00,Maitri Station,-5.1,-10.7,53,14.7,23.0,0.0,979.2
2024-12-22T00:00,Maitri Station,-5.2,-10.8,53,14.6,23.4,0.0,979.5
2024-12-22T01:00,Maitri Station,-4.7,-8.9,46,4.0,9.0,0.0,979.8
2024-12-22T02:00,Maitri Station,-5.3,-10.0,54,8.2,13.0,3.0,980.0
2024-12-22T03:00,Maitri Station,-5.1,-10.3,56,12.1,19.4,8.0,979.9
2024-12-22T04:00,Maitri Station,-4.8,-10.6,56,16.0,25.9,35.0,979.7
2024-12-22T05:00,Maitri Station,-4.4,-10.2,55,16.3,28.1,119.0,979.7
2024-12-22T06:00,Maitri Station,-3.9,-9.1,56,12.5,27.4,208.0,980.0
2024-12-22T07:00,Maitri Station,-3.4,-9.3,54,17.3,28.4,295.0,980.6
2024-12-22T08:00,Maitri Station,-3.2,-9.0,56,19.8,35.6,417.0,981.1
2024-12-22T09:00,Maitri Station,-2.9,-7.3,58,13.8,33.5,509.0,981.4
2024-12-22T10:00,Maitri Station,-2.5,-6.3,59,12.3,23.8,594.0,981.5
2024-12-22T11:00,Maitri Station,-2.4,-6.1,59,13.5,24.1,638.0,981.6
2024-12-22T12:00,Maitri Station,-2.3,-6.3,59,15.1,26.6,636.0,981.6
2024-12-22T13:00,Maitri Station,-2.2,-6.1,61,13.7,24.1,588.0,980.9
2024-12-22T14:00,Maitri Station,-2.5,-6.9,61,15.3,26.6,564.0,981.1
2024-12-22T15:00,Maitri Station,-2.8,-8.0,62,17.4,29.9,496.0,981.3
2024-12-22T16:00,Maitri Station,-3.2,-9.0,63,18.8,32.0,399.0,981.4
2024-12-22T17:00,Maitri Station,-3.7,-9.7,63,19.3,32.8,304.0,981.5
2024-12-22T18:00,Maitri Station,-4.2,-10.3,63,19.5,33.1,234.0,981.7
2024-12-22T19:00,Maitri Station,-4.6,-11.0,60,20.6,34.6,156.0,981.7
2024-12-22T20:00,Maitri Station,-5.1,-11.7,57,21.5,35.6,93.0,981.9
2024-12-22T21:00,Maitri Station,-5.6,-12.3,55,22.5,37.1,72.0,982.0
2024-12-22T22:00,Maitri Station,-5.8,-12.8,51,23.6,38.5,43.0,982.3
2024-12-22T23:00,Maitri Station,-6.0,-13.1,49,24.6,40.3,27.0,982.5
2024-12-23T00:00,Maitri Station,-6.1,-13.4,47,25.4,41.8,25.0,982.6
2024-12-23T01:00,Maitri Station,-5.3,-12.5,49,25.2,41.0,33.0,982.1
2024-12-23T02:00,Maitri Station,-5.1,-12.5,47,26.4,42.8,59.0,982.3
2024-12-23T03:00,Maitri Station,-4.8,-12.4,45,27.4,44.6,102.0,982.5
2024-12-23T04:00,Maitri Station,-4.7,-12.5,45,29.0,47.9,143.0,982.5
2024-12-23T05:00,Maitri Station,-4.4,-12.2,46,28.7,48.2,249.0,982.6
2024-12-23T06:00,Maitri Station,-4.0,-11.3,47,26.4,47.2,342.0,982.7
2024-12-23T07:00,Maitri Station,-3.5,-10.6,46,24.7,43.2,439.0,982.7
2024-12-23T08:00,Maitri Station,-3.1,-9.8,47,24.9,41.4,525.0,983.0
2024-12-23T09:00,Maitri Station,-2.8,-9.0,47,24.5,41.4,593.0,983.3
2024-12-23T10:00,Maitri Station,-2.5,-8.1,49,23.0,41.0,649.0,983.3
2024-12-23T11:00,Maitri Station,-2.1,-6.8,51,18.4,38.5,680.0,983.0
2024-12-23T12:00,Maitri Station,-1.7,-5.8,51,15.4,31.0,688.0,982.6
2024-12-23T13:00,Maitri Station,-1.5,-5.8,52,16.4,28.8,670.0,981.7
2024-12-23T14:00,Maitri Station,-1.5,-5.8,53,15.2,27.4,628.0,981.4
2024-12-23T15:00,Maitri Station,-1.6,-6.5,53,15.8,26.3,562.0,981.0
2024-12-23T16:00,Maitri Station,-1.9,-7.4,52,16.7,27.7,481.0,980.6
2024-12-23T17:00,Maitri Station,-2.3,-8.1,51,17.4,28.4,390.0,979.8
2024-12-23T18:00,Maitri Station,-2.7,-8.8,50,18.4,29.5,297.0,979.3
2024-12-23T19:00,Maitri Station,-3.2,-9.4,50,19.4,31.0,211.0,979.0
2024-12-23T20:00,Maitri Station,-3.7,-10.1,50,19.8,31.3,137.0,978.8
2024-12-23T21:00,Maitri Station,-4.3,-10.6,50,19.9,31.7,80.0,978.2
2024-12-23T22:00,Maitri Station,-4.9,-11.1,50,18.9,31.3,45.0,977.9
2024-12-23T23:00,Maitri Station,-5.2,-11.7,50,20.1,31.3,27.0,977.6
2024-12-24T00:00,Maitri Station,-4.4,-11.1,51,22.2,35.6,21.0,977.4
2024-12-24T01:00,Maitri Station,-3.7,-10.2,51,21.6,38.5,26.0,976.1
2024-12-24T02:00,Maitri Station,-3.2,-9.9,54,23.0,37.4,43.0,976.1
2024-12-24T03:00,Maitri Station,-2.9,-9.4,61,22.8,38.2,61.0,975.9
2024-12-24T04:00,Maitri Station,-2.3,-8.4,68,21.3,37.8,39.0,975.7
2024-12-24T05:00,Maitri Station,-2.0,-8.1,71,21.3,36.0,59.0,975.5
2024-12-24T06:00,Maitri Station,-1.9,-7.8,72,20.8,36.0,93.0,975.4
2024-12-24T07:00,Maitri Station,-1.3,-7.2,70,20.3,35.3,136.0,975.2
2024-12-24T08:00,Maitri Station,-1.3,-7.2,68,20.0,34.6,218.0,975.2
2024-12-24T09:00,Maitri Station,-1.1,-6.4,66,20.5,35.6,410.0,975.1
2024-12-24T10:00,Maitri Station,-0.9,-5.7,66,19.8,35.6,508.0,974.8
2024-12-24T11:00,Maitri Station,-0.6,-4.8,66,17.9,34.6,607.0,974.6
2024-12-24T12:00,Maitri Station,-0.3,-4.2,66,16.8,31.7,663.0,974.2
2024-12-24T13:00,Maitri Station,-0.9,-4.2,71,12.7,28.1,653.0,974.1
2024-12-24T14:00,Maitri Station,-0.7,-4.0,71,11.2,24.1,599.0,973.9
2024-12-24T15:00,Maitri Station,-0.7,-4.4,72,10.8,22.0,524.0,973.5
2024-12-24T16:00,Maitri Station,-0.9,-5.2,72,11.3,21.6,443.0,973.2
2024-12-24T17:00,Maitri Station,-1.0,-6.0,69,14.1,25.6,366.0,972.8
2024-12-24T18:00,Maitri Station,-1.1,-6.7,65,18.5,31.7,283.0,972.3
2024-12-24T19:00,Maitri Station,-1.4,-7.6,61,21.5,36.0,192.0,972.0
2024-12-24T20:00,Maitri Station,-2.0,-8.5,59,22.8,38.5,122.0,972.1
2024-12-24T21:00,Maitri Station,-2.2,-9.0,55,24.4,40.7,70.0,972.0
2024-12-24T22:00,Maitri Station,-2.2,-9.2,52,25.4,42.5,41.0,971.9
2024-12-24T23:00,Maitri Station,-2.4,-9.4,51,24.8,42.5,27.0,971.7
2024-12-25T00:00,Maitri Station,-2.3,-9.3,49,25.0,41.8,25.0,971.5
2024-12-25T01:00,Maitri Station,-1.5,-8.3,50,24.1,38.9,35.0,970.1
2024-12-25T02:00,Maitri Station,-1.1,-8.2,48,26.1,41.4,63.0,970.3
2024-12-25T03:00,Maitri Station,-1.3,-8.1,48,24.2,41.4,110.0,970.4
2024-12-25T04:00,Maitri Station,-1.3,-8.4,47,25.9,41.4,176.0,970.6
2024-12-25T05:00,Maitri Station,-0.9,-7.7,47,24.4,43.6,257.0,970.8
2024-12-25T06:00,Maitri Station,-0.4,-8.0,46,29.3,49.0,341.0,971.4
2024-12-25T07:00,Maitri Station,-0.3,-8.1,48,31.2,53.3,434.0,971.7
2024-12-25T08:00,Maitri Station,-0.2,-7.4,52,30.5,52.9,517.0,972.0
2024-12-25T09:00,Maitri Station,0.0,-6.6,56,29.5,51.5,575.0,972.1
2024-12-25T10:00,Maitri Station,0.4,-5.3,60,26.2,49.3,591.0,971.9
2024-12-25T11:00,Maitri Station,0.9,-4.6,62,22.5,44.3,243.0,971.3
2024-12-25T12:00,Maitri Station,1.2,-3.2,63,18.6,38.5,469.0,970.9
2024-12-25T13:00,Maitri Station,1.1,-2.5,66,14.7,31.0,659.0,970.5
2024-12-25T14:00,Maitri Station,1.3,-2.6,65,14.8,26.6,607.0,970.3
2024-12-25T15:00,Maitri Station,1.3,-3.1,63,15.1,27.4,546.0,970.1
2024-12-25T16:00,Maitri Station,0.9,-3.8,64,14.2,26.6,470.0,969.7
2024-12-25T17:00,Maitri Station,0.5,-4.4,62,13.9,24.8,384.0,969.2
2024-12-25T18:00,Maitri Station,-0.2,-5.1,58,12.9,23.0,295.0,968.6
2024-12-25T19:00,Maitri Station,-1.0,-6.0,56,12.6,19.8,211.0,968.3
2024-12-25T20:00,Maitri Station,-2.0,-7.4,57,14.7,20.2,138.0,967.9
2024-12-25T21:00,Maitri Station,-3.0,-8.5,60,16.0,22.7,83.0,967.8
2024-12-25T22:00,Maitri Station,-3.3,-9.1,58,17.2,24.8,47.0,967.7
2024-12-25T23:00,Maitri Station,-3.1,-9.2,54,18.6,28.4,29.0,967.7
2024-12-26T00:00,Maitri Station,-2.5,-8.7,49,19.8,31.0,27.0,967.6
2024-12-26T01:00,Maitri Station,-2.1,-8.3,51,19.8,31.0,37.0,966.5
2024-12-26T02:00,Maitri Station,-2.1,-8.2,51,19.1,31.0,64.0,966.7
2024-12-26T03:00,Maitri Station,-1.7,-7.8,50,19.3,30.6,111.0,967.1
2024-12-26T04:00,Maitri Station,-0.9,-7.2,48,20.8,33.5,177.0,967.2
2024-12-26T05:00,Maitri Station,-0.1,-6.5,48,21.2,34.9,258.0,967.5
2024-12-26T06:00,Maitri Station,0.6,-5.9,47,23.2,37.8,347.0,968.1
2024-12-26T07:00,Maitri Station,1.1,-5.8,48,26.0,42.5,438.0,968.4
2024-12-26T08:00,Maitri Station,1.6,-4.4,50,23.2,41.8,521.0,968.8
2024-12-26T09:00,Maitri Station,2.3,-2.9,51,21.3,38.2,591.0,969.2
2024-12-26T10:00,Maitri Station,2.8,-2.0,52,20.7,35.3,642.0,969.3
2024-12-26T11:00,Maitri Station,3.1,-1.5,55,20.9,36.4,671.0,969.6
2024-12-26T12:00,Maitri Station,2.5,-1.6,62,19.1,35.6,673.0,969.6
2024-12-26T13:00,Maitri Station,2.5,-1.0,68,15.3,29.2,652.0,968.9
2024-12-26T14:00,Maitri Station,2.3,-1.2,72,14.4,26.6,608.0,969.3
2024-12-26T15:00,Maitri Station,2.2,-1.7,73,14.7,25.9,545.0,969.6
2024-12-26T16:00,Maitri Station,2.3,-2.4,72,16.3,27.7,467.0,969.8
2024-12-26T17:00,Maitri Station,2.0,-3.1,70,18.0,30.2,380.0,970.0
2024-12-26T18:00,Maitri Station,1.7,-3.9,68,20.1,33.1,291.0,970.2
2024-12-26T19:00,Maitri Station,1.4,-4.6,64,22.3,36.4,207.0,970.3
2024-12-26T20:00,Maitri Station,1.2,-5.1,61,23.6,38.5,135.0,970.6
2024-12-26T21:00,Maitri Station,1.0,-5.5,58,24.0,39.2,80.0,970.6
2024-12-26T22:00,Maitri Station,0.8,-5.7,55,24.4,40.3,45.0,970.8
2024-12-26T23:00,Maitri Station,0.8,-5.9,53,24.5,40.7,28.0,971.0
2024-12-27T00:00,Maitri Station,0.8,-5.9,52,25.3,41.8,25.0,971.1
2024-12-27T01:00,Maitri Station,0.9,-5.4,57,22.9,37.8,33.0,970.9
2024-12-27T02:00,Maitri Station,1.3,-5.4,58,26.1,43.2,59.0,971.1
2024-12-27T03:00,Maitri Station,1.5,-5.2,58,26.3,44.3,104.0,971.4
2024-12-27T04:00,Maitri Station,1.8,-4.8,59,25.8,43.9,168.0,971.6
2024-12-27T05:00,Maitri Station,2.0,-4.4,60,25.1,43.6,247.0,972.0
2024-12-27T06:00,Maitri Station,2.3,-4.0,61,24.3,42.5,328.0,972.5
2024-12-27T07:00,Maitri Station,2.6,-3.5,61,23.4,41.4,417.0,973.0
2024-12-27T08:00,Maitri Station,2.9,-2.7,61,22.3,40.0,503.0,973.5
2024-12-27T09:00,Maitri Station,3.2,-2.0,61,22.9,38.9,574.0,973.8
2024-12-27T10:00,Maitri Station,3.3,-1.6,62,23.0,39.2,624.0,974.0
2024-12-27T11:00,Maitri Station,3.5,-1.2,63,22.7,39.2,651.0,974.3
2024-12-27T12:00,Maitri Station,3.5,-1.0,64,21.9,38.9,656.0,974.4
2024-12-27T13:00,Maitri Station,3.6,-1.0,63,22.1,38.9,638.0,974.7
2024-12-27T14:00,Maitri Station,3.6,-1.2,64,22.3,38.2,602.0,974.8
2024-12-27T15:00,Maitri Station,3.5,-1.6,65,22.1,38.5,539.0,974.9
2024-12-27T16:00,Maitri Station,3.3,-2.1,66,20.8,38.2,461.0,975.1
2024-12-27T17:00,Maitri Station,3.0,-2.5,66,20.0,35.6,374.0,975.3
2024-12-27T18:00,Maitri Station,2.3,-3.1,65,19.5,34.6,286.0,975.5
2024-12-27T19:00,Maitri Station,1.7,-3.8,63,19.4,33.1,202.0,975.6
2024-12-27T20:00,Maitri Station,1.2,-4.6,61,20.2,33.8,131.0,975.7
2024-12-27T21:00,Maitri Station,0.9,-5.3,57,22.4,37.4,78.0,975.8
2024-12-27T22:00,Maitri Station,0.7,-5.8,55,24.3,40.3,44.0,975.9
2024-12-27T23:00,Maitri Station,0.6,-6.2,54,25.3,42.1,27.0,975.9
2024-12-28T00:00,Maitri Station,0.5,-6.1,53,24.5,42.1,24.0,975.7
2024-12-28T01:00,Maitri Station,0.9,-5.8,53,25.3,43.9,34.0,975.0
2024-12-28T02:00,Maitri Station,1.1,-5.8,51,25.8,42.8,60.0,975.1
2024-12-28T03:00,Maitri Station,1.7,-5.8,47,29.7,48.6,105.0,975.1
2024-12-28T04:00,Maitri Station,1.7,-5.9,48,30.4,50.4,169.0,975.1
2024-12-28T05:00,Maitri Station,1.9,-5.3,50,28.8,50.4,247.0,975.1
2024-12-28T06:00,Maitri Station,2.4,-4.5,50,26.8,47.9,335.0,975.0
2024-12-28T07:00,Maitri Station,2.7,-3.9,50,25.0,45.4,425.0,975.1
2024-12-28T08:00,Maitri Station,2.9,-2.9,52,22.5,42.1,510.0,975.3
2024-12-28T09:00,Maitri Station,2.9,-2.2,55,21.4,38.2,581.0,975.5
2024-12-28T10:00,Maitri Station,2.7,-1.9,59,20.0,36.7,634.0,975.5
2024-12-28T11:00,Maitri Station,2.6,-1.4,63,17.8,34.2,664.0,975.3
2024-12-28T12:00,Maitri Station,2.7,-0.9,65,16.3,30.6,670.0,975.0
2024-12-28T13:00,Maitri Station,2.9,-0.5,66,14.6,26.3,653.0,974.7
2024-12-28T14:00,Maitri Station,2.8,-0.6,67,13.3,24.8,611.0,974.5
2024-12-28T15:00,Maitri Station,2.7,-0.8,68,11.6,22.7,549.0,974.1
2024-12-28T16:00,Maitri Station,2.5,-1.4,68,10.7,19.8,471.0,973.7
2024-12-28T17:00,Maitri Station,1.9,-2.4,65,11.3,18.0,383.0,973.1
2024-12-28T18:00,Maitri Station,1.1,-3.3,60,10.8,18.0,294.0,972.7
2024-12-28T19:00,Maitri Station,0.5,-3.9,53,9.1,16.6,209.0,972.4
2024-12-28T20:00,Maitri Station,0.4,-3.8,45,6.4,13.3,137.0,972.2
2024-12-28T21:00,Maitri Station,0.2,-3.8,41,3.9,9.7,81.0,972.3
2024-12-28T22:00,Maitri Station,-0.3,-4.1,39,2.7,6.5,45.0,972.2
2024-12-28T23:00,Maitri Station,-0.9,-4.8,40,3.1,5.0,28.0,972.4
2024-12-29T00:00,Maitri Station,-1.7,-5.9,43,5.6,7.9,24.0,972.3
2024-12-29T01:00,Maitri Station,-2.0,-7.1,52,12.2,17.6,34.0,971.3
2024-12-29T02:00,Maitri Station,-1.9,-6.8,52,11.6,17.6,61.0,971.2
2024-12-29T03:00,Maitri Station,-1.8,-6.8,54,11.9,18.0,107.0,971.0
2024-12-29T04:00,Maitri Station,-1.4,-6.3,54,11.6,18.0,173.0,970.6
2024-12-29T05:00,Maitri Station,-0.8,-5.5,54,10.6,18.0,254.0,970.4
2024-12-29T06:00,Maitri Station,-0.1,-4.6,54,9.6,16.9,344.0,970.6
2024-12-29T07:00,Maitri Station,0.7,-3.8,54,10.5,18.0,434.0,970.6
2024-12-29T08:00,Maitri Station,1.6,-3.0,53,14.2,23.8,519.0,970.8
2024-12-29T09:00,Maitri Station,2.0,-3.0,52,19.4,32.0,593.0,970.8
2024-12-29T10:00,Maitri Station,1.9,-2.8,58,20.2,34.2,648.0,970.9
2024-12-29T11:00,Maitri Station,1.7,-2.0,66,16.7,33.5,677.0,971.0
2024-12-29T12:00,Maitri Station,1.5,-1.3,71,11.8,27.7,676.0,971.0
2024-12-29T13:00,Maitri Station,1.6,-0.4,74,6.8,16.6,656.0,970.2
2024-12-29T14:00,Maitri Station,1.6,-0.5,74,5.7,11.9,614.0,969.9
2024-12-29T15:00,Maitri Station,1.6,-1.2,72,6.8,11.5,552.0,969.5
2024-12-29T16:00,Maitri Station,1.4,-2.2,68,7.7,12.6,474.0,968.9
2024-12-29T17:00,Maitri Station,0.9,-3.4,64,10.4,15.8,386.0,968.5
2024-12-29T18:00,Maitri Station,0.3,-4.4,61,11.8,18.4,296.0,968.2
2024-12-29T19:00,Maitri Station,-0.5,-5.3,58,12.0,18.4,210.0,968.0
2024-12-29T20:00,Maitri Station,-1.3,-6.2,56,12.1,18.7,136.0,968.0
2024-12-29T21:00,Maitri Station,-2.3,-7.2,57,11.9,19.1,79.0,968.2
2024-12-29T22:00,Maitri Station,-3.2,-8.3,59,12.2,20.2,44.0,968.5
2024-12-29T23:00,Maitri Station,-3.8,-9.0,60,13.6,22.7,27.0,968.4
2024-12-30T00:00,Maitri Station,-4.4,-9.8,60,14.2,24.1,24.0,968.4
2024-12-30T01:00,Maitri Station,-4.9,-9.8,68,11.3,19.4,31.0,968.5
2024-12-30T02:00,Maitri Station,-5.0,-9.8,67,10.8,20.2,54.0,968.4
2024-12-30T03:00,Maitri Station,-4.6,-9.4,66,11.1,20.5,96.0,968.4
2024-12-30T04:00,Maitri Station,-4.3,-8.9,68,9.8,20.5,150.0,968.3
2024-12-30T05:00,Maitri Station,-3.8,-7.9,72,7.0,19.1,205.0,968.3
2024-12-30T06:00,Maitri Station,-3.5,-7.2,72,4.5,15.1,231.0,968.4
2024-12-30T07:00,Maitri Station,-3.4,-6.6,78,2.1,11.9,262.0,968.6
2024-12-30T08:00,Maitri Station,-2.9,-5.7,77,0.2,9.4,302.0,969.0
2024-12-30T09:00,Maitri Station,-2.4,-4.6,78,1.2,9.4,392.0,969.1
2024-12-30T10:00,Maitri Station,-0.7,-3.9,75,11.0,20.9,475.0,969.1
2024-12-30T11:00,Maitri Station,0.1,-4.4,67,19.8,33.8,639.0,969.3
2024-12-30T12:00,Maitri Station,0.2,-3.9,67,17.7,36.4,676.0,969.5
2024-12-30T13:00,Maitri Station,-0.6,-3.7,69,10.9,28.1,660.0,969.6
2024-12-30T14:00,Maitri Station,-0.7,-3.6,72,8.5,19.8,613.0,969.8
2024-12-30T15:00,Maitri Station,-0.8,-3.7,74,6.2,16.6,549.0,969.6
2024-12-30T16:00,Maitri Station,-0.7,-5.0,71,11.8,20.9,472.0,969.5
2024-12-30T17:00,Maitri Station,-1.2,-6.2,74,15.1,26.6,384.0,969.9
2024-12-30T18:00,Maitri Station,-2.1,-7.2,75,15.3,27.0,293.0,970.6
2024-12-30T19:00,Maitri Station,-3.0,-8.3,76,16.2,28.1,207.0,971.2
2024-12-30T20:00,Maitri Station,-3.8,-9.3,75,16.9,28.8,133.0,971.9
2024-12-30T21:00,Maitri Station,-4.5,-10.2,74,18.1,31.0,77.0,972.5
2024-12-30T22:00,Maitri Station,-4.9,-11.0,74,20.7,34.6,42.0,973.2
2024-12-30T23:00,Maitri Station,-5.3,-11.9,75,23.6,39.6,25.0,973.9
2024-12-31T00:00,Maitri Station,-5.6,-12.4,77,25.0,42.5,21.0,974.5
2024-12-31T01:00,Maitri Station,-5.4,-11.2,80,18.2,33.5,22.0,974.7
2024-12-31T02:00,Maitri Station,-4.7,-11.0,78,21.9,36.7,26.0,974.9
2024-12-31T03:00,Maitri Station,-3.9,-10.6,77,25.3,42.8,11.0,975.0
2024-12-31T04:00,Maitri Station,-3.3,-10.0,76,25.7,42.5,7.0,974.9
2024-12-31T05:00,Maitri Station,-2.9,-10.1,73,29.1,48.6,17.0,975.0
2024-12-31T06:00,Maitri Station,-2.5,-9.4,73,26.9,48.6,44.0,975.1
2024-12-31T07:00,Maitri Station,-2.2,-8.9,75,26.1,44.6,38.0,975.2
2024-12-31T08:00,Maitri Station,-2.3,-9.2,77,27.9,46.4,0.0,975.5
2024-12-31T09:00,Maitri Station,-2.6,-9.4,76,26.3,46.8,72.0,976.0
2024-12-31T10:00,Maitri Station,-2.5,-8.8,79,26.5,47.2,197.0,976.2
2024-12-31T11:00,Maitri Station,-2.1,-8.5,75,27.1,43.9,70.0,975.9
2024-12-31T12:00,Maitri Station,-1.9,-8.4,72,28.3,48.6,203.0,975.7
2024-12-31T13:00,Maitri Station,-2.0,-8.0,72,25.7,46.1,320.0,975.1
2024-12-31T14:00,Maitri Station,-2.2,-7.7,75,21.8,42.8,458.0,975.2
2024-12-31T15:00,Maitri Station,-2.2,-7.6,75,19.7,36.7,382.0,975.0
2024-12-31T16:00,Maitri Station,-2.1,-7.4,78,17.4,33.5,42.0,974.7
2024-12-31T17:00,Maitri Station,-1.9,-7.2,79,17.4,30.2,20.0,974.5
2024-12-31T18:00,Maitri Station,-2.2,-8.1,80,21.2,35.6,27.0,974.4
2024-12-31T19:00,Maitri Station,-3.2,-9.4,79,22.5,38.2,155.0,974.4
2024-12-31T20:00,Maitri Station,-3.6,-9.7,76,21.7,38.5,87.0,974.5
2024-12-31T21:00,Maitri Station,-3.8,-10.2,77,23.3,40.0,56.0,974.5
2024-12-31T22:00,Maitri Station,-4.1,-10.9,75,25.4,42.8,33.0,974.5
2024-12-31T23:00,Maitri Station,-4.5,-11.5,74,26.7,45.4,21.0,974.3
