timestamp,temperature_c,feels_like_c,humidity_pct,wind_speed_ms,wind_gust_ms,solar_irradiance_wm2,pressure_hpa,solar_output_kw,wind_output_kw,heating_demand_kw,station_load_kw,net_balance_kw,battery_soc_pct,generator_output_kw,renewable_share_pct
2024-01-01T00:00,-3.0,-6.5,89,5.3,19.8,0.0,1003.8,0.0,3.0,7.0,44.7,-41.7,67.05,0.0,6.7
2024-01-01T01:00,-3.7,-7.3,88,5.4,19.1,0.0,1003.0,0.0,3.3,7.1,44.8,-41.5,56.16,0.0,7.4
2024-01-01T02:00,-4.1,-7.8,87,5.6,18.4,0.0,1002.2,0.0,3.9,7.2,44.9,-41.0,45.4,0.0,8.7
2024-01-01T03:00,-3.2,-6.7,86,4.7,18.4,0.0,1001.0,0.0,1.5,7.0,44.7,-43.2,34.06,0.0,3.4
2024-01-01T04:00,-4.1,-7.5,91,4.2,15.1,0.0,1000.2,0.0,0.7,7.1,44.8,-44.1,22.48,0.0,1.6
2024-01-01T05:00,-7.2,-11.3,94,6.7,18.4,0.0,999.3,0.0,8.5,7.5,45.2,-36.7,19.88,26.8,18.8
2024-01-01T06:00,-6.4,-10.4,93,7.2,19.4,0.0,998.5,0.0,11.2,7.5,45.2,-34.0,19.88,34.0,24.8
2024-01-01T07:00,-5.9,-9.8,92,6.9,18.7,0.0,997.9,0.0,9.5,7.4,45.1,-35.6,19.88,35.6,21.1
2024-01-01T08:00,-6.6,-10.3,92,5.0,16.2,0.0,997.8,0.0,2.2,7.4,45.1,-42.9,19.88,42.9,4.9
2024-01-01T09:00,-6.4,-10.2,92,5.1,15.5,0.0,997.6,0.0,2.4,7.4,45.1,-42.7,19.88,42.7,5.3
2024-01-01T10:00,-6.2,-9.9,94,5.0,19.4,0.0,997.7,0.0,2.2,7.4,45.1,-42.9,19.88,42.9,4.9
2024-01-01T11:00,-5.6,-9.6,95,7.6,24.1,0.0,997.9,0.0,13.7,7.4,45.1,-31.4,19.88,31.4,30.4
2024-01-01T12:00,-5.4,-9.4,95,7.4,25.9,0.0,997.9,0.0,12.4,7.4,45.1,-32.7,19.88,32.7,27.5
2024-01-01T13:00,-7.1,-11.1,94,6.0,23.8,0.0,997.9,0.0,5.4,7.5,45.2,-39.8,19.88,39.8,11.9
2024-01-01T14:00,-8.0,-12.1,95,7.2,27.0,0.0,998.1,0.0,11.2,7.7,45.4,-34.2,19.88,34.2,24.7
2024-01-01T15:00,-8.0,-12.2,97,7.7,27.7,0.0,997.9,0.0,14.4,7.7,45.4,-31.0,19.88,31.0,31.7
2024-01-01T16:00,-7.8,-12.2,93,8.8,30.6,0.0,998.2,0.0,0.0,7.7,45.4,-45.4,19.88,45.4,0.0
2024-01-01T17:00,-5.6,-10.0,93,10.6,34.2,0.0,998.1,0.0,0.0,7.5,45.2,-45.2,19.88,45.2,0.0
2024-01-01T18:00,-4.1,-8.9,91,13.7,40.0,0.0,998.2,0.0,0.0,7.4,45.1,-45.1,19.88,45.1,0.0
2024-01-01T19:00,-3.8,-8.4,92,12.7,40.3,0.0,999.0,0.0,0.0,7.4,45.1,-45.1,19.88,45.1,0.0
2024-01-01T20:00,-4.4,-9.6,86,15.3,42.5,0.0,1000.2,0.0,0.0,7.5,45.2,-45.2,19.88,45.2,0.0
2024-01-01T21:00,-6.0,-11.3,85,15.2,43.9,0.0,1001.0,0.0,0.0,7.7,45.4,-45.4,19.88,45.4,0.0
2024-01-01T22:00,-8.5,-13.9,92,15.1,44.3,0.0,1002.1,0.0,0.0,8.0,45.7,-45.7,19.88,45.7,0.0
2024-01-01T23:00,-8.5,-13.6,90,12.9,42.8,0.0,1002.8,0.0,0.0,8.0,45.7,-45.7,19.88,45.7,0.0
2024-01-02T00:00,-9.2,-14.3,88,12.4,38.2,0.0,1003.2,0.0,0.0,8.0,45.7,-45.7,19.88,45.7,0.0
2024-01-02T01:00,-7.4,-12.4,89,12.7,36.4,0.0,1002.7,0.0,0.0,7.8,45.5,-45.5,19.88,45.5,0.0
2024-01-02T02:00,-9.4,-14.4,90,11.8,36.4,0.0,1003.2,0.0,0.0,8.0,45.7,-45.7,19.88,45.7,0.0
2024-01-02T03:00,-10.2,-15.2,90,11.6,34.6,0.0,1003.8,0.0,0.0,8.1,45.8,-45.8,19.88,45.8,0.0
2024-01-02T04:00,-10.9,-16.0,89,11.6,33.8,0.0,1004.2,0.0,0.0,8.2,45.9,-45.9,19.88,45.9,0.0
2024-01-02T05:00,-11.5,-16.7,89,12.2,35.3,0.0,1004.5,0.0,0.0,8.3,46.0,-46.0,19.88,46.0,0.0
2024-01-02T06:00,-11.7,-17.1,89,13.4,37.4,0.0,1004.8,0.0,0.0,8.4,46.1,-46.1,19.88,46.1,0.0
2024-01-02T07:00,-11.9,-17.3,89,12.9,37.4,0.0,1005.0,0.0,0.0,8.4,46.1,-46.1,19.88,46.1,0.0
2024-01-02T08:00,-12.3,-17.6,89,12.4,37.1,0.0,1005.2,0.0,0.0,8.4,46.1,-46.1,19.88,46.1,0.0
2024-01-02T09:00,-13.0,-18.1,89,10.7,35.6,0.0,1005.2,0.0,0.0,8.4,46.1,-46.1,19.88,46.1,0.0
2024-01-02T10:00,-13.1,-18.1,89,10.1,32.0,0.0,1005.4,0.0,0.0,8.4,46.1,-46.1,19.88,46.1,0.0
2024-01-02T11:00,-12.7,-17.6,88,9.3,30.2,0.0,1005.5,0.0,0.0,8.3,46.0,-46.0,19.88,46.0,0.0
2024-01-02T12:00,-12.4,-17.3,88,9.1,28.8,0.0,1005.6,0.0,0.0,8.3,46.0,-46.0,19.88,46.0,0.0
2024-01-02T13:00,-12.4,-17.8,85,12.6,34.9,0.0,1006.2,0.0,0.0,8.4,46.1,-46.1,19.88,46.1,0.0
2024-01-02T14:00,-13.1,-18.2,86,10.6,34.2,0.0,1006.0,0.0,0.0,8.4,46.1,-46.1,19.88,46.1,0.0
2024-01-02T15:00,-12.7,-17.5,86,9.0,30.2,0.0,1005.9,0.0,0.0,8.3,46.0,-46.0,19.88,46.0,0.0
2024-01-02T16:00,-12.3,-17.0,85,8.1,27.0,0.0,1005.9,0.0,17.2,8.2,45.9,-28.7,19.88,28.7,37.5
2024-01-02T17:00,-12.6,-17.4,85,8.1,25.2,0.0,1005.8,0.0,17.2,8.2,45.9,-28.7,19.88,28.7,37.5
2024-01-02T18:00,-13.1,-17.9,84,8.8,25.9,0.0,1005.6,0.0,22.8,8.3,46.0,-23.2,19.88,23.2,49.6
2024-01-02T19:00,-12.8,-17.7,83,9.2,26.6,0.0,1005.7,0.0,26.4,8.3,46.0,-19.6,19.88,19.6,57.4
2024-01-02T20:00,-13.7,-18.6,82,9.0,26.6,0.0,1005.6,0.0,24.6,8.4,46.1,-21.5,19.88,21.5,53.4
2024-01-02T21:00,-13.2,-18.3,80,10.6,28.4,0.0,1005.5,0.0,0.0,8.4,46.1,-46.1,19.88,46.1,0.0
2024-01-02T22:00,-13.6,-18.8,80,10.8,28.8,0.0,1005.3,0.0,0.0,8.5,46.2,-46.2,19.88,46.2,0.0
2024-01-02T23:00,-14.2,-19.3,81,10.1,28.4,0.0,1005.2,0.0,0.0,8.5,46.2,-46.2,19.88,46.2,0.0
2024-01-03T00:00,-14.0,-19.0,82,9.8,27.4,0.0,1005.2,0.0,32.4,8.5,46.2,-13.8,19.88,13.8,70.1
2024-01-03T01:00,-13.4,-18.2,83,8.4,23.8,0.0,1004.4,0.0,19.5,8.4,46.1,-26.6,19.88,26.6,42.3
2024-01-03T02:00,-13.3,-18.1,85,8.0,23.0,0.0,1004.2,0.0,16.5,8.3,46.0,-29.5,19.88,29.5,35.9
2024-01-03T03:00,-13.5,-18.3,85,8.2,23.0,0.0,1004.1,0.0,17.9,8.4,46.1,-28.2,19.88,28.2,38.8
2024-01-03T04:00,-12.9,-17.7,84,8.2,22.7,0.0,1004.0,0.0,17.9,8.3,46.0,-28.1,19.88,28.1,38.9
2024-01-03T05:00,-12.8,-17.4,82,7.2,21.6,0.0,1004.0,0.0,11.2,8.2,45.9,-34.7,19.88,34.7,24.4
2024-01-03T06:00,-13.3,-17.6,82,4.8,19.1,0.0,1003.9,0.0,1.7,8.2,45.9,-44.2,19.88,44.2,3.7
2024-01-03T07:00,-12.8,-16.7,80,2.2,13.7,0.0,1004.1,0.0,0.0,8.0,45.7,-45.7,19.88,45.7,0.0
2024-01-03T08:00,-13.4,-17.2,81,1.3,7.9,0.0,1004.5,0.0,0.0,8.0,45.7,-45.7,19.88,45.7,0.0
2024-01-03T09:00,-14.5,-18.4,86,1.6,6.5,0.0,1004.8,0.0,0.0,8.1,45.8,-45.8,19.88,45.8,0.0
2024-01-03T10:00,-15.8,-20.0,85,3.3,8.6,0.0,1005.1,0.0,0.0,8.4,46.1,-46.1,19.88,46.1,0.0
2024-01-03T11:00,-18.0,-22.6,82,5.3,10.8,0.0,1005.4,0.0,3.0,8.7,46.4,-43.4,19.88,43.4,6.5
2024-01-03T12:00,-18.3,-23.1,77,6.7,14.4,0.0,1005.5,0.0,8.5,8.8,46.5,-38.0,19.88,38.0,18.3
2024-01-03T13:00,-19.2,-24.0,77,6.1,11.9,0.0,1005.5,0.0,5.8,8.9,46.6,-40.8,19.88,40.8,12.4
2024-01-03T14:00,-19.3,-24.2,84,7.0,13.0,0.0,1005.7,0.0,10.1,9.0,46.7,-36.6,19.88,36.6,21.6
2024-01-03T15:00,-19.4,-24.3,77,7.2,14.8,0.0,1005.9,0.0,11.2,9.0,46.7,-35.5,19.88,35.5,24.0
2024-01-03T16:00,-18.7,-23.6,74,7.2,16.9,0.0,1006.2,0.0,11.2,8.9,46.6,-35.4,19.88,35.4,24.0
2024-01-03T17:00,-20.0,-25.0,77,7.1,17.3,0.0,1006.2,0.0,10.6,9.1,46.8,-36.2,19.88,36.2,22.6
2024-01-03T18:00,-19.9,-24.9,78,7.6,16.6,0.0,1006.0,0.0,13.7,9.1,46.8,-33.1,19.88,33.1,29.3
2024-01-03T19:00,-20.6,-25.5,78,7.1,16.2,0.0,1005.9,0.0,10.6,9.1,46.8,-36.2,19.88,36.2,22.6
2024-01-03T20:00,-21.5,-26.5,76,7.2,14.8,0.0,1006.0,0.0,11.2,9.2,46.9,-35.7,19.88,35.7,23.9
2024-01-03T21:00,-21.7,-26.9,75,8.4,15.8,0.0,1006.0,0.0,19.5,9.3,47.0,-27.5,19.88,27.5,41.5
2024-01-03T22:00,-22.1,-27.3,74,8.4,15.8,0.0,1005.9,0.0,19.5,9.4,47.1,-27.6,19.88,27.6,41.4
2024-01-03T23:00,-21.1,-26.3,72,8.1,15.5,0.0,1005.7,0.0,17.2,9.3,47.0,-29.8,19.88,29.8,36.6
2024-01-04T00:00,-20.8,-25.8,72,7.4,14.4,0.0,1005.3,0.0,12.4,9.2,46.9,-34.5,19.88,34.5,26.4
2024-01-04T01:00,-17.3,-21.9,76,5.9,14.4,0.0,1004.6,0.0,5.0,8.7,46.4,-41.4,19.88,41.4,10.8
2024-01-04T02:00,-17.3,-22.0,75,5.6,13.7,0.0,1004.2,0.0,3.9,8.7,46.4,-42.5,19.88,42.5,8.4
2024-01-04T03:00,-17.4,-22.1,75,5.9,14.4,0.0,1003.7,0.0,5.0,8.7,46.4,-41.4,19.88,41.4,10.8
2024-01-04T04:00,-18.0,-22.7,76,6.0,15.1,0.0,1003.2,0.0,5.4,8.8,46.5,-41.1,19.88,41.1,11.6
2024-01-04T05:00,-17.7,-22.3,76,5.4,15.1,0.0,1002.7,0.0,3.3,8.7,46.4,-43.1,19.88,43.1,7.1
2024-01-04T06:00,-17.7,-22.2,76,4.5,14.8,0.0,1002.2,0.0,1.2,8.7,46.4,-45.2,19.88,45.2,2.6
2024-01-04T07:00,-17.4,-21.7,79,3.1,13.3,0.0,1001.9,0.0,0.0,8.5,46.2,-46.2,19.88,46.2,0.0
2024-01-04T08:00,-17.5,-21.6,82,2.1,10.1,0.0,1001.8,0.0,0.0,8.5,46.2,-46.2,19.88,46.2,0.0
2024-01-04T09:00,-17.2,-22.0,81,7.1,19.1,0.0,1001.9,0.0,10.6,8.7,46.4,-35.8,19.88,35.8,22.8
2024-01-04T10:00,-17.2,-22.6,81,11.1,28.8,0.0,1001.8,0.0,0.0,9.0,46.7,-46.7,19.88,46.7,0.0
2024-01-04T11:00,-17.7,-23.5,77,13.8,35.3,0.0,1001.5,0.0,0.0,9.2,46.9,-46.9,19.88,46.9,0.0
2024-01-04T12:00,-18.4,-24.3,77,14.0,37.8,0.0,1001.2,0.0,0.0,9.3,47.0,-47.0,19.88,47.0,0.0
2024-01-04T13:00,-18.3,-24.8,66,18.2,47.2,0.0,1001.2,0.0,0.0,9.5,47.2,-47.2,19.88,47.2,0.0
2024-01-04T14:00,-19.3,-25.8,70,17.4,47.9,0.0,1000.9,0.0,0.0,9.6,47.3,-47.3,19.88,47.3,0.0
2024-01-04T15:00,-19.9,-26.4,68,17.1,46.4,0.0,1000.4,0.0,0.0,9.6,47.3,-47.3,19.88,47.3,0.0
2024-01-04T16:00,-20.6,-27.0,69,16.3,45.4,0.0,1000.3,0.0,0.0,9.7,47.4,-47.4,19.88,47.4,0.0
2024-01-04T17:00,-21.2,-27.2,70,13.6,42.8,0.0,1000.0,0.0,0.0,9.6,47.3,-47.3,19.88,47.3,0.0
2024-01-04T18:00,-22.4,-28.2,71,12.1,35.6,0.0,1000.0,0.0,0.0,9.7,47.4,-47.4,19.88,47.4,0.0
2024-01-04T19:00,-22.7,-28.4,67,11.9,32.0,0.0,1000.4,0.0,0.0,9.7,47.4,-47.4,19.88,47.4,0.0
2024-01-04T20:00,-24.0,-29.5,63,9.8,30.2,0.0,1001.4,0.0,0.0,9.7,47.4,-47.4,19.88,47.4,0.0
2024-01-04T21:00,-21.1,-26.1,54,6.3,27.4,0.0,1002.2,0.0,6.6,9.1,46.8,-40.2,19.88,40.2,14.1
2024-01-04T22:00,-21.9,-26.8,58,5.7,20.9,0.0,1002.9,0.0,4.2,9.2,46.9,-42.7,19.88,42.7,9.0
2024-01-04T23:00,-22.4,-26.9,61,3.4,19.4,0.0,1003.4,0.0,0.1,9.1,46.8,-46.7,19.88,46.7,0.2
2024-01-05T00:00,-22.9,-27.4,63,3.3,16.2,0.0,1003.8,0.0,0.0,9.2,46.9,-46.9,19.88,46.9,0.0
2024-01-05T01:00,-24.0,-28.6,65,4.2,16.2,0.0,1003.9,0.0,0.7,9.3,47.0,-46.3,19.88,46.3,1.5
2024-01-05T02:00,-24.0,-28.7,62,4.6,16.6,0.0,1004.1,0.0,1.3,9.4,47.1,-45.8,19.88,45.8,2.8
2024-01-05T03:00,-24.2,-29.1,61,6.0,16.6,0.0,1004.4,0.0,5.4,9.5,47.2,-41.8,19.88,41.8,11.4
2024-01-05T04:00,-24.8,-29.9,63,7.4,16.2,0.0,1004.8,0.0,12.4,9.6,47.3,-34.9,19.88,34.9,26.2
2024-01-05T05:00,-25.9,-31.0,69,7.2,16.6,0.0,1004.8,0.0,11.2,9.8,47.5,-36.3,19.88,36.3,23.6
2024-01-05T06:00,-24.6,-29.6,67,6.5,17.6,0.0,1005.0,0.0,7.5,9.6,47.3,-39.8,19.88,39.8,15.9
2024-01-05T07:00,-23.0,-27.8,64,5.1,17.6,0.0,1005.2,0.0,2.4,9.3,47.0,-44.6,19.88,44.6,5.1
2024-01-05T08:00,-21.9,-26.6,68,5.2,17.6,0.0,1005.5,0.0,2.7,9.2,46.9,-44.2,19.88,44.2,5.8
2024-01-05T09:00,-21.1,-25.7,74,4.5,18.0,0.0,1005.7,0.0,1.2,9.0,46.7,-45.5,19.88,45.5,2.6
2024-01-05T10:00,-20.4,-24.9,79,4.4,17.3,0.0,1006.1,0.0,1.0,9.0,46.7,-45.7,19.88,45.7,2.1
2024-01-05T11:00,-19.9,-24.4,79,4.1,16.9,0.0,1006.3,0.0,0.6,8.9,46.6,-46.0,19.88,46.0,1.3
2024-01-05T12:00,-19.4,-23.8,80,3.7,16.9,0.0,1006.6,0.0,0.2,8.8,46.5,-46.3,19.88,46.3,0.4
2024-01-05T13:00,-20.7,-25.5,72,5.4,16.6,0.0,1007.2,0.0,3.3,9.0,46.7,-43.4,19.88,43.4,7.1
2024-01-05T14:00,-19.7,-24.3,71,4.3,16.9,0.0,1007.1,0.0,0.9,8.9,46.6,-45.7,19.88,45.7,1.9
2024-01-05T15:00,-18.8,-23.1,73,2.7,16.6,0.0,1007.2,0.0,0.0,8.7,46.4,-46.4,19.88,46.4,0.0
2024-01-05T16:00,-18.2,-22.3,79,2.3,16.2,0.0,1007.2,0.0,0.0,8.6,46.3,-46.3,19.88,46.3,0.0
2024-01-05T17:00,-17.6,-21.8,84,3.2,17.3,0.0,1007.3,0.0,0.0,8.6,46.3,-46.3,19.88,46.3,0.0
2024-01-05T18:00,-18.6,-23.2,84,5.6,21.2,0.0,1007.6,0.0,3.9,8.8,46.5,-42.6,19.88,42.6,8.4
2024-01-05T19:00,-17.9,-22.9,84,8.2,24.8,0.0,1007.9,0.0,17.9,8.9,46.6,-28.7,19.88,28.7,38.4
2024-01-05T20:00,-18.0,-23.1,84,9.4,27.4,0.0,1008.1,0.0,28.3,9.0,46.7,-18.4,19.88,18.4,60.6
2024-01-05T21:00,-19.4,-24.5,86,8.7,27.7,0.0,1008.3,0.0,22.0,9.1,46.8,-24.8,19.88,24.8,47.0
2024-01-05T22:00,-19.1,-24.1,87,7.9,25.6,0.0,1008.6,0.0,15.7,9.0,46.7,-31.0,19.88,31.0,33.6
2024-01-05T23:00,-18.3,-23.0,87,6.7,23.8,0.0,1008.8,0.0,8.5,8.8,46.5,-38.0,19.88,38.0,18.3
2024-01-06T00:00,-17.7,-22.3,87,5.6,20.9,0.0,1008.7,0.0,3.9,8.7,46.4,-42.5,19.88,42.5,8.4
2024-01-06T01:00,-18.1,-22.1,81,1.6,11.9,0.0,1008.9,0.0,0.0,8.5,46.2,-46.2,19.88,46.2,0.0
2024-01-06T02:00,-18.0,-22.1,80,1.8,11.9,0.0,1009.2,0.0,0.0,8.5,46.2,-46.2,19.88,46.2,0.0
2024-01-06T03:00,-18.1,-22.2,80,2.2,12.2,0.0,1009.3,0.0,0.0,8.6,46.3,-46.3,19.88,46.3,0.0
2024-01-06T04:00,-18.0,-22.1,79,1.8,12.6,0.0,1009.4,0.0,0.0,8.5,46.2,-46.2,19.88,46.2,0.0
2024-01-06T05:00,-17.9,-21.8,80,0.7,12.6,0.0,1009.5,0.0,0.0,8.5,46.2,-46.2,19.88,46.2,0.0
2024-01-06T06:00,-18.0,-21.9,81,0.8,11.5,0.0,1009.6,0.0,0.0,8.5,46.2,-46.2,19.88,46.2,0.0
2024-01-06T07:00,-18.2,-22.4,81,2.2,12.2,0.0,1009.9,0.0,0.0,8.6,46.3,-46.3,19.88,46.3,0.0
2024-01-06T08:00,-18.8,-23.2,79,3.4,12.6,0.0,1010.4,0.0,0.1,8.7,46.4,-46.3,19.88,46.3,0.2
2024-01-06T09:00,-19.6,-24.3,76,5.5,12.2,0.0,1011.0,0.0,3.6,8.9,46.6,-43.0,19.88,43.0,7.7
2024-01-06T10:00,-20.2,-24.9,74,5.7,11.5,0.0,1011.2,0.0,4.2,9.0,46.7,-42.5,19.88,42.5,9.0
2024-01-06T11:00,-20.3,-25.1,75,5.9,11.2,0.0,1011.3,0.0,5.0,9.0,46.7,-41.7,19.88,41.7,10.7
2024-01-06T12:00,-20.6,-25.3,76,5.9,10.8,0.0,1011.4,0.0,5.0,9.1,46.8,-41.8,19.88,41.8,10.7
2024-01-06T13:00,-22.6,-27.5,78,6.4,10.8,0.0,1011.9,0.0,7.0,9.3,47.0,-40.0,19.88,40.0,14.9
2024-01-06T14:00,-22.3,-27.1,74,6.2,10.4,0.0,1012.2,0.0,6.2,9.3,47.0,-40.8,19.88,40.8,13.2
2024-01-06T15:00,-21.7,-26.5,71,5.9,10.8,0.0,1012.4,0.0,5.0,9.2,46.9,-41.9,19.88,41.9,10.7
2024-01-06T16:00,-21.3,-26.1,71,5.6,11.2,0.0,1012.5,0.0,3.9,9.1,46.8,-42.9,19.88,42.9,8.3
2024-01-06T17:00,-20.8,-25.5,70,5.5,11.5,0.0,1012.6,0.0,3.6,9.1,46.8,-43.2,19.88,43.2,7.7
2024-01-06T18:00,-20.2,-24.9,68,5.3,11.9,0.0,1012.6,0.0,3.0,9.0,46.7,-43.7,19.88,43.7,6.4
2024-01-06T19:00,-20.0,-24.8,67,5.8,11.9,0.0,1012.7,0.0,4.6,9.0,46.7,-42.1,19.88,42.1,9.9
2024-01-06T20:00,-20.0,-24.7,68,5.7,11.9,0.0,1012.8,0.0,4.2,9.0,46.7,-42.5,19.88,42.5,9.0
2024-01-06T21:00,-20.0,-24.8,70,5.9,11.5,0.0,1013.1,0.0,5.0,9.0,46.7,-41.7,19.88,41.7,10.7
2024-01-06T22:00,-19.9,-24.6,72,5.4,11.5,0.0,1013.5,0.0,3.3,9.0,46.7,-43.4,19.88,43.4,7.1
2024-01-06T23:00,-19.8,-24.5,74,5.4,10.8,0.0,1013.5,0.0,3.3,8.9,46.6,-43.3,19.88,43.3,7.1
2024-01-07T00:00,-20.0,-24.8,75,6.0,11.2,0.0,1013.6,0.0,5.4,9.0,46.7,-41.3,19.88,41.3,11.6
2024-01-07T01:00,-20.9,-25.6,76,5.5,12.2,0.0,1013.9,0.0,3.6,9.1,46.8,-43.2,19.88,43.2,7.7
2024-01-07T02:00,-21.3,-26.0,77,5.4,10.4,0.0,1013.9,0.0,3.3,9.1,46.8,-43.5,19.88,43.5,7.1
2024-01-07T03:00,-21.4,-26.2,77,5.9,10.8,0.0,1013.9,0.0,5.0,9.2,46.9,-41.9,19.88,41.9,10.7
2024-01-07T04:00,-21.6,-26.4,75,6.1,11.5,0.0,1014.0,0.0,5.8,9.2,46.9,-41.1,19.88,41.1,12.4
2024-01-07T05:00,-21.9,-26.9,73,6.6,12.2,0.0,1013.9,0.0,8.0,9.3,47.0,-39.0,19.88,39.0,17.0
2024-01-07T06:00,-21.9,-26.9,71,6.6,13.0,0.0,1013.7,0.0,8.0,9.3,47.0,-39.0,19.88,39.0,17.0
2024-01-07T07:00,-22.4,-27.4,71,6.9,13.3,0.0,1013.7,0.0,9.5,9.3,47.0,-37.5,19.88,37.5,20.2
2024-01-07T08:00,-21.9,-26.8,68,6.3,14.0,0.0,1013.8,0.0,6.6,9.2,46.9,-40.3,19.88,40.3,14.1
2024-01-07T09:00,-22.3,-27.3,68,7.0,14.0,0.0,1013.9,0.0,10.1,9.3,47.0,-36.9,19.88,36.9,21.5
2024-01-07T10:00,-22.6,-27.6,68,7.0,14.8,0.0,1013.9,0.0,10.1,9.4,47.1,-37.0,19.88,37.0,21.4
2024-01-07T11:00,-22.6,-27.6,67,7.0,14.8,0.0,1013.9,0.0,10.1,9.4,47.1,-37.0,19.88,37.0,21.4
2024-01-07T12:00,-22.9,-28.0,67,7.2,14.8,0.0,1013.6,0.0,11.2,9.4,47.1,-35.9,19.88,35.9,23.8
2024-01-07T13:00,-23.5,-28.6,66,7.7,15.1,0.0,1013.7,0.0,14.4,9.5,47.2,-32.8,19.88,32.8,30.5
2024-01-07T14:00,-24.1,-29.4,68,8.4,15.1,0.0,1013.4,0.0,19.5,9.6,47.3,-27.8,19.88,27.8,41.2
2024-01-07T15:00,-23.5,-28.6,67,7.9,15.8,0.0,1012.9,0.0,15.7,9.5,47.2,-31.5,19.88,31.5,33.3
2024-01-07T16:00,-23.3,-28.5,66,8.2,15.1,0.0,1012.6,0.0,17.9,9.5,47.2,-29.3,19.88,29.3,37.9
2024-01-07T17:00,-23.8,-29.1,67,9.0,16.6,0.0,1012.3,0.0,24.6,9.6,47.3,-22.7,19.88,22.7,52.0
2024-01-07T18:00,-24.1,-29.5,67,9.4,20.2,0.0,1013.1,0.0,28.3,9.7,47.4,-19.1,19.88,19.1,59.7
2024-01-07T19:00,-23.6,-28.9,67,8.6,19.8,0.0,1013.0,0.0,21.1,9.6,47.3,-26.2,19.88,26.2,44.6
2024-01-07T20:00,-25.3,-30.9,72,10.5,21.2,0.0,1013.2,0.0,40.2,9.9,47.6,-7.4,19.88,7.4,84.5
2024-01-07T21:00,-24.2,-29.5,70,9.0,21.6,0.0,1013.2,0.0,24.6,9.7,47.4,-22.8,19.88,22.8,51.9
2024-01-07T22:00,-23.8,-29.2,69,9.8,20.2,0.0,1013.1,0.0,32.4,9.7,47.4,-15.0,19.88,15.0,68.4
2024-01-07T23:00,-23.2,-28.8,67,10.9,23.0,0.0,1012.8,0.0,45.0,9.7,47.4,-2.4,19.88,2.4,94.9
2024-01-08T00:00,-22.6,-27.9,65,9.1,22.7,0.0,1012.5,0.0,25.5,9.5,47.2,-21.7,19.88,21.7,54.0
2024-01-08T01:00,-19.6,-25.0,67,10.2,24.8,0.0,1012.6,0.0,36.7,9.2,46.9,-10.2,19.88,10.2,78.3
2024-01-08T02:00,-18.4,-23.8,68,10.5,25.9,0.0,1012.6,0.0,40.2,9.1,46.8,-6.6,19.88,6.6,85.9
2024-01-08T03:00,-17.2,-22.6,69,10.5,25.9,0.0,1012.5,0.0,40.2,8.9,46.6,-6.4,19.88,6.4,86.3
2024-01-08T04:00,-16.7,-22.1,70,10.6,25.2,0.0,1012.5,0.0,41.4,8.9,46.6,-5.2,19.88,5.2,88.8
2024-01-08T05:00,-15.9,-21.2,73,10.3,24.8,0.0,1012.0,0.0,37.9,8.7,46.4,-8.5,19.88,8.5,81.7
2024-01-08T06:00,-15.7,-21.0,76,10.3,24.5,0.0,1011.5,0.0,37.9,8.7,46.4,-8.5,19.88,8.5,81.7
2024-01-08T07:00,-15.4,-20.6,77,10.1,24.8,0.0,1011.2,0.0,35.6,8.7,46.4,-10.8,19.88,10.8,76.7
2024-01-08T08:00,-14.6,-19.7,81,10.0,24.8,0.0,1011.2,0.0,34.5,8.6,46.3,-11.8,19.88,11.8,74.5
2024-01-08T09:00,-14.4,-19.6,81,10.1,24.1,0.0,1011.3,0.0,35.6,8.6,46.3,-10.7,19.88,10.7,76.9
2024-01-08T10:00,-14.5,-19.7,80,10.4,24.5,0.0,1011.1,0.0,39.0,8.6,46.3,-7.3,19.88,7.3,84.2
2024-01-08T11:00,-15.4,-20.7,77,10.7,24.8,0.0,1011.0,0.0,42.6,8.7,46.4,-3.8,19.88,3.8,91.8
2024-01-08T12:00,-15.8,-21.1,78,10.7,24.8,0.0,1010.8,0.0,42.6,8.8,46.5,-3.9,19.88,3.9,91.6
2024-01-08T13:00,-14.7,-19.9,78,10.3,24.5,0.0,1011.1,0.0,37.9,8.6,46.3,-8.4,19.88,8.4,81.9
2024-01-08T14:00,-14.7,-19.8,77,9.5,22.0,0.0,1010.9,0.0,29.3,8.6,46.3,-17.0,19.88,17.0,63.3
2024-01-08T15:00,-15.2,-20.4,78,9.8,21.6,0.0,1010.9,0.0,32.4,8.6,46.3,-13.9,19.88,13.9,70.0
2024-01-08T16:00,-15.4,-20.5,79,9.8,21.6,0.0,1010.8,0.0,32.4,8.7,46.4,-14.0,19.88,14.0,69.8
2024-01-08T17:00,-14.9,-20.0,79,9.6,21.2,0.0,1010.6,0.0,30.3,8.6,46.3,-16.0,19.88,16.0,65.4
2024-01-08T18:00,-15.1,-20.1,79,9.2,21.2,0.0,1010.7,0.0,26.4,8.6,46.3,-19.9,19.88,19.9,57.0
2024-01-08T19:00,-14.9,-19.9,79,9.1,20.2,0.0,1010.7,0.0,25.5,8.6,46.3,-20.8,19.88,20.8,55.1
2024-01-08T20:00,-14.9,-19.9,79,9.0,19.4,0.0,1011.1,0.0,24.6,8.6,46.3,-21.7,19.88,21.7,53.1
2024-01-08T21:00,-15.0,-20.0,79,9.0,19.4,0.0,1011.1,0.0,24.6,8.6,46.3,-21.7,19.88,21.7,53.1
2024-01-08T22:00,-15.7,-20.8,79,9.1,19.4,0.0,1011.2,0.0,25.5,8.7,46.4,-20.9,19.88,20.9,55.0
2024-01-08T23:00,-15.7,-20.8,79,9.2,20.2,0.0,1011.7,0.0,26.4,8.7,46.4,-20.0,19.88,20.0,56.9
2024-01-09T00:00,-15.1,-20.1,78,8.8,19.8,0.0,1011.9,0.0,22.8,8.6,46.3,-23.5,19.88,23.5,49.2
2024-01-09T01:00,-13.7,-18.8,78,10.2,25.2,0.0,1010.9,0.0,36.7,8.5,46.2,-9.5,19.88,9.5,79.4
2024-01-09T02:00,-13.9,-19.0,78,9.7,24.5,0.0,1011.0,0.0,31.3,8.5,46.2,-14.9,19.88,14.9,67.7
2024-01-09T03:00,-14.2,-19.3,79,9.9,22.7,0.0,1011.2,0.0,33.4,8.5,46.2,-12.8,19.88,12.8,72.3
2024-01-09T04:00,-13.8,-18.8,79,9.2,23.0,0.0,1011.6,0.0,26.4,8.4,46.1,-19.7,19.88,19.7,57.3
2024-01-09T05:00,-14.2,-19.2,80,8.9,21.6,0.0,1011.8,0.0,23.7,8.5,46.2,-22.5,19.88,22.5,51.3
2024-01-09T06:00,-14.5,-19.6,80,9.4,22.7,0.0,1011.7,0.0,28.3,8.5,46.2,-17.9,19.88,17.9,61.3
2024-01-09T07:00,-15.4,-20.5,80,9.2,22.7,0.0,1012.2,0.0,26.4,8.6,46.3,-19.9,19.88,19.9,57.0
2024-01-09T08:00,-15.4,-20.6,79,9.7,23.0,0.0,1012.8,0.0,31.3,8.7,46.4,-15.1,19.88,15.1,67.5
2024-01-09T09:00,-16.6,-21.9,80,10.2,23.8,0.0,1013.3,0.0,36.7,8.8,46.5,-9.8,19.88,9.8,78.9
2024-01-09T10:00,-18.5,-23.7,83,9.7,24.1,0.0,1013.6,0.0,31.3,9.0,46.7,-15.4,19.88,15.4,67.0
2024-01-09T11:00,-19.2,-24.4,86,9.7,24.1,0.0,1014.2,0.0,31.3,9.1,46.8,-15.5,19.88,15.5,66.9
2024-01-09T12:00,-19.9,-25.2,88,9.9,23.8,0.0,1014.9,0.0,33.4,9.2,46.9,-13.5,19.88,13.5,71.2
2024-01-09T13:00,-21.2,-26.5,86,9.7,20.5,0.0,1015.4,0.0,31.3,9.4,47.1,-15.8,19.88,15.8,66.5
2024-01-09T14:00,-22.5,-28.0,86,11.2,21.6,0.0,1015.5,0.0,48.9,9.6,47.3,1.6,20.26,0.0,100.0
2024-01-09T15:00,-23.2,-28.9,81,11.6,23.4,0.0,1015.4,0.0,54.3,9.7,47.4,6.9,21.9,0.0,100.0
2024-01-09T16:00,-23.4,-29.1,79,11.5,24.1,0.0,1015.5,0.0,52.9,9.7,47.4,5.5,23.21,0.0,100.0
2024-01-09T17:00,-22.6,-28.4,77,12.3,25.9,0.0,1015.6,0.0,57.0,9.7,47.4,9.6,25.49,0.0,100.0
2024-01-09T18:00,-21.0,-26.7,77,12.0,27.0,0.0,1015.3,0.0,57.0,9.5,47.2,9.8,27.82,0.0,100.0
2024-01-09T19:00,-19.8,-25.6,78,13.1,29.5,0.0,1015.3,0.0,0.0,9.4,47.1,-47.1,19.61,15.8,0.0
2024-01-09T20:00,-19.6,-25.5,77,13.8,30.6,0.0,1015.4,0.0,0.0,9.4,47.1,-47.1,19.61,47.1,0.0
2024-01-09T21:00,-19.3,-25.1,75,13.0,31.0,0.0,1015.9,0.0,0.0,9.3,47.0,-47.0,19.61,47.0,0.0
2024-01-09T22:00,-19.1,-24.9,74,13.0,30.6,0.0,1015.4,0.0,0.0,9.3,47.0,-47.0,19.61,47.0,0.0
2024-01-09T23:00,-19.0,-24.8,74,13.0,31.0,0.0,1015.5,0.0,0.0,9.3,47.0,-47.0,19.61,47.0,0.0
2024-01-10T00:00,-19.8,-25.6,75,13.3,32.0,0.0,1015.3,0.0,0.0,9.4,47.1,-47.1,19.61,47.1,0.0
2024-01-10T01:00,-19.5,-25.5,74,14.8,37.1,0.0,1015.2,0.0,0.0,9.4,47.1,-47.1,19.61,47.1,0.0
2024-01-10T02:00,-19.6,-25.7,74,14.6,37.1,0.0,1015.2,0.0,0.0,9.4,47.1,-47.1,19.61,47.1,0.0
2024-01-10T03:00,-19.4,-25.3,74,14.2,37.8,0.0,1015.5,0.0,0.0,9.4,47.1,-47.1,19.61,47.1,0.0
2024-01-10T04:00,-19.3,-25.2,73,13.4,37.8,0.0,1016.0,0.0,0.0,9.3,47.0,-47.0,19.61,47.0,0.0
2024-01-10T05:00,-20.3,-26.1,74,13.2,36.7,0.0,1016.7,0.0,0.0,9.5,47.2,-47.2,19.61,47.2,0.0
2024-01-10T06:00,-21.1,-27.0,75,13.6,35.6,0.0,1017.6,0.0,0.0,9.6,47.3,-47.3,19.61,47.3,0.0
2024-01-10T07:00,-20.6,-26.5,75,13.5,36.4,0.0,1018.6,0.0,0.0,9.5,47.2,-47.2,19.61,47.2,0.0
2024-01-10T08:00,-20.8,-26.5,75,12.5,35.6,0.0,1019.6,0.0,0.0,9.5,47.2,-47.2,19.61,47.2,0.0
2024-01-10T09:00,-22.2,-27.9,77,12.0,32.4,0.0,1020.2,0.0,0.0,9.6,47.3,-47.3,19.61,47.3,0.0
2024-01-10T10:00,-22.8,-28.5,78,11.8,29.5,0.0,1020.7,0.0,0.0,9.7,47.4,-47.4,19.61,47.4,0.0
2024-01-10T11:00,-22.6,-28.2,77,11.1,27.7,0.0,1021.0,0.0,47.6,9.6,47.3,0.3,19.68,0.0,100.0
2024-01-10T12:00,-22.9,-28.3,77,10.2,24.8,0.0,1021.3,0.0,36.7,9.6,47.3,-10.6,19.68,10.6,77.6
2024-01-10T13:00,-19.0,-24.5,72,11.4,24.5,0.0,1020.8,0.0,51.6,9.2,46.9,4.7,20.8,0.0,100.0
2024-01-10T14:00,-19.0,-24.5,71,11.4,24.1,0.0,1020.9,0.0,51.6,9.2,46.9,4.7,21.92,0.0,100.0
2024-01-10T15:00,-19.1,-24.5,71,10.0,23.4,0.0,1021.0,0.0,34.5,9.1,46.8,-12.3,19.9,4.6,73.7
2024-01-10T16:00,-18.3,-23.6,70,9.6,20.9,0.0,1021.1,0.0,30.3,9.0,46.7,-16.4,19.9,16.4,64.9
2024-01-10T17:00,-17.6,-22.8,69,8.7,20.2,0.0,1021.7,0.0,22.0,8.9,46.6,-24.6,19.9,24.6,47.2
2024-01-10T18:00,-17.3,-22.3,69,7.9,18.7,0.0,1022.0,0.0,15.7,8.8,46.5,-30.8,19.9,30.8,33.8
2024-01-10T19:00,-16.9,-21.9,69,8.3,18.7,0.0,1021.7,0.0,18.7,8.8,46.5,-27.8,19.9,27.8,40.2
2024-01-10T20:00,-16.1,-21.1,67,8.0,20.2,0.0,1021.6,0.0,16.5,8.7,46.4,-29.9,19.9,29.9,35.6
2024-01-10T21:00,-16.2,-21.1,67,7.1,19.8,0.0,1021.2,0.0,10.6,8.6,46.3,-35.7,19.9,35.7,22.9
2024-01-10T22:00,-16.4,-21.3,68,7.2,18.0,0.0,1020.8,0.0,11.2,8.6,46.3,-35.1,19.9,35.1,24.2
2024-01-10T23:00,-16.6,-21.6,68,8.0,19.8,0.0,1020.5,0.0,16.5,8.7,46.4,-29.9,19.9,29.9,35.6
2024-01-11T00:00,-15.0,-19.9,68,8.0,20.5,0.0,1019.9,0.0,16.5,8.5,46.2,-29.7,19.9,29.7,35.7
2024-01-11T01:00,-13.5,-18.2,73,6.9,23.0,0.0,1018.5,0.0,9.5,8.3,46.0,-36.5,19.9,36.5,20.7
2024-01-11T02:00,-12.5,-17.2,71,7.1,20.9,0.0,1018.0,0.0,10.6,8.2,45.9,-35.3,19.9,35.3,23.1
2024-01-11T03:00,-12.1,-16.8,72,7.8,21.2,0.0,1017.9,0.0,15.1,8.2,45.9,-30.8,19.9,30.8,32.9
2024-01-11T04:00,-11.7,-16.4,74,8.1,20.9,0.0,1017.7,0.0,17.2,8.1,45.8,-28.6,19.9,28.6,37.6
2024-01-11T05:00,-11.4,-16.1,75,7.9,20.2,0.0,1017.4,0.0,15.7,8.1,45.8,-30.1,19.9,30.1,34.3
2024-01-11T06:00,-11.8,-16.4,77,7.6,18.4,0.0,1017.5,0.0,13.7,8.1,45.8,-32.1,19.9,32.1,29.9
2024-01-11T07:00,-12.4,-17.2,78,8.3,18.7,0.0,1017.6,0.0,18.7,8.2,45.9,-27.2,19.9,27.2,40.7
2024-01-11T08:00,-12.9,-18.0,79,10.0,23.8,0.0,1017.7,0.0,34.5,8.4,46.1,-11.6,19.9,11.6,74.8
2024-01-11T09:00,-13.5,-18.8,77,11.2,27.7,0.0,1018.0,0.0,48.9,8.5,46.2,2.7,20.54,0.0,100.0
2024-01-11T10:00,-14.2,-19.7,76,12.3,32.0,0.0,1018.9,0.0,0.0,8.6,46.3,-46.3,19.97,44.1,0.0
2024-01-11T11:00,-15.3,-20.9,75,12.7,34.2,0.0,1019.4,0.0,0.0,8.8,46.5,-46.5,19.97,46.5,0.0
2024-01-11T12:00,-18.4,-24.1,78,12.6,34.6,0.0,1019.7,0.0,0.0,9.2,46.9,-46.9,19.97,46.9,0.0
2024-01-11T13:00,-18.6,-24.3,81,12.9,39.2,0.0,1020.0,0.0,0.0,9.2,46.9,-46.9,19.97,46.9,0.0
2024-01-11T14:00,-19.2,-24.6,83,10.4,34.9,0.0,1020.1,0.0,0.0,9.2,46.9,-46.9,19.97,46.9,0.0
2024-01-11T15:00,-18.9,-24.2,83,10.0,29.9,0.0,1019.9,0.0,0.0,9.1,46.8,-46.8,19.97,46.8,0.0
2024-01-11T16:00,-17.9,-23.1,79,9.3,28.1,0.0,1020.0,0.0,0.0,8.9,46.6,-46.6,19.97,46.6,0.0
2024-01-11T17:00,-17.4,-22.6,71,9.2,25.9,0.0,1020.1,0.0,26.4,8.9,46.6,-20.2,19.97,20.2,56.7
2024-01-11T18:00,-15.1,-20.0,58,7.7,24.5,0.0,1020.3,0.0,14.4,8.5,46.2,-31.8,19.97,31.8,31.2
2024-01-11T19:00,-15.5,-20.4,55,6.6,20.2,0.0,1020.3,0.0,8.0,8.5,46.2,-38.2,19.97,38.2,17.3
2024-01-11T20:00,-16.4,-21.4,54,7.1,14.4,0.0,1020.4,0.0,10.6,8.6,46.3,-35.7,19.97,35.7,22.9
2024-01-11T21:00,-17.0,-22.1,52,7.6,11.9,0.0,1020.2,0.0,13.7,8.7,46.4,-32.7,19.97,32.7,29.5
2024-01-11T22:00,-16.4,-21.3,47,6.9,10.8,0.0,1019.9,0.0,9.5,8.6,46.3,-36.8,19.97,36.8,20.5
2024-01-11T23:00,-15.0,-19.7,40,5.5,10.8,0.0,1019.8,0.0,3.6,8.4,46.1,-42.5,19.97,42.5,7.8
2024-01-12T00:00,-14.4,-19.0,38,4.0,10.8,0.0,1019.7,0.0,0.5,8.3,46.0,-45.5,19.97,45.5,1.1
2024-01-12T01:00,-14.9,-19.7,37,5.4,13.3,0.0,1019.6,0.0,3.3,8.4,46.1,-42.8,19.97,42.8,7.2
2024-01-12T02:00,-14.9,-19.6,37,4.5,13.3,0.0,1019.1,0.0,1.2,8.3,46.0,-44.8,19.97,44.8,2.6
2024-01-12T03:00,-14.4,-18.9,41,3.6,13.3,0.0,1018.9,0.0,0.2,8.2,45.9,-45.7,19.97,45.7,0.4
2024-01-12T04:00,-14.2,-18.4,51,2.5,12.6,0.0,1018.9,0.0,0.0,8.2,45.9,-45.9,19.97,45.9,0.0
2024-01-12T05:00,-14.1,-18.4,59,3.5,12.2,0.0,1018.0,0.0,0.1,8.2,45.9,-45.8,19.97,45.8,0.2
2024-01-12T06:00,-14.1,-18.3,63,3.3,12.2,0.0,1017.5,0.0,0.0,8.2,45.9,-45.9,19.97,45.9,0.0
2024-01-12T07:00,-14.2,-18.4,68,3.4,11.5,0.0,1017.0,0.0,0.1,8.2,45.9,-45.8,19.97,45.8,0.2
2024-01-12T08:00,-14.4,-18.7,70,4.1,11.9,0.0,1016.7,0.0,0.6,8.3,46.0,-45.4,19.97,45.4,1.3
2024-01-12T09:00,-14.4,-18.7,70,4.1,12.2,0.0,1016.0,0.0,0.6,8.3,46.0,-45.4,19.97,45.4,1.3
2024-01-12T10:00,-14.3,-18.6,68,4.1,12.6,0.0,1015.6,0.0,0.6,8.2,45.9,-45.3,19.97,45.3,1.3
2024-01-12T11:00,-14.2,-18.5,67,3.3,13.0,0.0,1015.3,0.0,0.0,8.2,45.9,-45.9,19.97,45.9,0.0
2024-01-12T12:00,-14.2,-18.4,65,3.3,14.0,0.0,1014.9,0.0,0.0,8.2,45.9,-45.9,19.97,45.9,0.0
2024-01-12T13:00,-14.1,-18.5,51,3.3,15.8,0.0,1014.3,0.0,0.0,8.2,45.9,-45.9,19.97,45.9,0.0
2024-01-12T14:00,-14.3,-18.6,52,3.0,15.5,0.0,1013.9,0.0,0.0,8.2,45.9,-45.9,19.97,45.9,0.0
2024-01-12T15:00,-14.4,-18.8,55,3.6,16.9,0.0,1013.7,0.0,0.2,8.2,45.9,-45.7,19.97,45.7,0.4
2024-01-12T16:00,-14.8,-19.3,59,4.8,19.1,0.0,1013.5,0.0,1.7,8.3,46.0,-44.3,19.97,44.3,3.7
2024-01-12T17:00,-15.0,-19.5,62,4.8,20.5,0.0,1013.1,0.0,1.7,8.4,46.1,-44.4,19.97,44.4,3.7
2024-01-12T18:00,-14.9,-19.4,62,4.8,22.7,0.0,1012.9,0.0,1.7,8.3,46.0,-44.3,19.97,44.3,3.7
2024-01-12T19:00,-14.6,-19.2,62,5.5,24.1,0.0,1012.4,0.0,3.6,8.4,46.1,-42.5,19.97,42.5,7.8
2024-01-12T20:00,-14.3,-18.9,65,5.6,24.1,0.0,1012.2,0.0,3.9,8.3,46.0,-42.1,19.97,42.1,8.5
2024-01-12T21:00,-14.2,-18.7,69,5.2,24.1,0.0,1011.9,0.0,2.7,8.3,46.0,-43.3,19.97,43.3,5.9
2024-01-12T22:00,-14.3,-18.9,72,5.7,23.8,0.0,1011.8,0.0,4.2,8.3,46.0,-41.8,19.97,41.8,9.1
2024-01-12T23:00,-14.4,-19.1,73,6.7,25.2,0.0,1011.6,0.0,8.5,8.4,46.1,-37.6,19.97,37.6,18.4
2024-01-13T00:00,-14.6,-19.3,75,6.7,25.2,0.0,1011.2,0.0,8.5,8.4,46.1,-37.6,19.97,37.6,18.4
2024-01-13T01:00,-14.7,-19.4,77,6.9,26.6,0.0,1010.6,0.0,9.5,8.4,46.1,-36.6,19.97,36.6,20.6
2024-01-13T02:00,-16.4,-21.4,81,8.3,26.6,0.0,1010.0,0.0,18.7,8.7,46.4,-27.7,19.97,27.7,40.3
2024-01-13T03:00,-18.4,-23.6,83,9.2,29.5,0.0,1009.7,0.0,0.0,9.0,46.7,-46.7,19.97,46.7,0.0
2024-01-13T04:00,-19.9,-25.2,83,10.0,31.3,0.0,1009.5,0.0,0.0,9.2,46.9,-46.9,19.97,46.9,0.0
2024-01-13T05:00,-20.0,-25.2,80,9.4,31.7,0.0,1009.2,0.0,0.0,9.2,46.9,-46.9,19.97,46.9,0.0
2024-01-13T06:00,-19.7,-24.9,78,8.7,29.5,0.0,1009.1,0.0,0.0,9.1,46.8,-46.8,19.97,46.8,0.0
2024-01-13T07:00,-20.6,-25.9,79,9.3,29.2,0.0,1009.0,0.0,0.0,9.3,47.0,-47.0,19.97,47.0,0.0
2024-01-13T08:00,-21.1,-26.5,78,9.7,29.5,0.0,1009.3,0.0,0.0,9.3,47.0,-47.0,19.97,47.0,0.0
2024-01-13T09:00,-21.6,-27.0,79,9.9,28.4,0.0,1009.5,0.0,0.0,9.4,47.1,-47.1,19.97,47.1,0.0
2024-01-13T10:00,-20.0,-25.0,74,7.9,26.6,0.0,1009.9,0.0,15.7,9.1,46.8,-31.1,19.97,31.1,33.5
2024-01-13T11:00,-19.6,-24.2,73,5.2,21.2,0.0,1010.2,0.0,2.7,8.9,46.6,-43.9,19.97,43.9,5.8
2024-01-13T12:00,-19.7,-24.3,73,4.7,16.9,0.0,1010.4,0.0,1.5,8.9,46.6,-45.1,19.97,45.1,3.2
2024-01-13T13:00,-19.3,-23.8,71,4.2,17.3,0.0,1010.6,0.0,0.7,8.8,46.5,-45.8,19.97,45.8,1.5
2024-01-13T14:00,-19.6,-24.1,75,4.2,18.7,0.0,1010.8,0.0,0.7,8.8,46.5,-45.8,19.97,45.8,1.5
2024-01-13T15:00,-19.7,-24.3,75,4.8,19.4,0.0,1011.3,0.0,1.7,8.9,46.6,-44.9,19.97,44.9,3.6
2024-01-13T16:00,-19.9,-24.5,74,4.3,19.4,0.0,1011.5,0.0,0.9,8.9,46.6,-45.7,19.97,45.7,1.9
2024-01-13T17:00,-20.1,-24.7,72,4.8,19.1,0.0,1011.6,0.0,1.7,8.9,46.6,-44.9,19.97,44.9,3.6
2024-01-13T18:00,-20.1,-24.7,70,4.8,19.4,0.0,1011.8,0.0,1.7,8.9,46.6,-44.9,19.97,44.9,3.6
2024-01-13T19:00,-20.4,-25.1,71,4.8,18.7,0.0,1012.0,0.0,1.7,9.0,46.7,-45.0,19.97,45.0,3.6
2024-01-13T20:00,-20.7,-25.3,72,5.0,18.4,0.0,1012.4,0.0,2.2,9.0,46.7,-44.5,19.97,44.5,4.7
2024-01-13T21:00,-20.7,-25.4,74,4.9,18.0,0.0,1012.6,0.0,2.0,9.0,46.7,-44.7,19.97,44.7,4.3
2024-01-13T22:00,-20.8,-25.4,75,4.9,17.3,0.0,1012.6,0.0,2.0,9.0,46.7,-44.7,19.97,44.7,4.3
2024-01-13T23:00,-21.3,-26.1,77,5.5,17.3,0.0,1012.6,0.0,3.6,9.1,46.8,-43.2,19.97,43.2,7.7
2024-01-14T00:00,-21.9,-26.5,78,5.0,17.6,0.0,1012.4,0.0,2.2,9.2,46.9,-44.7,19.97,44.7,4.7
2024-01-14T01:00,-22.0,-26.8,78,6.0,18.0,0.0,1012.5,0.0,5.4,9.2,46.9,-41.5,19.97,41.5,11.5
2024-01-14T02:00,-22.3,-27.2,79,6.0,18.0,0.0,1012.7,0.0,5.4,9.3,47.0,-41.6,19.97,41.6,11.5
2024-01-14T03:00,-23.0,-27.7,81,5.2,18.4,0.0,1012.8,0.0,2.7,9.3,47.0,-44.3,19.97,44.3,5.7
2024-01-14T04:00,-23.2,-28.0,80,5.4,18.7,0.0,1013.0,0.0,3.3,9.3,47.0,-43.7,19.97,43.7,7.0
2024-01-14T05:00,-23.2,-27.9,78,4.8,19.1,0.0,1012.9,0.0,1.7,9.3,47.0,-45.3,19.97,45.3,3.6
2024-01-14T06:00,-23.3,-28.0,77,5.1,18.4,0.0,1012.9,0.0,2.4,9.3,47.0,-44.6,19.97,44.6,5.1
2024-01-14T07:00,-23.4,-28.1,78,4.8,18.0,0.0,1012.9,0.0,1.7,9.3,47.0,-45.3,19.97,45.3,3.6
2024-01-14T08:00,-23.3,-27.9,78,4.6,17.3,0.0,1013.0,0.0,1.3,9.3,47.0,-45.7,19.97,45.7,2.8
2024-01-14T09:00,-23.4,-28.1,78,4.6,16.9,0.0,1012.7,0.0,1.3,9.3,47.0,-45.7,19.97,45.7,2.8
2024-01-14T10:00,-23.7,-28.4,77,5.1,16.6,0.0,1012.6,0.0,2.4,9.4,47.1,-44.7,19.97,44.7,5.1
2024-01-14T11:00,-24.0,-28.8,75,5.4,16.2,0.0,1012.2,0.0,3.3,9.4,47.1,-43.8,19.97,43.8,7.0
2024-01-14T12:00,-24.5,-29.4,73,6.5,17.3,0.0,1012.1,0.0,7.5,9.5,47.2,-39.7,19.97,39.7,15.9
2024-01-14T13:00,-25.8,-30.9,69,6.7,18.0,0.0,1011.3,0.0,8.5,9.7,47.4,-38.9,19.97,38.9,17.9
2024-01-14T14:00,-25.9,-30.9,69,6.6,17.3,0.0,1011.0,0.0,8.0,9.7,47.4,-39.4,19.97,39.4,16.9
2024-01-14T15:00,-25.8,-30.8,68,6.4,16.2,0.0,1010.4,0.0,7.0,9.7,47.4,-40.4,19.97,40.4,14.8
2024-01-14T16:00,-24.7,-29.7,63,6.4,14.8,0.0,1010.0,0.0,7.0,9.6,47.3,-40.3,19.97,40.3,14.8
2024-01-14T17:00,-24.7,-29.7,63,6.1,14.0,0.0,1009.7,0.0,5.8,9.5,47.2,-41.4,19.97,41.4,12.3
2024-01-14T18:00,-25.4,-30.4,64,6.4,15.1,0.0,1009.2,0.0,7.0,9.6,47.3,-40.3,19.97,40.3,14.8
2024-01-14T19:00,-26.8,-31.8,69,6.6,15.8,0.0,1008.8,0.0,8.0,9.8,47.5,-39.5,19.97,39.5,16.8
2024-01-14T20:00,-27.4,-32.5,70,7.1,16.2,0.0,1008.7,0.0,10.6,9.9,47.6,-37.0,19.97,37.0,22.3
2024-01-14T21:00,-27.8,-32.9,72,7.1,16.6,0.0,1008.1,0.0,10.6,10.0,47.7,-37.1,19.97,37.1,22.2
2024-01-14T22:00,-28.0,-33.1,73,7.4,17.6,0.0,1008.1,0.0,12.4,10.0,47.7,-35.3,19.97,35.3,26.0
2024-01-14T23:00,-28.9,-34.2,74,8.2,20.5,0.0,1007.9,0.0,17.9,10.2,47.9,-30.0,19.97,30.0,37.4
2024-01-15T00:00,-29.2,-34.6,76,8.7,23.4,0.0,1008.0,0.0,22.0,10.3,48.0,-26.0,19.97,26.0,45.8
2024-01-15T01:00,-29.1,-34.5,82,8.7,24.8,0.0,1008.1,0.0,22.0,10.2,47.9,-25.9,19.97,25.9,45.9
2024-01-15T02:00,-28.8,-34.1,82,8.5,25.6,0.0,1008.4,0.0,20.3,10.2,47.9,-27.6,19.97,27.6,42.4
2024-01-15T03:00,-29.5,-34.9,84,9.0,27.4,0.0,1008.4,0.0,24.6,10.3,48.0,-23.4,19.97,23.4,51.3
2024-01-15T04:00,-30.2,-35.7,83,9.8,29.9,0.0,1008.6,0.0,0.0,10.5,48.2,-48.2,19.97,48.2,0.0
2024-01-15T05:00,-30.0,-35.5,82,9.8,30.6,0.0,1009.0,0.0,0.0,10.4,48.1,-48.1,19.97,48.1,0.0
2024-01-15T06:00,-30.0,-35.5,83,9.4,31.0,0.0,1009.7,0.0,0.0,10.4,48.1,-48.1,19.97,48.1,0.0
2024-01-15T07:00,-30.6,-36.1,84,9.9,32.4,0.0,1010.5,0.0,0.0,10.5,48.2,-48.2,19.97,48.2,0.0
2024-01-15T08:00,-30.9,-36.5,84,10.7,34.9,0.0,1011.5,0.0,0.0,10.6,48.3,-48.3,19.97,48.3,0.0
2024-01-15T09:00,-31.0,-36.7,85,10.9,36.0,0.0,1012.3,0.0,0.0,10.6,48.3,-48.3,19.97,48.3,0.0
2024-01-15T10:00,-31.0,-36.6,85,10.8,36.4,0.0,1013.2,0.0,0.0,10.6,48.3,-48.3,19.97,48.3,0.0
2024-01-15T11:00,-30.5,-36.0,85,10.1,35.6,0.0,1013.9,0.0,0.0,10.5,48.2,-48.2,19.97,48.2,0.0
2024-01-15T12:00,-29.7,-35.2,82,9.7,34.2,0.0,1014.6,0.0,0.0,10.4,48.1,-48.1,19.97,48.1,0.0
2024-01-15T13:00,-29.3,-34.9,75,10.5,35.3,0.0,1014.2,0.0,0.0,10.4,48.1,-48.1,19.97,48.1,0.0
2024-01-15T14:00,-28.4,-33.9,73,9.7,34.6,0.0,1014.7,0.0,0.0,10.2,47.9,-47.9,19.97,47.9,0.0
2024-01-15T15:00,-28.2,-33.7,71,10.1,33.8,0.0,1015.7,0.0,0.0,10.2,47.9,-47.9,19.97,47.9,0.0
2024-01-15T16:00,-27.8,-33.3,70,10.1,34.9,0.0,1016.3,0.0,0.0,10.2,47.9,-47.9,19.97,47.9,0.0
2024-01-15T17:00,-27.4,-32.9,72,10.1,35.3,0.0,1017.1,0.0,0.0,10.1,47.8,-47.8,19.97,47.8,0.0
2024-01-15T18:00,-27.0,-32.5,72,9.8,36.0,0.0,1017.6,0.0,0.0,10.1,47.8,-47.8,19.97,47.8,0.0
2024-01-15T19:00,-26.2,-31.6,73,9.3,35.3,0.0,1018.3,0.0,0.0,9.9,47.6,-47.6,19.97,47.6,0.0
2024-01-15T20:00,-26.1,-31.6,77,9.8,34.6,0.0,1019.0,0.0,0.0,10.0,47.7,-47.7,19.97,47.7,0.0
2024-01-15T21:00,-25.3,-30.7,77,9.6,34.6,0.0,1019.4,0.0,0.0,9.8,47.5,-47.5,19.97,47.5,0.0
2024-01-15T22:00,-24.8,-30.2,76,9.3,33.1,0.0,1019.7,0.0,0.0,9.8,47.5,-47.5,19.97,47.5,0.0
2024-01-15T23:00,-23.9,-29.2,72,8.5,32.0,0.0,1019.8,0.0,0.0,9.6,47.3,-47.3,19.97,47.3,0.0
2024-01-16T00:00,-23.8,-29.0,70,8.2,29.9,0.0,1020.0,0.0,0.0,9.6,47.3,-47.3,19.97,47.3,0.0
2024-01-16T01:00,-23.0,-28.1,65,7.5,28.4,0.0,1020.0,0.0,0.0,9.4,47.1,-47.1,19.97,47.1,0.0
2024-01-16T02:00,-23.1,-28.3,62,8.0,28.4,0.0,1020.2,0.0,0.0,9.5,47.2,-47.2,19.97,47.2,0.0
2024-01-16T03:00,-24.2,-29.5,62,8.6,28.4,0.0,1020.1,0.0,0.0,9.6,47.3,-47.3,19.97,47.3,0.0
2024-01-16T04:00,-24.9,-30.2,64,8.7,28.1,0.0,1019.8,0.0,0.0,9.7,47.4,-47.4,19.97,47.4,0.0
2024-01-16T05:00,-25.8,-31.1,66,8.8,28.4,0.0,1019.8,0.0,0.0,9.9,47.6,-47.6,19.97,47.6,0.0
2024-01-16T06:00,-26.0,-31.3,67,9.0,28.1,0.0,1019.9,0.0,0.0,9.9,47.6,-47.6,19.97,47.6,0.0
2024-01-16T07:00,-27.0,-32.4,70,9.3,29.2,0.0,1019.8,0.0,0.0,10.0,47.7,-47.7,19.97,47.7,0.0
2024-01-16T08:00,-28.0,-33.5,75,9.7,30.2,0.0,1020.2,0.0,0.0,10.2,47.9,-47.9,19.97,47.9,0.0
2024-01-16T09:00,-29.0,-34.5,78,10.1,31.7,0.0,1020.4,0.0,0.0,10.3,48.0,-48.0,19.97,48.0,0.0
2024-01-16T10:00,-30.1,-35.8,80,10.7,33.1,0.0,1020.7,0.0,0.0,10.5,48.2,-48.2,19.97,48.2,0.0
2024-01-16T11:00,-31.3,-37.0,81,11.4,34.9,0.0,1020.8,0.0,0.0,10.7,48.4,-48.4,19.97,48.4,0.0
2024-01-16T12:00,-31.5,-37.3,81,11.2,36.0,0.0,1020.7,0.0,0.0,10.7,48.4,-48.4,19.97,48.4,0.0
2024-01-16T13:00,-30.7,-36.3,77,10.1,34.2,0.0,1019.6,0.0,0.0,10.5,48.2,-48.2,19.97,48.2,0.0
2024-01-16T14:00,-30.7,-36.2,76,9.5,33.5,0.0,1019.6,0.0,0.0,10.5,48.2,-48.2,19.97,48.2,0.0
2024-01-16T15:00,-31.5,-37.1,78,10.2,34.2,0.0,1019.9,0.0,0.0,10.6,48.3,-48.3,19.97,48.3,0.0
2024-01-16T16:00,-31.9,-37.5,79,10.1,36.0,0.0,1019.8,0.0,0.0,10.7,48.4,-48.4,19.97,48.4,0.0
2024-01-16T17:00,-31.3,-36.8,78,9.4,36.0,0.0,1020.0,0.0,0.0,10.6,48.3,-48.3,19.97,48.3,0.0
2024-01-16T18:00,-30.8,-36.1,76,8.6,36.0,0.0,1020.3,0.0,0.0,10.4,48.1,-48.1,19.97,48.1,0.0
2024-01-16T19:00,-29.8,-35.1,72,7.9,35.3,0.0,1020.1,0.0,0.0,10.3,48.0,-48.0,19.97,48.0,0.0
2024-01-16T20:00,-28.7,-33.9,68,7.3,33.5,0.0,1020.2,0.0,0.0,10.1,47.8,-47.8,19.97,47.8,0.0
2024-01-16T21:00,-28.5,-33.6,64,7.3,33.1,0.0,1020.0,0.0,0.0,10.1,47.8,-47.8,19.97,47.8,0.0
2024-01-16T22:00,-28.0,-33.1,60,6.8,34.2,0.0,1019.7,0.0,0.0,10.0,47.7,-47.7,19.97,47.7,0.0
2024-01-16T23:00,-28.9,-34.0,61,7.2,35.6,0.0,1019.2,0.0,0.0,10.1,47.8,-47.8,19.97,47.8,0.0
2024-01-17T00:00,-28.1,-33.4,61,7.8,38.5,0.0,1018.7,0.0,0.0,10.1,47.8,-47.8,19.97,47.8,0.0
2024-01-17T01:00,-27.6,-33.2,59,10.1,40.7,0.0,1018.4,0.0,0.0,10.2,47.9,-47.9,19.97,47.9,0.0
2024-01-17T02:00,-28.3,-34.3,69,13.0,44.6,0.0,1018.3,0.0,0.0,10.4,48.1,-48.1,19.97,48.1,0.0
2024-01-17T03:00,-28.2,-33.7,74,10.1,43.6,0.0,1018.1,0.0,0.0,10.2,47.9,-47.9,19.97,47.9,0.0
2024-01-17T04:00,-27.9,-33.4,75,9.9,41.0,0.0,1018.5,0.0,0.0,10.2,47.9,-47.9,19.97,47.9,0.0
2024-01-17T05:00,-27.4,-33.0,73,10.5,42.1,0.0,1018.8,0.0,0.0,10.2,47.9,-47.9,19.97,47.9,0.0
2024-01-17T06:00,-26.7,-32.3,72,10.5,41.4,0.0,1018.6,0.0,0.0,10.1,47.8,-47.8,19.97,47.8,0.0
2024-01-17T07:00,-25.0,-30.5,66,9.8,39.6,0.0,1018.8,0.0,0.0,9.8,47.5,-47.5,19.97,47.5,0.0
2024-01-17T08:00,-24.6,-30.1,69,10.4,41.0,0.0,1018.8,0.0,0.0,9.8,47.5,-47.5,19.97,47.5,0.0
2024-01-17T09:00,-21.2,-26.4,70,8.0,41.0,0.0,1020.0,0.0,0.0,9.3,47.0,-47.0,19.97,47.0,0.0
2024-01-17T10:00,-19.7,-25.4,73,12.3,45.0,0.0,1020.7,0.0,0.0,9.3,47.0,-47.0,19.97,47.0,0.0
2024-01-17T11:00,-16.9,-22.8,74,14.4,47.9,0.0,1020.6,0.0,0.0,9.1,46.8,-46.8,19.97,46.8,0.0
2024-01-17T12:00,-16.4,-22.4,76,15.3,50.8,0.0,1020.7,0.0,0.0,9.1,46.8,-46.8,19.97,46.8,0.0
2024-01-17T13:00,-12.9,-19.1,78,17.6,59.0,0.0,1020.7,0.0,0.0,8.7,46.4,-46.4,19.97,46.4,0.0
2024-01-17T14:00,-12.7,-18.6,78,15.4,57.2,0.0,1021.2,0.0,0.0,8.6,46.3,-46.3,19.97,46.3,0.0
2024-01-17T15:00,-13.9,-19.5,78,13.4,51.8,0.0,1021.9,0.0,0.0,8.7,46.4,-46.4,19.97,46.4,0.0
2024-01-17T16:00,-14.9,-20.6,77,13.9,45.7,0.0,1022.3,0.0,0.0,8.8,46.5,-46.5,19.97,46.5,0.0
2024-01-17T17:00,-15.5,-21.3,76,14.0,43.2,0.0,1022.5,0.0,0.0,8.9,46.6,-46.6,19.97,46.6,0.0
2024-01-17T18:00,-18.7,-24.5,79,13.9,40.7,0.0,1022.9,0.0,0.0,9.3,47.0,-47.0,19.97,47.0,0.0
2024-01-17T19:00,-20.0,-25.8,81,13.4,38.5,0.0,1023.1,0.0,0.0,9.4,47.1,-47.1,19.97,47.1,0.0
2024-01-17T20:00,-20.9,-26.4,82,11.4,36.7,0.0,1023.3,0.0,0.0,9.4,47.1,-47.1,19.97,47.1,0.0
2024-01-17T21:00,-20.9,-26.3,79,10.6,32.0,0.0,1023.3,0.0,0.0,9.4,47.1,-47.1,19.97,47.1,0.0
2024-01-17T22:00,-21.3,-26.8,71,10.8,30.6,0.0,1023.0,0.0,0.0,9.4,47.1,-47.1,19.97,47.1,0.0
2024-01-17T23:00,-22.2,-27.9,65,11.2,32.0,0.0,1022.6,0.0,0.0,9.6,47.3,-47.3,19.97,47.3,0.0
2024-01-18T00:00,-23.1,-28.8,63,11.5,33.8,0.0,1022.0,0.0,0.0,9.7,47.4,-47.4,19.97,47.4,0.0
2024-01-18T01:00,-22.3,-28.0,63,11.2,31.3,0.0,1020.5,0.0,0.0,9.6,47.3,-47.3,19.97,47.3,0.0
2024-01-18T02:00,-22.8,-28.4,60,10.8,31.0,0.0,1020.0,0.0,0.0,9.6,47.3,-47.3,19.97,47.3,0.0
2024-01-18T03:00,-23.6,-29.2,60,10.8,32.4,0.0,1019.7,0.0,0.0,9.7,47.4,-47.4,19.97,47.4,0.0
2024-01-18T04:00,-24.0,-29.5,60,10.4,33.5,0.0,1019.4,0.0,0.0,9.7,47.4,-47.4,19.97,47.4,0.0
2024-01-18T05:00,-24.1,-29.7,62,10.2,34.2,0.0,1019.0,0.0,0.0,9.7,47.4,-47.4,19.97,47.4,0.0
2024-01-18T06:00,-24.0,-29.4,65,9.3,34.2,0.0,1018.2,0.0,0.0,9.7,47.4,-47.4,19.97,47.4,0.0
2024-01-18T07:00,-23.5,-28.8,67,8.9,33.8,0.0,1017.5,0.0,0.0,9.6,47.3,-47.3,19.97,47.3,0.0
2024-01-18T08:00,-23.4,-28.7,71,8.9,34.9,0.0,1017.1,0.0,0.0,9.6,47.3,-47.3,19.97,47.3,0.0
2024-01-18T09:00,-21.8,-26.9,73,7.9,34.9,0.0,1016.5,0.0,0.0,9.3,47.0,-47.0,19.97,47.0,0.0
2024-01-18T10:00,-20.9,-25.9,74,7.3,35.3,0.0,1015.9,0.0,0.0,9.2,46.9,-46.9,19.97,46.9,0.0
2024-01-18T11:00,-20.9,-25.9,73,7.2,35.6,0.0,1015.3,0.0,0.0,9.2,46.9,-46.9,19.97,46.9,0.0
2024-01-18T12:00,-21.5,-26.4,75,6.9,35.3,0.0,1014.7,0.0,0.0,9.2,46.9,-46.9,19.97,46.9,0.0
2024-01-18T13:00,-22.5,-27.5,77,6.9,32.8,0.0,1014.6,0.0,0.0,9.3,47.0,-47.0,19.97,47.0,0.0
2024-01-18T14:00,-25.0,-30.4,80,9.2,36.4,0.0,1013.7,0.0,0.0,9.8,47.5,-47.5,19.97,47.5,0.0
2024-01-18T15:00,-24.9,-30.4,74,10.1,40.3,0.0,1012.9,0.0,0.0,9.8,47.5,-47.5,19.97,47.5,0.0
2024-01-18T16:00,-22.7,-28.4,70,11.5,42.1,0.0,1012.3,0.0,0.0,9.7,47.4,-47.4,19.97,47.4,0.0
2024-01-18T17:00,-21.4,-27.1,70,12.1,42.1,0.0,1011.8,0.0,0.0,9.5,47.2,-47.2,19.97,47.2,0.0
2024-01-18T18:00,-21.7,-27.4,73,11.9,42.1,0.0,1011.6,0.0,0.0,9.6,47.3,-47.3,19.97,47.3,0.0
2024-01-18T19:00,-23.5,-29.1,79,11.2,40.0,0.0,1011.1,0.0,0.0,9.7,47.4,-47.4,19.97,47.4,0.0
2024-01-18T20:00,-24.1,-29.7,80,11.2,36.7,0.0,1010.8,0.0,0.0,9.8,47.5,-47.5,19.97,47.5,0.0
2024-01-18T21:00,-24.3,-29.9,80,11.2,33.8,0.0,1010.4,0.0,0.0,9.8,47.5,-47.5,19.97,47.5,0.0
2024-01-18T22:00,-23.7,-29.1,80,9.9,32.4,0.0,1010.0,0.0,0.0,9.7,47.4,-47.4,19.97,47.4,0.0
2024-01-18T23:00,-23.9,-29.3,81,9.5,30.2,0.0,1009.6,0.0,0.0,9.7,47.4,-47.4,19.97,47.4,0.0
2024-01-19T00:00,-24.5,-30.0,83,9.9,30.2,0.0,1008.9,0.0,0.0,9.8,47.5,-47.5,19.97,47.5,0.0
2024-01-19T01:00,-26.0,-31.5,81,10.2,32.4,0.0,1008.1,0.0,0.0,10.0,47.7,-47.7,19.97,47.7,0.0
2024-01-19T02:00,-26.3,-31.8,83,10.3,32.8,0.0,1007.5,0.0,0.0,10.0,47.7,-47.7,19.97,47.7,0.0
2024-01-19T03:00,-26.2,-31.7,83,10.0,32.4,0.0,1006.9,0.0,0.0,10.0,47.7,-47.7,19.97,47.7,0.0
2024-01-19T04:00,-26.6,-32.2,84,10.5,32.8,0.0,1006.2,0.0,0.0,10.1,47.8,-47.8,19.97,47.8,0.0
2024-01-19T05:00,-26.8,-32.4,85,10.7,33.1,0.0,1005.6,0.0,0.0,10.1,47.8,-47.8,19.97,47.8,0.0
2024-01-19T06:00,-26.2,-31.8,84,10.4,33.5,0.0,1005.0,0.0,0.0,10.0,47.7,-47.7,19.97,47.7,0.0
2024-01-19T07:00,-26.5,-32.0,84,10.5,32.4,0.0,1004.8,0.0,0.0,10.1,47.8,-47.8,19.97,47.8,0.0
2024-01-19T08:00,-26.9,-32.5,85,10.8,33.1,0.0,1004.6,0.0,0.0,10.1,47.8,-47.8,19.97,47.8,0.0
2024-01-19T09:00,-26.8,-32.4,85,10.7,33.5,0.0,1004.1,0.0,0.0,10.1,47.8,-47.8,19.97,47.8,0.0
2024-01-19T10:00,-26.2,-31.7,84,10.0,32.8,0.0,1003.5,0.0,0.0,10.0,47.7,-47.7,19.97,47.7,0.0
2024-01-19T11:00,-25.2,-30.6,81,9.3,31.0,0.0,1002.9,0.0,0.0,9.8,47.5,-47.5,19.97,47.5,0.0
2024-01-19T12:00,-24.8,-30.1,80,9.2,27.7,0.0,1002.1,0.0,26.4,9.8,47.5,-21.1,19.97,21.1,55.6
2024-01-19T13:00,-23.8,-29.0,74,8.5,25.6,0.0,1001.1,0.0,20.3,9.6,47.3,-27.0,19.97,27.0,42.9
2024-01-19T14:00,-23.4,-28.6,73,8.4,23.0,0.0,1000.7,0.0,19.5,9.5,47.2,-27.7,19.97,27.7,41.3
2024-01-19T15:00,-22.9,-28.1,71,8.4,22.3,0.0,1000.3,0.0,19.5,9.5,47.2,-27.7,19.97,27.7,41.3
2024-01-19T16:00,-23.2,-28.4,72,8.2,21.2,0.0,999.9,0.0,17.9,9.5,47.2,-29.3,19.97,29.3,37.9
2024-01-19T17:00,-23.0,-28.2,72,7.9,20.5,0.0,999.3,0.0,15.7,9.5,47.2,-31.5,19.97,31.5,33.3
2024-01-19T18:00,-23.1,-28.3,73,7.9,19.1,0.0,998.6,0.0,15.7,9.5,47.2,-31.5,19.97,31.5,33.3
2024-01-19T19:00,-23.7,-28.9,73,8.2,18.0,0.0,998.2,0.0,17.9,9.6,47.3,-29.4,19.97,29.4,37.8
2024-01-19T20:00,-23.9,-29.1,72,8.3,18.0,0.0,998.1,0.0,18.7,9.6,47.3,-28.6,19.97,28.6,39.5
2024-01-19T21:00,-23.3,-28.5,71,7.7,18.0,0.0,997.8,0.0,14.4,9.5,47.2,-32.8,19.97,32.8,30.5
2024-01-19T22:00,-22.4,-27.4,69,6.9,16.6,0.0,997.5,0.0,9.5,9.3,47.0,-37.5,19.97,37.5,20.2
2024-01-19T23:00,-21.6,-26.5,68,6.8,14.4,0.0,997.2,0.0,9.0,9.2,46.9,-37.9,19.97,37.9,19.2
2024-01-20T00:00,-19.4,-24.2,63,6.0,13.3,0.0,996.8,0.0,5.4,8.9,46.6,-41.2,19.97,41.2,11.6
2024-01-20T01:00,-21.6,-26.6,68,6.9,14.4,0.0,996.6,0.0,9.5,9.2,46.9,-37.4,19.97,37.4,20.3
2024-01-20T02:00,-19.4,-24.3,63,6.2,11.9,0.0,996.4,0.0,6.2,8.9,46.6,-40.4,19.97,40.4,13.3
2024-01-20T03:00,-17.8,-22.5,60,5.1,8.6,0.0,996.1,0.0,2.4,8.7,46.4,-44.0,19.97,44.0,5.2
2024-01-20T04:00,-17.2,-21.7,61,4.4,9.0,0.0,995.9,0.0,1.0,8.6,46.3,-45.3,19.97,45.3,2.2
2024-01-20T05:00,-16.7,-21.1,62,4.1,9.7,0.0,995.5,0.0,0.6,8.5,46.2,-45.6,19.97,45.6,1.3
2024-01-20T06:00,-16.4,-20.8,65,3.8,10.4,0.0,995.2,0.0,0.3,8.5,46.2,-45.9,19.97,45.9,0.6
2024-01-20T07:00,-16.0,-20.4,70,3.7,10.4,0.0,995.1,0.0,0.2,8.4,46.1,-45.9,19.97,45.9,0.4
2024-01-20T08:00,-15.9,-20.2,75,4.0,10.4,0.0,995.2,0.0,0.5,8.4,46.1,-45.6,19.97,45.6,1.1
2024-01-20T09:00,-15.6,-20.0,78,4.0,10.8,0.0,995.1,0.0,0.5,8.4,46.1,-45.6,19.97,45.6,1.1
2024-01-20T10:00,-15.5,-19.8,78,3.9,10.8,0.0,995.1,0.0,0.4,8.4,46.1,-45.7,19.97,45.7,0.9
2024-01-20T11:00,-15.4,-19.6,78,3.3,10.4,0.0,995.1,0.0,0.0,8.3,46.0,-46.0,19.97,46.0,0.0
2024-01-20T12:00,-16.1,-20.5,81,4.4,11.2,0.0,995.2,0.0,1.0,8.5,46.2,-45.2,19.97,45.2,2.2
2024-01-20T13:00,-16.7,-21.0,76,3.4,10.4,0.0,995.7,0.0,0.1,8.5,46.2,-46.1,19.97,46.1,0.2
2024-01-20T14:00,-16.6,-20.9,78,3.8,10.1,0.0,995.7,0.0,0.3,8.5,46.2,-45.9,19.97,45.9,0.6
2024-01-20T15:00,-16.4,-20.8,80,4.0,11.5,0.0,995.7,0.0,0.5,8.5,46.2,-45.7,19.97,45.7,1.1
2024-01-20T16:00,-15.9,-20.2,82,3.6,12.2,0.0,996.0,0.0,0.2,8.4,46.1,-45.9,19.97,45.9,0.4
2024-01-20T17:00,-15.3,-19.5,83,3.6,13.0,0.0,996.0,0.0,0.2,8.3,46.0,-45.8,19.97,45.8,0.4
2024-01-20T18:00,-15.3,-19.7,83,4.7,13.0,0.0,996.1,0.0,1.5,8.4,46.1,-44.6,19.97,44.6,3.3
2024-01-20T19:00,-16.6,-21.2,80,5.4,13.7,0.0,996.1,0.0,3.3,8.6,46.3,-43.0,19.97,43.0,7.1
2024-01-20T20:00,-16.4,-21.0,79,5.8,14.4,0.0,996.6,0.0,4.6,8.6,46.3,-41.7,19.97,41.7,9.9
2024-01-20T21:00,-16.3,-20.9,78,5.8,14.8,0.0,996.9,0.0,4.6,8.6,46.3,-41.7,19.97,41.7,9.9
2024-01-20T22:00,-15.8,-20.3,78,5.4,14.8,0.0,997.1,0.0,3.3,8.5,46.2,-42.9,19.97,42.9,7.1
2024-01-20T23:00,-15.8,-20.4,77,5.4,15.1,0.0,997.4,0.0,3.3,8.5,46.2,-42.9,19.97,42.9,7.1
2024-01-21T00:00,-15.5,-20.0,75,5.2,15.1,0.0,997.4,0.0,2.7,8.4,46.1,-43.4,19.97,43.4,5.9
2024-01-21T01:00,-16.9,-21.5,80,5.8,15.1,0.0,998.0,0.0,4.6,8.6,46.3,-41.7,19.97,41.7,9.9
2024-01-21T02:00,-17.0,-21.7,81,6.0,14.0,0.0,998.3,0.0,5.4,8.7,46.4,-41.0,19.97,41.0,11.6
2024-01-21T03:00,-17.6,-22.3,82,6.6,13.3,0.0,998.5,0.0,8.0,8.8,46.5,-38.5,19.97,38.5,17.2
2024-01-21T04:00,-18.9,-23.9,84,7.7,15.1,0.0,998.6,0.0,14.4,9.0,46.7,-32.3,19.97,32.3,30.8
2024-01-21T05:00,-20.3,-25.6,83,9.7,17.6,0.0,998.7,0.0,31.3,9.2,46.9,-15.6,19.97,15.6,66.7
2024-01-21T06:00,-20.2,-25.6,83,10.0,20.2,0.0,998.5,0.0,34.5,9.3,47.0,-12.5,19.97,12.5,73.4
2024-01-21T07:00,-17.5,-22.8,76,10.0,22.0,0.0,997.9,0.0,34.5,8.9,46.6,-12.1,19.97,12.1,74.0
2024-01-21T08:00,-17.2,-22.5,75,10.2,24.5,0.0,997.4,0.0,36.7,8.9,46.6,-9.9,19.97,9.9,78.8
2024-01-21T09:00,-16.9,-21.9,77,8.4,24.8,0.0,997.1,0.0,19.5,8.8,46.5,-27.0,19.97,27.0,41.9
2024-01-21T10:00,-13.3,-18.2,73,8.5,27.0,0.0,996.8,0.0,20.3,8.3,46.0,-25.7,19.97,25.7,44.1
2024-01-21T11:00,-10.8,-15.6,74,8.6,29.2,0.0,996.7,0.0,0.0,8.1,45.8,-45.8,19.97,45.8,0.0
2024-01-21T12:00,-10.2,-15.0,76,8.8,30.2,0.0,996.7,0.0,0.0,8.0,45.7,-45.7,19.97,45.7,0.0
2024-01-21T13:00,-9.2,-13.9,84,9.3,29.9,0.0,997.3,0.0,0.0,7.9,45.6,-45.6,19.97,45.6,0.0
2024-01-21T14:00,-9.3,-13.8,85,8.1,29.9,0.0,997.3,0.0,0.0,7.9,45.6,-45.6,19.97,45.6,0.0
2024-01-21T15:00,-9.0,-13.5,84,8.0,28.1,0.0,997.3,0.0,0.0,7.8,45.5,-45.5,19.97,45.5,0.0
2024-01-21T16:00,-10.0,-14.6,86,8.2,27.0,0.0,997.3,0.0,17.9,7.9,45.6,-27.7,19.97,27.7,39.3
2024-01-21T17:00,-10.7,-15.3,88,8.4,26.6,0.0,997.2,0.0,19.5,8.0,45.7,-26.2,19.97,26.2,42.7
2024-01-21T18:00,-11.3,-16.0,90,8.6,25.9,0.0,997.1,0.0,21.1,8.1,45.8,-24.7,19.97,24.7,46.1
2024-01-21T19:00,-12.5,-17.3,96,8.8,24.1,0.0,997.0,0.0,22.8,8.3,46.0,-23.2,19.97,23.2,49.6
2024-01-21T20:00,-12.5,-17.2,96,8.8,22.3,0.0,996.8,0.0,22.8,8.3,46.0,-23.2,19.97,23.2,49.6
2024-01-21T21:00,-11.8,-16.3,92,7.8,21.2,0.0,996.9,0.0,15.1,8.1,45.8,-30.7,19.97,30.7,33.0
2024-01-21T22:00,-13.3,-18.1,91,8.8,20.2,0.0,997.2,0.0,22.8,8.4,46.1,-23.3,19.97,23.3,49.5
2024-01-21T23:00,-16.5,-21.8,89,10.5,25.9,0.0,996.4,0.0,40.2,8.8,46.5,-6.3,19.97,6.3,86.5
2024-01-22T00:00,-16.6,-22.1,83,12.0,31.7,0.0,996.0,0.0,0.0,8.9,46.6,-46.6,19.97,46.6,0.0
2024-01-22T01:00,-16.9,-22.5,78,12.6,33.5,0.0,995.8,0.0,0.0,9.0,46.7,-46.7,19.97,46.7,0.0
2024-01-22T02:00,-17.0,-22.6,74,12.4,37.1,0.0,995.8,0.0,0.0,9.0,46.7,-46.7,19.97,46.7,0.0
2024-01-22T03:00,-17.3,-22.9,78,12.5,41.0,0.0,995.6,0.0,0.0,9.0,46.7,-46.7,19.97,46.7,0.0
2024-01-22T04:00,-16.6,-22.4,85,13.9,49.0,0.0,994.7,0.0,0.0,9.0,46.7,-46.7,19.97,46.7,0.0
2024-01-22T05:00,-16.2,-22.1,82,14.4,52.9,0.0,994.2,0.0,0.0,9.0,46.7,-46.7,19.97,46.7,0.0
2024-01-22T06:00,-16.9,-22.5,81,13.0,53.3,0.0,994.2,0.0,0.0,9.0,46.7,-46.7,19.97,46.7,0.0
2024-01-22T07:00,-18.5,-23.9,83,10.6,52.2,0.0,994.6,0.0,0.0,9.1,46.8,-46.8,19.97,46.8,0.0
2024-01-22T08:00,-18.7,-24.0,84,10.0,49.0,0.0,994.7,0.0,0.0,9.1,46.8,-46.8,19.97,46.8,0.0
2024-01-22T09:00,-19.3,-24.8,85,11.4,50.8,0.0,994.2,0.0,0.0,9.2,46.9,-46.9,19.97,46.9,0.0
2024-01-22T10:00,-18.2,-24.2,84,14.8,56.2,0.0,993.3,0.0,0.0,9.3,47.0,-47.0,19.97,47.0,0.0
2024-01-22T11:00,-15.7,-21.7,83,15.3,58.3,0.0,992.7,0.0,0.0,9.0,46.7,-46.7,19.97,46.7,0.0
2024-01-22T12:00,-14.1,-20.2,83,16.4,59.4,0.0,992.3,0.0,0.0,8.8,46.5,-46.5,19.97,46.5,0.0
2024-01-22T13:00,-12.7,-18.7,82,16.5,59.8,0.0,992.3,0.0,0.0,8.7,46.4,-46.4,19.97,46.4,0.0
2024-01-22T14:00,-12.0,-18.1,85,17.5,60.1,0.0,991.9,0.0,0.0,8.6,46.3,-46.3,19.97,46.3,0.0
2024-01-22T15:00,-11.5,-17.8,85,19.2,63.4,0.0,991.3,0.0,0.0,8.6,46.3,-46.3,19.97,46.3,0.0
2024-01-22T16:00,-11.5,-17.7,86,18.5,64.4,0.0,990.4,0.0,0.0,8.6,46.3,-46.3,19.97,46.3,0.0
2024-01-22T17:00,-11.3,-17.3,86,17.0,65.2,0.0,989.8,0.0,0.0,8.5,46.2,-46.2,19.97,46.2,0.0
2024-01-22T18:00,-10.9,-17.2,83,19.1,66.2,0.0,989.1,0.0,0.0,8.5,46.2,-46.2,19.97,46.2,0.0
2024-01-22T19:00,-10.0,-17.0,83,24.6,76.7,0.0,987.7,0.0,0.0,8.6,46.3,-46.3,19.97,46.3,0.0
2024-01-22T20:00,-10.2,-17.0,82,23.4,78.8,0.0,987.4,0.0,0.0,8.6,46.3,-46.3,19.97,46.3,0.0
2024-01-22T21:00,-9.4,-16.0,83,22.7,77.0,0.0,986.3,0.0,0.0,8.5,46.2,-46.2,19.97,46.2,0.0
2024-01-22T22:00,-8.0,-14.8,82,24.2,77.4,0.0,985.4,0.0,0.0,8.3,46.0,-46.0,19.97,46.0,0.0
2024-01-22T23:00,-6.5,-13.1,81,23.1,77.4,0.0,984.5,0.0,0.0,8.1,45.8,-45.8,19.97,45.8,0.0
2024-01-23T00:00,-5.2,-12.0,79,25.2,81.4,0.0,983.9,0.0,0.0,8.0,45.7,-45.7,19.97,45.7,0.0
2024-01-23T01:00,-3.7,-10.2,79,24.0,77.4,0.0,983.0,0.0,0.0,7.7,45.4,-45.4,19.97,45.4,0.0
2024-01-23T02:00,-3.7,-10.4,79,26.2,81.4,0.0,982.6,0.0,0.0,7.8,45.5,-45.5,19.97,45.5,0.0
2024-01-23T03:00,-3.6,-10.7,78,28.3,86.4,0.0,982.4,0.0,0.0,7.9,45.6,-45.6,19.97,45.6,0.0
2024-01-23T04:00,-3.5,-10.7,78,29.1,88.2,0.0,982.1,0.0,0.0,7.9,45.6,-45.6,19.97,45.6,0.0
2024-01-23T05:00,-3.6,-10.9,78,29.7,88.9,0.0,982.1,0.0,0.0,7.9,45.6,-45.6,19.97,45.6,0.0
2024-01-23T06:00,-3.4,-10.7,78,29.6,89.3,0.0,982.2,0.0,0.0,7.9,45.6,-45.6,19.97,45.6,0.0
2024-01-23T07:00,-3.4,-10.5,78,28.5,88.9,0.0,982.3,0.0,0.0,7.8,45.5,-45.5,19.97,45.5,0.0
2024-01-23T08:00,-3.3,-10.2,78,27.2,85.7,0.0,982.5,0.0,0.0,7.8,45.5,-45.5,19.97,45.5,0.0
2024-01-23T09:00,-3.2,-9.7,78,25.0,84.2,0.0,982.5,0.0,0.0,7.7,45.4,-45.4,19.97,45.4,0.0
2024-01-23T10:00,-3.2,-9.4,79,23.1,78.8,0.0,982.3,0.0,0.0,7.6,45.3,-45.3,19.97,45.3,0.0
2024-01-23T11:00,-3.2,-9.0,79,19.9,74.2,0.0,982.3,0.0,0.0,7.5,45.2,-45.2,19.97,45.2,0.0
2024-01-23T12:00,-3.1,-8.5,81,17.9,66.6,0.0,982.3,0.0,0.0,7.4,45.1,-45.1,19.97,45.1,0.0
2024-01-23T13:00,-2.7,-7.9,82,15.9,55.4,0.0,983.0,0.0,0.0,7.3,45.0,-45.0,19.97,45.0,0.0
2024-01-23T14:00,-2.9,-8.1,82,16.6,56.2,0.0,983.0,0.0,0.0,7.4,45.1,-45.1,19.97,45.1,0.0
2024-01-23T15:00,-3.1,-8.5,82,17.2,59.4,0.0,982.9,0.0,0.0,7.4,45.1,-45.1,19.97,45.1,0.0
2024-01-23T16:00,-3.4,-8.8,81,17.2,59.4,0.0,982.6,0.0,0.0,7.5,45.2,-45.2,19.97,45.2,0.0
2024-01-23T17:00,-3.6,-9.1,82,17.6,60.1,0.0,982.3,0.0,0.0,7.5,45.2,-45.2,19.97,45.2,0.0
2024-01-23T18:00,-3.7,-9.3,81,18.5,61.6,0.0,982.0,0.0,0.0,7.5,45.2,-45.2,19.97,45.2,0.0
2024-01-23T19:00,-3.9,-9.5,81,18.7,63.0,0.0,981.7,0.0,0.0,7.6,45.3,-45.3,19.97,45.3,0.0
2024-01-23T20:00,-4.0,-9.9,81,20.2,64.8,0.0,981.4,0.0,0.0,7.6,45.3,-45.3,19.97,45.3,0.0
2024-01-23T21:00,-4.0,-10.1,80,21.5,67.7,0.0,981.0,0.0,0.0,7.7,45.4,-45.4,19.97,45.4,0.0
2024-01-23T22:00,-3.8,-9.6,81,19.8,67.7,0.0,980.7,0.0,0.0,7.6,45.3,-45.3,19.97,45.3,0.0
2024-01-23T23:00,-3.6,-9.6,80,21.1,67.7,0.0,980.4,0.0,0.0,7.6,45.3,-45.3,19.97,45.3,0.0
2024-01-24T00:00,-3.3,-9.4,80,21.9,68.0,0.0,979.7,0.0,0.0,7.6,45.3,-45.3,19.97,45.3,0.0
2024-01-24T01:00,-2.9,-9.1,80,22.7,70.6,0.0,979.6,0.0,0.0,7.6,45.3,-45.3,19.97,45.3,0.0
2024-01-24T02:00,-2.8,-9.0,81,22.9,69.8,0.0,979.3,0.0,0.0,7.6,45.3,-45.3,19.97,45.3,0.0
2024-01-24T03:00,-2.6,-8.7,81,22.9,70.9,0.0,979.2,0.0,0.0,7.5,45.2,-45.2,19.97,45.2,0.0
2024-01-24T04:00,-2.5,-8.7,80,23.7,69.5,0.0,979.2,0.0,0.0,7.5,45.2,-45.2,19.97,45.2,0.0
2024-01-24T05:00,-2.6,-8.6,81,22.2,69.8,0.0,979.2,0.0,0.0,7.5,45.2,-45.2,19.97,45.2,0.0
2024-01-24T06:00,-2.6,-8.2,81,19.4,66.2,0.0,979.6,0.0,0.0,7.4,45.1,-45.1,19.97,45.1,0.0
2024-01-24T07:00,-2.6,-7.8,81,16.4,59.4,0.0,980.0,0.0,0.0,7.3,45.0,-45.0,19.97,45.0,0.0
2024-01-24T08:00,-2.6,-7.5,82,14.3,51.8,0.0,980.7,0.0,0.0,7.3,45.0,-45.0,19.97,45.0,0.0
2024-01-24T09:00,-2.7,-7.0,83,10.0,45.4,0.0,981.2,0.0,0.0,7.1,44.8,-44.8,19.97,44.8,0.0
2024-01-24T10:00,-3.1,-6.9,86,6.9,34.2,0.0,981.8,0.0,0.0,7.1,44.8,-44.8,19.97,44.8,0.0
2024-01-24T11:00,-3.7,-7.2,88,4.7,23.0,0.0,982.4,0.0,1.5,7.1,44.8,-43.3,19.97,43.3,3.3
2024-01-24T12:00,-3.9,-7.3,88,4.0,15.1,0.0,982.9,0.0,0.5,7.1,44.8,-44.3,19.97,44.3,1.1
2024-01-24T13:00,-4.1,-7.6,92,4.9,14.4,0.0,983.2,0.0,2.0,7.1,44.8,-42.8,19.97,42.8,4.5
2024-01-24T14:00,-5.3,-9.0,94,5.8,14.8,0.0,983.9,0.0,4.6,7.3,45.0,-40.4,19.97,40.4,10.2
2024-01-24T15:00,-7.6,-11.7,95,7.5,16.9,0.0,984.4,0.0,13.1,7.6,45.3,-32.2,19.97,32.2,28.9
2024-01-24T16:00,-9.2,-13.8,94,9.5,20.2,0.0,984.9,0.0,29.3,7.9,45.6,-16.3,19.97,16.3,64.3
2024-01-24T17:00,-10.4,-15.2,92,10.2,22.3,0.0,985.5,0.0,36.7,8.1,45.8,-9.1,19.97,9.1,80.1
2024-01-24T18:00,-10.6,-15.4,91,10.0,22.3,0.0,986.3,0.0,34.5,8.1,45.8,-11.3,19.97,11.3,75.3
2024-01-24T19:00,-10.0,-14.9,91,11.0,26.3,0.0,987.1,0.0,46.3,8.1,45.8,0.5,20.09,0.0,100.0
2024-01-24T20:00,-7.1,-11.7,91,10.3,27.0,0.0,988.5,0.0,37.9,7.7,45.4,-7.5,20.0,7.1,83.6
2024-01-24T21:00,-5.7,-10.0,91,9.0,27.7,0.0,989.5,0.0,24.6,7.5,45.2,-20.6,20.0,20.6,54.4
2024-01-24T22:00,-5.4,-9.5,90,8.2,26.6,0.0,990.6,0.0,17.9,7.4,45.1,-27.2,20.0,27.2,39.7
2024-01-24T23:00,-5.4,-9.4,92,7.6,25.6,0.0,991.7,0.0,13.7,7.4,45.1,-31.4,20.0,31.4,30.4
2024-01-25T00:00,-5.6,-9.4,93,6.4,25.6,0.0,992.4,0.0,7.0,7.4,45.1,-38.1,20.0,38.1,15.5
2024-01-25T01:00,-5.9,-9.8,92,6.3,25.6,0.0,993.0,0.0,6.6,7.4,45.1,-38.5,20.0,38.5,14.6
2024-01-25T02:00,-5.9,-9.5,89,4.0,25.2,0.0,993.6,0.0,0.5,7.3,45.0,-44.5,20.0,44.5,1.1
2024-01-25T03:00,-7.3,-11.3,90,6.4,20.2,0.0,994.0,0.0,7.0,7.5,45.2,-38.2,20.0,38.2,15.5
2024-01-25T04:00,-6.1,-10.3,89,7.6,22.3,0.0,994.5,0.0,13.7,7.5,45.2,-31.5,20.0,31.5,30.3
2024-01-25T05:00,-6.1,-10.2,89,7.4,23.4,0.0,994.8,0.0,12.4,7.4,45.1,-32.7,20.0,32.7,27.5
2024-01-25T06:00,-6.1,-10.3,90,7.7,24.1,0.0,995.0,0.0,14.4,7.5,45.2,-30.8,20.0,30.8,31.9
2024-01-25T07:00,-8.7,-13.1,95,8.9,26.6,0.0,994.9,0.0,23.7,7.8,45.5,-21.8,20.0,21.8,52.1
2024-01-25T08:00,-10.0,-14.9,95,11.0,33.5,0.0,994.7,0.0,0.0,8.1,45.8,-45.8,20.0,45.8,0.0
2024-01-25T09:00,-5.6,-10.4,84,12.2,39.2,0.0,994.1,0.0,0.0,7.6,45.3,-45.3,20.0,45.3,0.0
2024-01-25T10:00,-4.6,-9.3,81,11.5,39.6,0.0,993.6,0.0,0.0,7.4,45.1,-45.1,20.0,45.1,0.0
2024-01-25T11:00,-3.1,-7.8,82,12.8,42.5,0.0,993.2,0.0,0.0,7.3,45.0,-45.0,20.0,45.0,0.0
2024-01-25T12:00,-2.2,-6.8,86,12.7,43.9,0.0,992.9,0.0,0.0,7.2,44.9,-44.9,20.0,44.9,0.0
2024-01-25T13:00,-0.9,-5.4,85,13.0,48.2,0.0,993.4,0.0,0.0,7.0,44.7,-44.7,20.0,44.7,0.0
2024-01-25T14:00,-0.4,-4.7,87,12.4,47.2,0.0,993.9,0.0,0.0,6.9,44.6,-44.6,20.0,44.6,0.0
2024-01-25T15:00,0.3,-3.7,88,11.7,43.2,0.0,994.9,0.0,0.0,6.8,44.5,-44.5,20.0,44.5,0.0
2024-01-25T16:00,0.3,-3.5,91,10.5,40.7,0.0,995.7,0.0,0.0,6.8,44.5,-44.5,20.0,44.5,0.0
2024-01-25T17:00,-0.5,-4.0,94,8.1,36.0,0.0,995.9,0.0,0.0,6.8,44.5,-44.5,20.0,44.5,0.0
2024-01-25T18:00,-0.6,-3.9,96,7.1,31.7,0.0,996.3,0.0,0.0,6.8,44.5,-44.5,20.0,44.5,0.0
2024-01-25T19:00,0.5,-2.8,95,8.2,33.8,0.0,996.4,0.0,0.0,6.7,44.4,-44.4,20.0,44.4,0.0
2024-01-25T20:00,1.3,-2.4,91,11.4,40.7,0.0,996.2,0.0,0.0,6.7,44.4,-44.4,20.0,44.4,0.0
2024-01-25T21:00,2.0,-1.8,89,12.6,43.6,0.0,997.1,0.0,0.0,6.6,44.3,-44.3,20.0,44.3,0.0
2024-01-25T22:00,2.3,-1.9,90,15.0,49.7,0.0,996.7,0.0,0.0,6.7,44.4,-44.4,20.0,44.4,0.0
2024-01-25T23:00,2.6,-1.3,90,13.0,50.0,0.0,996.5,0.0,0.0,6.6,44.3,-44.3,20.0,44.3,0.0
2024-01-26T00:00,3.0,-1.0,90,14.4,49.3,0.0,996.3,0.0,0.0,6.5,44.2,-44.2,20.0,44.2,0.0
2024-01-26T01:00,3.0,-1.2,89,16.0,55.8,0.0,996.8,0.0,0.0,6.6,44.3,-44.3,20.0,44.3,0.0
2024-01-26T02:00,3.3,-1.2,88,17.7,58.7,0.0,996.9,0.0,0.0,6.6,44.3,-44.3,20.0,44.3,0.0
2024-01-26T03:00,3.3,-1.4,87,19.5,61.2,0.0,996.9,0.0,0.0,6.6,44.3,-44.3,20.0,44.3,0.0
2024-01-26T04:00,3.2,-1.4,90,19.5,61.6,0.0,997.0,0.0,0.0,6.6,44.3,-44.3,20.0,44.3,0.0
2024-01-26T05:00,3.1,-1.6,92,19.8,63.0,0.0,997.0,0.0,0.0,6.7,44.4,-44.4,20.0,44.4,0.0
2024-01-26T06:00,2.9,-1.4,93,17.6,63.7,0.0,997.6,0.0,0.0,6.6,44.3,-44.3,20.0,44.3,0.0
2024-01-26T07:00,2.9,-1.2,93,15.5,58.3,0.0,997.9,0.0,0.0,6.6,44.3,-44.3,20.0,44.3,0.0
2024-01-26T08:00,2.8,-1.3,94,15.9,53.3,0.0,998.2,0.0,0.0,6.6,44.3,-44.3,20.0,44.3,0.0
2024-01-26T09:00,2.8,-1.6,93,17.7,55.8,0.0,998.4,0.0,0.0,6.7,44.4,-44.4,20.0,44.4,0.0
2024-01-26T10:00,2.9,-1.2,91,16.0,57.2,0.0,998.5,0.0,0.0,6.6,44.3,-44.3,20.0,44.3,0.0
2024-01-26T11:00,3.1,-1.0,89,15.3,52.6,0.0,999.0,0.0,0.0,6.6,44.3,-44.3,20.0,44.3,0.0
2024-01-26T12:00,3.0,-1.0,89,14.0,50.4,0.0,999.3,0.0,0.0,6.5,44.2,-44.2,20.0,44.2,0.0
2024-01-26T13:00,3.1,-0.4,89,11.6,46.8,0.0,999.1,0.0,0.0,6.5,44.2,-44.2,20.0,44.2,0.0
2024-01-26T14:00,3.1,-0.5,89,11.8,40.3,0.0,999.1,0.0,0.0,6.5,44.2,-44.2,20.0,44.2,0.0
2024-01-26T15:00,2.9,-1.1,86,13.9,45.4,0.0,998.9,0.0,0.0,6.5,44.2,-44.2,20.0,44.2,0.0
2024-01-26T16:00,1.9,-2.3,86,14.2,48.2,0.0,999.0,0.0,0.0,6.7,44.4,-44.4,20.0,44.4,0.0
2024-01-26T17:00,1.7,-2.7,88,15.5,51.1,0.0,998.7,0.0,0.0,6.7,44.4,-44.4,20.0,44.4,0.0
2024-01-26T18:00,0.8,-4.0,86,17.2,55.4,0.0,998.7,0.0,0.0,6.9,44.6,-44.6,20.0,44.6,0.0
2024-01-26T19:00,-0.9,-5.8,81,15.8,55.4,0.0,998.7,0.0,0.0,7.1,44.8,-44.8,20.0,44.8,0.0
2024-01-26T20:00,-4.0,-9.0,81,13.6,53.6,0.0,998.6,0.0,0.0,7.4,45.1,-45.1,20.0,45.1,0.0
2024-01-26T21:00,-6.1,-11.0,86,12.5,48.6,0.0,998.8,0.0,0.0,7.6,45.3,-45.3,20.0,45.3,0.0
2024-01-26T22:00,-6.6,-11.6,90,13.2,47.5,0.0,998.7,0.0,0.0,7.7,45.4,-45.4,20.0,45.4,0.0
2024-01-26T23:00,-4.2,-9.0,89,13.5,47.9,0.0,998.5,0.0,0.0,7.4,45.1,-45.1,20.0,45.1,0.0
2024-01-27T00:00,-4.0,-8.6,90,12.7,47.2,0.0,998.3,0.0,0.0,7.4,45.1,-45.1,20.0,45.1,0.0
2024-01-27T01:00,-2.2,-6.7,89,13.2,47.5,0.0,998.3,0.0,0.0,7.2,44.9,-44.9,20.0,44.9,0.0
2024-01-27T02:00,-2.1,-6.5,88,12.0,45.7,0.0,998.3,0.0,0.0,7.1,44.8,-44.8,20.0,44.8,0.0
2024-01-27T03:00,-2.3,-6.6,88,11.0,42.1,0.0,997.9,0.0,0.0,7.1,44.8,-44.8,20.0,44.8,0.0
2024-01-27T04:00,-2.3,-6.5,89,10.6,38.9,0.0,997.4,0.0,0.0,7.1,44.8,-44.8,20.0,44.8,0.0
2024-01-27T05:00,-2.4,-6.7,89,11.1,39.6,0.0,996.4,0.0,0.0,7.1,44.8,-44.8,20.0,44.8,0.0
2024-01-27T06:00,-2.8,-7.1,90,11.5,40.3,0.0,995.8,0.0,0.0,7.2,44.9,-44.9,20.0,44.9,0.0
2024-01-27T07:00,-3.2,-7.8,90,13.2,44.3,0.0,995.0,0.0,0.0,7.3,45.0,-45.0,20.0,45.0,0.0
2024-01-27T08:00,-3.5,-8.2,87,13.5,45.4,0.0,994.5,0.0,0.0,7.3,45.0,-45.0,20.0,45.0,0.0
2024-01-27T09:00,-3.3,-8.0,86,13.4,46.1,0.0,993.7,0.0,0.0,7.3,45.0,-45.0,20.0,45.0,0.0
2024-01-27T10:00,-3.2,-7.8,89,12.7,45.4,0.0,992.7,0.0,0.0,7.3,45.0,-45.0,20.0,45.0,0.0
2024-01-27T11:00,-3.3,-8.0,89,13.7,47.2,0.0,991.6,0.0,0.0,7.3,45.0,-45.0,20.0,45.0,0.0
2024-01-27T12:00,-3.9,-9.2,87,17.0,55.4,0.0,990.4,0.0,0.0,7.5,45.2,-45.2,20.0,45.2,0.0
2024-01-27T13:00,-2.9,-7.9,84,15.2,49.3,0.0,989.1,0.0,0.0,7.3,45.0,-45.0,20.0,45.0,0.0
2024-01-27T14:00,-4.6,-10.1,83,17.4,55.4,0.0,988.2,0.0,0.0,7.6,45.3,-45.3,20.0,45.3,0.0
2024-01-27T15:00,-5.9,-11.7,81,18.4,58.7,0.0,987.1,0.0,0.0,7.8,45.5,-45.5,20.0,45.5,0.0
2024-01-27T16:00,-6.8,-12.9,80,19.8,62.6,0.0,986.1,0.0,0.0,8.0,45.7,-45.7,20.0,45.7,0.0
2024-01-27T17:00,-7.4,-13.7,80,20.9,65.2,0.0,984.9,0.0,0.0,8.1,45.8,-45.8,20.0,45.8,0.0
2024-01-27T18:00,-8.0,-13.6,84,16.2,64.4,0.0,984.2,0.0,0.0,8.0,45.7,-45.7,20.0,45.7,0.0
2024-01-27T19:00,-7.5,-12.6,84,12.7,53.6,0.0,983.3,0.0,0.0,7.8,45.5,-45.5,20.0,45.5,0.0
2024-01-27T20:00,-7.0,-12.3,81,14.5,50.0,0.0,982.7,0.0,0.0,7.8,45.5,-45.5,20.0,45.5,0.0
2024-01-27T21:00,-6.7,-12.1,81,15.6,52.9,0.0,982.1,0.0,0.0,7.8,45.5,-45.5,20.0,45.5,0.0
2024-01-27T22:00,-6.4,-11.9,81,16.1,53.3,0.0,981.3,0.0,0.0,7.8,45.5,-45.5,20.0,45.5,0.0
2024-01-27T23:00,-6.4,-11.9,82,16.0,54.4,0.0,980.2,0.0,0.0,7.8,45.5,-45.5,20.0,45.5,0.0
2024-01-28T00:00,-6.4,-12.1,82,17.5,56.2,0.0,979.5,0.0,0.0,7.9,45.6,-45.6,20.0,45.6,0.0
2024-01-28T01:00,-5.8,-11.0,84,14.8,50.0,0.0,979.2,0.0,0.0,7.7,45.4,-45.4,20.0,45.4,0.0
2024-01-28T02:00,-5.5,-10.9,85,16.2,53.3,0.0,978.8,0.0,0.0,7.7,45.4,-45.4,20.0,45.4,0.0
2024-01-28T03:00,-5.9,-11.2,84,15.6,53.3,0.0,978.8,0.0,0.0,7.7,45.4,-45.4,20.0,45.4,0.0
2024-01-28T04:00,-6.1,-11.5,84,15.6,51.5,0.0,978.7,0.0,0.0,7.8,45.5,-45.5,20.0,45.5,0.0
2024-01-28T05:00,-6.2,-11.4,83,13.8,51.1,0.0,978.1,0.0,0.0,7.7,45.4,-45.4,20.0,45.4,0.0
2024-01-28T06:00,-6.6,-11.4,83,11.8,46.1,0.0,977.9,0.0,0.0,7.7,45.4,-45.4,20.0,45.4,0.0
2024-01-28T07:00,-8.2,-12.8,84,9.2,38.5,0.0,977.7,0.0,0.0,7.8,45.5,-45.5,20.0,45.5,0.0
2024-01-28T08:00,-8.1,-12.6,83,8.4,32.8,0.0,977.7,0.0,0.0,7.7,45.4,-45.4,20.0,45.4,0.0
2024-01-28T09:00,-8.0,-12.4,83,7.7,29.9,0.0,977.8,0.0,0.0,7.7,45.4,-45.4,20.0,45.4,0.0
2024-01-28T10:00,-8.6,-12.8,83,6.3,27.0,0.0,977.7,0.0,6.6,7.7,45.4,-38.8,20.0,38.8,14.5
2024-01-28T11:00,-7.9,-11.9,82,5.5,22.7,0.0,977.9,0.0,3.6,7.6,45.3,-41.7,20.0,41.7,7.9
2024-01-28T12:00,-7.8,-11.6,82,4.1,19.1,0.0,977.9,0.0,0.6,7.5,45.2,-44.6,20.0,44.6,1.3
2024-01-28T13:00,-8.7,-12.7,84,4.8,15.1,0.0,978.3,0.0,1.7,7.6,45.3,-43.6,20.0,43.6,3.8
2024-01-28T14:00,-9.1,-13.4,85,6.4,13.3,0.0,978.3,0.0,7.0,7.8,45.5,-38.5,20.0,38.5,15.4
2024-01-28T15:00,-11.6,-16.1,91,7.4,14.0,0.0,978.1,0.0,12.4,8.1,45.8,-33.4,20.0,33.4,27.1
2024-01-28T16:00,-15.9,-21.0,89,9.7,17.6,0.0,977.9,0.0,31.3,8.7,46.4,-15.1,20.0,15.1,67.5
2024-01-28T17:00,-16.5,-21.8,86,10.9,20.2,0.0,977.6,0.0,45.0,8.9,46.6,-1.6,20.0,1.6,96.6
2024-01-28T18:00,-16.3,-21.7,86,11.1,20.5,0.0,977.3,0.0,47.6,8.8,46.5,1.1,20.26,0.0,100.0
2024-01-28T19:00,-15.6,-20.8,86,10.3,19.8,0.0,977.3,0.0,37.9,8.7,46.4,-8.5,19.99,7.5,81.6
2024-01-28T20:00,-15.5,-20.7,86,10.0,18.4,0.0,977.5,0.0,34.5,8.7,46.4,-11.9,19.99,11.9,74.4
2024-01-28T21:00,-15.4,-20.4,86,9.5,18.4,0.0,977.1,0.0,29.3,8.6,46.3,-17.0,19.99,17.0,63.3
2024-01-28T22:00,-15.6,-20.7,87,9.7,18.0,0.0,976.8,0.0,31.3,8.7,46.4,-15.1,19.99,15.1,67.5
2024-01-28T23:00,-15.4,-20.6,86,10.0,19.1,0.0,976.0,0.0,34.5,8.7,46.4,-11.9,19.99,11.9,74.4
2024-01-29T00:00,-15.2,-20.5,84,10.9,21.6,0.0,975.2,0.0,45.0,8.7,46.4,-1.4,19.99,1.4,97.0
2024-01-29T01:00,-15.8,-21.0,82,10.4,24.5,0.0,974.7,0.0,39.0,8.7,46.4,-7.4,19.99,7.4,84.1
2024-01-29T02:00,-15.6,-20.9,80,10.5,27.0,0.0,973.6,0.0,40.2,8.7,46.4,-6.2,19.99,6.2,86.6
2024-01-29T03:00,-15.3,-20.6,79,11.0,30.2,0.0,972.5,0.0,0.0,8.7,46.4,-46.4,19.99,46.4,0.0
2024-01-29T04:00,-13.5,-18.7,84,11.1,34.2,0.0,971.4,0.0,0.0,8.5,46.2,-46.2,19.99,46.2,0.0
2024-01-29T05:00,-9.7,-14.7,88,11.6,37.8,0.0,969.9,0.0,0.0,8.0,45.7,-45.7,19.99,45.7,0.0
2024-01-29T06:00,-9.1,-14.3,89,13.0,41.8,0.0,968.6,0.0,0.0,8.0,45.7,-45.7,19.99,45.7,0.0
2024-01-29T07:00,-9.5,-14.7,88,13.1,44.6,0.0,967.3,0.0,0.0,8.1,45.8,-45.8,19.99,45.8,0.0
2024-01-29T08:00,-8.6,-13.8,87,13.5,49.0,0.0,965.3,0.0,0.0,8.0,45.7,-45.7,19.99,45.7,0.0
2024-01-29T09:00,-8.2,-13.5,86,14.5,52.6,0.0,962.8,0.0,0.0,8.0,45.7,-45.7,19.99,45.7,0.0
2024-01-29T10:00,-7.4,-12.8,84,15.0,57.2,0.0,960.6,0.0,0.0,7.9,45.6,-45.6,19.99,45.6,0.0
2024-01-29T11:00,-6.6,-12.0,80,15.0,59.8,0.0,958.3,0.0,0.0,7.8,45.5,-45.5,19.99,45.5,0.0
2024-01-29T12:00,-6.0,-11.6,78,16.8,60.5,0.0,956.4,0.0,0.0,7.8,45.5,-45.5,19.99,45.5,0.0
2024-01-29T13:00,-5.6,-11.1,79,16.6,62.6,0.0,955.9,0.0,0.0,7.7,45.4,-45.4,19.99,45.4,0.0
2024-01-29T14:00,-4.8,-10.0,80,14.8,60.5,0.0,954.6,0.0,0.0,7.6,45.3,-45.3,19.99,45.3,0.0
2024-01-29T15:00,-4.3,-10.2,78,20.1,64.8,0.0,953.7,0.0,0.0,7.7,45.4,-45.4,19.99,45.4,0.0
2024-01-29T16:00,-4.0,-10.1,77,21.5,66.6,0.0,953.4,0.0,0.0,7.7,45.4,-45.4,19.99,45.4,0.0
2024-01-29T17:00,-3.7,-9.2,77,17.5,64.4,0.0,953.3,0.0,0.0,7.5,45.2,-45.2,19.99,45.2,0.0
2024-01-29T18:00,-3.8,-8.6,77,12.1,53.6,0.0,953.8,0.0,0.0,7.3,45.0,-45.0,19.99,45.0,0.0
2024-01-29T19:00,-4.7,-8.9,81,8.0,38.9,0.0,954.7,0.0,0.0,7.3,45.0,-45.0,19.99,45.0,0.0
2024-01-29T20:00,-4.4,-8.6,82,8.3,27.0,0.0,955.8,0.0,18.7,7.3,45.0,-26.3,19.99,26.3,41.6
2024-01-29T21:00,-4.4,-8.4,86,7.3,23.8,0.0,956.9,0.0,11.8,7.2,44.9,-33.1,19.99,33.1,26.3
2024-01-29T22:00,-4.6,-8.3,88,5.4,20.2,0.0,957.8,0.0,3.3,7.2,44.9,-41.6,19.99,41.6,7.3
2024-01-29T23:00,-4.0,-7.2,84,2.5,15.5,0.0,958.4,0.0,0.0,7.0,44.7,-44.7,19.99,44.7,0.0
2024-01-30T00:00,-3.8,-6.8,83,0.8,9.0,0.0,959.1,0.0,0.0,7.0,44.7,-44.7,19.99,44.7,0.0
2024-01-30T01:00,-4.6,-7.8,86,1.6,9.7,0.0,960.3,0.0,0.0,7.1,44.8,-44.8,19.99,44.8,0.0
2024-01-30T02:00,-5.3,-8.8,88,3.7,9.0,0.0,961.2,0.0,0.2,7.2,44.9,-44.7,19.99,44.7,0.4
2024-01-30T03:00,-5.2,-8.8,88,4.5,13.3,0.0,961.7,0.0,1.2,7.2,44.9,-43.7,19.99,43.7,2.7
2024-01-30T04:00,-5.0,-8.7,87,5.3,18.7,0.0,962.4,0.0,3.0,7.2,44.9,-41.9,19.99,41.9,6.7
2024-01-30T05:00,-5.4,-9.5,85,7.1,23.4,0.0,962.5,0.0,10.6,7.4,45.1,-34.5,19.99,34.5,23.5
2024-01-30T06:00,-4.8,-9.2,86,9.4,28.8,0.0,963.0,0.0,0.0,7.4,45.1,-45.1,19.99,45.1,0.0
2024-01-30T07:00,-3.5,-8.3,82,12.7,36.4,0.0,963.4,0.0,0.0,7.3,45.0,-45.0,19.99,45.0,0.0
2024-01-30T08:00,-3.5,-8.3,81,13.0,38.5,0.0,964.0,0.0,0.0,7.3,45.0,-45.0,19.99,45.0,0.0
2024-01-30T09:00,-3.9,-8.7,82,12.5,38.5,0.0,964.5,0.0,0.0,7.4,45.1,-45.1,19.99,45.1,0.0
2024-01-30T10:00,-3.6,-8.5,81,14.2,39.6,0.0,965.1,0.0,0.0,7.4,45.1,-45.1,19.99,45.1,0.0
2024-01-30T11:00,-4.0,-9.0,81,14.4,41.4,0.0,965.6,0.0,0.0,7.4,45.1,-45.1,19.99,45.1,0.0
2024-01-30T12:00,-4.3,-9.2,81,13.6,41.0,0.0,966.0,0.0,0.0,7.5,45.2,-45.2,19.99,45.2,0.0
2024-01-30T13:00,-4.2,-9.1,80,13.0,41.8,0.0,965.5,0.0,0.0,7.4,45.1,-45.1,19.99,45.1,0.0
2024-01-30T14:00,-4.5,-9.2,84,12.5,38.2,0.0,965.7,0.0,0.0,7.4,45.1,-45.1,19.99,45.1,0.0
2024-01-30T15:00,-4.8,-9.7,85,13.0,37.8,0.0,965.8,0.0,0.0,7.5,45.2,-45.2,19.99,45.2,0.0
2024-01-30T16:00,-5.0,-9.9,86,13.5,38.2,0.0,965.7,0.0,0.0,7.5,45.2,-45.2,19.99,45.2,0.0
2024-01-30T17:00,-5.4,-10.3,85,13.2,38.5,0.0,965.4,0.0,0.0,7.6,45.3,-45.3,19.99,45.3,0.0
2024-01-30T18:00,-5.7,-10.5,85,11.7,37.8,0.0,965.2,0.0,0.0,7.6,45.3,-45.3,19.99,45.3,0.0
2024-01-30T19:00,-5.7,-10.3,84,10.3,33.5,0.0,965.0,0.0,0.0,7.5,45.2,-45.2,19.99,45.2,0.0
2024-01-30T20:00,-5.9,-10.4,83,9.9,29.9,0.0,964.6,0.0,0.0,7.5,45.2,-45.2,19.99,45.2,0.0
2024-01-30T21:00,-6.0,-10.5,83,9.2,28.8,0.0,964.2,0.0,0.0,7.5,45.2,-45.2,19.99,45.2,0.0
2024-01-30T22:00,-6.3,-10.7,84,8.7,26.6,0.0,963.8,0.0,22.0,7.5,45.2,-23.2,19.99,23.2,48.7
2024-01-30T23:00,-7.0,-11.5,84,8.7,25.6,0.0,963.0,0.0,22.0,7.6,45.3,-23.3,19.99,23.3,48.6
2024-01-31T00:00,-7.0,-11.4,85,8.9,25.6,0.0,962.3,0.0,23.7,7.6,45.3,-21.6,19.99,21.6,52.3
2024-01-31T01:00,-7.4,-12.1,84,9.8,28.1,0.0,962.1,0.0,0.0,7.7,45.4,-45.4,19.99,45.4,0.0
2024-01-31T02:00,-7.4,-12.1,83,9.8,28.4,0.0,961.9,0.0,0.0,7.7,45.4,-45.4,19.99,45.4,0.0
2024-01-31T03:00,-7.5,-12.3,83,10.3,28.8,0.0,961.8,0.0,0.0,7.7,45.4,-45.4,19.99,45.4,0.0
2024-01-31T04:00,-7.4,-12.2,82,10.7,30.6,0.0,961.6,0.0,0.0,7.7,45.4,-45.4,19.99,45.4,0.0
2024-01-31T05:00,-7.4,-12.4,82,12.2,33.5,0.0,961.5,0.0,0.0,7.8,45.5,-45.5,19.99,45.5,0.0
2024-01-31T06:00,-7.5,-12.7,81,13.9,37.4,0.0,961.6,0.0,0.0,7.9,45.6,-45.6,19.99,45.6,0.0
2024-01-31T07:00,-7.9,-13.3,81,15.0,40.7,0.0,961.6,0.0,0.0,8.0,45.7,-45.7,19.99,45.7,0.0
2024-01-31T08:00,-8.7,-14.4,80,16.1,44.3,0.0,962.0,0.0,0.0,8.1,45.8,-45.8,19.99,45.8,0.0
2024-01-31T09:00,-9.1,-14.9,79,16.6,47.2,0.0,962.3,0.0,0.0,8.2,45.9,-45.9,19.99,45.9,0.0
2024-01-31T10:00,-9.4,-15.3,78,17.4,48.6,0.0,962.3,0.0,0.0,8.3,46.0,-46.0,19.99,46.0,0.0
2024-01-31T11:00,-9.5,-15.6,76,18.4,50.8,0.0,962.4,0.0,0.0,8.3,46.0,-46.0,19.99,46.0,0.0
2024-01-31T12:00,-9.7,-15.9,76,18.9,52.9,0.0,962.4,0.0,0.0,8.4,46.1,-46.1,19.99,46.1,0.0
2024-01-31T13:00,-9.9,-15.8,83,17.0,50.8,0.0,963.0,0.0,0.0,8.3,46.0,-46.0,19.99,46.0,0.0
2024-01-31T14:00,-10.1,-16.0,81,16.9,48.6,0.0,962.8,0.0,0.0,8.3,46.0,-46.0,19.99,46.0,0.0
2024-01-31T15:00,-10.2,-16.2,80,18.0,49.7,0.0,962.6,0.0,0.0,8.4,46.1,-46.1,19.99,46.1,0.0
2024-01-31T16:00,-10.1,-16.1,79,17.6,50.0,0.0,962.3,0.0,0.0,8.4,46.1,-46.1,19.99,46.1,0.0
2024-01-31T17:00,-10.0,-16.0,77,17.3,50.0,0.0,962.1,0.0,0.0,8.3,46.0,-46.0,19.99,46.0,0.0
2024-01-31T18:00,-10.3,-16.0,79,15.8,49.0,0.0,961.8,0.0,0.0,8.3,46.0,-46.0,19.99,46.0,0.0
2024-01-31T19:00,-10.2,-15.6,82,13.1,44.6,0.0,961.7,0.0,0.0,8.2,45.9,-45.9,19.99,45.9,0.0
2024-01-31T20:00,-10.1,-15.0,83,10.1,38.9,0.0,961.4,0.0,0.0,8.0,45.7,-45.7,19.99,45.7,0.0
2024-01-31T21:00,-10.3,-15.0,84,8.8,32.0,0.0,961.3,0.0,0.0,8.0,45.7,-45.7,19.99,45.7,0.0
2024-01-31T22:00,-10.5,-14.9,85,6.5,27.4,0.0,961.3,0.0,7.5,7.9,45.6,-38.1,19.99,38.1,16.4
2024-01-31T23:00,-10.8,-15.5,85,8.7,22.7,0.0,961.0,0.0,22.0,8.1,45.8,-23.8,19.99,23.8,48.0
2024-02-01T00:00,-10.6,-15.6,84,10.4,28.4,0.0,960.1,0.0,0.0,8.1,45.8,-45.8,19.99,45.8,0.0
2024-02-01T01:00,-14.6,-19.3,87,6.9,15.8,0.0,962.0,0.0,9.5,8.4,46.1,-36.6,19.99,36.6,20.6
2024-02-01T02:00,-13.1,-17.7,84,7.4,15.5,0.0,962.0,0.0,12.4,8.3,46.0,-33.6,19.99,33.6,27.0
2024-02-01T03:00,-12.9,-17.5,83,6.6,15.5,0.0,962.1,0.0,8.0,8.2,45.9,-37.9,19.99,37.9,17.4
2024-02-01T04:00,-12.9,-17.3,82,5.4,14.0,0.0,962.2,0.0,3.3,8.2,45.9,-42.6,19.99,42.6,7.2
2024-02-01T05:00,-13.0,-17.4,80,5.6,9.4,0.0,962.6,0.0,3.9,8.2,45.9,-42.0,19.99,42.0,8.5
2024-02-01T06:00,-12.5,-16.7,76,4.1,9.4,0.0,963.4,0.0,0.6,8.0,45.7,-45.1,19.99,45.1,1.3
2024-02-01T07:00,-12.6,-16.6,76,2.9,8.6,0.0,964.2,0.0,0.0,8.0,45.7,-45.7,19.99,45.7,0.0
2024-02-01T08:00,-12.4,-16.6,75,4.5,10.4,0.0,964.9,0.0,1.2,8.1,45.8,-44.6,19.99,44.6,2.6
2024-02-01T09:00,-12.2,-16.3,75,3.7,12.2,0.0,965.2,0.0,0.2,8.0,45.7,-45.5,19.99,45.5,0.4
2024-02-01T10:00,-11.9,-15.9,78,2.9,11.9,0.0,965.7,0.0,0.0,7.9,45.6,-45.6,19.99,45.6,0.0
2024-02-01T11:00,-11.8,-15.8,80,3.3,11.2,0.0,966.2,0.0,0.0,7.9,45.6,-45.6,19.99,45.6,0.0
2024-02-01T12:00,-11.5,-15.4,80,2.9,11.2,0.0,966.5,0.0,0.0,7.9,45.6,-45.6,19.99,45.6,0.0
2024-02-01T13:00,-12.9,-17.2,81,5.4,11.5,0.0,966.3,0.0,3.3,8.2,45.9,-42.6,19.99,42.6,7.2
2024-02-01T14:00,-14.2,-18.8,81,6.5,12.2,0.0,966.7,0.0,7.5,8.4,46.1,-38.6,19.99,38.6,16.3
2024-02-01T15:00,-13.4,-17.8,82,5.4,13.0,0.0,967.2,0.0,3.3,8.2,45.9,-42.6,19.99,42.6,7.2
2024-02-01T16:00,-12.7,-17.0,81,4.7,11.5,0.0,967.4,0.0,1.5,8.1,45.8,-44.3,19.99,44.3,3.3
2024-02-01T17:00,-11.6,-15.6,79,3.6,11.9,0.0,967.3,0.0,0.2,7.9,45.6,-45.4,19.99,45.4,0.4
2024-02-01T18:00,-11.1,-14.8,80,1.8,11.5,0.0,967.5,0.0,0.0,7.8,45.5,-45.5,19.99,45.5,0.0
2024-02-01T19:00,-11.0,-14.5,84,0.4,10.1,0.0,967.5,0.0,0.0,7.7,45.4,-45.4,19.99,45.4,0.0
2024-02-01T20:00,-11.0,-14.8,86,1.9,7.2,0.0,967.7,0.0,0.0,7.8,45.5,-45.5,19.99,45.5,0.0
2024-02-01T21:00,-11.0,-14.7,85,1.9,7.6,0.0,968.0,0.0,0.0,7.8,45.5,-45.5,19.99,45.5,0.0
2024-02-01T22:00,-10.8,-14.5,85,1.8,8.6,0.0,968.0,0.0,0.0,7.8,45.5,-45.5,19.99,45.5,0.0
2024-02-01T23:00,-11.2,-15.2,88,3.6,11.9,0.0,967.7,0.0,0.2,7.9,45.6,-45.4,19.99,45.4,0.4
2024-02-02T00:00,-11.5,-15.7,89,4.7,14.0,0.0,967.6,0.0,1.5,8.0,45.7,-44.2,19.99,44.2,3.3
2024-02-02T01:00,-12.2,-16.1,89,2.7,13.3,0.0,968.5,0.0,0.0,7.9,45.6,-45.6,19.99,45.6,0.0
2024-02-02T02:00,-12.0,-16.0,88,3.2,11.2,0.0,968.1,0.0,0.0,7.9,45.6,-45.6,19.99,45.6,0.0
2024-02-02T03:00,-12.0,-15.9,88,3.1,11.9,0.0,968.2,0.0,0.0,7.9,45.6,-45.6,19.99,45.6,0.0
2024-02-02T04:00,-11.6,-15.3,90,1.8,11.5,0.0,968.1,0.0,0.0,7.8,45.5,-45.5,19.99,45.5,0.0
2024-02-02T05:00,-11.7,-15.4,90,1.8,9.7,0.0,968.1,0.0,0.0,7.8,45.5,-45.5,19.99,45.5,0.0
2024-02-02T06:00,-11.8,-15.6,89,2.5,10.4,0.0,967.9,0.0,0.0,7.9,45.6,-45.6,19.99,45.6,0.0
2024-02-02T07:00,-11.9,-15.8,89,2.9,11.9,0.0,967.8,0.0,0.0,7.9,45.6,-45.6,19.99,45.6,0.0
2024-02-02T08:00,-12.0,-15.9,89,3.2,12.2,0.0,967.8,0.0,0.0,7.9,45.6,-45.6,19.99,45.6,0.0
2024-02-02T09:00,-12.1,-16.1,89,3.2,13.3,0.0,967.8,0.0,0.0,8.0,45.7,-45.7,19.99,45.7,0.0
2024-02-02T10:00,-12.2,-16.1,89,3.0,13.3,0.0,967.9,0.0,0.0,8.0,45.7,-45.7,19.99,45.7,0.0
2024-02-02T11:00,-12.6,-16.6,87,3.4,13.0,0.0,967.9,0.0,0.1,8.0,45.7,-45.6,19.99,45.6,0.2
2024-02-02T12:00,-13.5,-17.7,86,4.2,13.3,0.0,967.8,0.0,0.7,8.2,45.9,-45.2,19.99,45.2,1.5
2024-02-02T13:00,-15.3,-19.9,83,5.8,10.4,0.0,968.0,0.0,4.6,8.4,46.1,-41.5,19.99,41.5,10.0
2024-02-02T14:00,-15.4,-20.0,81,5.9,11.5,0.0,968.1,0.0,5.0,8.5,46.2,-41.2,19.99,41.2,10.8
2024-02-02T15:00,-16.0,-20.5,82,5.2,12.2,0.0,968.3,0.0,2.7,8.5,46.2,-43.5,19.99,43.5,5.8
2024-02-02T16:00,-16.1,-20.7,82,5.6,13.0,0.0,968.3,0.0,3.9,8.5,46.2,-42.3,19.99,42.3,8.4
2024-02-02T17:00,-16.3,-20.9,82,5.9,13.7,0.0,968.3,0.0,5.0,8.6,46.3,-41.3,19.99,41.3,10.8
2024-02-02T18:00,-16.2,-20.8,82,5.8,13.7,0.0,968.4,0.0,4.6,8.5,46.2,-41.6,19.99,41.6,10.0
2024-02-02T19:00,-16.6,-21.3,82,6.5,13.7,0.0,968.3,0.0,7.5,8.6,46.3,-38.8,19.99,38.8,16.2
2024-02-02T20:00,-16.8,-21.6,82,6.8,12.6,0.0,968.4,0.0,9.0,8.7,46.4,-37.4,19.99,37.4,19.4
2024-02-02T21:00,-15.7,-20.4,80,6.4,10.4,0.0,968.5,0.0,7.0,8.5,46.2,-39.2,19.99,39.2,15.2
2024-02-02T22:00,-14.7,-19.2,79,5.7,10.1,0.0,968.7,0.0,4.2,8.4,46.1,-41.9,19.99,41.9,9.1
2024-02-02T23:00,-14.4,-18.8,81,5.4,10.1,0.0,968.7,0.0,3.3,8.3,46.0,-42.7,19.99,42.7,7.2
2024-02-03T00:00,-15.5,-20.1,84,6.1,10.8,0.0,968.8,0.0,5.8,8.5,46.2,-40.4,19.99,40.4,12.6
2024-02-03T01:00,-14.4,-18.9,83,6.2,11.2,0.0,969.1,0.0,6.2,8.4,46.1,-39.9,19.99,39.9,13.4
2024-02-03T02:00,-14.1,-18.7,81,6.6,12.6,0.0,969.2,0.0,8.0,8.3,46.0,-38.0,19.99,38.0,17.4
2024-02-03T03:00,-14.5,-19.2,82,7.4,14.4,0.0,969.5,0.0,12.4,8.4,46.1,-33.7,19.99,33.7,26.9
2024-02-03T04:00,-15.2,-20.0,84,8.2,15.8,0.0,969.9,0.0,17.9,8.6,46.3,-28.4,19.99,28.4,38.7
2024-02-03T05:00,-15.0,-19.9,89,8.4,16.9,0.0,970.2,0.0,19.5,8.5,46.2,-26.7,19.99,26.7,42.2
2024-02-03T06:00,-15.4,-20.3,89,8.9,18.4,0.0,970.5,0.0,23.7,8.6,46.3,-22.6,19.99,22.6,51.2
2024-02-03T07:00,-15.5,-20.5,89,9.1,19.4,0.0,970.7,0.0,25.5,8.6,46.3,-20.8,19.99,20.8,55.1
2024-02-03T08:00,-15.5,-20.4,84,8.7,19.4,0.0,971.3,0.0,22.0,8.6,46.3,-24.3,19.99,24.3,47.5
2024-02-03T09:00,-16.4,-21.6,83,9.5,19.8,0.0,971.7,0.0,29.3,8.8,46.5,-17.2,19.99,17.2,63.0
2024-02-03T10:00,-17.4,-22.6,81,9.5,20.9,0.0,972.3,0.0,29.3,8.9,46.6,-17.3,19.99,17.3,62.9
2024-02-03T11:00,-17.9,-23.2,78,10.1,22.7,0.0,972.8,0.0,35.6,9.0,46.7,-11.1,19.99,11.1,76.2
2024-02-03T12:00,-17.9,-23.3,76,10.6,23.8,0.0,973.4,0.0,41.4,9.0,46.7,-5.3,19.99,5.3,88.7
2024-02-03T13:00,-16.7,-22.1,78,11.1,29.2,0.0,973.5,0.0,0.0,8.9,46.6,-46.6,19.99,46.6,0.0
2024-02-03T14:00,-15.6,-20.8,80,10.2,28.8,0.0,974.4,0.0,0.0,8.7,46.4,-46.4,19.99,46.4,0.0
2024-02-03T15:00,-14.7,-19.8,86,9.9,27.7,0.0,975.0,0.0,33.4,8.6,46.3,-12.9,19.99,12.9,72.1
2024-02-03T16:00,-13.5,-18.6,87,10.5,27.4,0.0,975.8,0.0,40.2,8.5,46.2,-6.0,19.99,6.0,87.0
2024-02-03T17:00,-13.1,-18.0,88,9.5,27.4,0.0,976.5,0.0,29.3,8.4,46.1,-16.8,19.99,16.8,63.6
2024-02-03T18:00,-13.8,-18.8,88,9.2,25.6,0.0,977.0,0.0,26.4,8.4,46.1,-19.7,19.99,19.7,57.3
2024-02-03T19:00,-14.7,-19.7,87,9.2,23.8,0.0,977.3,0.0,26.4,8.5,46.2,-19.8,19.99,19.8,57.1
2024-02-03T20:00,-14.7,-19.7,85,9.5,22.7,0.0,978.0,0.0,29.3,8.6,46.3,-17.0,19.99,17.0,63.3
2024-02-03T21:00,-15.4,-20.4,85,9.2,22.3,0.0,978.7,0.0,26.4,8.6,46.3,-19.9,19.99,19.9,57.0
2024-02-03T22:00,-15.4,-20.4,84,9.2,21.6,0.0,979.2,0.0,26.4,8.6,46.3,-19.9,19.99,19.9,57.0
2024-02-03T23:00,-15.8,-20.6,86,7.9,19.8,0.0,979.7,0.0,15.7,8.6,46.3,-30.6,19.99,30.6,33.9
2024-02-04T00:00,-15.6,-20.5,87,8.1,17.6,0.0,980.4,0.0,17.2,8.6,46.3,-29.1,19.99,29.1,37.1
2024-02-04T01:00,-15.5,-20.4,87,8.7,20.5,0.0,981.6,0.0,22.0,8.6,46.3,-24.3,19.99,24.3,47.5
2024-02-04T02:00,-15.5,-20.6,85,9.7,20.2,0.0,982.4,0.0,31.3,8.7,46.4,-15.1,19.99,15.1,67.5
2024-02-04T03:00,-15.4,-20.4,87,9.2,22.3,0.0,983.4,0.0,26.4,8.6,46.3,-19.9,19.99,19.9,57.0
2024-02-04T04:00,-14.8,-19.8,88,9.0,23.8,0.0,984.2,0.0,24.6,8.5,46.2,-21.6,19.99,21.6,53.2
2024-02-04T05:00,-13.7,-18.6,89,9.0,24.1,0.0,984.9,0.0,24.6,8.4,46.1,-21.5,19.99,21.5,53.4
2024-02-04T06:00,-11.8,-16.5,89,8.3,25.9,0.0,985.6,0.0,18.7,8.2,45.9,-27.2,19.99,27.2,40.7
2024-02-04T07:00,-10.3,-14.8,87,7.6,26.6,0.0,986.3,0.0,13.7,7.9,45.6,-31.9,19.99,31.9,30.0
2024-02-04T08:00,-9.2,-13.7,87,8.0,28.8,0.0,987.1,0.0,0.0,7.8,45.5,-45.5,19.99,45.5,0.0
2024-02-04T09:00,-8.0,-12.5,87,8.9,33.1,0.0,987.5,0.0,0.0,7.7,45.4,-45.4,19.99,45.4,0.0
2024-02-04T10:00,-8.3,-13.1,87,10.8,38.9,0.0,988.2,0.0,0.0,7.8,45.5,-45.5,19.99,45.5,0.0
2024-02-04T11:00,-6.7,-11.6,86,12.2,42.1,0.0,989.2,0.0,0.0,7.7,45.4,-45.4,19.99,45.4,0.0
2024-02-04T12:00,-4.8,-9.4,86,11.5,42.1,0.0,990.2,0.0,0.0,7.4,45.1,-45.1,19.99,45.1,0.0
2024-02-04T13:00,-4.2,-8.7,88,11.2,40.3,0.0,991.4,0.0,0.0,7.4,45.1,-45.1,19.99,45.1,0.0
2024-02-04T14:00,-3.6,-8.1,89,12.3,43.2,0.0,992.3,0.0,0.0,7.3,45.0,-45.0,19.99,45.0,0.0
2024-02-04T15:00,-2.9,-7.9,86,15.2,50.4,0.0,993.0,0.0,0.0,7.3,45.0,-45.0,19.99,45.0,0.0
2024-02-04T16:00,-2.8,-8.2,87,18.1,56.5,0.0,993.7,0.0,0.0,7.4,45.1,-45.1,19.99,45.1,0.0
2024-02-04T17:00,-2.7,-8.2,88,18.9,59.0,0.0,994.4,0.0,0.0,7.4,45.1,-45.1,19.99,45.1,0.0
2024-02-04T18:00,-2.7,-8.0,86,17.6,59.4,0.0,995.3,0.0,0.0,7.4,45.1,-45.1,19.99,45.1,0.0
2024-02-04T19:00,-3.0,-8.2,85,16.7,56.9,0.0,996.2,0.0,0.0,7.4,45.1,-45.1,19.99,45.1,0.0
2024-02-04T20:00,-3.2,-8.4,86,16.6,54.7,0.0,997.3,0.0,0.0,7.4,45.1,-45.1,19.99,45.1,0.0
2024-02-04T21:00,-3.4,-8.4,87,15.0,53.3,0.0,998.3,0.0,0.0,7.4,45.1,-45.1,19.99,45.1,0.0
2024-02-04T22:00,-4.1,-8.9,88,13.8,49.3,0.0,999.3,0.0,0.0,7.4,45.1,-45.1,19.99,45.1,0.0
2024-02-04T23:00,-3.2,-8.0,87,13.8,46.8,0.0,1000.3,0.0,0.0,7.3,45.0,-45.0,19.99,45.0,0.0
2024-02-05T00:00,-3.0,-7.7,87,13.4,46.1,0.0,1001.0,0.0,0.0,7.3,45.0,-45.0,19.99,45.0,0.0
2024-02-05T01:00,-2.6,-7.1,87,11.9,44.6,0.0,1001.9,0.0,0.0,7.2,44.9,-44.9,19.99,44.9,0.0
2024-02-05T02:00,-2.7,-6.6,89,8.8,41.4,0.0,1002.7,0.0,0.0,7.1,44.8,-44.8,19.99,44.8,0.0
2024-02-05T03:00,-2.6,-6.8,89,10.8,40.0,0.0,1003.3,0.0,0.0,7.1,44.8,-44.8,19.99,44.8,0.0
2024-02-05T04:00,-2.6,-7.6,86,15.2,49.0,0.0,1004.2,0.0,0.0,7.3,45.0,-45.0,19.99,45.0,0.0
2024-02-05T05:00,-3.1,-7.8,87,13.3,49.0,0.0,1005.2,0.0,0.0,7.3,45.0,-45.0,19.99,45.0,0.0
2024-02-05T06:00,-3.7,-8.1,88,11.2,44.6,0.0,1006.0,0.0,0.0,7.3,45.0,-45.0,19.99,45.0,0.0
2024-02-05T07:00,-3.7,-8.0,88,10.2,40.7,0.0,1006.5,0.0,0.0,7.3,45.0,-45.0,19.99,45.0,0.0
2024-02-05T08:00,-3.9,-8.0,89,9.2,38.9,0.0,1007.2,0.0,0.0,7.3,45.0,-45.0,19.99,45.0,0.0
2024-02-05T09:00,-3.9,-7.8,90,8.0,36.7,0.0,1007.9,0.0,0.0,7.2,44.9,-44.9,19.99,44.9,0.0
2024-02-05T10:00,-3.9,-7.7,91,7.3,33.8,0.0,1008.6,0.0,0.0,7.2,44.9,-44.9,19.99,44.9,0.0
2024-02-05T11:00,-4.1,-7.9,91,7.4,32.0,0.0,1009.2,0.0,0.0,7.2,44.9,-44.9,19.99,44.9,0.0
2024-02-05T12:00,-4.2,-8.0,93,6.9,30.6,0.0,1009.7,0.0,0.0,7.2,44.9,-44.9,19.99,44.9,0.0
2024-02-05T13:00,-5.5,-9.7,90,8.6,31.0,0.0,1010.2,0.0,0.0,7.4,45.1,-45.1,19.99,45.1,0.0
2024-02-05T14:00,-3.9,-8.1,89,9.6,33.8,0.0,1010.8,0.0,0.0,7.3,45.0,-45.0,19.99,45.0,0.0
2024-02-05T15:00,-4.1,-8.3,88,9.2,35.3,0.0,1011.5,0.0,0.0,7.3,45.0,-45.0,19.99,45.0,0.0
2024-02-05T16:00,-4.5,-8.6,89,8.7,32.8,0.0,1012.1,0.0,0.0,7.3,45.0,-45.0,19.99,45.0,0.0
2024-02-05T17:00,-5.0,-9.2,89,8.7,29.5,0.0,1012.6,0.0,0.0,7.4,45.1,-45.1,19.99,45.1,0.0
2024-02-05T18:00,-5.6,-9.8,87,8.7,29.5,0.0,1012.9,0.0,0.0,7.4,45.1,-45.1,19.99,45.1,0.0
2024-02-05T19:00,-7.0,-11.4,88,8.6,28.4,0.0,1013.0,0.0,0.0,7.6,45.3,-45.3,19.99,45.3,0.0
2024-02-05T20:00,-7.9,-12.3,89,8.2,27.0,0.0,1013.3,0.0,17.9,7.7,45.4,-27.5,19.99,27.5,39.4
2024-02-05T21:00,-8.1,-12.4,89,7.7,27.4,0.0,1013.5,0.0,14.4,7.7,45.4,-31.0,19.99,31.0,31.7
2024-02-05T22:00,-8.8,-13.0,88,6.5,26.6,0.0,1013.6,0.0,7.5,7.7,45.4,-37.9,19.99,37.9,16.5
2024-02-05T23:00,-8.8,-13.0,87,5.9,24.5,0.0,1013.5,0.0,5.0,7.7,45.4,-40.4,19.99,40.4,11.0
2024-02-06T00:00,-8.8,-12.9,87,5.5,23.8,0.0,1013.3,0.0,3.6,7.7,45.4,-41.8,19.99,41.8,7.9
2024-02-06T01:00,-8.3,-13.0,83,9.9,33.1,0.0,1013.3,0.0,0.0,7.8,45.5,-45.5,19.99,45.5,0.0
2024-02-06T02:00,-9.6,-14.3,83,8.7,33.1,0.0,1013.2,0.0,0.0,7.9,45.6,-45.6,19.99,45.6,0.0
2024-02-06T03:00,-8.5,-13.1,83,8.9,33.1,0.0,1013.2,0.0,0.0,7.8,45.5,-45.5,19.99,45.5,0.0
2024-02-06T04:00,-7.3,-12.0,85,10.7,36.7,0.0,1013.1,0.0,0.0,7.7,45.4,-45.4,19.99,45.4,0.0
2024-02-06T05:00,-7.6,-12.6,86,12.6,40.7,0.0,1013.0,0.0,0.0,7.8,45.5,-45.5,19.99,45.5,0.0
2024-02-06T06:00,-8.6,-13.4,83,10.0,41.0,0.0,1013.0,0.0,0.0,7.8,45.5,-45.5,19.99,45.5,0.0
2024-02-06T07:00,-11.8,-16.5,83,7.8,33.5,0.0,1013.1,0.0,0.0,8.1,45.8,-45.8,19.99,45.8,0.0
2024-02-06T08:00,-12.3,-16.9,84,7.2,31.3,0.0,1013.3,0.0,0.0,8.2,45.9,-45.9,19.99,45.9,0.0
2024-02-06T09:00,-13.1,-17.7,86,7.4,31.7,0.0,1013.2,0.0,0.0,8.3,46.0,-46.0,19.99,46.0,0.0
2024-02-06T10:00,-13.1,-17.8,84,7.6,33.8,0.0,1013.4,0.0,0.0,8.3,46.0,-46.0,19.99,46.0,0.0
2024-02-06T11:00,-13.2,-17.9,82,7.6,34.9,0.0,1013.2,0.0,0.0,8.3,46.0,-46.0,19.99,46.0,0.0
2024-02-06T12:00,-12.5,-17.1,79,6.5,34.6,0.0,1013.0,0.0,0.0,8.2,45.9,-45.9,19.99,45.9,0.0
2024-02-06T13:00,-13.2,-17.6,77,5.1,30.6,0.0,1012.9,0.0,0.0,8.2,45.9,-45.9,19.99,45.9,0.0
2024-02-06T14:00,-13.3,-17.8,76,5.4,33.1,0.0,1012.9,0.0,0.0,8.2,45.9,-45.9,19.99,45.9,0.0
2024-02-06T15:00,-12.8,-17.3,72,5.7,34.9,0.0,1012.9,0.0,0.0,8.2,45.9,-45.9,19.99,45.9,0.0
2024-02-06T16:00,-13.1,-18.0,69,8.5,39.2,0.0,1012.9,0.0,0.0,8.3,46.0,-46.0,19.99,46.0,0.0
2024-02-06T17:00,-16.5,-21.9,74,10.9,43.2,0.0,1012.8,0.0,0.0,8.9,46.6,-46.6,19.99,46.6,0.0
2024-02-06T18:00,-16.0,-21.4,74,11.2,44.6,0.0,1012.9,0.0,0.0,8.8,46.5,-46.5,19.99,46.5,0.0
2024-02-06T19:00,-14.9,-20.0,74,9.7,42.8,0.0,1012.8,0.0,0.0,8.6,46.3,-46.3,19.99,46.3,0.0
2024-02-06T20:00,-14.1,-19.1,75,9.4,39.2,0.0,1012.6,0.0,0.0,8.5,46.2,-46.2,19.99,46.2,0.0
2024-02-06T21:00,-13.2,-18.3,75,9.9,38.9,0.0,1012.7,0.0,0.0,8.4,46.1,-46.1,19.99,46.1,0.0
2024-02-06T22:00,-12.0,-17.2,75,11.2,41.8,0.0,1012.5,0.0,0.0,8.3,46.0,-46.0,19.99,46.0,0.0
2024-02-06T23:00,-11.5,-16.8,75,11.7,43.2,0.0,1012.3,0.0,0.0,8.3,46.0,-46.0,19.99,46.0,0.0
2024-02-07T00:00,-10.9,-16.2,75,12.3,43.6,0.0,1012.0,0.0,0.0,8.2,45.9,-45.9,19.99,45.9,0.0
2024-02-07T01:00,-10.6,-16.0,75,12.9,45.7,0.0,1012.3,0.0,0.0,8.2,45.9,-45.9,19.99,45.9,0.0
2024-02-07T02:00,-10.3,-15.7,76,13.3,45.4,0.0,1012.3,0.0,0.0,8.2,45.9,-45.9,19.99,45.9,0.0
2024-02-07T03:00,-9.9,-15.5,76,14.3,48.2,0.0,1012.0,0.0,0.0,8.2,45.9,-45.9,19.99,45.9,0.0
2024-02-07T04:00,-9.7,-15.4,78,15.9,51.1,0.0,1012.1,0.0,0.0,8.2,45.9,-45.9,19.99,45.9,0.0
2024-02-07T05:00,-9.7,-15.6,79,16.9,52.6,0.0,1012.1,0.0,0.0,8.3,46.0,-46.0,19.99,46.0,0.0
2024-02-07T06:00,-10.2,-16.1,78,16.8,52.9,0.0,1012.6,0.0,0.0,8.3,46.0,-46.0,19.99,46.0,0.0
2024-02-07T07:00,-10.4,-16.5,80,18.6,55.8,0.0,1013.0,0.0,0.0,8.4,46.1,-46.1,19.99,46.1,0.0
2024-02-07T08:00,-10.2,-16.3,79,18.4,55.4,0.0,1013.6,0.0,0.0,8.4,46.1,-46.1,19.99,46.1,0.0
2024-02-07T09:00,-10.5,-16.4,79,16.6,54.4,0.0,1013.7,0.0,0.0,8.4,46.1,-46.1,19.99,46.1,0.0
2024-02-07T10:00,-11.3,-16.9,79,14.2,50.8,0.0,1013.9,0.0,0.0,8.4,46.1,-46.1,19.99,46.1,0.0
2024-02-07T11:00,-10.3,-15.5,81,12.0,46.8,0.0,1013.8,0.0,0.0,8.1,45.8,-45.8,19.99,45.8,0.0
2024-02-07T12:00,-9.3,-14.3,82,11.0,43.2,0.0,1013.6,0.0,0.0,8.0,45.7,-45.7,19.99,45.7,0.0
2024-02-07T13:00,-10.1,-14.8,82,8.5,34.6,0.0,1013.4,0.0,0.0,8.0,45.7,-45.7,19.99,45.7,0.0
2024-02-07T14:00,-8.7,-13.7,82,11.5,39.6,0.0,1013.3,0.0,0.0,7.9,45.6,-45.6,19.99,45.6,0.0
2024-02-07T15:00,-8.5,-13.4,83,11.4,39.6,0.0,1013.4,0.0,0.0,7.9,45.6,-45.6,19.99,45.6,0.0
2024-02-07T16:00,-8.4,-13.6,82,12.9,42.8,0.0,1013.3,0.0,0.0,7.9,45.6,-45.6,19.99,45.6,0.0
2024-02-07T17:00,-8.2,-13.5,82,13.6,45.0,0.0,1012.9,0.0,0.0,7.9,45.6,-45.6,19.99,45.6,0.0
2024-02-07T18:00,-8.2,-13.4,81,13.2,45.4,0.0,1012.6,0.0,0.0,7.9,45.6,-45.6,19.99,45.6,0.0
2024-02-07T19:00,-8.1,-13.2,82,12.4,45.7,0.0,1012.6,0.0,0.0,7.9,45.6,-45.6,19.99,45.6,0.0
2024-02-07T20:00,-8.1,-13.2,83,12.6,44.3,0.0,1012.4,0.0,0.0,7.9,45.6,-45.6,19.99,45.6,0.0
2024-02-07T21:00,-8.2,-13.1,84,10.9,43.2,0.0,1012.4,0.0,0.0,7.8,45.5,-45.5,19.99,45.5,0.0
2024-02-07T22:00,-8.1,-13.0,85,11.8,40.0,0.0,1012.4,0.0,0.0,7.9,45.6,-45.6,19.99,45.6,0.0
2024-02-07T23:00,-8.1,-13.0,86,11.6,40.3,0.0,1012.1,0.0,0.0,7.9,45.6,-45.6,19.99,45.6,0.0
2024-02-08T00:00,-8.1,-12.9,84,11.0,41.0,0.0,1011.9,0.0,0.0,7.8,45.5,-45.5,19.99,45.5,0.0
2024-02-08T01:00,-8.3,-13.1,83,10.5,42.1,0.0,1011.4,0.0,0.0,7.8,45.5,-45.5,19.99,45.5,0.0
2024-02-08T02:00,-8.4,-13.1,83,9.5,38.2,0.0,1011.2,0.0,0.0,7.8,45.5,-45.5,19.99,45.5,0.0
2024-02-08T03:00,-8.6,-13.1,83,8.6,36.0,0.0,1011.3,0.0,0.0,7.8,45.5,-45.5,19.99,45.5,0.0
2024-02-08T04:00,-8.6,-13.0,83,7.9,33.1,0.0,1011.4,0.0,0.0,7.8,45.5,-45.5,19.99,45.5,0.0
2024-02-08T05:00,-8.6,-13.1,83,7.9,31.0,0.0,1011.2,0.0,0.0,7.8,45.5,-45.5,19.99,45.5,0.0
2024-02-08T06:00,-8.7,-13.2,83,8.1,29.9,0.0,1011.1,0.0,0.0,7.8,45.5,-45.5,19.99,45.5,0.0
2024-02-08T07:00,-8.8,-13.3,82,8.2,29.5,0.0,1011.0,0.0,0.0,7.8,45.5,-45.5,19.99,45.5,0.0
2024-02-08T08:00,-8.9,-13.4,83,7.9,28.8,0.0,1011.0,0.0,0.0,7.8,45.5,-45.5,19.99,45.5,0.0
2024-02-08T09:00,-8.9,-13.3,82,7.4,27.7,0.0,1010.7,0.0,12.4,7.8,45.5,-33.1,19.99,33.1,27.3
2024-02-08T10:00,-9.4,-13.8,83,7.1,27.4,0.0,1010.3,0.0,10.6,7.8,45.5,-34.9,19.99,34.9,23.3
2024-02-08T11:00,-9.8,-14.1,83,6.2,25.9,0.0,1010.0,0.0,6.2,7.8,45.5,-39.3,19.99,39.3,13.6
2024-02-08T12:00,-9.7,-13.9,83,5.9,24.5,0.0,1009.6,0.0,5.0,7.8,45.5,-40.5,19.99,40.5,11.0
2024-02-08T13:00,-10.2,-14.3,86,4.7,23.4,0.0,1008.9,0.0,1.5,7.8,45.5,-44.0,19.99,44.0,3.3
2024-02-08T14:00,-10.3,-14.5,85,5.3,23.4,0.0,1008.6,0.0,3.0,7.8,45.5,-42.5,19.99,42.5,6.6
2024-02-08T15:00,-10.6,-14.9,84,5.8,23.8,0.0,1008.5,0.0,4.6,7.9,45.6,-41.0,19.99,41.0,10.1
2024-02-08T16:00,-10.6,-14.8,82,5.2,23.4,0.0,1008.3,0.0,2.7,7.9,45.6,-42.9,19.99,42.9,5.9
2024-02-08T17:00,-9.9,-13.9,80,4.4,21.2,0.0,1008.2,0.0,1.0,7.8,45.5,-44.5,19.99,44.5,2.2
2024-02-08T18:00,-9.8,-13.8,80,3.9,18.4,0.0,1008.4,0.0,0.4,7.7,45.4,-45.0,19.99,45.0,0.9
2024-02-08T19:00,-10.4,-14.5,83,4.3,16.6,0.0,1008.1,0.0,0.9,7.8,45.5,-44.6,19.99,44.6,2.0
2024-02-08T20:00,-10.9,-15.1,84,5.1,18.7,0.0,1008.3,0.0,2.4,7.9,45.6,-43.2,19.99,43.2,5.3
2024-02-08T21:00,-11.5,-15.7,86,5.4,19.4,0.0,1008.4,0.0,3.3,8.0,45.7,-42.4,19.99,42.4,7.2
2024-02-08T22:00,-12.4,-16.8,88,5.8,20.2,0.0,1008.5,0.0,4.6,8.1,45.8,-41.2,19.99,41.2,10.0
2024-02-08T23:00,-15.3,-19.9,87,6.8,22.0,0.0,1008.5,0.0,9.0,8.5,46.2,-37.2,19.99,37.2,19.5
2024-02-09T00:00,-18.3,-23.3,85,8.3,24.1,0.0,1008.5,0.0,18.7,8.9,46.6,-27.9,19.99,27.9,40.1
2024-02-09T01:00,-15.8,-20.6,87,7.9,26.6,0.0,1008.5,0.0,15.7,8.6,46.3,-30.6,19.99,30.6,33.9
2024-02-09T02:00,-14.6,-19.4,89,8.0,28.4,0.0,1008.4,0.0,0.0,8.5,46.2,-46.2,19.99,46.2,0.0
2024-02-09T03:00,-14.0,-18.7,89,7.7,28.4,0.0,1008.6,0.0,0.0,8.4,46.1,-46.1,19.99,46.1,0.0
2024-02-09T04:00,-13.3,-17.9,90,7.0,27.7,0.0,1008.8,0.0,10.1,8.3,46.0,-35.9,19.99,35.9,22.0
2024-02-09T05:00,-13.2,-17.7,89,6.4,25.6,0.0,1008.7,0.0,7.0,8.2,45.9,-38.9,19.99,38.9,15.3
2024-02-09T06:00,-14.4,-19.0,88,6.9,23.8,0.0,1008.8,0.0,9.5,8.4,46.1,-36.6,19.99,36.6,20.6
2024-02-09T07:00,-15.3,-20.1,87,7.7,24.5,0.0,1009.0,0.0,14.4,8.5,46.2,-31.8,19.99,31.8,31.2
2024-02-09T08:00,-16.0,-20.9,86,8.5,25.6,0.0,1009.1,0.0,20.3,8.7,46.4,-26.1,19.99,26.1,43.7
2024-02-09T09:00,-15.8,-20.8,86,9.0,27.0,0.0,1009.4,0.0,24.6,8.7,46.4,-21.8,19.99,21.8,53.0
2024-02-09T10:00,-14.7,-19.6,85,9.0,28.4,0.0,1009.4,0.0,0.0,8.5,46.2,-46.2,19.99,46.2,0.0
2024-02-09T11:00,-14.3,-19.2,85,8.9,28.8,0.0,1009.4,0.0,0.0,8.5,46.2,-46.2,19.99,46.2,0.0
2024-02-09T12:00,-13.0,-17.8,85,8.6,28.8,0.0,1009.0,0.0,0.0,8.3,46.0,-46.0,19.99,46.0,0.0
2024-02-09T13:00,-12.7,-17.5,85,8.7,28.1,0.0,1008.9,0.0,0.0,8.3,46.0,-46.0,19.99,46.0,0.0
2024-02-09T14:00,-13.0,-17.8,86,8.9,30.6,0.0,1008.7,0.0,0.0,8.3,46.0,-46.0,19.99,46.0,0.0
2024-02-09T15:00,-12.0,-16.6,85,7.8,32.4,0.0,1008.6,0.0,0.0,8.2,45.9,-45.9,19.99,45.9,0.0
2024-02-09T16:00,-10.6,-15.2,84,7.6,32.8,0.0,1008.8,0.0,0.0,8.0,45.7,-45.7,19.99,45.7,0.0
2024-02-09T17:00,-11.1,-15.8,85,8.6,35.3,0.0,1008.6,0.0,0.0,8.1,45.8,-45.8,19.99,45.8,0.0
2024-02-09T18:00,-9.6,-14.6,84,11.3,40.3,0.0,1008.6,0.0,0.0,8.0,45.7,-45.7,19.99,45.7,0.0
2024-02-09T19:00,-8.7,-13.6,84,11.2,41.0,0.0,1008.6,0.0,0.0,7.9,45.6,-45.6,19.99,45.6,0.0
2024-02-09T20:00,-8.3,-13.3,85,11.5,42.1,0.0,1008.7,0.0,0.0,7.9,45.6,-45.6,19.99,45.6,0.0
2024-02-09T21:00,-8.7,-13.9,84,13.0,44.6,0.0,1008.6,0.0,0.0,8.0,45.7,-45.7,19.99,45.7,0.0
2024-02-09T22:00,-9.0,-14.3,84,13.7,45.4,0.0,1008.7,0.0,0.0,8.1,45.8,-45.8,19.99,45.8,0.0
2024-02-09T23:00,-9.1,-14.1,85,11.9,44.6,0.0,1008.8,0.0,0.0,8.0,45.7,-45.7,19.99,45.7,0.0
2024-02-10T00:00,-9.2,-14.2,85,11.3,40.3,0.0,1008.8,0.0,0.0,8.0,45.7,-45.7,19.99,45.7,0.0
2024-02-10T01:00,-7.8,-12.8,85,12.6,45.0,0.0,1007.8,0.0,0.0,7.9,45.6,-45.6,19.99,45.6,0.0
2024-02-10T02:00,-7.9,-13.1,84,13.3,46.8,0.0,1007.8,0.0,0.0,7.9,45.6,-45.6,19.99,45.6,0.0
2024-02-10T03:00,-8.0,-13.2,84,13.7,47.2,0.0,1007.6,0.0,0.0,7.9,45.6,-45.6,19.99,45.6,0.0
2024-02-10T04:00,-8.0,-13.6,83,15.5,51.5,0.0,1007.4,0.0,0.0,8.0,45.7,-45.7,19.99,45.7,0.0
2024-02-10T05:00,-8.0,-13.6,83,16.2,51.5,0.0,1007.0,0.0,0.0,8.0,45.7,-45.7,19.99,45.7,0.0
2024-02-10T06:00,-7.9,-13.3,82,14.4,51.1,0.0,1006.7,0.0,0.0,7.9,45.6,-45.6,19.99,45.6,0.0
2024-02-10T07:00,-8.2,-13.2,83,12.2,47.2,0.0,1006.6,0.0,0.0,7.9,45.6,-45.6,19.99,45.6,0.0
2024-02-10T08:00,-9.3,-14.0,84,9.4,41.8,0.0,1006.8,0.0,0.0,7.9,45.6,-45.6,19.99,45.6,0.0
2024-02-10T09:00,-9.7,-14.3,85,8.0,35.3,0.0,1006.7,0.0,0.0,7.9,45.6,-45.6,19.99,45.6,0.0
2024-02-10T10:00,-9.8,-14.3,86,7.9,32.0,0.0,1006.9,0.0,0.0,7.9,45.6,-45.6,19.99,45.6,0.0
2024-02-10T11:00,-8.5,-13.2,85,9.4,34.2,0.0,1006.2,0.0,0.0,7.8,45.5,-45.5,19.99,45.5,0.0
2024-02-10T12:00,-8.3,-13.1,82,10.2,37.4,0.0,1005.9,0.0,0.0,7.8,45.5,-45.5,19.99,45.5,0.0
2024-02-10T13:00,-7.5,-11.9,86,8.3,34.6,0.0,1005.3,0.0,0.0,7.6,45.3,-45.3,19.99,45.3,0.0
2024-02-10T14:00,-7.3,-11.8,87,9.4,34.2,0.0,1005.1,0.0,0.0,7.7,45.4,-45.4,19.99,45.4,0.0
2024-02-10T15:00,-7.1,-11.7,88,9.7,35.6,0.0,1004.8,0.0,0.0,7.7,45.4,-45.4,19.99,45.4,0.0
2024-02-10T16:00,-6.7,-11.2,87,9.7,36.0,0.0,1004.8,0.0,0.0,7.6,45.3,-45.3,19.99,45.3,0.0
2024-02-10T17:00,-6.2,-10.6,86,8.6,36.0,0.0,1004.8,0.0,0.0,7.5,45.2,-45.2,19.99,45.2,0.0
2024-02-10T18:00,-6.2,-10.5,86,8.3,33.5,0.0,1004.7,0.0,0.0,7.5,45.2,-45.2,19.99,45.2,0.0
2024-02-10T19:00,-5.9,-10.2,86,8.3,31.3,0.0,1004.8,0.0,0.0,7.5,45.2,-45.2,19.99,45.2,0.0
2024-02-10T20:00,-6.0,-10.2,87,7.9,30.6,0.0,1004.9,0.0,0.0,7.5,45.2,-45.2,19.99,45.2,0.0
2024-02-10T21:00,-5.9,-10.2,87,8.6,29.2,0.0,1004.9,0.0,0.0,7.5,45.2,-45.2,19.99,45.2,0.0
2024-02-10T22:00,-6.1,-10.4,88,9.1,29.5,0.0,1005.1,0.0,0.0,7.5,45.2,-45.2,19.99,45.2,0.0
2024-02-10T23:00,-6.7,-11.2,90,9.5,30.2,0.0,1005.1,0.0,0.0,7.6,45.3,-45.3,19.99,45.3,0.0
2024-02-11T00:00,-6.5,-10.9,91,9.6,29.9,0.0,1004.9,0.0,0.0,7.6,45.3,-45.3,19.99,45.3,0.0
2024-02-11T01:00,-6.3,-10.2,89,6.1,25.6,0.0,1004.4,0.0,5.8,7.4,45.1,-39.3,19.99,39.3,12.9
2024-02-11T02:00,-6.1,-9.9,89,5.2,24.8,0.0,1004.6,0.0,2.7,7.4,45.1,-42.4,19.99,42.4,6.0
2024-02-11T03:00,-6.0,-9.8,83,4.3,21.6,0.0,1004.7,0.0,0.9,7.3,45.0,-44.1,19.99,44.1,2.0
2024-02-11T04:00,-6.0,-9.7,81,4.1,19.8,0.0,1004.9,0.0,0.6,7.3,45.0,-44.4,19.99,44.4,1.3
2024-02-11T05:00,-6.0,-9.7,84,3.7,17.3,0.0,1005.2,0.0,0.2,7.3,45.0,-44.8,19.99,44.8,0.4
2024-02-11T06:00,-5.9,-9.5,85,3.4,15.1,0.0,1005.5,0.0,0.1,7.3,45.0,-44.9,19.99,44.9,0.2
2024-02-11T07:00,-6.0,-9.5,87,2.6,14.0,0.0,1005.7,0.0,0.0,7.3,45.0,-45.0,19.99,45.0,0.0
2024-02-11T08:00,-6.7,-10.3,90,3.6,14.0,0.0,1006.0,0.0,0.2,7.4,45.1,-44.9,19.99,44.9,0.4
2024-02-11T09:00,-7.1,-10.8,91,4.1,15.5,0.0,1006.3,0.0,0.6,7.4,45.1,-44.5,19.99,44.5,1.3
2024-02-11T10:00,-7.2,-11.1,93,5.4,15.8,0.0,1006.5,0.0,3.3,7.5,45.2,-41.9,19.99,41.9,7.3
2024-02-11T11:00,-7.6,-11.4,93,4.8,15.8,0.0,1006.6,0.0,1.7,7.5,45.2,-43.5,19.99,43.5,3.8
2024-02-11T12:00,-7.6,-11.4,93,4.6,14.0,0.0,1006.8,0.0,1.3,7.5,45.2,-43.9,19.99,43.9,2.9
2024-02-11T13:00,-7.2,-10.7,93,3.3,9.0,0.0,1007.1,0.0,0.0,7.4,45.1,-45.1,19.99,45.1,0.0
2024-02-11T14:00,-6.9,-10.5,92,3.6,8.3,0.0,1007.2,0.0,0.2,7.4,45.1,-44.9,19.99,44.9,0.4
2024-02-11T15:00,-6.3,-9.9,92,3.8,8.6,0.0,1007.5,0.0,0.3,7.3,45.0,-44.7,19.99,44.7,0.7
2024-02-11T16:00,-6.9,-10.5,93,4.1,10.8,0.0,1007.9,0.0,0.6,7.4,45.1,-44.5,19.99,44.5,1.3
2024-02-11T17:00,-6.2,-9.8,94,4.4,13.0,0.0,1008.2,0.0,1.0,7.3,45.0,-44.0,19.99,44.0,2.2
2024-02-11T18:00,-5.9,-9.6,94,4.7,14.4,0.0,1008.7,0.0,1.5,7.3,45.0,-43.5,19.99,43.5,3.3
2024-02-11T19:00,-6.2,-9.7,94,4.0,14.4,0.0,1009.2,0.0,0.5,7.3,45.0,-44.5,19.99,44.5,1.1
2024-02-11T20:00,-6.3,-10.0,94,4.8,14.0,0.0,1009.8,0.0,1.7,7.4,45.1,-43.4,19.99,43.4,3.8
2024-02-11T21:00,-6.4,-10.4,95,7.3,19.8,0.0,1010.4,0.0,11.8,7.5,45.2,-33.4,19.99,33.4,26.1
2024-02-11T22:00,-6.8,-11.0,94,7.7,20.9,0.0,1011.2,0.0,14.4,7.5,45.2,-30.8,19.99,30.8,31.9
2024-02-11T23:00,-7.4,-11.4,94,6.7,20.5,0.0,1011.7,0.0,8.5,7.6,45.3,-36.8,19.99,36.8,18.8
2024-02-12T00:00,-7.9,-11.9,93,5.8,18.0,0.0,1012.1,0.0,4.6,7.6,45.3,-40.7,19.99,40.7,10.2
2024-02-12T01:00,-9.1,-13.2,90,5.4,15.5,0.0,1012.6,0.0,3.3,7.7,45.4,-42.1,19.99,42.1,7.3
2024-02-12T02:00,-9.9,-14.0,90,5.2,13.7,0.0,1013.1,0.0,2.7,7.8,45.5,-42.8,19.99,42.8,5.9
2024-02-12T03:00,-11.3,-15.4,89,5.0,13.0,0.0,1013.7,0.0,2.2,7.9,45.6,-43.4,19.99,43.4,4.8
2024-02-12T04:00,-11.7,-15.9,88,4.8,11.9,0.0,1014.4,0.0,1.7,8.0,45.7,-44.0,19.99,44.0,3.7
2024-02-12T05:00,-12.8,-17.2,87,5.7,11.2,0.0,1014.8,0.0,4.2,8.2,45.9,-41.7,19.99,41.7,9.2
2024-02-12T06:00,-14.6,-19.3,86,7.4,14.4,0.0,1014.9,0.0,12.4,8.4,46.1,-33.7,19.99,33.7,26.9
2024-02-12T07:00,-17.5,-22.4,85,7.7,14.8,0.0,1015.1,0.0,14.4,8.8,46.5,-32.1,19.99,32.1,31.0
2024-02-12T08:00,-18.7,-23.7,81,8.1,14.8,0.0,1015.7,0.0,17.2,9.0,46.7,-29.5,19.99,29.5,36.8
2024-02-12T09:00,-16.9,-21.8,73,7.3,14.8,0.0,1016.3,0.0,11.8,8.7,46.4,-34.6,19.99,34.6,25.4
2024-02-12T10:00,-14.3,-19.0,65,6.8,13.7,0.0,1016.7,0.0,9.0,8.4,46.1,-37.1,19.99,37.1,19.5
2024-02-12T11:00,-14.1,-18.7,64,5.8,12.6,0.0,1017.0,0.0,4.6,8.3,46.0,-41.4,19.99,41.4,10.0
2024-02-12T12:00,-13.9,-18.5,65,5.5,11.9,0.0,1017.4,0.0,3.6,8.3,46.0,-42.4,19.99,42.4,7.8
2024-02-12T13:00,-14.5,-19.2,79,7.1,15.8,0.0,1017.8,0.0,10.6,8.4,46.1,-35.5,19.99,35.5,23.0
2024-02-12T14:00,-14.3,-19.1,79,7.4,13.0,0.0,1017.7,0.0,12.4,8.4,46.1,-33.7,19.99,33.7,26.9
2024-02-12T15:00,-14.0,-18.7,77,7.1,12.6,0.0,1017.8,0.0,10.6,8.4,46.1,-35.5,19.99,35.5,23.0
2024-02-12T16:00,-15.5,-20.4,80,8.1,15.1,0.0,1017.8,0.0,17.2,8.6,46.3,-29.1,19.99,29.1,37.1
2024-02-12T17:00,-14.7,-19.5,78,7.9,16.2,0.0,1017.5,0.0,15.7,8.5,46.2,-30.5,19.99,30.5,34.0
2024-02-12T18:00,-14.0,-18.8,78,7.4,15.8,0.0,1017.3,0.0,12.4,8.4,46.1,-33.7,19.99,33.7,26.9
2024-02-12T19:00,-14.5,-19.3,80,7.9,16.2,0.0,1017.3,0.0,15.7,8.5,46.2,-30.5,19.99,30.5,34.0
2024-02-12T20:00,-14.7,-19.5,81,7.9,16.9,0.0,1017.3,0.0,15.7,8.5,46.2,-30.5,19.99,30.5,34.0
2024-02-12T21:00,-14.5,-19.4,82,8.2,17.6,0.0,1017.3,0.0,17.9,8.5,46.2,-28.3,19.99,28.3,38.7
2024-02-12T22:00,-13.3,-18.0,79,7.7,18.0,0.0,1017.3,0.0,14.4,8.3,46.0,-31.6,19.99,31.6,31.3
2024-02-12T23:00,-13.3,-18.1,77,8.0,19.1,0.0,1017.1,0.0,16.5,8.3,46.0,-29.5,19.99,29.5,35.9
2024-02-13T00:00,-13.8,-18.7,76,8.0,19.4,0.0,1016.8,0.0,16.5,8.4,46.1,-29.6,19.99,29.6,35.8
2024-02-13T01:00,-15.9,-20.8,80,8.3,20.5,0.0,1017.3,0.0,18.7,8.6,46.3,-27.6,19.99,27.6,40.4
2024-02-13T02:00,-16.7,-21.7,81,8.1,19.8,0.0,1017.3,0.0,17.2,8.7,46.4,-29.2,19.99,29.2,37.1
2024-02-13T03:00,-17.7,-22.7,82,8.3,19.8,0.0,1017.2,0.0,18.7,8.9,46.6,-27.9,19.99,27.9,40.1
2024-02-13T04:00,-19.3,-24.6,79,9.7,22.3,0.0,1017.0,0.0,31.3,9.1,46.8,-15.5,19.99,15.5,66.9
2024-02-13T05:00,-19.8,-25.5,76,12.1,27.0,0.0,1016.5,0.0,57.0,9.3,47.0,10.0,22.36,0.0,100.0
2024-02-13T06:00,-19.7,-25.5,71,12.7,29.2,0.0,1016.1,0.0,0.0,9.3,47.0,-47.0,19.88,37.6,0.0
2024-02-13T07:00,-19.0,-24.8,66,12.4,30.2,0.0,1016.1,0.0,0.0,9.2,46.9,-46.9,19.88,46.9,0.0
2024-02-13T08:00,-19.6,-25.1,71,11.3,30.2,0.0,1016.1,0.0,0.0,9.3,47.0,-47.0,19.88,47.0,0.0
2024-02-13T09:00,-19.6,-25.1,81,11.3,28.8,0.0,1016.1,0.0,0.0,9.3,47.0,-47.0,19.88,47.0,0.0
2024-02-13T10:00,-19.7,-25.2,88,11.3,29.2,0.0,1016.2,0.0,0.0,9.3,47.0,-47.0,19.88,47.0,0.0
2024-02-13T11:00,-19.2,-24.6,90,11.3,28.8,0.0,1016.2,0.0,0.0,9.2,46.9,-46.9,19.88,46.9,0.0
2024-02-13T12:00,-17.5,-22.9,87,11.2,29.9,0.0,1016.1,0.0,0.0,9.0,46.7,-46.7,19.88,46.7,0.0
2024-02-13T13:00,-14.7,-20.1,86,11.5,33.1,0.0,1016.2,0.0,0.0,8.7,46.4,-46.4,19.88,46.4,0.0
2024-02-13T14:00,-14.5,-19.8,86,11.3,34.6,0.0,1015.2,0.0,0.0,8.6,46.3,-46.3,19.88,46.3,0.0
2024-02-13T15:00,-12.5,-17.7,87,11.1,37.8,0.0,1014.5,0.0,0.0,8.4,46.1,-46.1,19.88,46.1,0.0
2024-02-13T16:00,-10.7,-15.8,87,11.2,41.0,0.0,1013.8,0.0,0.0,8.2,45.9,-45.9,19.88,45.9,0.0
2024-02-13T17:00,-8.9,-14.0,87,12.0,45.7,0.0,1013.0,0.0,0.0,8.0,45.7,-45.7,19.88,45.7,0.0
2024-02-13T18:00,-7.2,-12.4,87,14.2,50.4,0.0,1012.2,0.0,0.0,7.8,45.5,-45.5,19.88,45.5,0.0
2024-02-13T19:00,-6.5,-11.8,87,15.5,52.6,0.0,1011.6,0.0,0.0,7.8,45.5,-45.5,19.88,45.5,0.0
2024-02-13T20:00,-6.0,-11.4,86,15.8,53.3,0.0,1011.0,0.0,0.0,7.7,45.4,-45.4,19.88,45.4,0.0
2024-02-13T21:00,-5.6,-10.9,85,15.6,54.7,0.0,1010.2,0.0,0.0,7.7,45.4,-45.4,19.88,45.4,0.0
2024-02-13T22:00,-5.3,-10.6,87,15.8,56.2,0.0,1009.3,0.0,0.0,7.7,45.4,-45.4,19.88,45.4,0.0
2024-02-13T23:00,-4.6,-10.1,87,17.5,59.8,0.0,1008.0,0.0,0.0,7.6,45.3,-45.3,19.88,45.3,0.0
2024-02-14T00:00,-4.1,-9.7,89,18.9,63.0,0.0,1006.5,0.0,0.0,7.6,45.3,-45.3,19.88,45.3,0.0
2024-02-14T01:00,-3.7,-9.2,88,18.4,64.1,0.0,1005.6,0.0,0.0,7.5,45.2,-45.2,19.88,45.2,0.0
2024-02-14T02:00,-3.5,-8.7,87,16.0,61.9,0.0,1005.0,0.0,0.0,7.4,45.1,-45.1,19.88,45.1,0.0
2024-02-14T03:00,-3.4,-8.3,86,14.8,56.2,0.0,1004.2,0.0,0.0,7.4,45.1,-45.1,19.88,45.1,0.0
2024-02-14T04:00,-3.3,-8.3,86,15.1,52.2,0.0,1003.8,0.0,0.0,7.4,45.1,-45.1,19.88,45.1,0.0
2024-02-14T05:00,-3.2,-8.5,84,16.6,53.6,0.0,1003.2,0.0,0.0,7.4,45.1,-45.1,19.88,45.1,0.0
2024-02-14T06:00,-2.9,-8.3,83,18.1,53.6,0.0,1002.5,0.0,0.0,7.4,45.1,-45.1,19.88,45.1,0.0
2024-02-14T07:00,-2.6,-8.0,82,18.3,56.2,0.0,1002.0,0.0,0.0,7.4,45.1,-45.1,19.88,45.1,0.0
2024-02-14T08:00,-2.3,-7.8,81,18.6,56.5,0.0,1001.6,0.0,0.0,7.4,45.1,-45.1,19.88,45.1,0.0
2024-02-14T09:00,-2.3,-7.6,82,17.6,56.2,0.0,1001.2,0.0,0.0,7.3,45.0,-45.0,19.88,45.0,0.0
2024-02-14T10:00,-2.3,-7.5,83,16.5,53.6,0.0,1000.6,0.0,0.0,7.3,45.0,-45.0,19.88,45.0,0.0
2024-02-14T11:00,-2.3,-7.3,83,15.3,52.2,0.0,1000.1,0.0,0.0,7.3,45.0,-45.0,19.88,45.0,0.0
2024-02-14T12:00,-2.4,-7.4,84,15.3,51.1,0.0,999.5,0.0,0.0,7.3,45.0,-45.0,19.88,45.0,0.0
2024-02-14T13:00,-2.1,-6.9,83,13.9,52.6,0.0,998.8,0.0,0.0,7.2,44.9,-44.9,19.88,44.9,0.0
2024-02-14T14:00,-2.0,-6.7,83,13.6,48.2,0.0,998.2,0.0,0.0,7.2,44.9,-44.9,19.88,44.9,0.0
2024-02-14T15:00,-1.7,-6.7,83,15.8,51.1,0.0,997.8,0.0,0.0,7.2,44.9,-44.9,19.88,44.9,0.0
2024-02-14T16:00,-1.7,-6.8,82,16.6,54.0,0.0,997.0,0.0,0.0,7.2,44.9,-44.9,19.88,44.9,0.0
2024-02-14T17:00,-1.6,-6.5,82,15.3,53.6,0.0,996.0,0.0,0.0,7.2,44.9,-44.9,19.88,44.9,0.0
2024-02-14T18:00,-1.4,-6.2,84,15.1,50.8,0.0,995.2,0.0,0.0,7.1,44.8,-44.8,19.88,44.8,0.0
2024-02-14T19:00,-1.6,-6.3,87,14.6,50.0,0.0,994.5,0.0,0.0,7.1,44.8,-44.8,19.88,44.8,0.0
2024-02-14T20:00,-1.1,-5.9,89,15.4,54.0,0.0,994.2,0.0,0.0,7.1,44.8,-44.8,19.88,44.8,0.0
2024-02-14T21:00,-0.3,-4.6,89,13.5,53.6,0.0,994.1,0.0,0.0,6.9,44.6,-44.6,19.88,44.6,0.0
2024-02-14T22:00,0.0,-3.8,90,10.3,47.9,0.0,994.3,0.0,0.0,6.8,44.5,-44.5,19.88,44.5,0.0
2024-02-14T23:00,0.0,-3.5,92,8.7,39.6,0.0,994.4,0.0,0.0,6.8,44.5,-44.5,19.88,44.5,0.0
2024-02-15T00:00,-0.1,-3.6,93,8.6,33.5,0.0,993.9,0.0,0.0,6.8,44.5,-44.5,19.88,44.5,0.0
2024-02-15T01:00,0.5,-3.0,92,9.2,34.2,0.0,993.7,0.0,0.0,6.7,44.4,-44.4,19.88,44.4,0.0
2024-02-15T02:00,0.5,-3.2,92,9.8,33.1,0.0,993.1,0.0,0.0,6.7,44.4,-44.4,19.88,44.4,0.0
2024-02-15T03:00,0.3,-3.6,92,11.0,37.1,0.0,992.8,0.0,0.0,6.8,44.5,-44.5,19.88,44.5,0.0
2024-02-15T04:00,0.1,-3.6,92,9.7,36.4,0.0,992.4,0.0,0.0,6.8,44.5,-44.5,19.88,44.5,0.0
2024-02-15T05:00,-0.4,-4.1,93,9.2,34.2,0.0,992.2,0.0,0.0,6.8,44.5,-44.5,19.88,44.5,0.0
2024-02-15T06:00,-0.3,-4.1,93,10.2,35.3,0.0,991.8,0.0,0.0,6.8,44.5,-44.5,19.88,44.5,0.0
2024-02-15T07:00,-0.4,-4.0,93,8.7,34.6,0.0,991.5,0.0,0.0,6.8,44.5,-44.5,19.88,44.5,0.0
2024-02-15T08:00,-0.0,-3.4,92,7.4,29.2,0.0,991.4,0.0,0.0,6.7,44.4,-44.4,19.88,44.4,0.0
2024-02-15T09:00,-0.1,-3.3,92,6.8,23.0,0.0,991.2,0.0,9.0,6.7,44.4,-35.4,19.88,35.4,20.3
2024-02-15T10:00,-0.0,-3.0,92,4.7,19.1,0.0,990.8,0.0,1.5,6.7,44.4,-42.9,19.88,42.9,3.4
2024-02-15T11:00,-0.2,-3.1,94,4.7,14.0,0.0,990.8,0.0,1.5,6.7,44.4,-42.9,19.88,42.9,3.4
2024-02-15T12:00,-0.5,-3.6,99,6.1,15.1,0.0,990.8,0.0,5.8,6.8,44.5,-38.7,19.88,38.7,13.0
2024-02-15T13:00,-1.3,-4.2,99,4.0,14.4,0.0,990.0,0.0,0.5,6.8,44.5,-44.0,19.88,44.0,1.1
2024-02-15T14:00,-0.9,-3.7,99,3.8,11.2,0.0,989.7,0.0,0.3,6.7,44.4,-44.1,19.88,44.1,0.7
2024-02-15T15:00,-1.1,-4.2,99,5.5,13.7,0.0,989.5,0.0,3.6,6.8,44.5,-40.9,19.88,40.9,8.1
2024-02-15T16:00,-1.3,-4.4,99,5.4,16.9,0.0,989.7,0.0,3.3,6.8,44.5,-41.2,19.88,41.2,7.4
2024-02-15T17:00,-1.5,-4.3,99,2.9,16.2,0.0,989.6,0.0,0.0,6.8,44.5,-44.5,19.88,44.5,0.0
2024-02-15T18:00,-1.7,-5.0,99,6.3,21.6,0.0,990.0,0.0,6.6,6.9,44.6,-38.0,19.88,38.0,14.8
2024-02-15T19:00,-2.6,-6.6,90,9.4,28.4,0.0,990.3,0.0,0.0,7.1,44.8,-44.8,19.88,44.8,0.0
2024-02-15T20:00,-3.5,-8.0,85,11.7,36.0,0.0,990.1,0.0,0.0,7.3,45.0,-45.0,19.88,45.0,0.0
2024-02-15T21:00,-3.1,-7.5,82,10.8,39.2,0.0,989.2,0.0,0.0,7.2,44.9,-44.9,19.88,44.9,0.0
2024-02-15T22:00,-2.8,-7.0,83,9.5,39.2,0.0,989.1,0.0,0.0,7.1,44.8,-44.8,19.88,44.8,0.0
2024-02-15T23:00,-3.0,-7.4,88,12.0,40.3,0.0,989.4,0.0,0.0,7.2,44.9,-44.9,19.88,44.9,0.0
2024-02-16T00:00,-4.1,-9.4,78,16.0,51.5,0.0,989.5,0.0,0.0,7.5,45.2,-45.2,19.88,45.2,0.0
2024-02-16T01:00,-5.4,-10.3,80,12.0,46.8,0.0,989.5,0.0,0.0,7.5,45.2,-45.2,19.88,45.2,0.0
2024-02-16T02:00,-6.2,-11.0,79,11.2,38.9,0.0,989.7,0.0,0.0,7.6,45.3,-45.3,19.88,45.3,0.0
2024-02-16T03:00,-8.0,-12.9,80,11.2,38.5,0.0,989.6,0.0,0.0,7.8,45.5,-45.5,19.88,45.5,0.0
2024-02-16T04:00,-8.6,-13.6,80,11.4,38.9,0.0,989.5,0.0,0.0,7.9,45.6,-45.6,19.88,45.6,0.0
2024-02-16T05:00,-8.9,-14.1,78,12.1,40.7,0.0,989.3,0.0,0.0,8.0,45.7,-45.7,19.88,45.7,0.0
2024-02-16T06:00,-10.3,-15.7,75,13.1,41.4,0.0,989.1,0.0,0.0,8.2,45.9,-45.9,19.88,45.9,0.0
2024-02-16T07:00,-12.0,-17.5,69,13.2,43.2,0.0,989.2,0.0,0.0,8.4,46.1,-46.1,19.88,46.1,0.0
2024-02-16T08:00,-13.6,-19.1,69,12.1,42.1,0.0,989.2,0.0,0.0,8.6,46.3,-46.3,19.88,46.3,0.0
2024-02-16T09:00,-12.1,-17.7,67,13.6,44.3,0.0,989.0,0.0,0.0,8.4,46.1,-46.1,19.88,46.1,0.0
2024-02-16T10:00,-12.9,-18.6,67,13.9,46.4,0.0,988.7,0.0,0.0,8.6,46.3,-46.3,19.88,46.3,0.0
2024-02-16T11:00,-11.8,-17.4,69,13.6,47.5,0.0,988.4,0.0,0.0,8.4,46.1,-46.1,19.88,46.1,0.0
2024-02-16T12:00,-10.7,-16.4,68,14.4,47.9,0.0,988.0,0.0,0.0,8.3,46.0,-46.0,19.88,46.0,0.0
2024-02-16T13:00,-11.0,-16.2,74,11.5,40.0,0.0,988.9,0.0,0.0,8.2,45.9,-45.9,19.88,45.9,0.0
2024-02-16T14:00,-10.8,-16.1,74,12.0,40.7,0.0,988.6,0.0,0.0,8.2,45.9,-45.9,19.88,45.9,0.0
2024-02-16T15:00,-10.8,-16.0,74,11.4,40.7,0.0,988.5,0.0,0.0,8.2,45.9,-45.9,19.88,45.9,0.0
2024-02-16T16:00,-11.8,-17.0,74,11.2,38.2,0.0,988.3,0.0,0.0,8.3,46.0,-46.0,19.88,46.0,0.0
2024-02-16T17:00,-12.3,-17.7,75,11.8,38.2,0.0,987.9,0.0,0.0,8.4,46.1,-46.1,19.88,46.1,0.0
2024-02-16T18:00,-14.4,-19.6,77,10.3,39.2,0.0,987.2,0.0,0.0,8.6,46.3,-46.3,19.88,46.3,0.0
2024-02-16T19:00,-15.3,-20.7,79,11.6,39.2,0.0,986.6,0.0,0.0,8.7,46.4,-46.4,19.88,46.4,0.0
2024-02-16T20:00,-15.8,-21.3,80,12.1,40.3,0.0,986.1,0.0,0.0,8.8,46.5,-46.5,19.88,46.5,0.0
2024-02-16T21:00,-15.3,-20.9,80,13.3,42.8,0.0,985.3,0.0,0.0,8.8,46.5,-46.5,19.88,46.5,0.0
2024-02-16T22:00,-12.6,-17.9,80,11.6,42.8,0.0,984.5,0.0,0.0,8.4,46.1,-46.1,19.88,46.1,0.0
2024-02-16T23:00,-13.5,-18.7,80,10.4,36.7,0.0,984.0,0.0,0.0,8.5,46.2,-46.2,19.88,46.2,0.0
2024-02-17T00:00,-13.6,-18.0,83,5.2,28.8,0.0,984.3,0.0,0.0,8.2,45.9,-45.9,19.88,45.9,0.0
2024-02-17T01:00,-13.0,-17.3,85,5.1,15.5,0.0,986.5,0.0,2.4,8.1,45.8,-43.4,19.88,43.4,5.2
2024-02-17T02:00,-12.5,-16.5,84,2.9,15.5,0.0,987.6,0.0,0.0,8.0,45.7,-45.7,19.88,45.7,0.0
2024-02-17T03:00,-12.4,-16.6,91,5.1,19.1,0.0,988.5,0.0,2.4,8.1,45.8,-43.4,19.88,43.4,5.2
2024-02-17T04:00,-13.4,-17.8,89,6.1,21.2,0.0,988.9,0.0,5.8,8.2,45.9,-40.1,19.88,40.1,12.6
2024-02-17T05:00,-17.0,-22.0,87,8.9,23.8,0.0,988.7,0.0,23.7,8.8,46.5,-22.8,19.88,22.8,51.0
2024-02-17T06:00,-14.4,-19.8,83,12.0,30.2,0.0,988.7,0.0,0.0,8.7,46.4,-46.4,19.88,46.4,0.0
2024-02-17T07:00,-12.3,-17.1,85,8.9,30.2,0.0,989.1,0.0,0.0,8.2,45.9,-45.9,19.88,45.9,0.0
2024-02-17T08:00,-10.5,-16.2,83,15.6,42.5,0.0,990.0,0.0,0.0,8.3,46.0,-46.0,19.88,46.0,0.0
2024-02-17T09:00,-10.6,-16.4,77,16.2,45.4,0.0,990.8,0.0,0.0,8.4,46.1,-46.1,19.88,46.1,0.0
2024-02-17T10:00,-10.8,-16.7,74,16.6,45.7,0.0,991.7,0.0,0.0,8.4,46.1,-46.1,19.88,46.1,0.0
2024-02-17T11:00,-10.8,-16.6,74,15.9,46.8,0.0,992.3,0.0,0.0,8.4,46.1,-46.1,19.88,46.1,0.0
2024-02-17T12:00,-11.0,-16.4,75,13.0,43.9,0.0,993.1,0.0,0.0,8.3,46.0,-46.0,19.88,46.0,0.0
2024-02-17T13:00,-12.3,-17.8,78,13.0,38.2,0.0,995.7,0.0,0.0,8.4,46.1,-46.1,19.88,46.1,0.0
2024-02-17T14:00,-13.0,-18.4,77,11.7,35.6,0.0,996.6,0.0,0.0,8.5,46.2,-46.2,19.88,46.2,0.0
2024-02-17T15:00,-15.0,-20.1,79,9.8,33.1,0.0,997.4,0.0,0.0,8.6,46.3,-46.3,19.88,46.3,0.0
2024-02-17T16:00,-14.8,-20.6,83,14.5,38.5,0.0,998.1,0.0,0.0,8.8,46.5,-46.5,19.88,46.5,0.0
2024-02-17T17:00,-12.8,-18.9,82,17.4,47.9,0.0,998.7,0.0,0.0,8.7,46.4,-46.4,19.88,46.4,0.0
2024-02-17T18:00,-12.9,-19.5,80,20.4,55.8,0.0,999.2,0.0,0.0,8.9,46.6,-46.6,19.88,46.6,0.0
2024-02-17T19:00,-13.3,-20.1,78,21.5,59.8,0.0,999.8,0.0,0.0,9.0,46.7,-46.7,19.88,46.7,0.0
2024-02-17T20:00,-13.5,-20.3,78,21.7,60.8,0.0,1000.4,0.0,0.0,9.0,46.7,-46.7,19.88,46.7,0.0
2024-02-17T21:00,-13.7,-20.4,76,20.9,60.8,0.0,1000.9,0.0,0.0,9.0,46.7,-46.7,19.88,46.7,0.0
2024-02-17T22:00,-13.9,-20.5,76,20.2,59.0,0.0,1001.4,0.0,0.0,9.0,46.7,-46.7,19.88,46.7,0.0
2024-02-17T23:00,-14.2,-20.7,76,19.0,55.8,0.0,1001.9,0.0,0.0,9.0,46.7,-46.7,19.88,46.7,0.0
2024-02-18T00:00,-14.4,-20.6,77,16.8,51.8,0.0,1002.3,0.0,0.0,8.9,46.6,-46.6,19.88,46.6,0.0
2024-02-18T01:00,-15.2,-21.5,78,17.3,48.6,0.0,1002.8,0.0,0.0,9.0,46.7,-46.7,19.88,46.7,0.0
2024-02-18T02:00,-15.1,-21.4,78,17.2,48.2,0.0,1003.1,0.0,0.0,9.0,46.7,-46.7,19.88,46.7,0.0
2024-02-18T03:00,-15.1,-21.3,79,17.5,49.0,0.0,1003.3,0.0,0.0,9.0,46.7,-46.7,19.88,46.7,0.0
2024-02-18T04:00,-14.9,-21.2,78,17.9,50.8,0.0,1003.3,0.0,0.0,9.0,46.7,-46.7,19.88,46.7,0.0
2024-02-18T05:00,-15.2,-21.6,77,18.1,51.5,0.0,1003.4,0.0,0.0,9.1,46.8,-46.8,19.88,46.8,0.0
2024-02-18T06:00,-15.2,-21.6,77,18.0,51.8,0.0,1003.3,0.0,0.0,9.1,46.8,-46.8,19.88,46.8,0.0
2024-02-18T07:00,-15.5,-21.7,77,17.4,50.8,0.0,1002.8,0.0,0.0,9.1,46.8,-46.8,19.88,46.8,0.0
2024-02-18T08:00,-15.4,-21.6,78,17.3,49.7,0.0,1002.6,0.0,0.0,9.0,46.7,-46.7,19.88,46.7,0.0
2024-02-18T09:00,-15.3,-21.5,78,17.3,49.0,0.0,1002.6,0.0,0.0,9.0,46.7,-46.7,19.88,46.7,0.0
2024-02-18T10:00,-15.4,-21.6,77,17.2,49.0,0.0,1002.7,0.0,0.0,9.0,46.7,-46.7,19.88,46.7,0.0
2024-02-18T11:00,-15.6,-21.9,78,17.2,48.6,0.0,1002.8,0.0,0.0,9.1,46.8,-46.8,19.88,46.8,0.0
2024-02-18T12:00,-15.9,-22.1,78,17.2,48.2,0.0,1002.9,0.0,0.0,9.1,46.8,-46.8,19.88,46.8,0.0
2024-02-18T13:00,-14.9,-21.2,78,17.9,47.9,0.0,1002.9,0.0,0.0,9.0,46.7,-46.7,19.88,46.7,0.0
2024-02-18T14:00,-14.5,-21.0,77,18.8,50.8,0.0,1003.1,0.0,0.0,9.0,46.7,-46.7,19.88,46.7,0.0
2024-02-18T15:00,-14.9,-21.3,77,18.2,50.8,0.0,1003.1,0.0,0.0,9.0,46.7,-46.7,19.88,46.7,0.0
2024-02-18T16:00,-15.3,-21.5,78,17.2,49.7,0.0,1002.9,0.0,0.0,9.0,46.7,-46.7,19.88,46.7,0.0
2024-02-18T17:00,-15.8,-22.0,80,17.3,48.2,0.0,1002.5,0.0,0.0,9.1,46.8,-46.8,19.88,46.8,0.0
2024-02-18T18:00,-15.4,-21.6,80,16.9,48.6,0.0,1002.1,0.0,0.0,9.0,46.7,-46.7,19.88,46.7,0.0
2024-02-18T19:00,-15.3,-21.5,80,17.4,48.6,0.0,1001.7,0.0,0.0,9.0,46.7,-46.7,19.88,46.7,0.0
2024-02-18T20:00,-15.1,-21.3,79,17.6,49.7,0.0,1001.6,0.0,0.0,9.0,46.7,-46.7,19.88,46.7,0.0
2024-02-18T21:00,-15.5,-21.7,79,17.4,50.0,0.0,1001.5,0.0,0.0,9.1,46.8,-46.8,19.88,46.8,0.0
2024-02-18T22:00,-15.2,-21.5,79,17.7,50.0,0.0,1001.0,0.0,0.0,9.0,46.7,-46.7,19.88,46.7,0.0
2024-02-18T23:00,-15.6,-21.8,80,16.7,49.7,0.0,1000.9,0.0,0.0,9.0,46.7,-46.7,19.88,46.7,0.0
2024-02-19T00:00,-15.1,-21.1,80,16.1,47.9,0.0,1000.4,0.0,0.0,8.9,46.6,-46.6,19.88,46.6,0.0
2024-02-19T01:00,-15.0,-21.2,80,17.0,48.6,0.0,999.9,0.0,0.0,9.0,46.7,-46.7,19.88,46.7,0.0
2024-02-19T02:00,-15.5,-21.6,81,16.6,47.9,0.0,999.6,0.0,0.0,9.0,46.7,-46.7,19.88,46.7,0.0
2024-02-19T03:00,-16.0,-22.1,82,16.6,47.5,0.0,999.1,0.0,0.0,9.1,46.8,-46.8,19.88,46.8,0.0
2024-02-19T04:00,-16.0,-22.0,82,15.5,46.4,0.0,998.7,0.0,0.0,9.0,46.7,-46.7,19.88,46.7,0.0
2024-02-19T05:00,-17.1,-23.0,81,14.3,43.6,0.0,998.2,0.0,0.0,9.1,46.8,-46.8,19.88,46.8,0.0
2024-02-19T06:00,-17.6,-23.4,81,13.7,40.3,0.0,997.9,0.0,0.0,9.1,46.8,-46.8,19.88,46.8,0.0
2024-02-19T07:00,-17.7,-23.5,83,13.6,38.2,0.0,997.6,0.0,0.0,9.1,46.8,-46.8,19.88,46.8,0.0
2024-02-19T08:00,-16.9,-22.6,81,12.8,37.1,0.0,997.4,0.0,0.0,9.0,46.7,-46.7,19.88,46.7,0.0
2024-02-19T09:00,-18.0,-23.4,83,11.0,34.6,0.0,997.5,0.0,0.0,9.0,46.7,-46.7,19.88,46.7,0.0
2024-02-19T10:00,-18.1,-22.9,85,7.1,29.5,0.0,998.0,0.0,0.0,8.8,46.5,-46.5,19.88,46.5,0.0
2024-02-19T11:00,-18.2,-22.9,85,6.5,22.3,0.0,998.7,0.0,7.5,8.8,46.5,-39.0,19.88,39.0,16.1
2024-02-19T12:00,-18.7,-23.5,83,6.3,22.7,0.0,999.4,0.0,6.6,8.9,46.6,-40.0,19.88,40.0,14.2
2024-02-19T13:00,-17.7,-22.3,76,5.3,25.2,0.0,1000.1,0.0,3.0,8.7,46.4,-43.4,19.88,43.4,6.5
2024-02-19T14:00,-18.0,-22.2,78,2.6,22.0,0.0,1000.7,0.0,0.0,8.6,46.3,-46.3,19.88,46.3,0.0
2024-02-19T15:00,-17.3,-21.4,76,1.5,19.1,0.0,1001.2,0.0,0.0,8.4,46.1,-46.1,19.88,46.1,0.0
2024-02-19T16:00,-16.7,-20.8,82,2.3,19.1,0.0,1001.5,0.0,0.0,8.4,46.1,-46.1,19.88,46.1,0.0
2024-02-19T17:00,-16.0,-20.2,89,3.6,20.2,0.0,1001.7,0.0,0.2,8.4,46.1,-45.9,19.88,45.9,0.4
2024-02-19T18:00,-15.5,-19.7,86,3.1,20.9,0.0,1001.8,0.0,0.0,8.3,46.0,-46.0,19.88,46.0,0.0
2024-02-19T19:00,-16.1,-20.3,82,3.6,20.5,0.0,1001.9,0.0,0.2,8.4,46.1,-45.9,19.88,45.9,0.4
2024-02-19T20:00,-16.2,-20.5,80,4.0,22.7,0.0,1002.0,0.0,0.5,8.5,46.2,-45.7,19.88,45.7,1.1
2024-02-19T21:00,-15.0,-19.3,82,4.1,24.1,0.0,1002.2,0.0,0.6,8.3,46.0,-45.4,19.88,45.4,1.3
2024-02-19T22:00,-13.8,-18.2,87,5.4,25.9,0.0,1002.4,0.0,3.3,8.3,46.0,-42.7,19.88,42.7,7.2
2024-02-19T23:00,-13.4,-18.1,88,7.8,28.8,0.0,1002.3,0.0,0.0,8.3,46.0,-46.0,19.88,46.0,0.0
2024-02-20T00:00,-14.8,-19.8,82,8.7,29.5,0.0,1002.4,0.0,0.0,8.5,46.2,-46.2,19.88,46.2,0.0
2024-02-20T01:00,-13.2,-17.7,88,7.0,28.4,0.0,1003.2,0.0,0.0,8.3,46.0,-46.0,19.88,46.0,0.0
2024-02-20T02:00,-12.6,-17.0,86,6.0,25.2,0.0,1003.6,0.0,5.4,8.1,45.8,-40.4,19.88,40.4,11.8
2024-02-20T03:00,-12.7,-17.0,84,5.4,22.3,0.0,1003.8,0.0,3.3,8.1,45.8,-42.5,19.88,42.5,7.2
2024-02-20T04:00,-13.7,-17.9,87,4.0,19.4,0.0,1004.0,0.0,0.5,8.2,45.9,-45.4,19.88,45.4,1.1
2024-02-20T05:00,-14.6,-18.6,89,2.6,15.8,0.0,1004.0,0.0,0.0,8.2,45.9,-45.9,19.88,45.9,0.0
2024-02-20T06:00,-15.8,-20.3,83,5.1,13.0,0.0,1004.4,0.0,2.4,8.5,46.2,-43.8,19.88,43.8,5.2
2024-02-20T07:00,-17.9,-22.7,80,6.3,12.6,0.0,1004.7,0.0,6.6,8.8,46.5,-39.9,19.88,39.9,14.2
2024-02-20T08:00,-16.9,-21.6,79,6.4,12.2,0.0,1004.8,0.0,7.0,8.7,46.4,-39.4,19.88,39.4,15.1
2024-02-20T09:00,-16.0,-20.7,77,6.6,11.2,0.0,1005.1,0.0,8.0,8.6,46.3,-38.3,19.88,38.3,17.3
2024-02-20T10:00,-15.7,-20.3,78,6.1,11.2,0.0,1005.3,0.0,5.8,8.5,46.2,-40.4,19.88,40.4,12.6
2024-02-20T11:00,-16.4,-21.0,81,5.9,11.9,1.0,1005.3,0.1,5.0,8.6,46.3,-41.2,19.88,41.2,11.0
2024-02-20T12:00,-17.9,-22.7,82,6.4,12.2,1.0,1005.3,0.1,7.0,8.8,46.5,-39.4,19.88,39.4,15.3
2024-02-20T13:00,-19.6,-24.6,77,7.2,15.1,0.0,1006.1,0.0,11.2,9.0,46.7,-35.5,19.88,35.5,24.0
2024-02-20T14:00,-18.2,-23.0,73,6.4,13.7,0.0,1006.5,0.0,7.0,8.8,46.5,-39.5,19.88,39.5,15.1
2024-02-20T15:00,-16.9,-21.6,74,6.2,12.2,0.0,1006.6,0.0,6.2,8.7,46.4,-40.2,19.88,40.2,13.4
2024-02-20T16:00,-17.9,-22.7,80,6.6,12.6,0.0,1006.3,0.0,8.0,8.8,46.5,-38.5,19.88,38.5,17.2
2024-02-20T17:00,-18.3,-23.1,81,6.8,13.7,0.0,1006.1,0.0,9.0,8.8,46.5,-37.5,19.88,37.5,19.4
2024-02-20T18:00,-18.6,-23.5,80,7.4,14.8,0.0,1006.0,0.0,12.4,8.9,46.6,-34.2,19.88,34.2,26.6
2024-02-20T19:00,-17.8,-22.6,78,7.1,14.8,0.0,1005.9,0.0,10.6,8.8,46.5,-35.9,19.88,35.9,22.8
2024-02-20T20:00,-16.9,-21.7,77,6.8,14.4,0.0,1005.9,0.0,9.0,8.7,46.4,-37.4,19.88,37.4,19.4
2024-02-20T21:00,-15.6,-20.3,74,6.4,14.0,0.0,1005.8,0.0,7.0,8.5,46.2,-39.2,19.88,39.2,15.2
2024-02-20T22:00,-15.2,-19.8,73,6.3,13.3,0.0,1005.9,0.0,6.6,8.5,46.2,-39.6,19.88,39.6,14.3
2024-02-20T23:00,-15.1,-19.8,73,6.0,13.3,0.0,1005.8,0.0,5.4,8.4,46.1,-40.7,19.88,40.7,11.7
2024-02-21T00:00,-15.6,-20.3,74,6.5,14.0,0.0,1005.6,0.0,7.5,8.5,46.2,-38.7,19.88,38.7,16.2
2024-02-21T01:00,-15.1,-19.7,75,5.9,13.7,0.0,1005.8,0.0,5.0,8.4,46.1,-41.1,19.88,41.1,10.8
2024-02-21T02:00,-15.1,-19.7,77,6.0,13.3,0.0,1005.4,0.0,5.4,8.4,46.1,-40.7,19.88,40.7,11.7
2024-02-21T03:00,-15.0,-19.7,78,6.3,13.7,0.0,1005.2,0.0,6.6,8.4,46.1,-39.5,19.88,39.5,14.3
2024-02-21T04:00,-15.2,-19.9,80,6.3,13.7,0.0,1004.8,0.0,6.6,8.5,46.2,-39.6,19.88,39.6,14.3
2024-02-21T05:00,-14.8,-19.3,80,6.0,14.0,0.0,1004.3,0.0,5.4,8.4,46.1,-40.7,19.88,40.7,11.7
2024-02-21T06:00,-14.1,-18.7,79,5.9,14.0,0.0,1004.1,0.0,5.0,8.3,46.0,-41.0,19.88,41.0,10.9
2024-02-21T07:00,-13.6,-18.0,79,5.2,13.7,0.0,1004.0,0.0,2.7,8.2,45.9,-43.2,19.88,43.2,5.9
2024-02-21T08:00,-13.2,-17.5,79,4.9,12.6,0.0,1003.9,0.0,2.0,8.2,45.9,-43.9,19.88,43.9,4.4
2024-02-21T09:00,-12.7,-17.1,80,5.0,11.5,0.0,1003.9,0.0,2.2,8.1,45.8,-43.6,19.88,43.6,4.8
2024-02-21T10:00,-12.5,-16.9,79,5.8,12.6,0.0,1003.8,0.0,4.6,8.1,45.8,-41.2,19.88,41.2,10.0
2024-02-21T11:00,-12.6,-17.0,79,5.6,12.6,0.0,1003.6,0.0,3.9,8.1,45.8,-41.9,19.88,41.9,8.5
2024-02-21T12:00,-12.4,-16.9,79,5.8,11.9,0.0,1003.1,0.0,4.6,8.1,45.8,-41.2,19.88,41.2,10.0
2024-02-21T13:00,-10.3,-14.5,79,4.7,11.5,0.0,1003.5,0.0,1.5,7.8,45.5,-44.0,19.88,44.0,3.3
2024-02-21T14:00,-10.4,-14.6,80,5.2,11.2,0.0,1003.2,0.0,2.7,7.9,45.6,-42.9,19.88,42.9,5.9
2024-02-21T15:00,-10.5,-14.7,81,5.4,11.5,0.0,1003.0,0.0,3.3,7.9,45.6,-42.3,19.88,42.3,7.2
2024-02-21T16:00,-10.5,-14.8,82,5.7,12.6,0.0,1002.5,0.0,4.2,7.9,45.6,-41.4,19.88,41.4,9.2
2024-02-21T17:00,-10.5,-14.9,83,6.2,13.7,0.0,1002.0,0.0,6.2,7.9,45.6,-39.4,19.88,39.4,13.6
2024-02-21T18:00,-10.5,-14.9,83,6.2,13.7,0.0,1001.8,0.0,6.2,7.9,45.6,-39.4,19.88,39.4,13.6
2024-02-21T19:00,-10.7,-15.1,83,6.1,13.0,0.0,1001.8,0.0,5.8,7.9,45.6,-39.8,19.88,39.8,12.7
2024-02-21T20:00,-10.9,-15.3,83,6.1,12.2,0.0,1001.8,0.0,5.8,8.0,45.7,-39.9,19.88,39.9,12.7
2024-02-21T21:00,-11.0,-15.4,82,5.9,12.2,0.0,1001.6,0.0,5.0,8.0,45.7,-40.7,19.88,40.7,10.9
2024-02-21T22:00,-11.2,-15.6,81,5.9,11.9,0.0,1001.3,0.0,5.0,8.0,45.7,-40.7,19.88,40.7,10.9
2024-02-21T23:00,-12.2,-16.5,82,5.4,11.5,0.0,1000.9,0.0,3.3,8.1,45.8,-42.5,19.88,42.5,7.2
2024-02-22T00:00,-12.6,-17.0,81,5.8,11.5,0.0,1000.4,0.0,4.6,8.1,45.8,-41.2,19.88,41.2,10.0
2024-02-22T01:00,-13.7,-18.2,81,6.4,13.7,0.0,1000.2,0.0,7.0,8.3,46.0,-39.0,19.88,39.0,15.2
2024-02-22T02:00,-14.5,-19.2,82,7.1,14.4,0.0,999.7,0.0,10.6,8.4,46.1,-35.5,19.88,35.5,23.0
2024-02-22T03:00,-15.9,-20.8,84,8.2,16.6,0.0,999.3,0.0,17.9,8.6,46.3,-28.4,19.88,28.4,38.7
2024-02-22T04:00,-16.6,-21.6,84,8.4,17.3,0.0,998.7,0.0,19.5,8.7,46.4,-26.9,19.88,26.9,42.0
2024-02-22T05:00,-17.0,-22.0,85,8.5,17.3,0.0,998.3,0.0,20.3,8.8,46.5,-26.2,19.88,26.2,43.7
2024-02-22T06:00,-17.1,-22.1,84,8.0,17.6,0.0,998.0,0.0,16.5,8.8,46.5,-30.0,19.88,30.0,35.5
2024-02-22T07:00,-17.3,-22.2,85,8.2,17.3,0.0,997.8,0.0,17.9,8.8,46.5,-28.6,19.88,28.6,38.5
2024-02-22T08:00,-16.8,-21.8,83,8.4,17.6,0.0,997.6,0.0,19.5,8.8,46.5,-27.0,19.88,27.0,41.9
2024-02-22T09:00,-16.9,-21.9,82,8.6,19.4,0.0,997.4,0.0,21.1,8.8,46.5,-25.4,19.88,25.4,45.4
2024-02-22T10:00,-16.8,-21.9,81,9.0,20.9,1.0,997.2,0.1,24.6,8.8,46.5,-21.8,19.88,21.8,53.1
2024-02-22T11:00,-16.9,-22.0,84,9.0,20.9,4.0,997.0,0.2,24.6,8.8,46.5,-21.7,19.88,21.7,53.3
2024-02-22T12:00,-17.2,-22.2,89,9.0,20.5,5.0,996.7,0.3,24.6,8.8,46.5,-21.6,19.88,21.6,53.5
2024-02-22T13:00,-17.5,-22.7,88,9.4,23.0,1.0,996.1,0.1,28.3,8.9,46.6,-18.2,19.88,18.2,60.9
2024-02-22T14:00,-18.4,-23.6,88,9.2,22.3,0.0,995.8,0.0,26.4,9.0,46.7,-20.3,19.88,20.3,56.5
2024-02-22T15:00,-19.3,-24.5,86,9.7,22.3,0.0,995.6,0.0,31.3,9.1,46.8,-15.5,19.88,15.5,66.9
2024-02-22T16:00,-19.3,-24.7,83,10.3,22.7,0.0,995.4,0.0,37.9,9.2,46.9,-9.0,19.88,9.0,80.8
2024-02-22T17:00,-19.5,-24.9,84,10.3,23.8,0.0,994.9,0.0,37.9,9.2,46.9,-9.0,19.88,9.0,80.8
2024-02-22T18:00,-19.0,-24.4,83,10.8,25.2,0.0,995.0,0.0,43.8,9.2,46.9,-3.1,19.88,3.1,93.4
2024-02-22T19:00,-18.9,-24.3,81,10.5,25.6,0.0,994.7,0.0,40.2,9.1,46.8,-6.6,19.88,6.6,85.9
2024-02-22T20:00,-18.2,-23.6,82,10.7,26.6,0.0,994.6,0.0,42.6,9.1,46.8,-4.2,19.88,4.2,91.0
2024-02-22T21:00,-18.0,-23.4,85,10.7,27.7,0.0,994.4,0.0,42.6,9.0,46.7,-4.1,19.88,4.1,91.2
2024-02-22T22:00,-17.9,-23.2,84,10.0,28.4,0.0,994.3,0.0,0.0,9.0,46.7,-46.7,19.88,46.7,0.0
2024-02-22T23:00,-16.6,-21.6,84,9.0,27.7,0.0,994.0,0.0,24.6,8.8,46.5,-21.9,19.88,21.9,52.9
2024-02-23T00:00,-15.8,-20.8,85,8.9,27.4,0.0,994.0,0.0,23.7,8.7,46.4,-22.7,19.88,22.7,51.1
2024-02-23T01:00,-11.9,-16.7,82,9.1,31.7,0.0,994.0,0.0,0.0,8.2,45.9,-45.9,19.88,45.9,0.0
2024-02-23T02:00,-12.3,-17.3,85,10.4,33.5,0.0,993.8,0.0,0.0,8.3,46.0,-46.0,19.88,46.0,0.0
2024-02-23T03:00,-12.9,-18.0,86,11.1,34.9,0.0,993.8,0.0,0.0,8.4,46.1,-46.1,19.88,46.1,0.0
2024-02-23T04:00,-13.1,-18.2,89,10.6,34.9,0.0,993.5,0.0,0.0,8.4,46.1,-46.1,19.88,46.1,0.0
2024-02-23T05:00,-12.8,-17.8,89,10.2,34.2,0.0,993.8,0.0,0.0,8.4,46.1,-46.1,19.88,46.1,0.0
2024-02-23T06:00,-13.0,-18.0,90,9.9,34.2,0.0,993.9,0.0,0.0,8.4,46.1,-46.1,19.88,46.1,0.0
2024-02-23T07:00,-13.2,-18.2,91,9.9,34.2,0.0,993.9,0.0,0.0,8.4,46.1,-46.1,19.88,46.1,0.0
2024-02-23T08:00,-13.1,-18.0,91,9.9,34.2,0.0,994.1,0.0,0.0,8.4,46.1,-46.1,19.88,46.1,0.0
2024-02-23T09:00,-12.6,-17.5,90,9.3,33.1,0.0,994.4,0.0,0.0,8.3,46.0,-46.0,19.88,46.0,0.0
2024-02-23T10:00,-12.5,-17.3,90,9.1,31.7,0.0,994.3,0.0,0.0,8.3,46.0,-46.0,19.88,46.0,0.0
2024-02-23T11:00,-12.7,-17.6,90,9.1,30.2,1.0,994.3,0.1,0.0,8.3,46.0,-45.9,19.88,45.9,0.2
2024-02-23T12:00,-13.1,-17.9,91,8.8,29.9,0.0,994.2,0.0,0.0,8.3,46.0,-46.0,19.88,46.0,0.0
2024-02-23T13:00,-10.7,-15.3,89,8.0,30.6,0.0,993.8,0.0,0.0,8.0,45.7,-45.7,19.88,45.7,0.0
2024-02-23T14:00,-8.7,-13.3,86,9.0,32.8,0.0,993.5,0.0,0.0,7.8,45.5,-45.5,19.88,45.5,0.0
2024-02-23T15:00,-7.6,-12.1,85,8.6,32.8,0.0,993.5,0.0,0.0,7.7,45.4,-45.4,19.88,45.4,0.0
2024-02-23T16:00,-8.2,-12.7,85,8.6,33.1,0.0,993.2,0.0,0.0,7.7,45.4,-45.4,19.88,45.4,0.0
2024-02-23T17:00,-9.3,-13.8,86,8.3,33.5,0.0,992.8,0.0,0.0,7.9,45.6,-45.6,19.88,45.6,0.0
2024-02-23T18:00,-8.0,-12.6,86,9.0,34.9,0.0,992.5,0.0,0.0,7.7,45.4,-45.4,19.88,45.4,0.0
2024-02-23T19:00,-6.7,-11.3,85,10.1,37.4,0.0,992.2,0.0,0.0,7.6,45.3,-45.3,19.88,45.3,0.0
2024-02-23T20:00,-5.5,-10.3,84,11.8,40.0,0.0,991.9,0.0,0.0,7.5,45.2,-45.2,19.88,45.2,0.0
2024-02-23T21:00,-5.2,-9.8,84,11.0,39.6,0.0,991.8,0.0,0.0,7.5,45.2,-45.2,19.88,45.2,0.0
2024-02-23T22:00,-5.2,-9.6,85,9.2,37.1,0.0,991.7,0.0,0.0,7.4,45.1,-45.1,19.88,45.1,0.0
2024-02-23T23:00,-5.1,-9.6,84,10.4,34.2,0.0,991.4,0.0,0.0,7.4,45.1,-45.1,19.88,45.1,0.0
2024-02-24T00:00,-4.7,-9.0,84,9.4,34.2,0.0,991.0,0.0,0.0,7.4,45.1,-45.1,19.88,45.1,0.0
2024-02-24T01:00,-4.7,-8.4,88,5.4,23.0,0.0,990.6,0.0,3.3,7.2,44.9,-41.6,19.88,41.6,7.3
2024-02-24T02:00,-4.7,-8.3,90,4.9,18.0,0.0,990.1,0.0,2.0,7.2,44.9,-42.9,19.88,42.9,4.5
2024-02-24T03:00,-4.5,-8.3,89,6.8,18.7,0.0,989.8,0.0,9.0,7.2,44.9,-35.9,19.88,35.9,20.0
2024-02-24T04:00,-4.3,-8.1,89,6.6,19.1,0.0,989.2,0.0,8.0,7.2,44.9,-36.9,19.88,36.9,17.8
2024-02-24T05:00,-4.3,-8.0,89,5.9,19.4,0.0,988.5,0.0,5.0,7.2,44.9,-39.9,19.88,39.9,11.1
2024-02-24T06:00,-4.3,-7.7,91,3.6,16.9,0.0,988.3,0.0,0.2,7.1,44.8,-44.6,19.88,44.6,0.4
2024-02-24T07:00,-4.3,-7.5,92,2.7,11.5,0.0,988.3,0.0,0.0,7.1,44.8,-44.8,19.88,44.8,0.0
2024-02-24T08:00,-4.3,-7.7,92,4.0,10.4,0.0,987.8,0.0,0.5,7.1,44.8,-44.3,19.88,44.3,1.1
2024-02-24T09:00,-4.4,-7.6,91,3.0,10.8,0.0,987.5,0.0,0.0,7.1,44.8,-44.8,19.88,44.8,0.0
2024-02-24T10:00,-4.1,-7.1,90,1.1,9.4,0.0,987.2,0.0,0.0,7.0,44.7,-44.7,19.88,44.7,0.0
2024-02-24T11:00,-4.3,-7.3,92,1.3,5.4,0.0,986.7,0.0,0.0,7.0,44.7,-44.7,19.88,44.7,0.0
2024-02-24T12:00,-4.4,-7.6,94,2.6,6.5,0.0,986.3,0.0,0.0,7.1,44.8,-44.8,19.88,44.8,0.0
2024-02-24T13:00,-4.7,-7.7,96,1.4,6.8,0.0,985.8,0.0,0.0,7.1,44.8,-44.8,19.88,44.8,0.0
2024-02-24T14:00,-5.1,-8.3,96,2.2,8.6,0.0,985.6,0.0,0.0,7.1,44.8,-44.8,19.88,44.8,0.0
2024-02-24T15:00,-5.8,-9.2,95,3.4,12.2,0.0,985.3,0.0,0.1,7.3,45.0,-44.9,19.88,44.9,0.2
2024-02-24T16:00,-6.0,-9.4,95,3.3,12.6,0.0,985.2,0.0,0.0,7.3,45.0,-45.0,19.88,45.0,0.0
2024-02-24T17:00,-5.6,-8.9,95,2.5,13.0,0.0,985.0,0.0,0.0,7.2,44.9,-44.9,19.88,44.9,0.0
2024-02-24T18:00,-5.7,-8.8,94,1.3,11.9,0.0,984.9,0.0,0.0,7.2,44.9,-44.9,19.88,44.9,0.0
2024-02-24T19:00,-6.2,-9.3,92,1.1,14.8,0.0,984.6,0.0,0.0,7.2,44.9,-44.9,19.88,44.9,0.0
2024-02-24T20:00,-7.1,-10.3,94,1.1,15.8,0.0,984.3,0.0,0.0,7.3,45.0,-45.0,19.88,45.0,0.0
2024-02-24T21:00,-7.6,-10.9,94,1.3,16.6,0.0,984.5,0.0,0.0,7.4,45.1,-45.1,19.88,45.1,0.0
2024-02-24T22:00,-8.0,-11.5,93,2.6,18.7,0.0,984.8,0.0,0.0,7.5,45.2,-45.2,19.88,45.2,0.0
2024-02-24T23:00,-7.7,-11.5,92,4.4,22.3,0.0,984.9,0.0,1.0,7.5,45.2,-44.2,19.88,44.2,2.2
2024-02-25T00:00,-8.2,-12.2,94,5.9,24.8,0.0,985.2,0.0,5.0,7.6,45.3,-40.3,19.88,40.3,11.0
2024-02-25T01:00,-8.5,-12.5,92,5.1,24.1,0.0,985.4,0.0,2.4,7.6,45.3,-42.9,19.88,42.9,5.3
2024-02-25T02:00,-9.2,-12.9,91,3.4,23.0,0.0,985.6,0.0,0.1,7.6,45.3,-45.2,19.88,45.2,0.2
2024-02-25T03:00,-9.8,-13.5,91,2.7,20.5,0.0,986.0,0.0,0.0,7.7,45.4,-45.4,19.88,45.4,0.0
2024-02-25T04:00,-10.6,-14.4,90,3.1,20.2,0.0,986.3,0.0,0.0,7.8,45.5,-45.5,19.88,45.5,0.0
2024-02-25T05:00,-11.4,-15.2,88,2.6,19.8,0.0,986.6,0.0,0.0,7.9,45.6,-45.6,19.88,45.6,0.0
2024-02-25T06:00,-12.0,-15.9,87,3.0,18.7,0.0,986.9,0.0,0.0,7.9,45.6,-45.6,19.88,45.6,0.0
2024-02-25T07:00,-12.6,-16.6,86,3.2,18.7,0.0,987.3,0.0,0.0,8.0,45.7,-45.7,19.88,45.7,0.0
2024-02-25T08:00,-13.0,-17.1,86,3.8,18.7,0.0,987.7,0.0,0.3,8.1,45.8,-45.5,19.88,45.5,0.7
2024-02-25T09:00,-14.1,-18.4,84,4.3,18.0,0.0,988.1,0.0,0.9,8.2,45.9,-45.0,19.88,45.0,2.0
2024-02-25T10:00,-13.7,-17.8,85,3.9,17.6,3.0,988.4,0.2,0.4,8.2,45.9,-45.3,19.88,45.3,1.3
2024-02-25T11:00,-13.8,-18.0,85,4.4,17.3,6.0,988.6,0.3,1.0,8.2,45.9,-44.6,19.88,44.6,2.8
2024-02-25T12:00,-14.0,-18.4,84,5.3,17.6,5.0,988.9,0.3,3.0,8.3,46.0,-42.7,19.88,42.7,7.2
2024-02-25T13:00,-13.5,-17.7,86,4.1,15.8,4.0,989.2,0.2,0.6,8.2,45.9,-45.1,19.88,45.1,1.7
2024-02-25T14:00,-13.2,-17.4,85,4.3,14.8,1.0,989.4,0.1,0.9,8.1,45.8,-44.8,19.88,44.8,2.2
2024-02-25T15:00,-13.4,-17.8,83,5.1,13.3,0.0,989.5,0.0,2.4,8.2,45.9,-43.5,19.88,43.5,5.2
2024-02-25T16:00,-13.7,-18.1,83,5.6,11.9,0.0,989.8,0.0,3.9,8.3,46.0,-42.1,19.88,42.1,8.5
2024-02-25T17:00,-15.3,-20.0,83,6.9,12.6,0.0,989.8,0.0,9.5,8.5,46.2,-36.7,19.88,36.7,20.6
2024-02-25T18:00,-17.7,-22.7,83,7.8,15.1,0.0,990.1,0.0,15.1,8.8,46.5,-31.4,19.88,31.4,32.5
2024-02-25T19:00,-19.4,-24.5,85,8.2,16.2,0.0,990.1,0.0,17.9,9.1,46.8,-28.9,19.88,28.9,38.2
2024-02-25T20:00,-19.0,-24.0,85,8.1,16.6,0.0,990.4,0.0,17.2,9.0,46.7,-29.5,19.88,29.5,36.8
2024-02-25T21:00,-17.2,-22.0,82,7.1,16.9,0.0,990.4,0.0,10.6,8.7,46.4,-35.8,19.88,35.8,22.8
2024-02-25T22:00,-16.2,-20.9,81,7.0,15.8,0.0,990.3,0.0,10.1,8.6,46.3,-36.2,19.88,36.2,21.8
2024-02-25T23:00,-15.2,-19.9,81,6.5,15.5,0.0,990.5,0.0,7.5,8.5,46.2,-38.7,19.88,38.7,16.2
2024-02-26T00:00,-14.0,-18.6,78,6.2,15.1,0.0,990.7,0.0,6.2,8.3,46.0,-39.8,19.88,39.8,13.5
2024-02-26T01:00,-13.0,-17.5,66,5.5,13.3,0.0,990.7,0.0,3.6,8.2,45.9,-42.3,19.88,42.3,7.8
2024-02-26T02:00,-13.1,-17.6,65,5.4,13.0,0.0,990.8,0.0,3.3,8.2,45.9,-42.6,19.88,42.6,7.2
2024-02-26T03:00,-13.4,-17.9,65,5.1,12.6,0.0,990.9,0.0,2.4,8.2,45.9,-43.5,19.88,43.5,5.2
2024-02-26T04:00,-13.1,-17.6,66,5.2,12.2,0.0,990.8,0.0,2.7,8.2,45.9,-43.2,19.88,43.2,5.9
2024-02-26T05:00,-12.5,-16.9,69,4.8,12.6,0.0,990.8,0.0,1.7,8.1,45.8,-44.1,19.88,44.1,3.7
2024-02-26T06:00,-12.3,-16.6,77,4.7,12.2,0.0,990.6,0.0,1.5,8.0,45.7,-44.2,19.88,44.2,3.3
2024-02-26T07:00,-12.5,-16.7,83,4.9,13.3,0.0,990.4,0.0,2.0,8.1,45.8,-43.8,19.88,43.8,4.4
2024-02-26T08:00,-12.0,-16.1,86,4.0,13.3,0.0,990.4,0.0,0.5,8.0,45.7,-45.2,19.88,45.2,1.1
2024-02-26T09:00,-11.6,-15.6,89,3.6,12.2,0.0,990.5,0.0,0.2,7.9,45.6,-45.4,19.88,45.4,0.4
2024-02-26T10:00,-11.2,-15.0,89,2.9,11.9,0.0,990.6,0.0,0.0,7.8,45.5,-45.5,19.88,45.5,0.0
2024-02-26T11:00,-10.8,-14.6,89,2.3,11.2,0.0,990.6,0.0,0.0,7.8,45.5,-45.5,19.88,45.5,0.0
2024-02-26T12:00,-10.7,-14.4,90,2.1,10.4,0.0,990.5,0.0,0.0,7.8,45.5,-45.5,19.88,45.5,0.0
2024-02-26T13:00,-11.7,-15.6,86,3.3,9.7,0.0,990.7,0.0,0.0,7.9,45.6,-45.6,19.88,45.6,0.0
2024-02-26T14:00,-11.5,-15.5,86,3.6,10.1,0.0,990.8,0.0,0.2,7.9,45.6,-45.4,19.88,45.4,0.4
2024-02-26T15:00,-12.9,-17.2,87,5.0,11.2,0.0,990.7,0.0,2.2,8.1,45.8,-43.6,19.88,43.6,4.8
2024-02-26T16:00,-16.5,-21.2,83,6.9,13.7,0.0,990.4,0.0,9.5,8.6,46.3,-36.8,19.88,36.8,20.5
2024-02-26T17:00,-17.6,-22.7,82,8.9,17.3,0.0,990.4,0.0,23.7,8.9,46.6,-22.9,19.88,22.9,50.9
2024-02-26T18:00,-18.4,-23.6,82,9.5,18.4,0.0,990.6,0.0,29.3,9.0,46.7,-17.4,19.88,17.4,62.7
2024-02-26T19:00,-19.0,-24.3,83,10.1,19.4,0.0,990.3,0.0,35.6,9.1,46.8,-11.2,19.88,11.2,76.1
2024-02-26T20:00,-18.7,-24.0,83,9.9,19.8,0.0,990.2,0.0,33.4,9.1,46.8,-13.4,19.88,13.4,71.4
2024-02-26T21:00,-18.0,-23.1,80,8.7,19.8,0.0,990.1,0.0,22.0,8.9,46.6,-24.6,19.88,24.6,47.2
2024-02-26T22:00,-17.5,-22.5,85,8.8,18.4,0.0,989.8,0.0,22.8,8.9,46.6,-23.8,19.88,23.8,48.9
2024-02-26T23:00,-16.9,-21.9,88,8.7,19.4,0.0,989.5,0.0,22.0,8.8,46.5,-24.5,19.88,24.5,47.3
2024-02-27T00:00,-17.3,-22.4,92,9.3,21.2,0.0,989.5,0.0,27.4,8.9,46.6,-19.2,19.88,19.2,58.8
2024-02-27T01:00,-12.4,-17.1,79,7.6,21.6,0.0,989.1,0.0,13.7,8.2,45.9,-32.2,19.88,32.2,29.8
2024-02-27T02:00,-11.5,-16.1,77,7.3,22.0,0.0,989.0,0.0,11.8,8.1,45.8,-34.0,19.88,34.0,25.8
2024-02-27T03:00,-11.6,-16.3,76,7.6,22.7,0.0,989.2,0.0,13.7,8.1,45.8,-32.1,19.88,32.1,29.9
2024-02-27T04:00,-12.3,-17.1,78,8.0,21.6,0.0,989.2,0.0,16.5,8.2,45.9,-29.4,19.88,29.4,35.9
2024-02-27T05:00,-13.0,-17.9,80,8.9,21.2,0.0,989.2,0.0,23.7,8.3,46.0,-22.3,19.88,22.3,51.5
2024-02-27T06:00,-12.9,-17.8,82,8.9,23.0,0.0,988.7,0.0,23.7,8.3,46.0,-22.3,19.88,22.3,51.5
2024-02-27T07:00,-11.6,-16.5,82,9.4,25.2,0.0,988.3,0.0,28.3,8.2,45.9,-17.6,19.88,17.6,61.7
2024-02-27T08:00,-9.3,-14.1,80,9.7,27.7,0.0,988.2,0.0,31.3,7.9,45.6,-14.3,19.88,14.3,68.6
2024-02-27T09:00,-8.4,-13.1,81,10.0,31.7,0.0,988.2,0.0,0.0,7.8,45.5,-45.5,19.88,45.5,0.0
2024-02-27T10:00,-7.8,-12.6,81,10.6,34.9,0.0,988.0,0.0,0.0,7.8,45.5,-45.5,19.88,45.5,0.0
2024-02-27T11:00,-7.7,-12.7,81,12.0,36.0,0.0,987.6,0.0,0.0,7.8,45.5,-45.5,19.88,45.5,0.0
2024-02-27T12:00,-8.0,-13.1,83,12.4,36.0,0.0,987.3,0.0,0.0,7.9,45.6,-45.6,19.88,45.6,0.0
2024-02-27T13:00,-8.6,-13.8,83,12.6,33.5,0.0,988.5,0.0,0.0,8.0,45.7,-45.7,19.88,45.7,0.0
2024-02-27T14:00,-7.9,-13.2,83,14.0,37.4,0.0,988.1,0.0,0.0,7.9,45.6,-45.6,19.88,45.6,0.0
2024-02-27T15:00,-7.3,-12.6,83,13.9,39.6,0.0,987.7,0.0,0.0,7.8,45.5,-45.5,19.88,45.5,0.0
2024-02-27T16:00,-6.9,-12.2,82,14.1,42.1,0.0,987.3,0.0,0.0,7.8,45.5,-45.5,19.88,45.5,0.0
2024-02-27T17:00,-6.6,-11.7,83,13.6,42.1,0.0,986.9,0.0,0.0,7.7,45.4,-45.4,19.88,45.4,0.0
2024-02-27T18:00,-6.3,-11.5,83,14.2,39.2,0.0,986.8,0.0,0.0,7.7,45.4,-45.4,19.88,45.4,0.0
2024-02-27T19:00,-6.0,-11.3,83,15.0,41.0,0.0,986.2,0.0,0.0,7.7,45.4,-45.4,19.88,45.4,0.0
2024-02-27T20:00,-5.9,-11.1,84,14.4,41.0,0.0,985.7,0.0,0.0,7.7,45.4,-45.4,19.88,45.4,0.0
2024-02-27T21:00,-5.8,-11.0,86,14.5,41.4,0.0,985.2,0.0,0.0,7.7,45.4,-45.4,19.88,45.4,0.0
2024-02-27T22:00,-5.3,-10.4,86,14.4,42.5,0.0,984.4,0.0,0.0,7.6,45.3,-45.3,19.88,45.3,0.0
2024-02-27T23:00,-4.5,-9.6,87,15.4,47.9,0.0,983.7,0.0,0.0,7.5,45.2,-45.2,19.88,45.2,0.0
2024-02-28T00:00,-3.6,-8.8,86,16.1,51.8,0.0,982.8,0.0,0.0,7.4,45.1,-45.1,19.88,45.1,0.0
2024-02-28T01:00,-3.7,-8.9,86,16.1,52.2,0.0,983.2,0.0,0.0,7.5,45.2,-45.2,19.88,45.2,0.0
2024-02-28T02:00,-3.3,-8.6,85,16.9,51.1,0.0,982.6,0.0,0.0,7.4,45.1,-45.1,19.88,45.1,0.0
2024-02-28T03:00,-3.2,-8.4,86,16.6,51.5,0.0,982.1,0.0,0.0,7.4,45.1,-45.1,19.88,45.1,0.0
2024-02-28T04:00,-3.0,-8.1,86,16.0,49.0,0.0,981.9,0.0,0.0,7.4,45.1,-45.1,19.88,45.1,0.0
2024-02-28T05:00,-2.7,-7.8,86,16.2,46.8,0.0,981.4,0.0,0.0,7.3,45.0,-45.0,19.88,45.0,0.0
2024-02-28T06:00,-2.6,-7.5,86,14.6,46.1,0.0,981.2,0.0,0.0,7.3,45.0,-45.0,19.88,45.0,0.0
2024-02-28T07:00,-2.3,-7.0,86,13.9,44.6,0.0,980.7,0.0,0.0,7.2,44.9,-44.9,19.88,44.9,0.0
2024-02-28T08:00,-1.8,-6.4,87,13.6,43.2,0.0,980.4,0.0,0.0,7.1,44.8,-44.8,19.88,44.8,0.0
2024-02-28T09:00,-1.6,-6.2,88,13.8,42.5,0.0,980.2,0.0,0.0,7.1,44.8,-44.8,19.88,44.8,0.0
2024-02-28T10:00,-1.2,-5.7,89,13.8,42.1,0.0,980.0,0.0,0.0,7.1,44.8,-44.8,19.88,44.8,0.0
2024-02-28T11:00,-1.5,-6.0,91,13.6,43.6,0.0,979.7,0.0,0.0,7.1,44.8,-44.8,19.88,44.8,0.0
2024-02-28T12:00,-2.2,-6.7,91,13.0,44.6,0.0,979.3,0.0,0.0,7.2,44.9,-44.9,19.88,44.9,0.0
2024-02-28T13:00,-2.3,-6.8,88,12.3,45.4,2.0,980.6,0.1,0.0,7.2,44.9,-44.8,19.88,44.8,0.2
2024-02-28T14:00,-1.1,-5.8,89,15.2,49.7,0.0,980.0,0.0,0.0,7.1,44.8,-44.8,19.88,44.8,0.0
2024-02-28T15:00,-0.5,-5.3,91,17.1,54.7,0.0,979.3,0.0,0.0,7.1,44.8,-44.8,19.88,44.8,0.0
2024-02-28T16:00,0.1,-4.8,88,17.5,56.5,0.0,978.6,0.0,0.0,7.0,44.7,-44.7,19.88,44.7,0.0
2024-02-28T17:00,0.3,-4.7,85,18.3,57.6,0.0,977.7,0.0,0.0,7.0,44.7,-44.7,19.88,44.7,0.0
2024-02-28T18:00,0.2,-4.8,84,17.9,58.0,0.0,977.2,0.0,0.0,7.0,44.7,-44.7,19.88,44.7,0.0
2024-02-28T19:00,-0.1,-5.1,85,17.7,57.2,0.0,976.7,0.0,0.0,7.0,44.7,-44.7,19.88,44.7,0.0
2024-02-28T20:00,0.4,-4.3,85,15.9,56.9,0.0,976.6,0.0,0.0,6.9,44.6,-44.6,19.88,44.6,0.0
2024-02-28T21:00,0.3,-4.2,86,14.2,51.8,0.0,976.4,0.0,0.0,6.9,44.6,-44.6,19.88,44.6,0.0
2024-02-28T22:00,0.7,-3.6,89,14.1,47.9,0.0,976.6,0.0,0.0,6.8,44.5,-44.5,19.88,44.5,0.0
2024-02-28T23:00,1.1,-3.1,93,14.3,47.2,0.0,976.6,0.0,0.0,6.8,44.5,-44.5,19.88,44.5,0.0
2024-02-29T00:00,1.4,-2.9,94,15.3,49.3,0.0,976.6,0.0,0.0,6.8,44.5,-44.5,19.88,44.5,0.0
2024-02-29T01:00,1.8,-2.4,91,14.5,48.6,0.0,977.0,0.0,0.0,6.7,44.4,-44.4,19.88,44.4,0.0
2024-02-29T02:00,1.5,-2.5,91,13.2,46.4,0.0,977.3,0.0,0.0,6.7,44.4,-44.4,19.88,44.4,0.0
2024-02-29T03:00,0.3,-3.6,93,11.5,43.6,0.0,977.6,0.0,0.0,6.8,44.5,-44.5,19.88,44.5,0.0
2024-02-29T04:00,0.6,-3.2,94,11.5,41.4,0.0,978.0,0.0,0.0,6.8,44.5,-44.5,19.88,44.5,0.0
2024-02-29T05:00,0.5,-2.9,94,8.9,41.0,0.0,978.5,0.0,0.0,6.7,44.4,-44.4,19.88,44.4,0.0
2024-02-29T06:00,-0.0,-3.1,94,5.6,33.5,0.0,979.3,0.0,0.0,6.7,44.4,-44.4,19.88,44.4,0.0
2024-02-29T07:00,-1.2,-4.3,95,5.4,22.0,0.0,980.1,0.0,3.3,6.8,44.5,-41.2,19.88,41.2,7.4
2024-02-29T08:00,-1.1,-4.1,96,4.0,18.7,0.0,980.8,0.0,0.5,6.8,44.5,-44.0,19.88,44.0,1.1
2024-02-29T09:00,-0.9,-3.4,98,1.4,15.8,0.0,981.3,0.0,0.0,6.7,44.4,-44.4,19.88,44.4,0.0
2024-02-29T10:00,-1.4,-4.4,97,4.7,9.7,0.0,982.0,0.0,1.5,6.8,44.5,-43.0,19.88,43.0,3.4
2024-02-29T11:00,-2.0,-5.7,95,8.1,18.0,0.0,982.8,0.0,17.2,7.0,44.7,-27.5,19.88,27.5,38.5
2024-02-29T12:00,-3.3,-7.4,84,8.8,26.6,0.0,983.7,0.0,22.8,7.2,44.9,-22.1,19.88,22.1,50.8
2024-02-29T13:00,-2.6,-6.4,91,8.4,27.0,0.0,983.8,0.0,19.5,7.1,44.8,-25.3,19.88,25.3,43.5
2024-02-29T14:00,-3.1,-7.6,90,12.3,33.5,0.0,984.4,0.0,0.0,7.3,45.0,-45.0,19.88,45.0,0.0
2024-02-29T15:00,-3.9,-8.7,88,13.6,42.8,0.0,985.4,0.0,0.0,7.4,45.1,-45.1,19.88,45.1,0.0
2024-02-29T16:00,-4.4,-8.9,88,11.3,41.0,0.0,986.2,0.0,0.0,7.4,45.1,-45.1,19.88,45.1,0.0
2024-02-29T17:00,-4.5,-9.0,85,10.2,33.1,0.0,986.8,0.0,0.0,7.4,45.1,-45.1,19.88,45.1,0.0
2024-02-29T18:00,-4.9,-9.3,83,9.2,31.3,0.0,987.7,0.0,0.0,7.4,45.1,-45.1,19.88,45.1,0.0
2024-02-29T19:00,-5.2,-9.4,81,7.9,28.4,0.0,988.7,0.0,0.0,7.4,45.1,-45.1,19.88,45.1,0.0
2024-02-29T20:00,-5.8,-9.9,81,7.0,25.9,0.0,989.6,0.0,10.1,7.4,45.1,-35.0,19.88,35.0,22.4
2024-02-29T21:00,-6.6,-10.7,79,6.0,23.0,0.0,990.2,0.0,5.4,7.5,45.2,-39.8,19.88,39.8,11.9
2024-02-29T22:00,-6.1,-10.0,76,4.7,20.5,0.0,990.9,0.0,1.5,7.3,45.0,-43.5,19.88,43.5,3.3
2024-02-29T23:00,-6.9,-10.9,79,5.4,17.3,0.0,991.6,0.0,3.3,7.5,45.2,-41.9,19.88,41.9,7.3
2024-03-01T00:00,-7.8,-11.9,81,6.0,15.1,0.0,991.9,0.0,5.4,7.6,45.3,-39.9,19.88,39.9,11.9
2024-03-01T01:00,-9.1,-13.4,88,6.9,13.0,0.0,992.5,0.0,9.5,7.8,45.5,-36.0,19.88,36.0,20.9
2024-03-01T02:00,-10.3,-14.8,90,7.4,13.3,0.0,993.1,0.0,12.4,7.9,45.6,-33.2,19.88,33.2,27.2
2024-03-01T03:00,-10.1,-14.5,87,7.2,15.5,0.0,993.5,0.0,11.2,7.9,45.6,-34.4,19.88,34.4,24.6
2024-03-01T04:00,-9.4,-13.7,84,6.4,16.9,0.0,993.8,0.0,7.0,7.8,45.5,-38.5,19.88,38.5,15.4
2024-03-01T05:00,-9.1,-13.4,82,6.6,19.1,0.0,994.2,0.0,8.0,7.8,45.5,-37.5,19.88,37.5,17.6
2024-03-01T06:00,-7.9,-12.0,81,5.8,19.8,0.0,994.7,0.0,4.6,7.6,45.3,-40.7,19.88,40.7,10.2
2024-03-01T07:00,-7.2,-11.4,83,6.7,22.7,0.0,995.0,0.0,8.5,7.5,45.2,-36.7,19.88,36.7,18.8
2024-03-01T08:00,-7.3,-11.5,84,6.8,24.8,0.0,995.8,0.0,9.0,7.6,45.3,-36.3,19.88,36.3,19.9
2024-03-01T09:00,-5.9,-9.9,85,6.5,26.6,0.0,996.3,0.0,7.5,7.4,45.1,-37.6,19.88,37.6,16.6
2024-03-01T10:00,-5.1,-9.4,86,8.8,30.6,0.0,996.9,0.0,0.0,7.4,45.1,-45.1,19.88,45.1,0.0
2024-03-01T11:00,-5.2,-9.5,91,9.6,33.1,0.0,997.6,0.0,0.0,7.4,45.1,-45.1,19.88,45.1,0.0
2024-03-01T12:00,-5.3,-9.6,94,9.9,36.4,1.0,998.3,0.1,0.0,7.4,45.1,-45.0,19.88,45.0,0.2
2024-03-01T13:00,-5.3,-9.4,94,8.8,32.4,1.0,999.4,0.1,0.0,7.4,45.1,-45.0,19.88,45.0,0.2
2024-03-01T14:00,-5.6,-10.1,92,10.2,35.3,2.0,1000.0,0.1,0.0,7.5,45.2,-45.1,19.88,45.1,0.2
2024-03-01T15:00,-6.6,-11.3,89,10.7,37.4,0.0,1000.8,0.0,0.0,7.6,45.3,-45.3,19.88,45.3,0.0
2024-03-01T16:00,-6.7,-11.5,87,11.6,38.9,0.0,1001.8,0.0,0.0,7.7,45.4,-45.4,19.88,45.4,0.0
2024-03-01T17:00,-7.4,-12.3,89,11.9,41.0,0.0,1002.5,0.0,0.0,7.8,45.5,-45.5,19.88,45.5,0.0
2024-03-01T18:00,-7.8,-12.6,87,11.2,41.4,0.0,1003.2,0.0,0.0,7.8,45.5,-45.5,19.88,45.5,0.0
2024-03-01T19:00,-7.9,-12.5,86,9.5,40.3,0.0,1003.8,0.0,0.0,7.7,45.4,-45.4,19.88,45.4,0.0
2024-03-01T20:00,-8.3,-12.8,86,8.9,35.3,0.0,1004.9,0.0,0.0,7.8,45.5,-45.5,19.88,45.5,0.0
2024-03-01T21:00,-8.9,-13.6,85,9.7,33.8,0.0,1005.7,0.0,0.0,7.9,45.6,-45.6,19.88,45.6,0.0
2024-03-01T22:00,-9.2,-14.1,83,10.4,34.6,0.0,1006.3,0.0,0.0,7.9,45.6,-45.6,19.88,45.6,0.0
2024-03-01T23:00,-8.9,-13.9,81,11.3,36.4,0.0,1006.9,0.0,0.0,7.9,45.6,-45.6,19.88,45.6,0.0
2024-03-02T00:00,-9.1,-13.9,82,9.8,36.0,0.0,1007.3,0.0,0.0,7.9,45.6,-45.6,19.88,45.6,0.0
2024-03-02T01:00,-10.5,-15.4,83,10.5,36.4,0.0,1007.6,0.0,0.0,8.1,45.8,-45.8,19.88,45.8,0.0
2024-03-02T02:00,-11.7,-16.7,82,10.6,34.6,0.0,1008.2,0.0,0.0,8.3,46.0,-46.0,19.88,46.0,0.0
2024-03-02T03:00,-13.1,-18.3,83,11.3,36.0,0.0,1008.8,0.0,0.0,8.5,46.2,-46.2,19.88,46.2,0.0
2024-03-02T04:00,-14.3,-19.6,83,11.3,36.0,0.0,1009.1,0.0,0.0,8.6,46.3,-46.3,19.88,46.3,0.0
2024-03-02T05:00,-15.5,-20.7,86,10.1,34.9,0.0,1009.5,0.0,0.0,8.7,46.4,-46.4,19.88,46.4,0.0
2024-03-02T06:00,-16.0,-21.2,87,10.6,33.1,0.0,1010.0,0.0,0.0,8.8,46.5,-46.5,19.88,46.5,0.0
2024-03-02T07:00,-16.1,-21.3,87,10.5,32.8,0.0,1010.4,0.0,0.0,8.8,46.5,-46.5,19.88,46.5,0.0
2024-03-02T08:00,-15.6,-20.7,87,9.7,31.7,0.0,1011.0,0.0,0.0,8.7,46.4,-46.4,19.88,46.4,0.0
2024-03-02T09:00,-14.6,-19.5,86,8.5,28.8,9.0,1011.2,0.5,0.0,8.5,46.2,-45.7,19.88,45.7,1.1
2024-03-02T10:00,-13.1,-17.8,84,7.7,25.9,23.0,1011.6,1.2,14.4,8.3,46.0,-30.4,19.88,30.4,33.9
2024-03-02T11:00,-13.7,-18.4,86,7.7,21.6,34.0,1011.6,1.8,14.4,8.4,46.1,-29.9,19.88,29.9,35.1
2024-03-02T12:00,-15.3,-20.2,90,8.8,20.9,35.0,1011.7,1.8,22.8,8.6,46.3,-21.7,19.88,21.7,53.1
2024-03-02T13:00,-17.4,-22.5,89,9.2,19.8,21.0,1011.8,1.1,26.4,8.9,46.6,-19.1,19.88,19.1,59.0
2024-03-02T14:00,-18.3,-23.5,86,9.4,19.1,8.0,1012.1,0.4,28.3,9.0,46.7,-18.0,19.88,18.0,61.5
2024-03-02T15:00,-18.1,-23.5,83,11.4,21.6,1.0,1012.5,0.1,51.6,9.1,46.8,4.9,21.04,0.0,100.0
2024-03-02T16:00,-17.5,-23.1,82,12.0,22.7,0.0,1012.9,0.0,57.0,9.0,46.7,10.3,23.49,0.0,100.0
2024-03-02T17:00,-13.5,-18.6,83,10.2,22.7,0.0,1013.1,0.0,36.7,8.5,46.2,-9.5,21.0,0.0,79.4
2024-03-02T18:00,-11.2,-15.9,83,8.2,21.2,0.0,1013.1,0.0,17.9,8.1,45.8,-27.9,19.95,23.9,39.1
2024-03-02T19:00,-10.0,-14.5,82,7.6,20.9,0.0,1013.0,0.0,13.7,7.9,45.6,-31.9,19.95,31.9,30.0
2024-03-02T20:00,-8.9,-13.3,82,7.6,22.0,0.0,1013.2,0.0,13.7,7.8,45.5,-31.8,19.95,31.8,30.1
2024-03-02T21:00,-7.9,-12.2,83,7.6,23.4,0.0,1013.7,0.0,13.7,7.7,45.4,-31.7,19.95,31.7,30.2
2024-03-02T22:00,-7.0,-11.3,84,7.2,23.4,0.0,1013.6,0.0,11.2,7.5,45.2,-34.0,19.95,34.0,24.8
2024-03-02T23:00,-6.4,-10.6,85,7.6,25.6,0.0,1013.7,0.0,13.7,7.5,45.2,-31.5,19.95,31.5,30.3
2024-03-03T00:00,-5.8,-10.0,85,8.3,27.7,0.0,1013.5,0.0,18.7,7.4,45.1,-26.4,19.95,26.4,41.5
2024-03-03T01:00,-5.8,-10.0,84,7.9,29.2,0.0,1013.8,0.0,0.0,7.4,45.1,-45.1,19.95,45.1,0.0
2024-03-03T02:00,-5.5,-9.6,87,7.9,28.8,0.0,1013.7,0.0,0.0,7.4,45.1,-45.1,19.95,45.1,0.0
2024-03-03T03:00,-5.1,-9.3,89,8.5,28.8,0.0,1013.6,0.0,0.0,7.4,45.1,-45.1,19.95,45.1,0.0
2024-03-03T04:00,-4.6,-8.6,88,7.9,28.8,0.0,1013.6,0.0,0.0,7.3,45.0,-45.0,19.95,45.0,0.0
2024-03-03T05:00,-4.1,-8.0,88,7.4,28.4,0.0,1013.9,0.0,0.0,7.2,44.9,-44.9,19.95,44.9,0.0
2024-03-03T06:00,-3.5,-7.4,91,8.1,31.3,0.0,1014.2,0.0,0.0,7.2,44.9,-44.9,19.95,44.9,0.0
2024-03-03T07:00,-2.7,-6.7,93,9.7,34.2,0.0,1014.5,0.0,0.0,7.1,44.8,-44.8,19.95,44.8,0.0
2024-03-03T08:00,-1.7,-6.0,93,12.4,39.2,0.0,1015.0,0.0,0.0,7.1,44.8,-44.8,19.95,44.8,0.0
2024-03-03T09:00,-1.5,-5.7,93,11.9,39.2,0.0,1015.5,0.0,0.0,7.0,44.7,-44.7,19.95,44.7,0.0
2024-03-03T10:00,-1.2,-5.3,94,11.3,37.1,0.0,1016.0,0.0,0.0,7.0,44.7,-44.7,19.95,44.7,0.0
2024-03-03T11:00,-1.2,-5.4,94,12.4,38.9,0.0,1016.4,0.0,0.0,7.0,44.7,-44.7,19.95,44.7,0.0
2024-03-03T12:00,-1.3,-5.3,94,10.8,38.9,1.0,1016.7,0.1,0.0,7.0,44.7,-44.6,19.95,44.6,0.2
2024-03-03T13:00,-0.7,-4.4,94,9.0,35.6,0.0,1016.5,0.0,0.0,6.9,44.6,-44.6,19.95,44.6,0.0
2024-03-03T14:00,-1.4,-5.2,94,9.4,33.5,0.0,1016.7,0.0,0.0,7.0,44.7,-44.7,19.95,44.7,0.0
2024-03-03T15:00,-0.8,-4.5,92,9.5,34.2,0.0,1016.7,0.0,0.0,6.9,44.6,-44.6,19.95,44.6,0.0
2024-03-03T16:00,-1.1,-4.9,92,9.0,34.2,0.0,1016.8,0.0,0.0,6.9,44.6,-44.6,19.95,44.6,0.0
2024-03-03T17:00,-0.8,-4.7,91,10.1,35.6,0.0,1016.9,0.0,0.0,6.9,44.6,-44.6,19.95,44.6,0.0
2024-03-03T18:00,-0.8,-4.9,89,11.4,38.2,0.0,1016.7,0.0,0.0,6.9,44.6,-44.6,19.95,44.6,0.0
2024-03-03T19:00,-0.8,-5.1,92,13.4,43.2,0.0,1016.8,0.0,0.0,7.0,44.7,-44.7,19.95,44.7,0.0
2024-03-03T20:00,-1.1,-5.5,92,13.4,43.9,0.0,1017.1,0.0,0.0,7.0,44.7,-44.7,19.95,44.7,0.0
2024-03-03T21:00,-1.3,-5.7,92,13.5,43.2,0.0,1017.4,0.0,0.0,7.1,44.8,-44.8,19.95,44.8,0.0
2024-03-03T22:00,-1.4,-5.9,92,14.5,43.9,0.0,1017.5,0.0,0.0,7.1,44.8,-44.8,19.95,44.8,0.0
2024-03-03T23:00,-1.4,-6.0,93,15.1,45.7,0.0,1017.6,0.0,0.0,7.1,44.8,-44.8,19.95,44.8,0.0
2024-03-04T00:00,-1.4,-6.1,94,15.5,46.8,0.0,1017.7,0.0,0.0,7.1,44.8,-44.8,19.95,44.8,0.0
2024-03-04T01:00,-1.7,-5.9,98,12.3,41.8,0.0,1017.9,0.0,0.0,7.1,44.8,-44.8,19.95,44.8,0.0
2024-03-04T02:00,-1.6,-5.9,97,13.3,41.4,0.0,1018.2,0.0,0.0,7.1,44.8,-44.8,19.95,44.8,0.0
2024-03-04T03:00,-1.4,-6.0,94,14.4,42.8,0.0,1018.5,0.0,0.0,7.1,44.8,-44.8,19.95,44.8,0.0
2024-03-04T04:00,-1.3,-5.7,94,13.7,43.9,0.0,1018.7,0.0,0.0,7.1,44.8,-44.8,19.95,44.8,0.0
2024-03-04T05:00,-1.1,-5.3,94,12.6,41.8,0.0,1018.8,0.0,0.0,7.0,44.7,-44.7,19.95,44.7,0.0
2024-03-04T06:00,-1.0,-5.2,96,13.0,40.7,0.0,1019.1,0.0,0.0,7.0,44.7,-44.7,19.95,44.7,0.0
2024-03-04T07:00,-1.0,-5.3,95,13.0,41.0,0.0,1019.6,0.0,0.0,7.0,44.7,-44.7,19.95,44.7,0.0
2024-03-04T08:00,-0.9,-5.1,96,12.6,40.0,0.0,1020.1,0.0,0.0,7.0,44.7,-44.7,19.95,44.7,0.0
2024-03-04T09:00,-0.8,-4.9,95,12.6,40.3,0.0,1020.5,0.0,0.0,7.0,44.7,-44.7,19.95,44.7,0.0
2024-03-04T10:00,-0.8,-5.1,94,13.8,41.4,0.0,1021.1,0.0,0.0,7.0,44.7,-44.7,19.95,44.7,0.0
2024-03-04T11:00,-0.9,-5.2,94,13.4,42.5,1.0,1021.1,0.1,0.0,7.0,44.7,-44.6,19.95,44.6,0.2
2024-03-04T12:00,-0.8,-5.1,94,13.3,42.1,6.0,1021.4,0.3,0.0,7.0,44.7,-44.4,19.95,44.4,0.7
2024-03-04T13:00,-1.2,-5.2,96,11.2,36.4,0.0,1021.5,0.0,0.0,7.0,44.7,-44.7,19.95,44.7,0.0
2024-03-04T14:00,-1.0,-5.3,95,13.0,41.8,0.0,1022.0,0.0,0.0,7.0,44.7,-44.7,19.95,44.7,0.0
2024-03-04T15:00,-1.1,-5.4,94,13.1,42.1,0.0,1022.2,0.0,0.0,7.0,44.7,-44.7,19.95,44.7,0.0
2024-03-04T16:00,-1.7,-5.9,95,11.5,39.2,0.0,1022.3,0.0,0.0,7.1,44.8,-44.8,19.95,44.8,0.0
2024-03-04T17:00,-2.1,-6.1,94,10.1,35.3,0.0,1022.5,0.0,0.0,7.1,44.8,-44.8,19.95,44.8,0.0
2024-03-04T18:00,-3.7,-7.4,94,6.9,31.7,0.0,1022.9,0.0,0.0,7.1,44.8,-44.8,19.95,44.8,0.0
2024-03-04T19:00,-2.7,-6.1,95,5.5,23.8,0.0,1023.1,0.0,3.6,7.0,44.7,-41.1,19.95,41.1,8.1
2024-03-04T20:00,-2.8,-6.1,98,5.4,18.7,0.0,1023.2,0.0,3.3,7.0,44.7,-41.4,19.95,41.4,7.4
2024-03-04T21:00,-5.0,-8.8,98,6.5,18.4,0.0,1023.1,0.0,7.5,7.3,45.0,-37.5,19.95,37.5,16.7
2024-03-04T22:00,-6.0,-9.9,97,6.6,19.4,0.0,1023.4,0.0,8.0,7.4,45.1,-37.1,19.95,37.1,17.7
2024-03-04T23:00,-6.1,-9.9,95,6.2,19.1,0.0,1023.6,0.0,6.2,7.4,45.1,-38.9,19.95,38.9,13.7
2024-03-05T00:00,-5.8,-9.6,95,5.5,18.0,0.0,1023.6,0.0,3.6,7.3,45.0,-41.4,19.95,41.4,8.0
2024-03-05T01:00,-6.2,-9.9,94,4.7,17.3,0.0,1023.3,0.0,1.5,7.4,45.1,-43.6,19.95,43.6,3.3
2024-03-05T02:00,-5.8,-9.5,94,5.0,18.0,0.0,1023.3,0.0,2.2,7.3,45.0,-42.8,19.95,42.8,4.9
2024-03-05T03:00,-5.7,-9.2,95,4.3,18.4,0.0,1023.1,0.0,0.9,7.3,45.0,-44.1,19.95,44.1,2.0
2024-03-05T04:00,-6.2,-9.8,94,4.7,18.0,0.0,1023.0,0.0,1.5,7.4,45.1,-43.6,19.95,43.6,3.3
2024-03-05T05:00,-6.2,-10.1,94,6.3,19.4,0.0,1022.9,0.0,6.6,7.4,45.1,-38.5,19.95,38.5,14.6
2024-03-05T06:00,-5.4,-9.1,94,5.4,19.4,0.0,1022.9,0.0,3.3,7.3,45.0,-41.7,19.95,41.7,7.3
2024-03-05T07:00,-4.6,-8.1,94,4.4,19.1,0.0,1022.6,0.0,1.0,7.2,44.9,-43.9,19.95,43.9,2.2
2024-03-05T08:00,-3.9,-7.3,92,4.3,19.1,0.0,1022.4,0.0,0.9,7.1,44.8,-43.9,19.95,43.9,2.0
2024-03-05T09:00,-3.0,-6.3,92,4.3,19.4,0.0,1022.1,0.0,0.9,7.0,44.7,-43.8,19.95,43.8,2.0
2024-03-05T10:00,-2.1,-5.4,91,4.7,20.9,0.0,1021.6,0.0,1.5,6.9,44.6,-43.1,19.95,43.1,3.4
2024-03-05T11:00,-1.5,-4.7,92,5.0,22.3,0.0,1021.1,0.0,2.2,6.8,44.5,-42.3,19.95,42.3,4.9
2024-03-05T12:00,-1.0,-4.1,92,5.2,22.7,0.0,1020.7,0.0,2.7,6.8,44.5,-41.8,19.95,41.8,6.1
2024-03-05T13:00,-2.0,-5.1,90,4.1,20.9,0.0,1020.5,0.0,0.6,6.9,44.6,-44.0,19.95,44.0,1.3
2024-03-05T14:00,-1.7,-4.7,92,3.6,21.2,0.0,1020.1,0.0,0.2,6.8,44.5,-44.3,19.95,44.3,0.4
2024-03-05T15:00,-1.7,-4.7,93,3.1,19.8,0.0,1019.7,0.0,0.0,6.8,44.5,-44.5,19.95,44.5,0.0
2024-03-05T16:00,-1.6,-4.8,93,4.7,19.1,0.0,1019.2,0.0,1.5,6.8,44.5,-43.0,19.95,43.0,3.4
2024-03-05T17:00,-1.6,-4.8,94,5.1,19.4,0.0,1018.6,0.0,2.4,6.8,44.5,-42.1,19.95,42.1,5.4
2024-03-05T18:00,-1.4,-4.7,94,5.7,18.4,0.0,1018.0,0.0,4.2,6.8,44.5,-40.3,19.95,40.3,9.4
2024-03-05T19:00,-1.4,-4.7,94,6.3,20.5,0.0,1017.4,0.0,6.6,6.9,44.6,-38.0,19.95,38.0,14.8
2024-03-05T20:00,-0.9,-4.2,94,6.6,22.3,0.0,1017.2,0.0,8.0,6.8,44.5,-36.5,19.95,36.5,18.0
2024-03-05T21:00,-0.3,-3.6,94,7.2,24.8,0.0,1016.5,0.0,11.2,6.8,44.5,-33.3,19.95,33.3,25.2
2024-03-05T22:00,0.1,-3.2,96,7.6,26.3,0.0,1016.2,0.0,13.7,6.7,44.4,-30.7,19.95,30.7,30.9
2024-03-05T23:00,0.7,-2.6,96,8.0,26.3,0.0,1015.5,0.0,16.5,6.7,44.4,-27.9,19.95,27.9,37.2
2024-03-06T00:00,1.1,-2.0,96,7.7,27.4,0.0,1015.3,0.0,14.4,6.6,44.3,-29.9,19.95,29.9,32.5
2024-03-06T01:00,1.3,-2.0,96,8.9,32.0,0.0,1015.7,0.0,0.0,6.6,44.3,-44.3,19.95,44.3,0.0
2024-03-06T02:00,1.3,-2.0,100,9.4,32.8,0.0,1015.7,0.0,0.0,6.6,44.3,-44.3,19.95,44.3,0.0
2024-03-06T03:00,1.0,-2.1,100,8.0,32.8,0.0,1015.7,0.0,0.0,6.6,44.3,-44.3,19.95,44.3,0.0
2024-03-06T04:00,0.8,-2.3,99,7.4,29.5,0.0,1015.8,0.0,0.0,6.6,44.3,-44.3,19.95,44.3,0.0
2024-03-06T05:00,0.8,-2.4,99,8.0,28.8,0.0,1015.9,0.0,0.0,6.7,44.4,-44.4,19.95,44.4,0.0
2024-03-06T06:00,0.9,-2.2,99,7.7,29.5,0.0,1015.5,0.0,0.0,6.6,44.3,-44.3,19.95,44.3,0.0
2024-03-06T07:00,1.0,-2.0,98,7.1,28.1,0.0,1015.2,0.0,0.0,6.6,44.3,-44.3,19.95,44.3,0.0
2024-03-06T08:00,1.3,-1.9,97,7.9,32.0,0.0,1015.2,0.0,0.0,6.6,44.3,-44.3,19.95,44.3,0.0
2024-03-06T09:00,1.4,-2.3,99,12.0,42.5,0.0,1015.3,0.0,0.0,6.7,44.4,-44.4,19.95,44.4,0.0
2024-03-06T10:00,1.1,-2.6,99,12.2,43.9,0.0,1015.4,0.0,0.0,6.7,44.4,-44.4,19.95,44.4,0.0
2024-03-06T11:00,0.6,-3.9,98,16.3,51.5,0.0,1015.5,0.0,0.0,6.9,44.6,-44.6,19.95,44.6,0.0
2024-03-06T12:00,-0.4,-5.5,95,19.7,58.3,3.0,1015.5,0.1,0.0,7.1,44.8,-44.7,19.95,44.7,0.2
2024-03-06T13:00,-0.8,-5.9,94,18.9,56.2,2.0,1014.7,0.1,0.0,7.2,44.9,-44.8,19.95,44.8,0.2
2024-03-06T14:00,-2.1,-7.6,92,19.8,59.4,4.0,1015.0,0.2,0.0,7.4,45.1,-44.9,19.95,44.9,0.4
2024-03-06T15:00,-3.3,-9.3,87,22.1,63.7,1.0,1015.4,0.1,0.0,7.6,45.3,-45.2,19.95,45.2,0.2
2024-03-06T16:00,-4.7,-10.3,87,18.5,63.4,0.0,1016.4,0.0,0.0,7.7,45.4,-45.4,19.95,45.4,0.0
2024-03-06T17:00,-5.5,-10.8,86,15.4,53.6,0.0,1017.2,0.0,0.0,7.7,45.4,-45.4,19.95,45.4,0.0
2024-03-06T18:00,-7.3,-12.0,86,10.4,45.4,0.0,1018.3,0.0,0.0,7.7,45.4,-45.4,19.95,45.4,0.0
2024-03-06T19:00,-8.0,-12.3,85,7.3,34.6,0.0,1019.2,0.0,0.0,7.7,45.4,-45.4,19.95,45.4,0.0
2024-03-06T20:00,-5.5,-9.3,85,5.2,28.4,0.0,1020.2,0.0,0.0,7.3,45.0,-45.0,19.95,45.0,0.0
2024-03-06T21:00,-5.4,-8.9,89,3.8,24.8,0.0,1021.0,0.0,0.3,7.2,44.9,-44.6,19.95,44.6,0.7
2024-03-06T22:00,-5.9,-9.2,95,2.5,21.2,0.0,1021.6,0.0,0.0,7.2,44.9,-44.9,19.95,44.9,0.0
2024-03-06T23:00,-7.6,-11.4,94,5.0,17.6,0.0,1022.2,0.0,2.2,7.5,45.2,-43.0,19.95,43.0,4.9
2024-03-07T00:00,-12.0,-16.6,92,8.0,18.4,0.0,1022.4,0.0,16.5,8.2,45.9,-29.4,19.95,29.4,35.9
2024-03-07T01:00,-13.8,-18.6,90,8.5,17.6,0.0,1023.0,0.0,20.3,8.4,46.1,-25.8,19.95,25.8,44.0
2024-03-07T02:00,-13.0,-17.7,91,7.6,15.1,0.0,1023.1,0.0,13.7,8.3,46.0,-32.3,19.95,32.3,29.8
2024-03-07T03:00,-12.7,-17.3,91,7.1,13.0,0.0,1023.2,0.0,10.6,8.2,45.9,-35.3,19.95,35.3,23.1
2024-03-07T04:00,-13.3,-18.0,90,7.8,11.5,0.0,1023.1,0.0,15.1,8.3,46.0,-30.9,19.95,30.9,32.8
2024-03-07T05:00,-13.7,-18.5,88,8.0,13.7,0.0,1023.2,0.0,16.5,8.4,46.1,-29.6,19.95,29.6,35.8
2024-03-07T06:00,-13.4,-18.1,89,7.9,15.1,0.0,1023.4,0.0,15.7,8.3,46.0,-30.3,19.95,30.3,34.1
2024-03-07T07:00,-13.5,-18.5,87,9.5,18.0,0.0,1023.5,0.0,29.3,8.4,46.1,-16.8,19.95,16.8,63.6
2024-03-07T08:00,-13.4,-18.3,86,9.5,19.4,2.0,1023.7,0.1,29.3,8.4,46.1,-16.7,19.95,16.7,63.8
2024-03-07T09:00,-12.4,-17.2,86,8.6,19.1,8.0,1024.0,0.4,21.1,8.2,45.9,-24.4,19.95,24.4,46.8
2024-03-07T10:00,-11.1,-15.6,84,7.5,19.4,4.0,1024.3,0.2,13.1,8.0,45.7,-32.4,19.95,32.4,29.1
2024-03-07T11:00,-9.1,-13.4,85,7.1,19.4,0.0,1024.2,0.0,10.6,7.8,45.5,-34.9,19.95,34.9,23.3
2024-03-07T12:00,-8.0,-12.1,88,6.5,19.8,1.0,1023.8,0.1,7.5,7.6,45.3,-37.7,19.95,37.7,16.8
2024-03-07T13:00,-8.2,-12.5,90,7.6,19.8,3.0,1023.3,0.2,13.7,7.7,45.4,-31.5,19.95,31.5,30.6
2024-03-07T14:00,-6.9,-10.9,90,6.5,20.2,0.0,1022.7,0.0,7.5,7.5,45.2,-37.7,19.95,37.7,16.6
2024-03-07T15:00,-6.2,-10.3,87,7.0,21.2,0.0,1022.2,0.0,10.1,7.4,45.1,-35.0,19.95,35.0,22.4
2024-03-07T16:00,-5.6,-9.6,87,7.1,22.3,0.0,1021.8,0.0,10.6,7.4,45.1,-34.5,19.95,34.5,23.5
2024-03-07T17:00,-4.6,-8.5,88,6.8,23.8,0.0,1021.3,0.0,9.0,7.3,45.0,-36.0,19.95,36.0,20.0
2024-03-07T18:00,-3.6,-7.3,90,6.8,24.1,0.0,1020.8,0.0,9.0,7.1,44.8,-35.8,19.95,35.8,20.1
2024-03-07T19:00,-2.6,-6.3,90,7.6,25.6,0.0,1020.5,0.0,13.7,7.0,44.7,-31.0,19.95,31.0,30.6
2024-03-07T20:00,-1.8,-5.6,92,8.8,28.1,0.0,1020.2,0.0,0.0,7.0,44.7,-44.7,19.95,44.7,0.0
2024-03-07T21:00,-1.3,-4.8,93,7.3,28.4,0.0,1020.0,0.0,0.0,6.9,44.6,-44.6,19.95,44.6,0.0
2024-03-07T22:00,-0.9,-4.0,95,5.7,27.4,0.0,1019.9,0.0,4.2,6.8,44.5,-40.3,19.95,40.3,9.4
2024-03-07T23:00,-0.0,-3.3,95,7.1,27.4,0.0,1019.7,0.0,10.6,6.7,44.4,-33.8,19.95,33.8,23.9
2024-03-08T00:00,0.9,-2.6,99,10.5,33.5,0.0,1019.6,0.0,0.0,6.7,44.4,-44.4,19.95,44.4,0.0
2024-03-08T01:00,-0.1,-3.6,99,9.3,31.3,0.0,1019.7,0.0,0.0,6.8,44.5,-44.5,19.95,44.5,0.0
2024-03-08T02:00,0.6,-3.2,99,12.0,36.7,0.0,1019.6,0.0,0.0,6.8,44.5,-44.5,19.95,44.5,0.0
2024-03-08T03:00,0.8,-2.8,97,11.0,37.4,0.0,1019.6,0.0,0.0,6.7,44.4,-44.4,19.95,44.4,0.0
2024-03-08T04:00,0.8,-2.8,96,10.5,35.6,0.0,1019.5,0.0,0.0,6.7,44.4,-44.4,19.95,44.4,0.0
2024-03-08T05:00,0.7,-2.8,97,9.4,34.2,0.0,1019.4,0.0,0.0,6.7,44.4,-44.4,19.95,44.4,0.0
2024-03-08T06:00,0.6,-2.8,98,9.0,32.0,0.0,1019.6,0.0,0.0,6.7,44.4,-44.4,19.95,44.4,0.0
2024-03-08T07:00,0.4,-2.9,98,8.3,31.0,0.0,1019.7,0.0,0.0,6.7,44.4,-44.4,19.95,44.4,0.0
2024-03-08T08:00,0.4,-2.8,99,7.9,29.2,0.0,1020.0,0.0,0.0,6.7,44.4,-44.4,19.95,44.4,0.0
2024-03-08T09:00,0.3,-3.0,99,8.3,27.4,1.0,1020.0,0.0,18.7,6.7,44.4,-25.7,19.95,25.7,42.1
2024-03-08T10:00,0.2,-3.4,98,10.5,31.0,1.0,1020.4,0.0,0.0,6.8,44.5,-44.5,19.95,44.5,0.0
2024-03-08T11:00,0.1,-3.6,96,10.5,32.0,3.0,1020.6,0.1,0.0,6.8,44.5,-44.4,19.95,44.4,0.2
2024-03-08T12:00,-0.1,-3.5,96,7.9,31.7,2.0,1020.6,0.1,0.0,6.8,44.5,-44.4,19.95,44.4,0.2
2024-03-08T13:00,0.4,-2.6,96,6.3,24.8,2.0,1020.5,0.1,6.6,6.7,44.4,-37.7,19.95,37.7,15.1
2024-03-08T14:00,0.5,-2.4,97,6.0,23.4,0.0,1020.4,0.0,5.4,6.6,44.3,-38.9,19.95,38.9,12.2
2024-03-08T15:00,0.6,-2.6,98,7.6,23.8,0.0,1020.2,0.0,13.7,6.7,44.4,-30.7,19.95,30.7,30.9
2024-03-08T16:00,0.6,-2.7,99,9.1,27.7,0.0,1020.0,0.0,25.5,6.7,44.4,-18.9,19.95,18.9,57.4
2024-03-08T17:00,0.4,-2.9,100,8.6,27.7,0.0,1020.0,0.0,21.1,6.7,44.4,-23.3,19.95,23.3,47.5
2024-03-08T18:00,0.1,-3.1,99,7.4,26.6,0.0,1020.2,0.0,12.4,6.7,44.4,-32.0,19.95,32.0,27.9
2024-03-08T19:00,-0.2,-3.2,99,5.8,24.1,0.0,1020.2,0.0,4.6,6.7,44.4,-39.8,19.95,39.8,10.4
2024-03-08T20:00,-0.4,-3.4,99,5.5,22.3,0.0,1020.2,0.0,3.6,6.7,44.4,-40.8,19.95,40.8,8.1
2024-03-08T21:00,-0.4,-3.5,99,6.4,24.1,0.0,1020.0,0.0,7.0,6.7,44.4,-37.4,19.95,37.4,15.8
2024-03-08T22:00,-0.4,-3.4,98,5.4,24.5,0.0,1019.6,0.0,3.3,6.7,44.4,-41.1,19.95,41.1,7.4
2024-03-08T23:00,-0.3,-3.2,97,4.8,23.4,0.0,1019.1,0.0,1.7,6.7,44.4,-42.7,19.95,42.7,3.8
2024-03-09T00:00,-0.3,-3.2,97,5.2,22.7,0.0,1018.4,0.0,2.7,6.7,44.4,-41.7,19.95,41.7,6.1
2024-03-09T01:00,-0.4,-3.4,97,5.5,21.6,0.0,1017.6,0.0,3.6,6.7,44.4,-40.8,19.95,40.8,8.1
2024-03-09T02:00,-0.2,-3.1,97,4.7,22.0,0.0,1016.8,0.0,1.5,6.7,44.4,-42.9,19.95,42.9,3.4
2024-03-09T03:00,-0.2,-3.5,97,7.5,24.1,0.0,1015.6,0.0,13.1,6.8,44.5,-31.4,19.95,31.4,29.4
2024-03-09T04:00,-0.3,-3.6,99,8.1,25.9,0.0,1014.6,0.0,17.2,6.8,44.5,-27.3,19.95,27.3,38.7
2024-03-09T05:00,-0.2,-3.7,99,9.3,32.4,0.0,1013.4,0.0,0.0,6.8,44.5,-44.5,19.95,44.5,0.0
2024-03-09T06:00,0.2,-3.1,97,8.0,33.5,0.0,1012.4,0.0,0.0,6.7,44.4,-44.4,19.95,44.4,0.0
2024-03-09T07:00,0.7,-2.7,95,8.6,34.6,0.0,1011.4,0.0,0.0,6.7,44.4,-44.4,19.95,44.4,0.0
2024-03-09T08:00,1.1,-2.2,95,9.0,34.2,0.0,1010.8,0.0,0.0,6.6,44.3,-44.3,19.95,44.3,0.0
2024-03-09T09:00,1.1,-2.7,99,13.0,40.3,0.0,1010.3,0.0,0.0,6.8,44.5,-44.5,19.95,44.5,0.0
2024-03-09T10:00,-0.2,-4.8,95,15.6,48.2,0.0,1010.5,0.0,0.0,7.0,44.7,-44.7,19.95,44.7,0.0
2024-03-09T11:00,-0.8,-5.6,90,16.3,50.4,3.0,1010.3,0.2,0.0,7.1,44.8,-44.6,19.95,44.6,0.4
2024-03-09T12:00,-1.3,-6.2,91,16.6,50.4,3.0,1010.2,0.2,0.0,7.2,44.9,-44.7,19.95,44.7,0.4
2024-03-09T13:00,-1.0,-5.7,91,15.5,49.3,3.0,1010.0,0.2,0.0,7.1,44.8,-44.6,19.95,44.6,0.4
2024-03-09T14:00,-1.5,-6.0,92,13.5,45.7,7.0,1010.0,0.4,0.0,7.1,44.8,-44.4,19.95,44.4,0.9
2024-03-09T15:00,-2.9,-7.0,93,10.2,40.3,3.0,1010.1,0.2,0.0,7.2,44.9,-44.7,19.95,44.7,0.4
2024-03-09T16:00,-5.3,-9.6,94,10.0,34.6,2.0,1010.2,0.1,0.0,7.4,45.1,-45.0,19.95,45.0,0.2
2024-03-09T17:00,-6.5,-10.7,96,8.5,34.2,0.0,1010.1,0.0,0.0,7.5,45.2,-45.2,19.95,45.2,0.0
2024-03-09T18:00,-6.7,-10.9,96,8.1,31.7,0.0,1009.9,0.0,0.0,7.5,45.2,-45.2,19.95,45.2,0.0
2024-03-09T19:00,-7.0,-11.3,95,8.4,30.2,0.0,1009.7,0.0,0.0,7.6,45.3,-45.3,19.95,45.3,0.0
2024-03-09T20:00,-7.1,-11.4,94,8.4,29.9,0.0,1009.7,0.0,0.0,7.6,45.3,-45.3,19.95,45.3,0.0
2024-03-09T21:00,-6.7,-11.0,94,8.9,29.2,0.0,1009.9,0.0,0.0,7.6,45.3,-45.3,19.95,45.3,0.0
2024-03-09T22:00,-7.0,-11.4,94,9.2,29.2,0.0,1009.8,0.0,0.0,7.6,45.3,-45.3,19.95,45.3,0.0
2024-03-09T23:00,-7.6,-11.9,94,8.4,28.8,0.0,1009.7,0.0,0.0,7.7,45.4,-45.4,19.95,45.4,0.0
2024-03-10T00:00,-7.3,-11.6,94,8.2,27.7,0.0,1009.7,0.0,17.9,7.6,45.3,-27.4,19.95,27.4,39.5
2024-03-10T01:00,-6.6,-10.5,94,6.1,27.7,0.0,1009.8,0.0,5.8,7.5,45.2,-39.4,19.95,39.4,12.8
2024-03-10T02:00,-7.0,-10.8,93,4.6,24.1,0.0,1010.4,0.0,1.3,7.4,45.1,-43.8,19.95,43.8,2.9
2024-03-10T03:00,-6.4,-9.9,93,3.1,20.9,0.0,1011.1,0.0,0.0,7.3,45.0,-45.0,19.95,45.0,0.0
2024-03-10T04:00,-6.6,-10.1,90,2.6,18.7,0.0,1011.6,0.0,0.0,7.3,45.0,-45.0,19.95,45.0,0.0
2024-03-10T05:00,-7.4,-11.1,92,3.9,19.1,0.0,1012.5,0.0,0.4,7.5,45.2,-44.8,19.95,44.8,0.9
2024-03-10T06:00,-8.3,-12.2,88,4.7,19.1,0.0,1012.8,0.0,1.5,7.6,45.3,-43.8,19.95,43.8,3.3
2024-03-10T07:00,-7.8,-11.7,84,4.5,18.7,1.0,1013.3,0.1,1.2,7.5,45.2,-43.9,19.95,43.9,2.9
2024-03-10T08:00,-9.0,-13.0,85,5.1,17.3,4.0,1013.7,0.2,2.4,7.7,45.4,-42.8,19.95,42.8,5.7
2024-03-10T09:00,-8.9,-13.0,87,5.4,16.9,5.0,1014.1,0.3,3.3,7.7,45.4,-41.8,19.95,41.8,7.9
2024-03-10T10:00,-9.5,-13.6,89,5.4,16.9,18.0,1014.5,0.9,3.3,7.8,45.5,-41.3,19.95,41.3,9.2
2024-03-10T11:00,-9.6,-13.6,89,4.8,16.6,19.0,1014.7,1.0,1.7,7.7,45.4,-42.7,19.95,42.7,5.9
2024-03-10T12:00,-8.8,-12.7,88,4.2,16.2,36.0,1015.0,1.8,0.7,7.6,45.3,-42.8,19.95,42.8,5.5
2024-03-10T13:00,-9.4,-13.2,89,3.3,13.7,15.0,1014.5,0.8,0.0,7.7,45.4,-44.6,19.95,44.6,1.8
2024-03-10T14:00,-10.2,-14.1,89,3.9,13.7,9.0,1014.8,0.5,0.4,7.8,45.5,-44.6,19.95,44.6,2.0
2024-03-10T15:00,-11.2,-15.3,87,4.4,14.0,4.0,1014.8,0.2,1.0,7.9,45.6,-44.4,19.95,44.4,2.6
2024-03-10T16:00,-12.1,-16.4,87,5.4,13.7,0.0,1014.8,0.0,3.3,8.1,45.8,-42.5,19.95,42.5,7.2
2024-03-10T17:00,-13.3,-17.8,88,6.6,13.0,0.0,1014.4,0.0,8.0,8.3,46.0,-38.0,19.95,38.0,17.4
2024-03-10T18:00,-13.3,-17.9,86,7.1,12.2,0.0,1014.4,0.0,10.6,8.3,46.0,-35.4,19.95,35.4,23.0
2024-03-10T19:00,-14.0,-18.6,84,7.1,11.2,0.0,1014.6,0.0,10.6,8.4,46.1,-35.5,19.95,35.5,23.0
2024-03-10T20:00,-13.6,-18.3,82,7.5,12.6,0.0,1014.4,0.0,13.1,8.3,46.0,-32.9,19.95,32.9,28.5
2024-03-10T21:00,-14.1,-18.7,79,6.8,13.0,0.0,1014.3,0.0,9.0,8.4,46.1,-37.1,19.95,37.1,19.5
2024-03-10T22:00,-13.3,-17.8,78,6.0,13.3,0.0,1014.1,0.0,5.4,8.2,45.9,-40.5,19.95,40.5,11.8
2024-03-10T23:00,-12.9,-17.4,79,5.6,13.7,0.0,1013.8,0.0,3.9,8.2,45.9,-42.0,19.95,42.0,8.5
2024-03-11T00:00,-13.1,-17.6,81,5.9,14.8,0.0,1013.3,0.0,5.0,8.2,45.9,-40.9,19.95,40.9,10.9
2024-03-11T01:00,-14.3,-18.8,83,6.2,16.6,0.0,1013.2,0.0,6.2,8.4,46.1,-39.9,19.95,39.9,13.4
2024-03-11T02:00,-13.0,-17.3,82,5.1,16.6,0.0,1013.6,0.0,2.4,8.1,45.8,-43.4,19.95,43.4,5.2
2024-03-11T03:00,-16.0,-20.9,86,8.0,17.6,0.0,1012.7,0.0,16.5,8.6,46.3,-29.8,19.95,29.8,35.6
2024-03-11T04:00,-14.3,-19.0,84,7.3,18.4,0.0,1011.9,0.0,11.8,8.4,46.1,-34.3,19.95,34.3,25.6
2024-03-11T05:00,-13.2,-17.8,84,6.6,17.3,0.0,1011.5,0.0,8.0,8.2,45.9,-37.9,19.95,37.9,17.4
2024-03-11T06:00,-13.0,-17.5,86,6.4,16.6,0.0,1010.6,0.0,7.0,8.2,45.9,-38.9,19.95,38.9,15.3
2024-03-11T07:00,-12.0,-16.0,85,3.4,16.2,0.0,1010.4,0.0,0.1,8.0,45.7,-45.6,19.95,45.6,0.2
2024-03-11T08:00,-11.4,-15.5,85,4.8,13.3,0.0,1010.1,0.0,1.7,8.0,45.7,-44.0,19.95,44.0,3.7
2024-03-11T09:00,-10.8,-14.9,84,4.6,13.7,0.0,1009.9,0.0,1.3,7.9,45.6,-44.3,19.95,44.3,2.9
2024-03-11T10:00,-10.3,-14.1,83,2.5,12.6,1.0,1009.8,0.1,0.0,7.7,45.4,-45.3,19.95,45.3,0.2
2024-03-11T11:00,-10.1,-14.0,82,3.1,11.2,6.0,1009.3,0.3,0.0,7.7,45.4,-45.1,19.95,45.1,0.7
2024-03-11T12:00,-10.0,-13.9,81,3.7,12.6,6.0,1009.0,0.3,0.2,7.7,45.4,-44.9,19.95,44.9,1.1
2024-03-11T13:00,-10.5,-14.7,82,5.2,14.8,0.0,1008.4,0.0,2.7,7.9,45.6,-42.9,19.95,42.9,5.9
2024-03-11T14:00,-10.9,-15.0,82,4.2,15.1,6.0,1008.5,0.3,0.7,7.9,45.6,-44.6,19.95,44.6,2.2
2024-03-11T15:00,-11.7,-15.8,84,4.0,13.3,0.0,1008.8,0.0,0.5,7.9,45.6,-45.1,19.95,45.1,1.1
2024-03-11T16:00,-12.7,-17.0,82,5.4,11.5,0.0,1009.3,0.0,3.3,8.1,45.8,-42.5,19.95,42.5,7.2
2024-03-11T17:00,-13.5,-18.3,74,7.6,18.4,0.0,1010.1,0.0,13.7,8.3,46.0,-32.3,19.95,32.3,29.8
2024-03-11T18:00,-14.6,-19.6,71,8.5,21.6,0.0,1011.0,0.0,20.3,8.5,46.2,-25.9,19.95,25.9,43.9
2024-03-11T19:00,-15.7,-20.4,72,6.4,21.6,0.0,1011.9,0.0,7.0,8.5,46.2,-39.2,19.95,39.2,15.2
2024-03-11T20:00,-15.5,-19.9,64,4.0,18.0,0.0,1012.8,0.0,0.5,8.4,46.1,-45.6,19.95,45.6,1.1
2024-03-11T21:00,-15.9,-20.3,65,3.6,15.5,0.0,1013.8,0.0,0.2,8.4,46.1,-45.9,19.95,45.9,0.4
2024-03-11T22:00,-16.5,-21.1,66,5.1,18.0,0.0,1014.8,0.0,2.4,8.5,46.2,-43.8,19.95,43.8,5.2
2024-03-11T23:00,-18.2,-23.2,66,7.2,23.8,0.0,1015.6,0.0,11.2,8.9,46.6,-35.4,19.95,35.4,24.0
2024-03-12T00:00,-22.0,-27.7,62,12.0,33.8,0.0,1016.4,0.0,0.0,9.6,47.3,-47.3,19.95,47.3,0.0
2024-03-12T01:00,-18.8,-23.1,69,2.9,14.0,0.0,1016.4,0.0,0.0,8.7,46.4,-46.4,19.95,46.4,0.0
2024-03-12T02:00,-18.1,-23.0,61,7.2,24.8,0.0,1017.1,0.0,11.2,8.8,46.5,-35.3,19.95,35.3,24.1
2024-03-12T03:00,-21.8,-27.2,67,10.1,30.2,0.0,1018.0,0.0,0.0,9.5,47.2,-47.2,19.95,47.2,0.0
2024-03-12T04:00,-18.5,-23.5,63,7.6,27.7,0.0,1018.6,0.0,13.7,8.9,46.6,-32.9,19.95,32.9,29.4
2024-03-12T05:00,-19.3,-23.9,68,5.0,23.8,0.0,1018.7,0.0,2.2,8.9,46.6,-44.4,19.95,44.4,4.7
2024-03-12T06:00,-19.8,-24.1,69,2.9,20.2,0.0,1018.9,0.0,0.0,8.8,46.5,-46.5,19.95,46.5,0.0
2024-03-12T07:00,-20.1,-24.1,71,0.7,17.6,3.0,1019.3,0.2,0.0,8.7,46.4,-46.2,19.95,46.2,0.4
2024-03-12T08:00,-20.1,-24.2,72,0.7,15.1,19.0,1019.6,1.0,0.0,8.7,46.4,-45.4,19.95,45.4,2.2
2024-03-12T09:00,-20.0,-24.2,72,1.8,16.2,33.0,1019.8,1.8,0.0,8.8,46.5,-44.7,19.95,44.7,3.9
2024-03-12T10:00,-19.4,-23.8,74,3.1,18.4,35.0,1019.9,1.9,0.0,8.8,46.5,-44.6,19.95,44.6,4.1
2024-03-12T11:00,-18.8,-23.3,79,4.2,20.2,33.0,1019.7,1.7,0.7,8.8,46.5,-44.1,19.95,44.1,5.2
2024-03-12T12:00,-19.0,-23.6,81,5.6,22.0,62.0,1019.5,3.3,3.9,8.9,46.6,-39.4,19.95,39.4,15.5
2024-03-12T13:00,-22.6,-27.8,74,8.3,28.1,10.0,1019.0,0.5,0.0,9.4,47.1,-46.6,19.95,46.6,1.1
2024-03-12T14:00,-21.5,-26.6,75,7.9,29.9,8.0,1018.4,0.4,0.0,9.3,47.0,-46.6,19.95,46.6,0.9
2024-03-12T15:00,-20.3,-25.4,80,8.5,32.4,3.0,1017.3,0.2,0.0,9.2,46.9,-46.7,19.95,46.7,0.4
2024-03-12T16:00,-18.8,-23.8,85,8.0,33.5,1.0,1016.3,0.1,0.0,9.0,46.7,-46.6,19.95,46.6,0.2
2024-03-12T17:00,-16.9,-22.0,83,9.5,35.6,0.0,1015.0,0.0,0.0,8.8,46.5,-46.5,19.95,46.5,0.0
2024-03-12T18:00,-14.8,-20.0,85,10.8,37.4,0.0,1014.1,0.0,0.0,8.6,46.3,-46.3,19.95,46.3,0.0
2024-03-12T19:00,-11.5,-17.5,84,17.3,50.0,0.0,1013.2,0.0,0.0,8.5,46.2,-46.2,19.95,46.2,0.0
2024-03-12T20:00,-9.8,-16.3,77,21.3,57.2,0.0,1012.7,0.0,0.0,8.5,46.2,-46.2,19.95,46.2,0.0
2024-03-12T21:00,-10.1,-16.7,74,21.2,58.0,0.0,1012.3,0.0,0.0,8.5,46.2,-46.2,19.95,46.2,0.0
2024-03-12T22:00,-10.3,-16.5,79,19.1,56.2,0.0,1012.3,0.0,0.0,8.5,46.2,-46.2,19.95,46.2,0.0
2024-03-12T23:00,-10.3,-16.2,79,17.2,51.1,0.0,1012.0,0.0,0.0,8.4,46.1,-46.1,19.95,46.1,0.0
2024-03-13T00:00,-10.7,-16.4,80,15.2,47.5,0.0,1011.8,0.0,0.0,8.3,46.0,-46.0,19.95,46.0,0.0
2024-03-13T01:00,-10.7,-16.3,79,14.8,46.4,0.0,1011.5,0.0,0.0,8.3,46.0,-46.0,19.95,46.0,0.0
2024-03-13T02:00,-11.4,-16.7,80,12.4,41.8,0.0,1011.2,0.0,0.0,8.3,46.0,-46.0,19.95,46.0,0.0
2024-03-13T03:00,-12.9,-18.0,80,10.2,35.6,0.0,1010.9,0.0,0.0,8.4,46.1,-46.1,19.95,46.1,0.0
2024-03-13T04:00,-14.1,-19.0,80,8.3,30.6,0.0,1010.6,0.0,0.0,8.4,46.1,-46.1,19.95,46.1,0.0
2024-03-13T05:00,-14.2,-19.1,81,8.4,27.0,0.0,1010.0,0.0,19.5,8.4,46.1,-26.6,19.95,26.6,42.3
2024-03-13T06:00,-14.2,-19.1,81,8.3,25.6,0.0,1009.6,0.0,18.7,8.4,46.1,-27.4,19.95,27.4,40.6
2024-03-13T07:00,-13.4,-17.9,81,6.6,24.8,0.0,1009.2,0.0,8.0,8.3,46.0,-38.0,19.95,38.0,17.4
2024-03-13T08:00,-12.2,-16.2,81,3.2,20.9,0.0,1009.0,0.0,0.0,8.0,45.7,-45.7,19.95,45.7,0.0
2024-03-13T09:00,-12.7,-16.5,85,1.4,14.0,6.0,1008.9,0.3,0.0,7.9,45.6,-45.3,19.95,45.3,0.7
2024-03-13T10:00,-13.3,-17.4,86,3.5,11.9,1.0,1008.8,0.1,0.1,8.1,45.8,-45.6,19.95,45.6,0.4
2024-03-13T11:00,-13.4,-17.6,86,4.2,12.6,4.0,1008.4,0.2,0.7,8.2,45.9,-45.0,19.95,45.0,2.0
2024-03-13T12:00,-13.6,-17.8,86,4.1,13.0,2.0,1007.9,0.1,0.6,8.2,45.9,-45.2,19.95,45.2,1.5
2024-03-13T13:00,-12.7,-16.9,85,4.5,14.4,0.0,1006.8,0.0,1.2,8.1,45.8,-44.6,19.95,44.6,2.6
2024-03-13T14:00,-12.8,-17.0,84,4.4,12.6,0.0,1006.0,0.0,1.0,8.1,45.8,-44.8,19.95,44.8,2.2
2024-03-13T15:00,-13.4,-17.8,82,5.1,13.0,0.0,1005.2,0.0,2.4,8.2,45.9,-43.5,19.95,43.5,5.2
2024-03-13T16:00,-14.1,-18.6,82,5.9,14.4,0.0,1004.5,0.0,5.0,8.3,46.0,-41.0,19.95,41.0,10.9
2024-03-13T17:00,-15.4,-20.1,84,6.9,16.6,0.0,1004.0,0.0,9.5,8.5,46.2,-36.7,19.95,36.7,20.6
2024-03-13T18:00,-15.7,-20.7,82,8.7,20.5,0.0,1003.4,0.0,22.0,8.6,46.3,-24.3,19.95,24.3,47.5
2024-03-13T19:00,-16.0,-21.1,79,9.7,23.8,0.0,1003.2,0.0,31.3,8.7,46.4,-15.1,19.95,15.1,67.5
2024-03-13T20:00,-15.8,-21.0,75,10.0,26.3,0.0,1003.5,0.0,34.5,8.7,46.4,-11.9,19.95,11.9,74.4
2024-03-13T21:00,-16.1,-21.3,74,9.7,26.3,0.0,1003.7,0.0,31.3,8.7,46.4,-15.1,19.95,15.1,67.5
2024-03-13T22:00,-16.7,-21.9,72,9.2,25.6,0.0,1004.0,0.0,26.4,8.8,46.5,-20.1,19.95,20.1,56.8
2024-03-13T23:00,-17.4,-22.7,73,9.7,27.7,0.0,1004.2,0.0,31.3,8.9,46.6,-15.3,19.95,15.3,67.2
2024-03-14T00:00,-17.8,-23.0,73,9.4,29.2,0.0,1004.2,0.0,0.0,8.9,46.6,-46.6,19.95,46.6,0.0
2024-03-14T01:00,-18.5,-23.9,75,10.1,31.0,0.0,1003.1,0.0,0.0,9.1,46.8,-46.8,19.95,46.8,0.0
2024-03-14T02:00,-19.0,-24.3,75,9.7,31.3,0.0,1003.0,0.0,0.0,9.1,46.8,-46.8,19.95,46.8,0.0
2024-03-14T03:00,-20.0,-25.3,75,9.4,30.6,0.0,1003.0,0.0,0.0,9.2,46.9,-46.9,19.95,46.9,0.0
2024-03-14T04:00,-21.2,-26.3,74,8.4,28.8,0.0,1003.0,0.0,0.0,9.3,47.0,-47.0,19.95,47.0,0.0
2024-03-14T05:00,-21.4,-26.3,73,6.6,26.3,0.0,1003.0,0.0,8.0,9.2,46.9,-38.9,19.95,38.9,17.1
2024-03-14T06:00,-21.2,-26.0,72,6.2,22.7,0.0,1003.0,0.0,6.2,9.1,46.8,-40.6,19.95,40.6,13.2
2024-03-14T07:00,-20.7,-25.5,72,5.8,20.9,1.0,1003.1,0.1,4.6,9.1,46.8,-42.1,19.95,42.1,10.0
2024-03-14T08:00,-21.1,-25.9,72,5.4,18.7,15.0,1003.1,0.8,3.3,9.1,46.8,-42.7,19.95,42.7,8.8
2024-03-14T09:00,-21.3,-26.1,71,5.4,17.3,24.0,1003.3,1.3,3.3,9.1,46.8,-42.2,19.95,42.2,9.8
2024-03-14T10:00,-22.8,-27.7,72,5.8,18.0,42.0,1003.4,2.3,4.6,9.3,47.0,-40.1,19.95,40.1,14.7
2024-03-14T11:00,-23.7,-28.6,68,6.6,19.8,77.0,1003.3,4.1,8.0,9.5,47.2,-35.1,19.95,35.1,25.6
2024-03-14T12:00,-24.0,-29.0,65,6.6,20.2,92.0,1003.0,4.9,8.0,9.5,47.2,-34.3,19.95,34.3,27.3
2024-03-14T13:00,-23.3,-28.1,60,5.2,18.4,87.0,1002.6,4.7,2.7,9.3,47.0,-39.6,19.95,39.6,15.7
2024-03-14T14:00,-23.1,-27.9,58,5.2,16.6,66.0,1002.4,3.5,2.7,9.3,47.0,-40.8,19.95,40.8,13.2
2024-03-14T15:00,-23.8,-28.6,59,5.5,15.1,38.0,1002.1,2.0,3.6,9.4,47.1,-41.5,19.95,41.5,11.9
2024-03-14T16:00,-24.5,-29.5,61,6.2,14.8,14.0,1001.8,0.8,6.2,9.5,47.2,-40.2,19.95,40.2,14.8
2024-03-14T17:00,-25.1,-30.1,62,6.6,14.8,1.0,1001.6,0.1,8.0,9.6,47.3,-39.2,19.95,39.2,17.1
2024-03-14T18:00,-25.1,-30.1,60,6.4,14.8,0.0,1001.3,0.0,7.0,9.6,47.3,-40.3,19.95,40.3,14.8
2024-03-14T19:00,-25.1,-29.9,58,5.4,13.7,0.0,1001.2,0.0,3.3,9.5,47.2,-43.9,19.95,43.9,7.0
2024-03-14T20:00,-24.7,-29.5,59,5.2,14.8,0.0,1001.1,0.0,2.7,9.5,47.2,-44.5,19.95,44.5,5.7
2024-03-14T21:00,-24.4,-29.3,62,5.7,16.9,0.0,1001.2,0.0,4.2,9.5,47.2,-43.0,19.95,43.0,8.9
2024-03-14T22:00,-24.6,-29.6,66,6.9,18.7,0.0,1001.3,0.0,9.5,9.6,47.3,-37.8,19.95,37.8,20.1
2024-03-14T23:00,-24.8,-29.8,69,6.6,19.1,0.0,1001.3,0.0,8.0,9.6,47.3,-39.3,19.95,39.3,16.9
2024-03-15T00:00,-24.5,-29.4,69,5.9,18.7,0.0,1001.0,0.0,5.0,9.5,47.2,-42.2,19.95,42.2,10.6
2024-03-15T01:00,-25.8,-30.4,66,4.0,13.3,0.0,1000.6,0.0,0.5,9.5,47.2,-46.7,19.95,46.7,1.1
2024-03-15T02:00,-25.4,-30.1,64,4.8,14.4,0.0,1000.5,0.0,1.7,9.5,47.2,-45.5,19.95,45.5,3.6
2024-03-15T03:00,-25.4,-30.2,62,5.0,15.5,0.0,1000.3,0.0,2.2,9.6,47.3,-45.1,19.95,45.1,4.7
2024-03-15T04:00,-25.8,-30.5,64,4.1,15.5,0.0,1000.5,0.0,0.6,9.5,47.2,-46.6,19.95,46.6,1.3
2024-03-15T05:00,-26.3,-31.0,68,4.6,16.2,0.0,1000.4,0.0,1.3,9.6,47.3,-46.0,19.95,46.0,2.7
2024-03-15T06:00,-26.6,-31.2,69,3.4,16.2,0.0,1000.6,0.0,0.1,9.6,47.3,-47.2,19.95,47.2,0.2
2024-03-15T07:00,-26.9,-31.4,68,3.3,13.7,9.0,1000.5,0.5,0.0,9.6,47.3,-46.8,19.95,46.8,1.1
2024-03-15T08:00,-26.7,-31.3,68,3.4,13.0,19.0,1000.7,1.0,0.1,9.6,47.3,-46.2,19.95,46.2,2.3
2024-03-15T09:00,-26.2,-30.8,67,3.5,13.7,17.0,1000.8,0.9,0.1,9.5,47.2,-46.2,19.95,46.2,2.1
2024-03-15T10:00,-26.1,-30.7,69,3.7,14.0,28.0,1001.1,1.5,0.2,9.5,47.2,-45.5,19.95,45.5,3.6
2024-03-15T11:00,-25.5,-30.0,68,3.4,14.8,50.0,1001.1,2.7,0.1,9.5,47.2,-44.4,19.95,44.4,5.9
2024-03-15T12:00,-25.1,-29.6,69,3.2,15.1,61.0,1001.1,3.3,0.0,9.4,47.1,-43.8,19.95,43.8,7.0
2024-03-15T13:00,-26.3,-30.8,67,3.4,15.5,75.0,1001.0,4.1,0.1,9.5,47.2,-43.0,19.95,43.0,8.9
2024-03-15T14:00,-26.3,-30.9,68,3.7,14.4,59.0,1001.1,3.2,0.2,9.6,47.3,-43.9,19.95,43.9,7.2
2024-03-15T15:00,-26.5,-31.2,67,4.6,15.5,30.0,1001.1,1.6,1.3,9.7,47.4,-44.5,19.95,44.5,6.1
2024-03-15T16:00,-25.8,-30.5,62,4.2,15.8,8.0,1001.3,0.4,0.7,9.5,47.2,-46.1,19.95,46.1,2.3
2024-03-15T17:00,-25.6,-30.3,61,4.3,16.6,1.0,1001.2,0.1,0.9,9.5,47.2,-46.2,19.95,46.2,2.1
2024-03-15T18:00,-24.9,-29.6,60,4.2,16.9,0.0,1001.2,0.0,0.7,9.4,47.1,-46.4,19.95,46.4,1.5
2024-03-15T19:00,-24.0,-28.5,58,2.5,16.6,0.0,1001.3,0.0,0.0,9.2,46.9,-46.9,19.95,46.9,0.0
2024-03-15T20:00,-23.0,-27.5,65,3.2,16.2,0.0,1001.2,0.0,0.0,9.2,46.9,-46.9,19.95,46.9,0.0
2024-03-15T21:00,-22.0,-26.6,71,4.1,18.0,0.0,1001.3,0.0,0.6,9.1,46.8,-46.2,19.95,46.2,1.3
2024-03-15T22:00,-21.6,-26.2,76,4.5,19.1,0.0,1001.4,0.0,1.2,9.1,46.8,-45.6,19.95,45.6,2.6
2024-03-15T23:00,-21.5,-26.2,79,5.4,20.2,0.0,1001.5,0.0,3.3,9.1,46.8,-43.5,19.95,43.5,7.1
2024-03-16T00:00,-21.3,-26.0,81,5.9,20.5,0.0,1001.5,0.0,5.0,9.1,46.8,-41.8,19.95,41.8,10.7
2024-03-16T01:00,-22.2,-27.0,78,5.9,19.8,0.0,1001.5,0.0,5.0,9.2,46.9,-41.9,19.95,41.9,10.7
2024-03-16T02:00,-22.0,-27.0,78,6.7,21.6,0.0,1001.6,0.0,8.5,9.3,47.0,-38.5,19.95,38.5,18.1
2024-03-16T03:00,-22.1,-27.1,75,7.3,22.3,0.0,1001.8,0.0,11.8,9.3,47.0,-35.2,19.95,35.2,25.1
2024-03-16T04:00,-22.5,-27.5,71,7.2,23.0,0.0,1002.0,0.0,11.2,9.4,47.1,-35.9,19.95,35.9,23.8
2024-03-16T05:00,-22.8,-27.9,70,7.8,24.1,0.0,1002.2,0.0,15.1,9.4,47.1,-32.0,19.95,32.0,32.1
2024-03-16T06:00,-24.2,-29.4,74,8.3,25.9,0.0,1002.6,0.0,18.7,9.6,47.3,-28.6,19.95,28.6,39.5
2024-03-16T07:00,-24.6,-29.9,73,8.3,26.3,10.0,1003.1,0.5,18.7,9.7,47.4,-28.2,19.95,28.2,40.5
2024-03-16T08:00,-25.7,-30.9,74,8.1,26.3,36.0,1003.8,2.0,17.2,9.8,47.5,-28.3,19.95,28.3,40.4
2024-03-16T09:00,-26.3,-31.5,73,8.3,25.9,68.0,1004.1,3.7,18.7,9.9,47.6,-25.2,19.95,25.2,47.1
2024-03-16T10:00,-25.7,-30.9,71,7.6,25.9,77.0,1004.7,4.2,13.7,9.8,47.5,-29.6,19.95,29.6,37.7
2024-03-16T11:00,-25.3,-30.4,72,7.1,25.2,92.0,1005.0,5.0,10.6,9.7,47.4,-31.8,19.95,31.8,32.9
2024-03-16T12:00,-25.1,-30.2,73,7.2,25.2,89.0,1005.5,4.8,11.2,9.7,47.4,-31.4,19.95,31.4,33.8
2024-03-16T13:00,-24.4,-29.8,78,9.8,28.1,20.0,1005.7,1.1,0.0,9.8,47.5,-46.4,19.95,46.4,2.3
2024-03-16T14:00,-24.8,-30.1,82,9.0,27.7,37.0,1006.2,2.0,24.6,9.7,47.4,-20.8,19.95,20.8,56.1
2024-03-16T15:00,-25.0,-30.5,85,10.0,29.9,18.0,1006.5,1.0,0.0,9.8,47.5,-46.5,19.95,46.5,2.1
2024-03-16T16:00,-24.8,-30.2,88,9.7,30.2,8.0,1006.8,0.4,0.0,9.8,47.5,-47.1,19.95,47.1,0.8
2024-03-16T17:00,-25.3,-30.8,90,10.5,31.7,1.0,1007.0,0.1,0.0,9.9,47.6,-47.5,19.95,47.5,0.2
2024-03-16T18:00,-24.9,-30.4,89,10.0,32.0,0.0,1007.2,0.0,0.0,9.8,47.5,-47.5,19.95,47.5,0.0
2024-03-16T19:00,-24.3,-29.6,87,9.2,31.3,0.0,1007.6,0.0,0.0,9.7,47.4,-47.4,19.95,47.4,0.0
2024-03-16T20:00,-23.9,-29.2,86,9.2,29.9,0.0,1007.9,0.0,0.0,9.7,47.4,-47.4,19.95,47.4,0.0
2024-03-16T21:00,-23.2,-28.5,84,8.8,28.8,0.0,1008.4,0.0,0.0,9.5,47.2,-47.2,19.95,47.2,0.0
2024-03-16T22:00,-22.0,-27.1,81,8.1,28.4,0.0,1008.7,0.0,0.0,9.4,47.1,-47.1,19.95,47.1,0.0
2024-03-16T23:00,-21.9,-27.0,82,8.3,27.7,0.0,1008.9,0.0,18.7,9.4,47.1,-28.4,19.95,28.4,39.7
2024-03-17T00:00,-22.8,-28.0,86,8.6,27.4,0.0,1009.0,0.0,21.1,9.5,47.2,-26.1,19.95,26.1,44.7
2024-03-17T01:00,-22.7,-27.8,86,8.4,27.0,0.0,1009.1,0.0,19.5,9.5,47.2,-27.7,19.95,27.7,41.3
2024-03-17T02:00,-22.8,-28.0,85,8.4,26.6,0.0,1009.3,0.0,19.5,9.5,47.2,-27.7,19.95,27.7,41.3
2024-03-17T03:00,-21.4,-26.4,82,7.2,26.6,0.0,1009.6,0.0,11.2,9.2,46.9,-35.7,19.95,35.7,23.9
2024-03-17T04:00,-21.6,-26.5,82,6.4,24.1,0.0,1009.9,0.0,7.0,9.2,46.9,-39.9,19.95,39.9,14.9
2024-03-17T05:00,-21.7,-26.5,80,6.2,23.0,0.0,1010.1,0.0,6.2,9.2,46.9,-40.7,19.95,40.7,13.2
2024-03-17T06:00,-21.9,-26.7,81,5.8,22.3,0.0,1010.5,0.0,4.6,9.2,46.9,-42.3,19.95,42.3,9.8
2024-03-17T07:00,-22.2,-26.9,81,5.4,21.6,8.0,1011.0,0.4,3.3,9.2,46.9,-43.2,19.95,43.2,7.9
2024-03-17T08:00,-22.1,-26.9,79,5.4,21.2,21.0,1011.7,1.1,3.3,9.2,46.9,-42.5,19.95,42.5,9.4
2024-03-17T09:00,-22.2,-26.9,79,5.0,20.9,38.0,1012.2,2.0,2.2,9.2,46.9,-42.7,19.95,42.7,9.0
2024-03-17T10:00,-22.1,-26.8,78,4.7,20.5,65.0,1012.6,3.5,1.5,9.2,46.9,-41.9,19.95,41.9,10.7
2024-03-17T11:00,-21.9,-26.6,84,4.9,20.5,79.0,1012.9,4.2,2.0,9.2,46.9,-40.7,19.95,40.7,13.2
2024-03-17T12:00,-22.4,-27.1,83,5.4,20.9,89.0,1013.1,4.7,3.3,9.2,46.9,-38.9,19.95,38.9,17.1
2024-03-17T13:00,-22.8,-28.0,81,8.1,24.8,38.0,1013.0,2.0,17.2,9.5,47.2,-28.0,19.95,28.0,40.7
2024-03-17T14:00,-23.0,-28.3,80,9.0,27.0,37.0,1013.0,2.0,24.6,9.5,47.2,-20.6,19.95,20.6,56.4
2024-03-17T15:00,-22.9,-27.9,83,7.3,24.8,25.0,1013.2,1.3,11.8,9.4,47.1,-34.0,19.95,34.0,27.8
2024-03-17T16:00,-21.4,-26.2,81,6.5,22.3,9.0,1013.2,0.5,7.5,9.2,46.9,-38.9,19.95,38.9,17.1
2024-03-17T17:00,-21.4,-26.1,77,5.4,20.2,1.0,1013.2,0.1,3.3,9.1,46.8,-43.4,19.95,43.4,7.3
2024-03-17T18:00,-22.0,-26.6,78,4.5,18.4,0.0,1013.4,0.0,1.2,9.1,46.8,-45.6,19.95,45.6,2.6
2024-03-17T19:00,-22.5,-27.0,82,3.4,16.6,0.0,1013.6,0.0,0.1,9.1,46.8,-46.7,19.95,46.7,0.2
2024-03-17T20:00,-23.0,-27.3,84,2.3,14.4,0.0,1013.9,0.0,0.0,9.1,46.8,-46.8,19.95,46.8,0.0
2024-03-17T21:00,-23.1,-27.3,82,1.8,12.2,0.0,1014.2,0.0,0.0,9.1,46.8,-46.8,19.95,46.8,0.0
2024-03-17T22:00,-23.3,-27.6,79,2.2,11.5,0.0,1014.3,0.0,0.0,9.1,46.8,-46.8,19.95,46.8,0.0
2024-03-17T23:00,-23.5,-27.9,73,2.9,11.9,0.0,1014.3,0.0,0.0,9.2,46.9,-46.9,19.95,46.9,0.0
2024-03-18T00:00,-23.7,-28.4,69,4.3,13.3,0.0,1014.2,0.0,0.9,9.3,47.0,-46.1,19.95,46.1,1.9
2024-03-18T01:00,-24.1,-28.9,67,5.5,12.6,0.0,1014.1,0.0,3.6,9.4,47.1,-43.5,19.95,43.5,7.6
2024-03-18T02:00,-23.9,-28.6,67,4.7,12.6,0.0,1014.3,0.0,1.5,9.4,47.1,-45.6,19.95,45.6,3.2
2024-03-18T03:00,-23.9,-28.6,71,4.8,12.2,0.0,1014.4,0.0,1.7,9.4,47.1,-45.4,19.95,45.4,3.6
2024-03-18T04:00,-24.3,-29.2,74,5.6,12.6,0.0,1014.2,0.0,3.9,9.5,47.2,-43.3,19.95,43.3,8.3
2024-03-18T05:00,-24.4,-29.2,73,5.9,13.0,0.0,1014.1,0.0,5.0,9.5,47.2,-42.2,19.95,42.2,10.6
2024-03-18T06:00,-24.5,-29.5,72,6.4,13.7,2.0,1014.0,0.1,7.0,9.5,47.2,-40.1,19.95,40.1,15.0
2024-03-18T07:00,-24.7,-29.6,71,6.4,13.7,16.0,1014.2,0.9,7.0,9.6,47.3,-39.4,19.95,39.4,16.7
2024-03-18T08:00,-24.8,-29.8,68,6.2,13.3,38.0,1014.6,2.1,6.2,9.6,47.3,-39.0,19.95,39.0,17.5
2024-03-18T09:00,-24.3,-29.2,65,6.0,12.2,62.0,1014.8,3.3,5.4,9.5,47.2,-38.5,19.95,38.5,18.4
2024-03-18T10:00,-23.3,-28.1,63,5.3,11.5,85.0,1015.1,4.5,3.0,9.3,47.0,-39.5,19.95,39.5,16.0
2024-03-18T11:00,-22.3,-27.0,61,5.0,9.7,89.0,1015.4,4.7,2.2,9.2,46.9,-40.0,19.95,40.0,14.7
2024-03-18T12:00,-21.3,-25.9,59,4.5,9.4,92.0,1015.5,4.9,1.2,9.1,46.8,-40.7,19.95,40.7,13.0
2024-03-18T13:00,-19.6,-23.9,53,2.3,11.9,84.0,1015.6,4.4,0.0,8.7,46.4,-42.0,19.95,42.0,9.5
2024-03-18T14:00,-19.4,-23.7,56,2.0,10.8,66.0,1015.9,3.5,0.0,8.7,46.4,-42.9,19.95,42.9,7.5
2024-03-18T15:00,-19.5,-23.9,59,3.1,10.8,45.0,1016.0,2.4,0.0,8.8,46.5,-44.1,19.95,44.1,5.2
2024-03-18T16:00,-19.7,-24.1,61,3.2,11.2,19.0,1016.4,1.0,0.0,8.8,46.5,-45.5,19.95,45.5,2.2
2024-03-18T17:00,-20.2,-24.7,64,4.1,11.5,4.0,1016.6,0.2,0.6,8.9,46.6,-45.8,19.95,45.8,1.7
2024-03-18T18:00,-20.8,-25.4,67,4.7,11.9,0.0,1016.9,0.0,1.5,9.0,46.7,-45.2,19.95,45.2,3.2
2024-03-18T19:00,-21.2,-25.9,69,5.0,12.2,0.0,1017.3,0.0,2.2,9.1,46.8,-44.6,19.95,44.6,4.7
2024-03-18T20:00,-21.5,-26.2,70,4.8,12.2,0.0,1017.8,0.0,1.7,9.1,46.8,-45.1,19.95,45.1,3.6
2024-03-18T21:00,-21.8,-26.4,72,4.4,12.6,0.0,1018.3,0.0,1.0,9.1,46.8,-45.8,19.95,45.8,2.1
2024-03-18T22:00,-22.1,-26.8,73,4.9,13.0,0.0,1018.8,0.0,2.0,9.2,46.9,-44.9,19.95,44.9,4.3
2024-03-18T23:00,-22.5,-27.3,74,5.6,13.3,0.0,1019.3,0.0,3.9,9.3,47.0,-43.1,19.95,43.1,8.3
2024-03-19T00:00,-23.0,-27.9,73,6.1,13.7,0.0,1019.5,0.0,5.8,9.4,47.1,-41.3,19.95,41.3,12.3
2024-03-19T01:00,-24.6,-29.6,74,6.6,13.7,0.0,1020.2,0.0,8.0,9.6,47.3,-39.3,19.95,39.3,16.9
2024-03-19T02:00,-24.6,-29.6,74,6.9,13.0,0.0,1020.5,0.0,9.5,9.6,47.3,-37.8,19.95,37.8,20.1
2024-03-19T03:00,-25.3,-30.4,75,7.4,13.0,0.0,1020.7,0.0,12.4,9.7,47.4,-35.0,19.95,35.0,26.2
2024-03-19T04:00,-24.4,-29.4,71,6.7,12.6,0.0,1021.0,0.0,8.5,9.6,47.3,-38.8,19.95,38.8,18.0
2024-03-19T05:00,-24.1,-29.0,68,6.5,11.5,0.0,1020.9,0.0,7.5,9.5,47.2,-39.7,19.95,39.7,15.9
2024-03-19T06:00,-23.7,-28.6,65,6.2,11.2,3.0,1021.0,0.2,6.2,9.4,47.1,-40.7,19.95,40.7,13.6
2024-03-19T07:00,-23.3,-28.1,63,5.7,10.8,20.0,1021.2,1.1,4.2,9.4,47.1,-41.8,19.95,41.8,11.3
2024-03-19T08:00,-22.5,-27.3,59,5.2,9.7,46.0,1021.7,2.5,2.7,9.2,46.9,-41.7,19.95,41.7,11.1
2024-03-19T09:00,-22.0,-26.7,58,4.9,9.4,70.0,1021.9,3.7,2.0,9.2,46.9,-41.2,19.95,41.2,12.2
2024-03-19T10:00,-21.3,-26.0,56,4.2,9.4,91.0,1022.1,4.8,0.7,9.0,46.7,-41.2,19.95,41.2,11.8
2024-03-19T11:00,-20.8,-25.4,55,3.7,8.6,108.0,1022.2,5.7,0.2,9.0,46.7,-40.8,19.95,40.8,12.6
2024-03-19T12:00,-20.4,-25.0,54,3.8,9.0,100.0,1022.1,5.3,0.3,8.9,46.6,-41.0,19.95,41.0,12.0
2024-03-19T13:00,-20.6,-25.2,53,4.2,10.4,104.0,1022.2,5.5,0.7,9.0,46.7,-40.5,19.95,40.5,13.3
2024-03-19T14:00,-20.1,-24.7,51,4.3,10.4,85.0,1022.2,4.5,0.9,8.9,46.6,-41.2,19.95,41.2,11.6
2024-03-19T15:00,-19.9,-24.5,51,3.7,10.1,52.0,1022.0,2.8,0.2,8.9,46.6,-43.6,19.95,43.6,6.4
2024-03-19T16:00,-19.9,-24.5,50,4.1,10.1,25.0,1021.9,1.3,0.6,8.9,46.6,-44.7,19.95,44.7,4.1
2024-03-19T17:00,-20.1,-24.9,50,4.9,9.7,6.0,1021.5,0.3,2.0,8.9,46.6,-44.3,19.95,44.3,4.9
2024-03-19T18:00,-20.5,-25.2,51,5.1,10.1,0.0,1021.4,0.0,2.4,9.0,46.7,-44.3,19.95,44.3,5.1
2024-03-19T19:00,-20.7,-25.5,52,5.4,10.1,0.0,1021.0,0.0,3.3,9.0,46.7,-43.4,19.95,43.4,7.1
2024-03-19T20:00,-20.7,-25.5,53,5.6,9.7,0.0,1021.0,0.0,3.9,9.1,46.8,-42.9,19.95,42.9,8.3
2024-03-19T21:00,-20.5,-25.4,54,5.6,9.0,0.0,1021.0,0.0,3.9,9.0,46.7,-42.8,19.95,42.8,8.4
2024-03-19T22:00,-20.2,-25.0,54,5.3,9.0,0.0,1020.9,0.0,3.0,9.0,46.7,-43.7,19.95,43.7,6.4
2024-03-19T23:00,-20.0,-24.8,54,5.2,8.6,0.0,1020.6,0.0,2.7,9.0,46.7,-44.0,19.95,44.0,5.8
2024-03-20T00:00,-20.0,-24.8,55,5.4,8.6,0.0,1020.3,0.0,3.3,9.0,46.7,-43.4,19.95,43.4,7.1
2024-03-20T01:00,-21.4,-26.2,61,5.9,9.7,0.0,1020.6,0.0,5.0,9.2,46.9,-41.9,19.95,41.9,10.7
2024-03-20T02:00,-21.2,-26.0,61,5.9,9.4,0.0,1020.4,0.0,5.0,9.1,46.8,-41.8,19.95,41.8,10.7
2024-03-20T03:00,-21.0,-25.9,59,5.9,9.4,0.0,1020.2,0.0,5.0,9.1,46.8,-41.8,19.95,41.8,10.7
2024-03-20T04:00,-21.2,-26.0,59,5.9,8.6,0.0,1019.7,0.0,5.0,9.1,46.8,-41.8,19.95,41.8,10.7
2024-03-20T05:00,-21.1,-26.0,57,5.9,9.4,0.0,1019.4,0.0,5.0,9.1,46.8,-41.8,19.95,41.8,10.7
2024-03-20T06:00,-21.1,-25.9,56,5.9,9.7,5.0,1019.1,0.3,5.0,9.1,46.8,-41.5,19.95,41.5,11.3
2024-03-20T07:00,-20.8,-25.5,54,5.1,9.7,22.0,1019.3,1.2,2.4,9.0,46.7,-43.1,19.95,43.1,7.7
2024-03-20T08:00,-20.1,-24.8,53,4.6,8.3,51.0,1019.3,2.7,1.3,8.9,46.6,-42.6,19.95,42.6,8.6
2024-03-20T09:00,-19.7,-24.5,53,5.1,6.8,79.0,1019.3,4.2,2.4,8.9,46.6,-40.0,19.95,40.0,14.2
2024-03-20T10:00,-20.1,-24.8,55,4.8,7.9,97.0,1019.4,5.1,1.7,8.9,46.6,-39.8,19.95,39.8,14.6
2024-03-20T11:00,-19.9,-24.6,56,4.6,9.7,112.0,1019.3,5.9,1.3,8.9,46.6,-39.4,19.95,39.4,15.5
2024-03-20T12:00,-19.9,-24.6,58,4.8,11.5,119.0,1019.0,6.3,1.7,8.9,46.6,-38.6,19.95,38.6,17.2
2024-03-20T13:00,-19.0,-23.7,48,4.4,14.0,105.0,1019.5,5.5,1.0,8.8,46.5,-40.0,19.95,40.0,14.0
2024-03-20T14:00,-18.8,-23.4,48,4.2,14.8,90.0,1019.6,4.7,0.7,8.8,46.5,-41.1,19.95,41.1,11.6
2024-03-20T15:00,-19.2,-24.0,49,5.3,14.8,61.0,1019.5,3.2,3.0,8.9,46.6,-40.4,19.95,40.4,13.3
2024-03-20T16:00,-19.7,-24.6,51,5.7,14.0,32.0,1019.4,1.7,4.2,8.9,46.6,-40.7,19.95,40.7,12.7
2024-03-20T17:00,-20.4,-25.3,53,6.4,13.0,9.0,1019.2,0.5,7.0,9.1,46.8,-39.3,19.95,39.3,16.0
2024-03-20T18:00,-21.3,-26.3,55,6.9,14.8,0.0,1019.1,0.0,9.5,9.2,46.9,-37.4,19.95,37.4,20.3
2024-03-20T19:00,-21.7,-26.8,55,7.4,15.1,0.0,1019.1,0.0,12.4,9.3,47.0,-34.6,19.95,34.6,26.4
2024-03-20T20:00,-22.1,-27.2,53,7.4,15.5,0.0,1019.2,0.0,12.4,9.3,47.0,-34.6,19.95,34.6,26.4
2024-03-20T21:00,-22.1,-27.3,51,7.7,15.8,0.0,1019.3,0.0,14.4,9.3,47.0,-32.6,19.95,32.6,30.6
2024-03-20T22:00,-22.4,-27.6,50,7.9,16.6,0.0,1019.5,0.0,15.7,9.4,47.1,-31.4,19.95,31.4,33.3
2024-03-20T23:00,-22.7,-27.9,49,7.9,16.9,0.0,1019.3,0.0,15.7,9.4,47.1,-31.4,19.95,31.4,33.3
2024-03-21T00:00,-22.7,-27.9,48,7.9,17.3,0.0,1019.2,0.0,15.7,9.4,47.1,-31.4,19.95,31.4,33.3
2024-03-21T01:00,-24.5,-29.8,57,8.4,19.8,0.0,1019.8,0.0,19.5,9.7,47.4,-27.9,19.95,27.9,41.1
2024-03-21T02:00,-25.4,-30.8,64,9.0,18.7,0.0,1019.6,0.0,24.6,9.8,47.5,-22.9,19.95,22.9,51.8
2024-03-21T03:00,-26.0,-31.4,70,8.9,18.7,0.0,1019.4,0.0,23.7,9.9,47.6,-23.9,19.95,23.9,49.8
2024-03-21T04:00,-26.2,-31.6,74,9.0,18.7,0.0,1019.5,0.0,24.6,9.9,47.6,-23.0,19.95,23.0,51.7
2024-03-21T05:00,-26.0,-31.3,75,8.9,18.4,0.0,1019.4,0.0,23.7,9.9,47.6,-23.9,19.95,23.9,49.8
2024-03-21T06:00,-25.1,-30.4,72,8.5,18.0,8.0,1019.4,0.4,20.3,9.8,47.5,-26.8,19.95,26.8,43.6
2024-03-21T07:00,-24.0,-29.2,67,8.2,16.9,32.0,1019.6,1.7,17.9,9.6,47.3,-27.7,19.95,27.7,41.4
2024-03-21T08:00,-22.9,-28.0,63,7.6,15.8,66.0,1019.8,3.5,13.7,9.4,47.1,-29.9,19.95,29.9,36.5
2024-03-21T09:00,-21.9,-26.9,60,6.9,15.1,96.0,1019.9,5.1,9.5,9.3,47.0,-32.4,19.95,32.4,31.1
2024-03-21T10:00,-21.0,-26.0,59,6.4,14.4,120.0,1020.0,6.4,7.0,9.1,46.8,-33.4,19.95,33.4,28.6
2024-03-21T11:00,-20.1,-24.9,58,6.1,13.3,133.0,1020.0,7.0,5.8,9.0,46.7,-33.9,19.95,33.9,27.4
2024-03-21T12:00,-19.3,-24.0,56,5.5,12.6,136.0,1020.0,7.1,3.6,8.9,46.6,-35.9,19.95,35.9,23.0
2024-03-21T13:00,-18.7,-23.3,50,4.7,11.2,127.0,1020.4,6.7,1.5,8.8,46.5,-38.3,19.95,38.3,17.6
2024-03-21T14:00,-18.7,-23.4,50,5.2,9.7,107.0,1020.4,5.6,2.7,8.8,46.5,-38.2,19.95,38.2,17.8
2024-03-21T15:00,-18.2,-23.0,47,5.6,10.4,77.0,1020.1,4.1,3.9,8.8,46.5,-38.5,19.95,38.5,17.2
2024-03-21T16:00,-18.3,-23.1,46,6.0,11.5,42.0,1019.7,2.2,5.4,8.8,46.5,-38.9,19.95,38.9,16.3
2024-03-21T17:00,-18.7,-23.6,46,6.4,12.6,13.0,1019.4,0.7,7.0,8.9,46.6,-38.9,19.95,38.9,16.5
2024-03-21T18:00,-18.9,-23.9,44,6.4,13.3,0.0,1019.1,0.0,7.0,8.9,46.6,-39.6,19.95,39.6,15.0
2024-03-21T19:00,-19.1,-24.1,42,6.6,13.3,0.0,1018.9,0.0,8.0,8.9,46.6,-38.6,19.95,38.6,17.2
2024-03-21T20:00,-19.0,-24.0,40,6.6,13.3,0.0,1018.9,0.0,8.0,8.9,46.6,-38.6,19.95,38.6,17.2
2024-03-21T21:00,-18.9,-23.9,38,6.6,13.3,0.0,1018.7,0.0,8.0,8.9,46.6,-38.6,19.95,38.6,17.2
2024-03-21T22:00,-18.9,-23.9,36,6.6,13.3,0.0,1018.5,0.0,8.0,8.9,46.6,-38.6,19.95,38.6,17.2
2024-03-21T23:00,-19.0,-24.1,36,6.7,13.3,0.0,1018.4,0.0,8.5,8.9,46.6,-38.1,19.95,38.1,18.2
2024-03-22T00:00,-19.2,-24.2,35,6.7,13.3,0.0,1018.2,0.0,8.5,8.9,46.6,-38.1,19.95,38.1,18.2
2024-03-22T01:00,-22.1,-27.3,48,7.8,17.3,0.0,1018.5,0.0,15.1,9.4,47.1,-32.0,19.95,32.0,32.1
2024-03-22T02:00,-23.1,-28.4,54,8.1,15.8,0.0,1018.3,0.0,17.2,9.5,47.2,-30.0,19.95,30.0,36.4
2024-03-22T03:00,-23.5,-28.7,59,8.3,16.9,0.0,1018.1,0.0,18.7,9.5,47.2,-28.5,19.95,28.5,39.6
2024-03-22T04:00,-22.8,-28.0,57,8.3,17.3,0.0,1017.7,0.0,18.7,9.5,47.2,-28.5,19.95,28.5,39.6
2024-03-22T05:00,-21.6,-26.8,53,7.9,17.3,0.0,1017.3,0.0,15.7,9.3,47.0,-31.3,19.95,31.3,33.4
2024-03-22T06:00,-20.9,-25.9,50,7.1,16.2,6.0,1017.3,0.3,10.6,9.2,46.9,-36.0,19.95,36.0,23.2
2024-03-22T07:00,-20.0,-25.0,47,6.5,14.8,25.0,1017.1,1.3,7.5,9.0,46.7,-37.9,19.95,37.9,18.8
2024-03-22T08:00,-19.7,-24.7,47,6.5,13.7,36.0,1017.3,1.9,7.5,9.0,46.7,-37.3,19.95,37.3,20.1
2024-03-22T09:00,-18.8,-23.7,47,5.7,13.3,80.0,1017.3,4.2,4.2,8.8,46.5,-38.1,19.95,38.1,18.1
2024-03-22T10:00,-17.4,-22.1,44,4.7,12.6,113.0,1017.5,5.9,1.5,8.6,46.3,-38.9,19.95,38.9,16.0
2024-03-22T11:00,-16.4,-21.0,42,4.2,11.9,129.0,1017.7,6.7,0.7,8.5,46.2,-38.8,19.95,38.8,16.0
2024-03-22T12:00,-15.5,-20.0,39,3.8,12.6,130.0,1017.6,6.7,0.3,8.4,46.1,-39.1,19.95,39.1,15.2
2024-03-22T13:00,-15.6,-20.1,45,3.9,12.6,98.0,1017.7,5.1,0.4,8.4,46.1,-40.6,19.95,40.6,11.9
2024-03-22T14:00,-15.4,-19.9,42,3.8,13.3,64.0,1017.6,3.3,0.3,8.4,46.1,-42.5,19.95,42.5,7.8
2024-03-22T15:00,-15.6,-20.3,42,4.7,14.0,50.0,1017.4,2.6,1.5,8.4,46.1,-42.0,19.95,42.0,8.9
2024-03-22T16:00,-16.1,-20.9,43,5.2,14.4,33.0,1017.2,1.7,2.7,8.5,46.2,-41.8,19.95,41.8,9.5
2024-03-22T17:00,-16.8,-21.6,44,5.7,14.8,10.0,1017.1,0.5,4.2,8.6,46.3,-41.6,19.95,41.6,10.2
2024-03-22T18:00,-17.6,-22.5,46,6.4,15.5,0.0,1016.9,0.0,7.0,8.7,46.4,-39.4,19.95,39.4,15.1
2024-03-22T19:00,-18.5,-23.5,47,6.9,15.5,0.0,1017.2,0.0,9.5,8.9,46.6,-37.1,19.95,37.1,20.4
2024-03-22T20:00,-19.3,-24.3,48,7.1,16.2,0.0,1017.5,0.0,10.6,9.0,46.7,-36.1,19.95,36.1,22.7
2024-03-22T21:00,-20.6,-25.8,52,7.7,17.6,0.0,1017.9,0.0,14.4,9.2,46.9,-32.5,19.95,32.5,30.7
2024-03-22T22:00,-21.7,-26.9,58,8.1,18.7,0.0,1018.0,0.0,17.2,9.3,47.0,-29.8,19.95,29.8,36.6
2024-03-22T23:00,-22.1,-27.2,64,7.9,18.7,0.0,1018.1,0.0,15.7,9.4,47.1,-31.4,19.95,31.4,33.3
2024-03-23T00:00,-22.7,-27.8,72,7.7,17.6,0.0,1018.1,0.0,14.4,9.4,47.1,-32.7,19.95,32.7,30.6
2024-03-23T01:00,-22.4,-27.4,84,7.4,19.1,0.0,1018.8,0.0,12.4,9.4,47.1,-34.7,19.95,34.7,26.3
2024-03-23T02:00,-23.3,-28.3,85,7.1,18.7,0.0,1018.9,0.0,10.6,9.4,47.1,-36.5,19.95,36.5,22.5
2024-03-23T03:00,-23.3,-28.3,82,7.1,18.4,0.0,1018.9,0.0,10.6,9.4,47.1,-36.5,19.95,36.5,22.5
2024-03-23T04:00,-22.8,-27.8,81,6.8,18.4,0.0,1018.9,0.0,9.0,9.4,47.1,-38.1,19.95,38.1,19.1
2024-03-23T05:00,-23.0,-28.0,80,7.0,17.6,0.0,1019.1,0.0,10.1,9.4,47.1,-37.0,19.95,37.0,21.4
2024-03-23T06:00,-23.0,-28.0,79,6.9,17.6,11.0,1019.1,0.6,9.5,9.4,47.1,-37.0,19.95,37.0,21.4
2024-03-23T07:00,-22.4,-27.2,75,6.2,17.3,33.0,1019.2,1.8,6.2,9.3,47.0,-39.0,19.95,39.0,17.0
2024-03-23T08:00,-21.9,-26.7,73,5.9,15.8,61.0,1019.2,3.3,5.0,9.2,46.9,-38.6,19.95,38.6,17.7
2024-03-23T09:00,-21.1,-25.8,71,5.4,14.8,85.0,1019.1,4.5,3.3,9.1,46.8,-39.0,19.95,39.0,16.7
2024-03-23T10:00,-20.0,-24.5,71,4.4,13.0,107.0,1019.1,5.7,1.0,8.9,46.6,-39.9,19.95,39.9,14.4
2024-03-23T11:00,-18.9,-23.4,70,3.7,11.9,111.0,1019.1,5.8,0.2,8.7,46.4,-40.4,19.95,40.4,12.9
2024-03-23T12:00,-18.2,-22.6,67,3.1,12.6,122.0,1018.8,6.4,0.0,8.6,46.3,-39.9,19.95,39.9,13.8
2024-03-23T13:00,-18.0,-22.0,66,0.5,12.2,119.0,1018.8,6.2,0.0,8.5,46.2,-40.0,19.95,40.0,13.4
2024-03-23T14:00,-17.6,-21.8,67,2.2,15.1,85.0,1018.3,4.5,0.0,8.5,46.2,-41.7,19.95,41.7,9.7
2024-03-23T15:00,-17.2,-21.3,69,1.8,15.1,50.0,1017.8,2.6,0.0,8.4,46.1,-43.5,19.95,43.5,5.6
2024-03-23T16:00,-16.7,-20.8,70,1.5,15.5,18.0,1017.6,0.9,0.0,8.4,46.1,-45.2,19.95,45.2,2.0
2024-03-23T17:00,-16.5,-20.4,73,0.8,15.5,7.0,1016.9,0.4,0.0,8.3,46.0,-45.6,19.95,45.6,0.9
2024-03-23T18:00,-16.2,-20.1,75,0.7,15.1,0.0,1016.4,0.0,0.0,8.3,46.0,-46.0,19.95,46.0,0.0
2024-03-23T19:00,-16.0,-19.9,77,0.8,15.5,0.0,1016.2,0.0,0.0,8.3,46.0,-46.0,19.95,46.0,0.0
2024-03-23T20:00,-15.9,-20.0,76,2.6,16.6,0.0,1015.7,0.0,0.0,8.3,46.0,-46.0,19.95,46.0,0.0
2024-03-23T21:00,-16.1,-20.4,76,3.2,17.3,0.0,1015.4,0.0,0.0,8.4,46.1,-46.1,19.95,46.1,0.0
2024-03-23T22:00,-16.3,-20.7,77,3.8,17.3,0.0,1014.9,0.0,0.3,8.5,46.2,-45.9,19.95,45.9,0.6
2024-03-23T23:00,-16.6,-21.0,78,4.1,17.6,0.0,1014.6,0.0,0.6,8.5,46.2,-45.6,19.95,45.6,1.3
2024-03-24T00:00,-17.1,-21.5,77,4.1,16.9,0.0,1014.2,0.0,0.6,8.6,46.3,-45.7,19.95,45.7,1.3
2024-03-24T01:00,-17.9,-22.1,76,2.7,14.4,0.0,1014.1,0.0,0.0,8.6,46.3,-46.3,19.95,46.3,0.0
2024-03-24T02:00,-18.9,-23.4,75,4.6,12.2,0.0,1013.8,0.0,1.3,8.8,46.5,-45.2,19.95,45.2,2.8
2024-03-24T03:00,-19.8,-24.6,74,6.4,14.8,0.0,1013.5,0.0,7.0,9.0,46.7,-39.7,19.95,39.7,15.0
2024-03-24T04:00,-21.6,-26.6,76,6.9,15.5,0.0,1013.4,0.0,9.5,9.2,46.9,-37.4,19.95,37.4,20.3
2024-03-24T05:00,-23.6,-28.7,79,7.9,16.9,0.0,1013.3,0.0,15.7,9.5,47.2,-31.5,19.95,31.5,33.3
2024-03-24T06:00,-24.0,-29.2,80,8.2,16.9,8.0,1013.4,0.4,17.9,9.6,47.3,-29.0,19.95,29.0,38.7
2024-03-24T07:00,-22.7,-27.8,78,7.9,16.9,27.0,1013.5,1.5,15.7,9.4,47.1,-29.9,19.95,29.9,36.5
2024-03-24T08:00,-20.8,-25.8,74,6.9,15.8,53.0,1013.8,2.8,9.5,9.1,46.8,-34.5,19.95,34.5,26.3
2024-03-24T09:00,-18.8,-23.4,70,4.9,13.0,65.0,1014.0,3.4,2.0,8.8,46.5,-41.1,19.95,41.1,11.6
2024-03-24T10:00,-17.7,-22.1,68,3.5,9.0,90.0,1014.2,4.7,0.1,8.6,46.3,-41.5,19.95,41.5,10.4
2024-03-24T11:00,-17.2,-21.3,72,2.3,7.9,110.0,1014.6,5.8,0.0,8.5,46.2,-40.4,19.95,40.4,12.6
2024-03-24T12:00,-17.1,-21.3,75,2.6,7.9,100.0,1014.8,5.2,0.0,8.5,46.2,-41.0,19.95,41.0,11.3
2024-03-24T13:00,-16.3,-20.4,78,2.7,8.3,114.0,1014.8,5.9,0.0,8.4,46.1,-40.2,19.95,40.2,12.8
2024-03-24T14:00,-16.3,-20.6,79,3.6,9.0,100.0,1014.8,5.2,0.2,8.4,46.1,-40.7,19.95,40.7,11.7
2024-03-24T15:00,-16.9,-21.4,80,4.7,11.5,69.0,1014.8,3.6,1.5,8.6,46.3,-41.2,19.95,41.2,11.0
2024-03-24T16:00,-17.4,-21.9,79,4.7,11.9,39.0,1015.0,2.1,1.5,8.6,46.3,-42.7,19.95,42.7,7.8
2024-03-24T17:00,-17.9,-22.6,80,5.6,13.3,14.0,1014.9,0.7,3.9,8.7,46.4,-41.8,19.95,41.8,9.9
2024-03-24T18:00,-18.8,-23.6,80,6.4,14.8,1.0,1014.9,0.1,7.0,8.9,46.6,-39.5,19.95,39.5,15.2
2024-03-24T19:00,-19.0,-23.9,77,6.8,15.5,0.0,1015.1,0.0,9.0,8.9,46.6,-37.6,19.95,37.6,19.3
2024-03-24T20:00,-19.0,-23.9,74,6.8,15.5,0.0,1015.2,0.0,9.0,8.9,46.6,-37.6,19.95,37.6,19.3
2024-03-24T21:00,-18.9,-23.8,73,6.7,15.5,0.0,1015.3,0.0,8.5,8.9,46.6,-38.1,19.95,38.1,18.2
2024-03-24T22:00,-18.5,-23.3,71,6.4,15.1,0.0,1015.5,0.0,7.0,8.8,46.5,-39.5,19.95,39.5,15.1
2024-03-24T23:00,-18.3,-23.1,71,6.2,15.5,0.0,1015.5,0.0,6.2,8.8,46.5,-40.3,19.95,40.3,13.3
2024-03-25T00:00,-18.5,-23.3,72,6.4,15.5,0.0,1015.6,0.0,7.0,8.8,46.5,-39.5,19.95,39.5,15.1
2024-03-25T01:00,-18.2,-23.0,72,5.9,15.1,0.0,1016.0,0.0,5.0,8.8,46.5,-41.5,19.95,41.5,10.8
2024-03-25T02:00,-18.3,-23.0,72,5.9,14.8,0.0,1016.0,0.0,5.0,8.8,46.5,-41.5,19.95,41.5,10.8
2024-03-25T03:00,-18.7,-23.5,71,6.6,14.4,0.0,1015.9,0.0,8.0,8.9,46.6,-38.6,19.95,38.6,17.2
2024-03-25T04:00,-18.2,-23.0,69,5.9,14.4,0.0,1016.0,0.0,5.0,8.8,46.5,-41.5,19.95,41.5,10.8
2024-03-25T05:00,-18.2,-23.0,69,6.1,13.0,1.0,1016.1,0.1,5.8,8.8,46.5,-40.6,19.95,40.6,12.7
2024-03-25T06:00,-18.6,-23.4,69,6.1,12.6,13.0,1016.2,0.7,5.8,8.8,46.5,-40.0,19.95,40.0,14.0
2024-03-25T07:00,-18.3,-23.0,68,5.6,11.9,36.0,1016.3,1.9,3.9,8.8,46.5,-40.7,19.95,40.7,12.5
2024-03-25T08:00,-17.9,-22.5,68,5.1,11.2,66.0,1016.5,3.5,2.4,8.7,46.4,-40.5,19.95,40.5,12.7
2024-03-25T09:00,-16.9,-21.4,71,4.6,10.1,99.0,1016.9,5.2,1.3,8.6,46.3,-39.8,19.95,39.8,14.0
2024-03-25T10:00,-15.8,-20.2,65,3.8,9.4,118.0,1017.0,6.1,0.3,8.4,46.1,-39.7,19.95,39.7,13.9
2024-03-25T11:00,-15.2,-19.5,64,3.4,8.3,133.0,1017.0,6.9,0.1,8.3,46.0,-39.0,19.95,39.0,15.2
2024-03-25T12:00,-14.7,-18.8,64,2.6,7.9,140.0,1016.8,7.2,0.0,8.2,45.9,-38.7,19.95,38.7,15.7
2024-03-25T13:00,-14.7,-18.8,68,2.7,6.1,130.0,1017.0,6.7,0.0,8.2,45.9,-39.2,19.95,39.2,14.6
2024-03-25T14:00,-14.7,-18.9,66,2.9,6.1,108.0,1016.7,5.6,0.0,8.2,45.9,-40.3,19.95,40.3,12.2
2024-03-25T15:00,-15.2,-19.5,70,3.5,6.8,82.0,1016.6,4.3,0.1,8.3,46.0,-41.6,19.95,41.6,9.6
2024-03-25T16:00,-14.8,-19.2,64,4.1,7.6,47.0,1016.3,2.5,0.6,8.3,46.0,-42.9,19.95,42.9,6.7
2024-03-25T17:00,-15.0,-19.5,62,4.6,8.6,19.0,1016.0,1.0,1.3,8.4,46.1,-43.8,19.95,43.8,5.0
2024-03-25T18:00,-15.3,-19.8,59,4.9,9.0,2.0,1015.9,0.1,2.0,8.4,46.1,-44.0,19.95,44.0,4.6
2024-03-25T19:00,-15.4,-20.1,58,5.5,10.1,0.0,1015.9,0.0,3.6,8.4,46.1,-42.5,19.95,42.5,7.8
2024-03-25T20:00,-15.5,-20.2,56,5.6,10.8,0.0,1015.7,0.0,3.9,8.5,46.2,-42.3,19.95,42.3,8.4
2024-03-25T21:00,-15.5,-20.2,54,5.5,10.4,0.0,1015.4,0.0,3.6,8.5,46.2,-42.6,19.95,42.6,7.8
2024-03-25T22:00,-15.4,-20.1,53,5.2,10.1,0.0,1015.4,0.0,2.7,8.4,46.1,-43.4,19.95,43.4,5.9
2024-03-25T23:00,-15.6,-20.2,53,5.0,9.4,0.0,1015.1,0.0,2.2,8.4,46.1,-43.9,19.95,43.9,4.8
2024-03-26T00:00,-15.6,-20.3,53,5.4,9.4,0.0,1014.8,0.0,3.3,8.5,46.2,-42.9,19.95,42.9,7.1
2024-03-26T01:00,-16.7,-21.3,54,5.2,11.9,0.0,1015.2,0.0,2.7,8.6,46.3,-43.6,19.95,43.6,5.8
2024-03-26T02:00,-16.6,-21.3,53,5.5,10.4,0.0,1014.9,0.0,3.6,8.6,46.3,-42.7,19.95,42.7,7.8
2024-03-26T03:00,-16.7,-21.5,53,6.0,11.2,0.0,1014.6,0.0,5.4,8.6,46.3,-40.9,19.95,40.9,11.7
2024-03-26T04:00,-16.9,-21.7,55,6.2,11.9,0.0,1014.4,0.0,6.2,8.7,46.4,-40.2,19.95,40.2,13.4
2024-03-26T05:00,-16.8,-21.6,56,6.2,11.9,2.0,1014.2,0.1,6.2,8.6,46.3,-40.0,19.95,40.0,13.6
2024-03-26T06:00,-16.5,-21.3,56,6.2,12.2,18.0,1014.0,0.9,6.2,8.6,46.3,-39.2,19.95,39.2,15.3
2024-03-26T07:00,-16.5,-21.3,58,6.2,12.2,47.0,1014.1,2.5,6.2,8.6,46.3,-37.6,19.95,37.6,18.8
2024-03-26T08:00,-16.2,-21.0,57,5.8,11.9,76.0,1014.2,4.0,4.6,8.5,46.2,-37.6,19.95,37.6,18.6
2024-03-26T09:00,-15.5,-20.2,60,5.5,11.9,108.0,1014.2,5.6,3.6,8.5,46.2,-37.0,19.95,37.0,19.9
2024-03-26T10:00,-14.2,-18.8,64,5.4,12.6,125.0,1014.1,6.5,3.3,8.3,46.0,-36.2,19.95,36.2,21.3
2024-03-26T11:00,-12.8,-17.3,62,4.7,12.6,140.0,1013.8,7.2,1.5,8.1,45.8,-37.1,19.95,37.1,19.0
2024-03-26T12:00,-12.2,-16.6,64,4.3,11.5,132.0,1013.6,6.8,0.9,8.0,45.7,-38.0,19.95,38.0,16.8
2024-03-26T13:00,-11.6,-15.4,68,1.5,11.2,4.0,1013.2,0.2,0.0,7.8,45.5,-45.3,19.95,45.3,0.4
2024-03-26T14:00,-11.0,-14.8,69,1.1,10.1,19.0,1013.0,1.0,0.0,7.7,45.4,-44.4,19.95,44.4,2.2
2024-03-26T15:00,-11.0,-14.9,73,2.2,10.1,24.0,1012.7,1.2,0.0,7.8,45.5,-44.3,19.95,44.3,2.6
2024-03-26T16:00,-11.1,-15.1,74,2.9,10.1,15.0,1012.6,0.8,0.0,7.8,45.5,-44.7,19.95,44.7,1.8
2024-03-26T17:00,-11.6,-15.7,75,3.6,10.1,14.0,1012.3,0.7,0.2,7.9,45.6,-44.7,19.95,44.7,2.0
2024-03-26T18:00,-12.4,-16.6,79,4.5,10.8,3.0,1012.2,0.2,1.2,8.1,45.8,-44.4,19.95,44.4,3.1
2024-03-26T19:00,-13.1,-17.6,81,5.7,12.6,0.0,1012.1,0.0,4.2,8.2,45.9,-41.7,19.95,41.7,9.2
2024-03-26T20:00,-13.9,-18.4,82,5.8,13.3,0.0,1012.1,0.0,4.6,8.3,46.0,-41.4,19.95,41.4,10.0
2024-03-26T21:00,-14.5,-19.1,83,6.5,14.4,0.0,1011.8,0.0,7.5,8.4,46.1,-38.6,19.95,38.6,16.3
2024-03-26T22:00,-14.4,-19.0,83,6.5,15.1,0.0,1011.7,0.0,7.5,8.4,46.1,-38.6,19.95,38.6,16.3
2024-03-26T23:00,-14.2,-18.9,83,6.8,16.2,0.0,1011.4,0.0,9.0,8.4,46.1,-37.1,19.95,37.1,19.5
2024-03-27T00:00,-14.2,-18.9,84,7.1,17.6,0.0,1011.1,0.0,10.6,8.4,46.1,-35.5,19.95,35.5,23.0
2024-03-27T01:00,-12.6,-17.1,83,6.3,16.2,0.0,1010.7,0.0,6.6,8.2,45.9,-39.3,19.95,39.3,14.4
2024-03-27T02:00,-11.8,-16.2,84,6.6,18.0,0.0,1010.1,0.0,8.0,8.1,45.8,-37.8,19.95,37.8,17.5
2024-03-27T03:00,-11.2,-15.6,84,5.9,17.6,0.0,1009.7,0.0,5.0,8.0,45.7,-40.7,19.95,40.7,10.9
2024-03-27T04:00,-10.9,-15.3,84,6.4,16.6,0.0,1009.3,0.0,7.0,8.0,45.7,-38.7,19.95,38.7,15.3
2024-03-27T05:00,-10.2,-14.5,84,6.4,16.6,0.0,1008.8,0.0,7.0,7.9,45.6,-38.6,19.95,38.6,15.4
2024-03-27T06:00,-9.5,-14.0,83,7.3,17.6,0.0,1008.5,0.0,11.8,7.8,45.5,-33.7,19.95,33.7,25.9
2024-03-27T07:00,-8.9,-13.4,82,8.5,19.8,1.0,1008.2,0.1,20.3,7.8,45.5,-25.1,19.95,25.1,44.8
2024-03-27T08:00,-8.9,-13.5,82,8.6,20.5,9.0,1008.0,0.5,21.1,7.8,45.5,-23.9,19.95,23.9,47.5
2024-03-27T09:00,-8.1,-12.7,79,8.8,21.6,3.0,1007.8,0.2,22.8,7.7,45.4,-22.4,19.95,22.4,50.7
2024-03-27T10:00,-7.7,-12.3,80,8.9,22.3,3.0,1007.6,0.2,23.7,7.7,45.4,-21.5,19.95,21.5,52.6
2024-03-27T11:00,-7.2,-11.8,78,9.1,24.1,8.0,1007.3,0.4,25.5,7.6,45.3,-19.4,19.95,19.4,57.2
2024-03-27T12:00,-7.1,-11.6,79,8.6,24.8,14.0,1007.0,0.7,21.1,7.6,45.3,-23.5,19.95,23.5,48.1
2024-03-27T13:00,-6.4,-11.1,80,10.5,28.8,3.0,1006.4,0.2,0.0,7.6,45.3,-45.1,19.95,45.1,0.4
2024-03-27T14:00,-6.9,-11.7,82,10.9,31.0,0.0,1006.0,0.0,0.0,7.7,45.4,-45.4,19.95,45.4,0.0
2024-03-27T15:00,-7.0,-11.9,82,11.6,32.4,1.0,1005.7,0.1,0.0,7.7,45.4,-45.3,19.95,45.3,0.2
2024-03-27T16:00,-7.1,-12.0,84,11.4,32.0,0.0,1005.5,0.0,0.0,7.7,45.4,-45.4,19.95,45.4,0.0
2024-03-27T17:00,-7.4,-12.1,85,10.4,30.2,1.0,1005.1,0.1,0.0,7.7,45.4,-45.3,19.95,45.3,0.2
2024-03-27T18:00,-7.5,-12.1,86,9.4,28.8,0.0,1004.9,0.0,0.0,7.7,45.4,-45.4,19.95,45.4,0.0
2024-03-27T19:00,-7.4,-11.9,87,9.1,26.3,0.0,1004.6,0.0,25.5,7.7,45.4,-19.9,19.95,19.9,56.2
2024-03-27T20:00,-7.4,-11.9,87,9.3,25.6,0.0,1004.6,0.0,27.4,7.7,45.4,-18.0,19.95,18.0,60.4
2024-03-27T21:00,-7.2,-11.6,87,8.4,25.2,0.0,1004.3,0.0,19.5,7.6,45.3,-25.8,19.95,25.8,43.0
2024-03-27T22:00,-7.3,-11.6,87,7.6,24.1,0.0,1004.2,0.0,13.7,7.6,45.3,-31.6,19.95,31.6,30.2
2024-03-27T23:00,-7.5,-11.8,88,7.7,22.3,0.0,1003.8,0.0,14.4,7.6,45.3,-30.9,19.95,30.9,31.8
2024-03-28T00:00,-7.6,-11.8,89,7.6,21.6,0.0,1003.7,0.0,13.7,7.6,45.3,-31.6,19.95,31.6,30.2
2024-03-28T01:00,-7.2,-11.1,89,5.4,18.0,0.0,1003.1,0.0,3.3,7.5,45.2,-41.9,19.95,41.9,7.3
2024-03-28T02:00,-7.2,-11.0,89,4.3,16.6,0.0,1002.8,0.0,0.9,7.5,45.2,-44.3,19.95,44.3,2.0
2024-03-28T03:00,-7.5,-11.4,90,4.7,15.5,0.0,1002.7,0.0,1.5,7.5,45.2,-43.7,19.95,43.7,3.3
2024-03-28T04:00,-7.7,-11.7,91,5.4,16.9,0.0,1002.7,0.0,3.3,7.6,45.3,-42.0,19.95,42.0,7.3
2024-03-28T05:00,-7.8,-11.9,91,6.9,18.7,0.0,1002.8,0.0,9.5,7.6,45.3,-35.8,19.95,35.8,21.0
2024-03-28T06:00,-8.0,-12.5,92,8.9,20.2,0.0,1002.9,0.0,23.7,7.7,45.4,-21.7,19.95,21.7,52.2
2024-03-28T07:00,-8.8,-13.5,93,10.1,23.8,1.0,1003.1,0.1,35.6,7.9,45.6,-9.9,19.95,9.9,78.3
2024-03-28T08:00,-9.6,-14.3,92,9.7,23.4,2.0,1003.9,0.1,31.3,8.0,45.7,-14.3,19.95,14.3,68.7
2024-03-28T09:00,-10.1,-14.8,91,9.3,22.0,3.0,1004.5,0.2,27.4,8.0,45.7,-18.1,19.95,18.1,60.4
2024-03-28T10:00,-10.7,-15.4,87,8.3,21.6,5.0,1005.0,0.3,18.7,8.0,45.7,-26.7,19.95,26.7,41.6
2024-03-28T11:00,-11.5,-16.1,84,7.6,19.8,11.0,1005.5,0.6,13.7,8.1,45.8,-31.5,19.95,31.5,31.2
2024-03-28T12:00,-12.2,-16.8,82,7.3,18.4,20.0,1006.0,1.0,11.8,8.2,45.9,-33.1,19.95,33.1,27.9
2024-03-28T13:00,-12.3,-16.9,86,7.0,16.2,20.0,1005.8,1.0,10.1,8.2,45.9,-34.8,19.95,34.8,24.2
2024-03-28T14:00,-13.1,-17.5,88,6.0,16.2,13.0,1006.4,0.7,5.4,8.2,45.9,-39.8,19.95,39.8,13.3
2024-03-28T15:00,-13.9,-18.4,83,6.0,14.8,9.0,1007.1,0.5,5.4,8.3,46.0,-40.1,19.95,40.1,12.8
2024-03-28T16:00,-14.8,-19.2,82,5.4,14.4,4.0,1008.0,0.2,3.3,8.4,46.1,-42.6,19.95,42.6,7.6
2024-03-28T17:00,-15.8,-20.2,81,4.8,13.3,2.0,1008.7,0.1,1.7,8.5,46.2,-44.4,19.95,44.4,3.9
2024-03-28T18:00,-17.2,-21.6,83,4.2,12.6,2.0,1009.5,0.1,0.7,8.6,46.3,-45.5,19.95,45.5,1.7
2024-03-28T19:00,-17.7,-22.1,85,4.4,12.2,0.0,1010.0,0.0,1.0,8.6,46.3,-45.3,19.95,45.3,2.2
2024-03-28T20:00,-18.7,-23.2,85,4.6,13.0,0.0,1010.6,0.0,1.3,8.8,46.5,-45.2,19.95,45.2,2.8
2024-03-28T21:00,-20.3,-24.9,86,4.9,13.7,0.0,1010.9,0.0,2.0,9.0,46.7,-44.7,19.95,44.7,4.3
2024-03-28T22:00,-21.5,-26.2,83,5.1,14.0,0.0,1011.4,0.0,2.4,9.1,46.8,-44.4,19.95,44.4,5.1
2024-03-28T23:00,-22.2,-26.7,78,4.0,13.7,0.0,1011.9,0.0,0.5,9.1,46.8,-46.3,19.95,46.3,1.1
2024-03-29T00:00,-21.8,-26.2,76,3.2,13.3,0.0,1012.4,0.0,0.0,9.0,46.7,-46.7,19.95,46.7,0.0
2024-03-29T01:00,-21.6,-26.0,75,2.9,11.9,0.0,1012.8,0.0,0.0,9.0,46.7,-46.7,19.95,46.7,0.0
2024-03-29T02:00,-21.7,-26.2,76,3.3,12.6,0.0,1013.0,0.0,0.0,9.0,46.7,-46.7,19.95,46.7,0.0
2024-03-29T03:00,-22.2,-26.5,77,2.4,12.6,0.0,1013.0,0.0,0.0,9.0,46.7,-46.7,19.95,46.7,0.0
2024-03-29T04:00,-22.5,-26.7,76,1.8,12.6,0.0,1013.2,0.0,0.0,9.0,46.7,-46.7,19.95,46.7,0.0
2024-03-29T05:00,-22.7,-27.0,76,1.8,13.3,5.0,1013.4,0.3,0.0,9.0,46.7,-46.4,19.95,46.4,0.6
2024-03-29T06:00,-23.0,-27.3,75,2.2,13.7,22.0,1013.5,1.2,0.0,9.1,46.8,-45.6,19.95,45.6,2.6
2024-03-29T07:00,-23.2,-27.5,73,2.2,13.7,57.0,1013.8,3.1,0.0,9.1,46.8,-43.7,19.95,43.7,6.6
2024-03-29T08:00,-23.1,-27.3,70,1.5,13.0,90.0,1013.9,4.8,0.0,9.1,46.8,-42.0,19.95,42.0,10.3
2024-03-29T09:00,-22.8,-27.1,69,1.8,12.6,118.0,1014.2,6.3,0.0,9.1,46.8,-40.5,19.95,40.5,13.5
2024-03-29T10:00,-22.8,-27.2,72,2.5,13.7,137.0,1014.4,7.3,0.0,9.1,46.8,-39.5,19.95,39.5,15.6
2024-03-29T11:00,-22.1,-26.5,76,3.0,15.5,148.0,1014.4,7.8,0.0,9.1,46.8,-39.0,19.95,39.0,16.7
2024-03-29T12:00,-21.9,-26.4,76,3.6,17.3,162.0,1014.2,8.6,0.2,9.1,46.8,-38.0,19.95,38.0,18.8
2024-03-29T13:00,-21.8,-26.4,77,4.4,20.9,143.0,1014.1,7.6,1.0,9.1,46.8,-38.2,19.95,38.2,18.4
2024-03-29T14:00,-22.0,-26.6,78,4.5,20.2,142.0,1014.0,7.5,1.2,9.1,46.8,-38.1,19.95,38.1,18.6
2024-03-29T15:00,-22.2,-26.8,76,4.3,20.5,109.0,1013.8,5.8,0.9,9.1,46.8,-40.1,19.95,40.1,14.3
2024-03-29T16:00,-21.6,-26.2,72,4.5,19.8,71.0,1013.5,3.8,1.2,9.1,46.8,-41.8,19.95,41.8,10.7
2024-03-29T17:00,-21.5,-25.9,69,2.9,19.8,35.0,1013.2,1.9,0.0,9.0,46.7,-44.8,19.95,44.8,4.1
2024-03-29T18:00,-21.5,-25.9,68,2.6,17.3,9.0,1012.8,0.5,0.0,9.0,46.7,-46.2,19.95,46.2,1.1
2024-03-29T19:00,-21.4,-25.4,69,0.4,17.3,0.0,1012.5,0.0,0.0,8.8,46.5,-46.5,19.95,46.5,0.0
2024-03-29T20:00,-21.2,-25.3,76,1.1,16.6,0.0,1012.2,0.0,0.0,8.8,46.5,-46.5,19.95,46.5,0.0
2024-03-29T21:00,-20.5,-24.9,84,3.3,19.4,0.0,1011.7,0.0,0.0,8.9,46.6,-46.6,19.95,46.6,0.0
2024-03-29T22:00,-19.8,-24.5,81,5.6,23.0,0.0,1011.2,0.0,3.9,9.0,46.7,-42.8,19.95,42.8,8.4
2024-03-29T23:00,-20.4,-25.3,83,6.6,25.6,0.0,1010.5,0.0,8.0,9.1,46.8,-38.8,19.95,38.8,17.1
2024-03-30T00:00,-20.5,-26.4,81,13.3,36.7,0.0,1010.0,0.0,0.0,9.5,47.2,-47.2,19.95,47.2,0.0
2024-03-30T01:00,-19.9,-26.0,82,15.4,42.8,0.0,1009.4,0.0,0.0,9.5,47.2,-47.2,19.95,47.2,0.0
2024-03-30T02:00,-19.5,-25.9,84,17.7,48.6,0.0,1009.1,0.0,0.0,9.6,47.3,-47.3,19.95,47.3,0.0
2024-03-30T03:00,-20.1,-26.7,85,19.1,50.8,0.0,1008.6,0.0,0.0,9.8,47.5,-47.5,19.95,47.5,0.0
2024-03-30T04:00,-20.2,-26.4,82,16.2,50.4,0.0,1008.3,0.0,0.0,9.6,47.3,-47.3,19.95,47.3,0.0
2024-03-30T05:00,-21.2,-27.1,77,13.0,43.2,2.0,1008.7,0.1,0.0,9.6,47.3,-47.2,19.95,47.2,0.2
2024-03-30T06:00,-22.9,-28.4,73,10.1,34.9,17.0,1009.5,0.9,0.0,9.6,47.3,-46.4,19.95,46.4,1.9
2024-03-30T07:00,-24.0,-29.1,73,7.6,29.5,65.0,1009.9,3.5,0.0,9.6,47.3,-43.8,19.95,43.8,7.4
2024-03-30T08:00,-23.3,-28.3,74,6.8,24.8,103.0,1010.4,5.5,9.0,9.4,47.1,-32.6,19.95,32.6,30.8
2024-03-30T09:00,-22.3,-27.1,77,5.4,23.0,138.0,1010.5,7.3,3.3,9.2,46.9,-36.3,19.95,36.3,22.6
2024-03-30T10:00,-21.3,-26.2,82,6.4,22.7,149.0,1010.7,7.9,7.0,9.2,46.9,-32.0,19.95,32.0,31.8
2024-03-30T11:00,-20.3,-25.6,81,9.4,30.2,100.0,1010.5,5.3,0.0,9.2,46.9,-41.6,19.95,41.6,11.3
2024-03-30T12:00,-19.9,-25.5,79,11.7,34.9,71.0,1010.2,3.8,0.0,9.3,47.0,-43.2,19.95,43.2,8.1
2024-03-30T13:00,-19.2,-24.5,78,9.8,30.2,66.0,1009.9,3.5,0.0,9.1,46.8,-43.3,19.95,43.3,7.5
2024-03-30T14:00,-19.1,-24.9,74,13.0,36.7,49.0,1009.6,2.6,0.0,9.3,47.0,-44.4,19.95,44.4,5.5
2024-03-30T15:00,-19.5,-25.5,73,14.3,40.0,40.0,1009.8,2.1,0.0,9.4,47.1,-45.0,19.95,45.0,4.5
2024-03-30T16:00,-20.5,-26.7,71,15.5,41.4,29.0,1010.1,1.5,0.0,9.6,47.3,-45.8,19.95,45.8,3.2
2024-03-30T17:00,-21.7,-27.8,71,14.6,41.0,17.0,1010.8,0.9,0.0,9.7,47.4,-46.5,19.95,46.5,1.9
2024-03-30T18:00,-23.1,-29.1,70,13.7,38.9,6.0,1011.4,0.3,0.0,9.8,47.5,-47.2,19.95,47.2,0.6
2024-03-30T19:00,-25.6,-31.4,72,12.2,37.4,0.0,1012.1,0.0,0.0,10.1,47.8,-47.8,19.95,47.8,0.0
2024-03-30T20:00,-27.0,-32.8,74,11.5,34.9,0.0,1012.6,0.0,0.0,10.2,47.9,-47.9,19.95,47.9,0.0
2024-03-30T21:00,-27.9,-33.6,78,10.8,34.2,0.0,1012.8,0.0,0.0,10.2,47.9,-47.9,19.95,47.9,0.0
2024-03-30T22:00,-27.8,-33.4,77,10.1,32.8,0.0,1013.3,0.0,0.0,10.2,47.9,-47.9,19.95,47.9,0.0
2024-03-30T23:00,-27.3,-32.6,81,9.1,30.6,0.0,1013.3,0.0,0.0,10.1,47.8,-47.8,19.95,47.8,0.0
2024-03-31T00:00,-26.5,-31.8,80,8.4,27.0,0.0,1013.4,0.0,19.5,9.9,47.6,-28.1,19.95,28.1,41.0
2024-03-31T01:00,-25.9,-30.9,72,6.4,24.8,0.0,1013.6,0.0,7.0,9.7,47.4,-40.4,19.95,40.4,14.8
2024-03-31T02:00,-25.7,-30.6,73,6.2,25.2,0.0,1013.7,0.0,6.2,9.7,47.4,-41.2,19.95,41.2,13.1
2024-03-31T03:00,-25.2,-30.1,76,5.9,25.2,0.0,1013.6,0.0,5.0,9.6,47.3,-42.3,19.95,42.3,10.6
2024-03-31T04:00,-25.0,-30.0,80,6.9,26.3,0.0,1013.6,0.0,9.5,9.6,47.3,-37.8,19.95,37.8,20.1
2024-03-31T05:00,-26.1,-31.3,81,7.9,28.8,1.0,1013.4,0.1,0.0,9.8,47.5,-47.4,19.95,47.4,0.2
2024-03-31T06:00,-26.2,-31.4,81,7.9,29.5,2.0,1013.7,0.1,0.0,9.8,47.5,-47.4,19.95,47.4,0.2
2024-03-31T07:00,-24.1,-29.5,78,9.1,31.7,11.0,1014.1,0.6,0.0,9.7,47.4,-46.8,19.95,46.8,1.3
2024-03-31T08:00,-24.1,-29.0,79,5.8,31.7,65.0,1014.7,3.5,0.0,9.5,47.2,-43.7,19.95,43.7,7.4
2024-03-31T09:00,-23.4,-27.8,80,2.8,28.1,108.0,1015.1,5.8,0.0,9.2,46.9,-41.1,19.95,41.1,12.4
2024-03-31T10:00,-22.5,-26.9,81,3.0,24.8,138.0,1015.8,7.3,0.0,9.1,46.8,-39.5,19.95,39.5,15.6
2024-03-31T11:00,-21.2,-25.7,83,4.0,25.6,137.0,1016.3,7.2,0.5,9.0,46.7,-39.0,19.95,39.0,16.5
2024-03-31T12:00,-19.7,-24.4,80,5.8,28.1,136.0,1016.7,7.2,0.0,9.0,46.7,-39.5,19.95,39.5,15.4
2024-03-31T13:00,-19.7,-24.3,81,4.7,26.6,148.0,1017.5,7.8,1.5,8.9,46.6,-37.3,19.95,37.3,20.0
2024-03-31T14:00,-18.0,-22.9,76,7.2,28.1,85.0,1017.8,4.5,0.0,8.8,46.5,-42.0,19.95,42.0,9.7
2024-03-31T15:00,-17.3,-22.4,74,8.4,29.5,68.0,1018.2,3.6,0.0,8.8,46.5,-42.9,19.95,42.9,7.7
2024-03-31T16:00,-18.6,-23.5,75,6.6,29.2,48.0,1018.4,2.5,0.0,8.9,46.6,-44.1,19.95,44.1,5.4
2024-03-31T17:00,-17.5,-22.0,72,5.0,27.4,31.0,1018.8,1.6,2.2,8.7,46.4,-42.6,19.95,42.6,8.2
2024-03-31T18:00,-17.9,-22.6,73,5.5,23.4,12.0,1019.8,0.6,3.6,8.7,46.4,-42.2,19.95,42.2,9.1
2024-03-31T19:00,-18.3,-23.0,73,5.9,23.0,1.0,1020.8,0.1,5.0,8.8,46.5,-41.4,19.95,41.4,11.0
2024-03-31T20:00,-19.0,-23.9,75,6.8,22.3,0.0,1021.4,0.0,9.0,8.9,46.6,-37.6,19.95,37.6,19.3
2024-03-31T21:00,-19.6,-24.4,76,6.2,22.3,0.0,1021.9,0.0,6.2,9.0,46.7,-40.5,19.95,40.5,13.3
2024-03-31T22:00,-20.2,-24.9,78,5.6,20.5,0.0,1022.3,0.0,3.9,9.0,46.7,-42.8,19.95,42.8,8.4
2024-03-31T23:00,-20.5,-25.1,79,5.0,20.5,0.0,1023.0,0.0,2.2,9.0,46.7,-44.5,19.95,44.5,4.7
2024-04-01T00:00,-20.6,-25.1,79,4.5,19.4,0.0,1023.3,0.0,1.2,9.0,46.7,-45.5,19.95,45.5,2.6
2024-04-01T01:00,-20.9,-25.4,75,4.0,18.4,0.0,1024.1,0.0,0.5,9.0,46.7,-46.2,19.95,46.2,1.1
2024-04-01T02:00,-21.8,-26.4,79,4.6,17.6,0.0,1024.6,0.0,1.3,9.1,46.8,-45.5,19.95,45.5,2.8
2024-04-01T03:00,-22.2,-26.9,80,5.3,18.0,0.0,1024.9,0.0,3.0,9.2,46.9,-43.9,19.95,43.9,6.4
2024-04-01T04:00,-22.4,-27.2,77,5.9,18.0,0.0,1025.1,0.0,5.0,9.3,47.0,-42.0,19.95,42.0,10.6
2024-04-01T05:00,-23.5,-28.5,77,6.6,18.0,7.0,1025.5,0.4,8.0,9.4,47.1,-38.7,19.95,38.7,17.8
2024-04-01T06:00,-23.0,-28.0,72,6.4,17.3,29.0,1025.9,1.6,7.0,9.4,47.1,-38.5,19.95,38.5,18.3
2024-04-01T07:00,-22.2,-27.0,69,5.6,16.2,34.0,1026.2,1.8,3.9,9.2,46.9,-41.2,19.95,41.2,12.2
2024-04-01T08:00,-21.3,-26.0,67,4.7,13.3,65.0,1026.5,3.5,1.5,9.1,46.8,-41.8,19.95,41.8,10.7
2024-04-01T09:00,-20.0,-24.5,68,4.1,11.5,108.0,1026.6,5.7,0.6,8.9,46.6,-40.3,19.95,40.3,13.5
2024-04-01T10:00,-18.5,-23.0,60,3.6,13.3,138.0,1026.5,7.2,0.2,8.7,46.4,-39.0,19.95,39.0,15.9
2024-04-01T11:00,-17.7,-22.1,65,3.4,14.4,142.0,1026.0,7.4,0.1,8.6,46.3,-38.8,19.95,38.8,16.2
2024-04-01T12:00,-16.8,-21.1,70,3.3,14.0,155.0,1025.6,8.1,0.0,8.5,46.2,-38.1,19.95,38.1,17.5
2024-04-01T13:00,-15.9,-20.3,76,3.9,14.8,118.0,1025.2,6.1,0.4,8.4,46.1,-39.6,19.95,39.6,14.1
2024-04-01T14:00,-15.6,-20.0,81,4.7,15.5,61.0,1024.8,3.2,1.5,8.4,46.1,-41.4,19.95,41.4,10.2
2024-04-01T15:00,-15.5,-19.8,83,4.1,14.8,65.0,1024.3,3.4,0.6,8.4,46.1,-42.1,19.95,42.1,8.7
2024-04-01T16:00,-15.1,-19.1,82,2.5,13.3,4.0,1023.8,0.2,0.0,8.3,46.0,-45.8,19.95,45.8,0.4
2024-04-01T17:00,-14.7,-18.5,82,1.1,11.9,0.0,1023.1,0.0,0.0,8.1,45.8,-45.8,19.95,45.8,0.0
2024-04-01T18:00,-14.6,-18.5,84,1.8,13.7,1.0,1022.8,0.1,0.0,8.2,45.9,-45.8,19.95,45.8,0.2
2024-04-01T19:00,-14.8,-18.6,85,1.3,14.8,0.0,1022.5,0.0,0.0,8.2,45.9,-45.9,19.95,45.9,0.0
2024-04-01T20:00,-15.4,-19.5,85,2.9,15.8,0.0,1022.5,0.0,0.0,8.3,46.0,-46.0,19.95,46.0,0.0
2024-04-01T21:00,-16.3,-20.6,82,4.2,17.3,0.0,1022.1,0.0,0.7,8.5,46.2,-45.5,19.95,45.5,1.5
2024-04-01T22:00,-16.9,-21.3,78,4.2,17.6,0.0,1021.7,0.0,0.7,8.5,46.2,-45.5,19.95,45.5,1.5
2024-04-01T23:00,-17.4,-21.9,79,4.9,17.6,0.0,1021.5,0.0,2.0,8.6,46.3,-44.3,19.95,44.3,4.3
2024-04-02T00:00,-17.9,-22.5,80,5.8,17.6,0.0,1021.0,0.0,4.6,8.7,46.4,-41.8,19.95,41.8,9.9
2024-04-02T01:00,-17.4,-21.9,74,4.4,16.2,0.0,1020.7,0.0,1.0,8.6,46.3,-45.3,19.95,45.3,2.2
2024-04-02T02:00,-17.9,-22.5,75,5.0,15.1,0.0,1020.4,0.0,2.2,8.7,46.4,-44.2,19.95,44.2,4.7
2024-04-02T03:00,-18.9,-23.6,78,6.2,15.8,0.0,1020.2,0.0,6.2,8.9,46.6,-40.4,19.95,40.4,13.3
2024-04-02T04:00,-19.9,-24.7,80,6.1,15.8,1.0,1020.2,0.1,5.8,9.0,46.7,-40.8,19.95,40.8,12.6
2024-04-02T05:00,-22.0,-26.9,83,6.7,16.2,14.0,1020.2,0.8,8.5,9.3,47.0,-37.7,19.95,37.7,19.8
2024-04-02T06:00,-22.3,-27.2,80,6.9,17.3,42.0,1020.3,2.2,9.5,9.3,47.0,-35.3,19.95,35.3,24.9
2024-04-02T07:00,-20.9,-25.9,76,7.1,17.6,73.0,1020.4,3.9,10.6,9.2,46.9,-32.4,19.95,32.4,30.9
2024-04-02T08:00,-19.2,-24.2,74,7.7,18.4,111.0,1020.6,5.8,14.4,9.0,46.7,-26.5,19.95,26.5,43.3
2024-04-02T09:00,-18.0,-22.9,70,7.1,18.4,157.0,1021.1,8.2,10.6,8.8,46.5,-27.7,19.95,27.7,40.4
2024-04-02T10:00,-17.2,-22.0,68,6.6,16.6,185.0,1021.0,9.6,8.0,8.7,46.4,-28.8,19.95,28.8,37.9
2024-04-02T11:00,-16.6,-21.4,67,6.5,15.1,207.0,1020.8,10.7,7.5,8.6,46.3,-28.1,19.95,28.1,39.3
2024-04-02T12:00,-16.2,-20.9,68,6.0,14.4,211.0,1020.6,10.9,5.4,8.6,46.3,-30.0,19.95,30.0,35.2
2024-04-02T13:00,-15.8,-20.4,67,5.4,13.7,199.0,1020.9,10.3,3.3,8.5,46.2,-32.6,19.95,32.6,29.4
2024-04-02T14:00,-15.8,-20.3,68,5.1,11.5,175.0,1020.9,9.1,2.4,8.5,46.2,-34.7,19.95,34.7,24.9
2024-04-02T15:00,-16.2,-20.9,73,5.9,10.4,138.0,1020.7,7.2,5.0,8.6,46.3,-34.1,19.95,34.1,26.3
2024-04-02T16:00,-17.7,-22.4,75,5.8,10.8,97.0,1020.6,5.1,4.6,8.7,46.4,-36.7,19.95,36.7,20.9
2024-04-02T17:00,-18.4,-23.1,75,5.9,10.1,54.0,1020.6,2.9,5.0,8.8,46.5,-38.6,19.95,38.6,17.0
2024-04-02T18:00,-19.3,-24.2,78,6.7,10.4,21.0,1020.6,1.1,8.5,9.0,46.7,-37.1,19.95,37.1,20.6
2024-04-02T19:00,-20.3,-25.2,80,7.2,10.8,3.0,1020.6,0.2,11.2,9.1,46.8,-35.4,19.95,35.4,24.4
2024-04-02T20:00,-20.7,-25.7,79,7.3,10.8,0.0,1020.6,0.0,11.8,9.2,46.9,-35.1,19.95,35.1,25.2
2024-04-02T21:00,-20.2,-25.2,77,7.3,10.4,0.0,1020.6,0.0,11.8,9.1,46.8,-35.0,19.95,35.0,25.2
2024-04-02T22:00,-19.5,-24.4,76,7.1,10.4,0.0,1020.5,0.0,10.6,9.0,46.7,-36.1,19.95,36.1,22.7
2024-04-02T23:00,-18.6,-23.5,77,6.8,10.8,0.0,1020.4,0.0,9.0,8.9,46.6,-37.6,19.95,37.6,19.3
2024-04-03T00:00,-18.0,-22.8,78,6.6,11.5,0.0,1020.2,0.0,8.0,8.8,46.5,-38.5,19.95,38.5,17.2
2024-04-03T01:00,-18.0,-22.7,80,6.4,10.4,0.0,1020.2,0.0,7.0,8.8,46.5,-39.5,19.95,39.5,15.1
2024-04-03T02:00,-18.5,-23.3,83,7.0,11.9,0.0,1020.0,0.0,10.1,8.9,46.6,-36.5,19.95,36.5,21.7
2024-04-03T03:00,-18.6,-23.5,84,7.1,13.3,0.0,1019.8,0.0,10.6,8.9,46.6,-36.0,19.95,36.0,22.7
2024-04-03T04:00,-18.5,-23.4,84,7.0,14.0,0.0,1019.6,0.0,10.1,8.9,46.6,-36.5,19.95,36.5,21.7
2024-04-03T05:00,-18.2,-23.0,82,6.6,14.8,3.0,1019.3,0.2,8.0,8.8,46.5,-38.3,19.95,38.3,17.6
2024-04-03T06:00,-16.0,-20.7,80,6.3,15.8,0.0,1019.2,0.0,6.6,8.6,46.3,-39.7,19.95,39.7,14.3
2024-04-03T07:00,-13.7,-18.0,78,4.7,15.5,0.0,1019.1,0.0,1.5,8.2,45.9,-44.4,19.95,44.4,3.3
2024-04-03T08:00,-12.0,-16.1,79,3.8,14.4,0.0,1019.0,0.0,0.3,8.0,45.7,-45.4,19.95,45.4,0.7
2024-04-03T09:00,-10.8,-14.7,80,2.5,14.0,4.0,1018.9,0.2,0.0,7.8,45.5,-45.3,19.95,45.3,0.4
2024-04-03T10:00,-10.0,-13.7,80,2.3,13.0,1.0,1018.8,0.1,0.0,7.7,45.4,-45.3,19.95,45.3,0.2
2024-04-03T11:00,-9.5,-13.4,81,3.1,14.0,3.0,1018.5,0.2,0.0,7.7,45.4,-45.2,19.95,45.2,0.4
2024-04-03T12:00,-9.2,-13.2,82,4.4,15.5,0.0,1018.2,0.0,1.0,7.7,45.4,-44.4,19.95,44.4,2.2
2024-04-03T13:00,-9.4,-13.4,82,4.0,13.7,0.0,1018.2,0.0,0.5,7.7,45.4,-44.9,19.95,44.9,1.1
2024-04-03T14:00,-8.9,-12.8,82,3.4,13.7,0.0,1017.8,0.0,0.1,7.6,45.3,-45.2,19.95,45.2,0.2
2024-04-03T15:00,-8.6,-12.4,83,3.3,12.6,1.0,1017.4,0.1,0.0,7.6,45.3,-45.2,19.95,45.2,0.2
2024-04-03T16:00,-8.3,-12.2,83,4.3,12.6,0.0,1017.0,0.0,0.9,7.6,45.3,-44.4,19.95,44.4,2.0
2024-04-03T17:00,-8.2,-12.1,83,4.3,12.6,1.0,1016.8,0.1,0.9,7.6,45.3,-44.3,19.95,44.3,2.2
2024-04-03T18:00,-8.7,-12.5,83,3.3,11.9,0.0,1016.5,0.0,0.0,7.6,45.3,-45.3,19.95,45.3,0.0
2024-04-03T19:00,-9.4,-13.3,85,4.3,11.2,0.0,1016.3,0.0,0.9,7.7,45.4,-44.5,19.95,44.5,2.0
2024-04-03T20:00,-9.7,-13.7,85,4.4,11.5,0.0,1016.1,0.0,1.0,7.7,45.4,-44.4,19.95,44.4,2.2
2024-04-03T21:00,-10.2,-14.4,86,5.6,13.7,0.0,1015.7,0.0,3.9,7.9,45.6,-41.7,19.95,41.7,8.6
2024-04-03T22:00,-11.0,-15.4,86,6.5,15.8,0.0,1015.2,0.0,7.5,8.0,45.7,-38.2,19.95,38.2,16.4
2024-04-03T23:00,-11.3,-15.8,86,6.8,17.3,0.0,1014.8,0.0,9.0,8.0,45.7,-36.7,19.95,36.7,19.7
2024-04-04T00:00,-10.1,-14.5,85,7.3,19.1,0.0,1014.3,0.0,11.8,7.9,45.6,-33.8,19.95,33.8,25.9
2024-04-04T01:00,-10.5,-15.1,83,8.0,21.2,0.0,1014.1,0.0,16.5,8.0,45.7,-29.2,19.95,29.2,36.1
2024-04-04T02:00,-10.8,-15.4,84,7.9,19.8,0.0,1013.6,0.0,15.7,8.0,45.7,-30.0,19.95,30.0,34.4
2024-04-04T03:00,-11.9,-16.5,86,7.8,19.4,0.0,1012.9,0.0,15.1,8.1,45.8,-30.7,19.95,30.7,33.0
2024-04-04T04:00,-12.2,-16.9,87,7.8,20.9,0.0,1012.4,0.0,15.1,8.2,45.9,-30.8,19.95,30.8,32.9
2024-04-04T05:00,-9.6,-14.1,88,8.1,22.3,0.0,1011.9,0.0,17.2,7.9,45.6,-28.4,19.95,28.4,37.7
2024-04-04T06:00,-8.0,-12.4,87,8.2,23.8,0.0,1011.5,0.0,17.9,7.7,45.4,-27.5,19.95,27.5,39.4
2024-04-04T07:00,-6.9,-11.3,88,8.4,24.5,1.0,1011.2,0.1,19.5,7.6,45.3,-25.7,19.95,25.7,43.3
2024-04-04T08:00,-6.0,-10.4,87,8.9,26.3,1.0,1011.0,0.1,23.7,7.5,45.2,-21.4,19.95,21.4,52.7
2024-04-04T09:00,-5.5,-9.9,84,9.1,26.3,0.0,1010.7,0.0,25.5,7.4,45.1,-19.6,19.95,19.6,56.5
2024-04-04T10:00,-5.2,-9.5,84,8.7,25.9,0.0,1010.2,0.0,22.0,7.4,45.1,-23.1,19.95,23.1,48.8
2024-04-04T11:00,-4.9,-9.2,84,8.7,25.9,0.0,1009.7,0.0,22.0,7.4,45.1,-23.1,19.95,23.1,48.8
2024-04-04T12:00,-4.5,-8.8,83,9.3,27.7,2.0,1009.2,0.1,27.4,7.3,45.0,-17.5,19.95,17.5,61.1
2024-04-04T13:00,-4.6,-8.8,86,8.9,27.0,8.0,1008.3,0.4,23.7,7.3,45.0,-20.9,19.95,20.9,53.6
2024-04-04T14:00,-4.3,-8.7,85,9.9,28.8,7.0,1007.8,0.4,0.0,7.3,45.0,-44.6,19.95,44.6,0.9
2024-04-04T15:00,-4.1,-7.9,84,6.2,28.8,2.0,1007.2,0.1,0.0,7.2,44.9,-44.8,19.95,44.8,0.2
2024-04-04T16:00,-4.2,-8.7,86,10.8,26.6,0.0,1006.6,0.0,43.8,7.3,45.0,-1.2,19.95,1.2,97.3
2024-04-04T17:00,-4.5,-8.3,90,6.4,27.7,0.0,1006.4,0.0,7.0,7.2,44.9,-37.9,19.95,37.9,15.6
2024-04-04T18:00,-5.8,-9.6,96,5.7,18.7,0.0,1006.5,0.0,4.2,7.3,45.0,-40.8,19.95,40.8,9.3
2024-04-04T19:00,-8.3,-12.3,94,6.2,18.0,0.0,1006.9,0.0,6.2,7.7,45.4,-39.2,19.95,39.2,13.7
2024-04-04T20:00,-10.1,-14.1,92,4.5,17.6,0.0,1007.5,0.0,1.2,7.8,45.5,-44.3,19.95,44.3,2.6
2024-04-04T21:00,-10.8,-14.6,91,3.0,15.5,0.0,1007.6,0.0,0.0,7.8,45.5,-45.5,19.95,45.5,0.0
2024-04-04T22:00,-11.7,-15.8,90,4.1,14.0,0.0,1007.6,0.0,0.6,8.0,45.7,-45.1,19.95,45.1,1.3
2024-04-04T23:00,-12.7,-16.5,91,1.9,14.0,0.0,1007.9,0.0,0.0,8.0,45.7,-45.7,19.95,45.7,0.0
2024-04-05T00:00,-13.4,-17.3,90,2.2,11.2,0.0,1007.9,0.0,0.0,8.1,45.8,-45.8,19.95,45.8,0.0
2024-04-05T01:00,-12.9,-17.3,87,5.7,15.8,0.0,1007.3,0.0,4.2,8.2,45.9,-41.7,19.95,41.7,9.2
2024-04-05T02:00,-12.7,-16.9,89,4.9,14.8,0.0,1007.1,0.0,2.0,8.1,45.8,-43.8,19.95,43.8,4.4
2024-04-05T03:00,-13.5,-17.6,89,3.9,13.3,0.0,1007.0,0.0,0.4,8.1,45.8,-45.4,19.95,45.4,0.9
2024-04-05T04:00,-13.3,-17.2,89,2.6,12.2,1.0,1007.1,0.1,0.0,8.1,45.8,-45.7,19.95,45.7,0.2
2024-04-05T05:00,-13.8,-17.8,89,2.9,10.8,2.0,1007.0,0.1,0.0,8.1,45.8,-45.7,19.95,45.7,0.2
2024-04-05T06:00,-13.9,-18.1,86,4.2,12.6,9.0,1007.2,0.5,0.7,8.2,45.9,-44.7,19.95,44.7,2.6
2024-04-05T07:00,-14.5,-18.8,85,4.6,13.0,36.0,1007.2,1.9,1.3,8.3,46.0,-42.8,19.95,42.8,7.0
2024-04-05T08:00,-14.9,-19.3,84,4.9,14.0,55.0,1007.5,2.9,2.0,8.4,46.1,-41.2,19.95,41.2,10.6
2024-04-05T09:00,-15.3,-19.8,80,5.5,15.1,120.0,1007.9,6.2,3.6,8.4,46.1,-36.3,19.95,36.3,21.3
2024-04-05T10:00,-15.7,-20.3,74,5.5,16.6,164.0,1008.2,8.5,3.6,8.5,46.2,-34.1,19.95,34.1,26.2
2024-04-05T11:00,-16.2,-20.7,66,4.8,16.6,215.0,1008.3,11.1,1.7,8.5,46.2,-33.4,19.95,33.4,27.7
2024-04-05T12:00,-16.6,-21.1,64,4.5,16.2,247.0,1008.3,12.7,1.2,8.5,46.2,-32.3,19.95,32.3,30.1
2024-04-05T13:00,-16.6,-21.1,71,5.1,18.7,197.0,1008.1,10.2,2.4,8.6,46.3,-33.7,19.95,33.7,27.2
2024-04-05T14:00,-17.0,-21.5,69,4.8,17.6,195.0,1008.3,10.1,1.7,8.6,46.3,-34.5,19.95,34.5,25.5
2024-04-05T15:00,-17.4,-22.0,70,5.0,17.3,165.0,1008.4,8.6,2.2,8.6,46.3,-35.5,19.95,35.5,23.3
2024-04-05T16:00,-18.8,-23.5,76,5.8,18.4,121.0,1008.6,6.4,4.6,8.8,46.5,-35.5,19.95,35.5,23.7
2024-04-05T17:00,-19.5,-24.2,74,5.2,18.4,74.0,1008.8,3.9,2.7,8.9,46.6,-40.0,19.95,40.0,14.2
2024-04-05T18:00,-19.4,-24.0,72,4.3,18.0,34.0,1009.0,1.8,0.9,8.8,46.5,-43.8,19.95,43.8,5.8
2024-04-05T19:00,-20.2,-24.7,74,3.7,17.3,8.0,1009.3,0.4,0.2,8.9,46.6,-46.0,19.95,46.0,1.3
2024-04-05T20:00,-20.8,-25.2,75,3.1,16.2,0.0,1009.7,0.0,0.0,8.9,46.6,-46.6,19.95,46.6,0.0
2024-04-05T21:00,-21.3,-25.6,76,2.6,15.5,0.0,1009.8,0.0,0.0,8.9,46.6,-46.6,19.95,46.6,0.0
2024-04-05T22:00,-22.0,-26.4,79,3.6,15.1,0.0,1009.9,0.0,0.2,9.1,46.8,-46.6,19.95,46.6,0.4
2024-04-05T23:00,-22.1,-26.5,77,3.3,15.5,0.0,1009.8,0.0,0.0,9.1,46.8,-46.8,19.95,46.8,0.0
2024-04-06T00:00,-22.3,-26.8,75,3.7,15.5,0.0,1010.0,0.0,0.2,9.1,46.8,-46.6,19.95,46.6,0.4
2024-04-06T01:00,-23.5,-28.2,71,4.6,14.8,0.0,1009.7,0.0,1.3,9.3,47.0,-45.7,19.95,45.7,2.8
2024-04-06T02:00,-23.3,-28.0,66,4.8,15.8,0.0,1009.7,0.0,1.7,9.3,47.0,-45.3,19.95,45.3,3.6
2024-04-06T03:00,-23.3,-28.0,67,4.6,17.3,0.0,1009.7,0.0,1.3,9.3,47.0,-45.7,19.95,45.7,2.8
2024-04-06T04:00,-23.0,-27.8,66,5.1,18.4,7.0,1009.7,0.4,2.4,9.3,47.0,-44.2,19.95,44.2,6.0
2024-04-06T05:00,-22.6,-27.4,64,5.1,18.7,32.0,1009.6,1.7,2.4,9.2,46.9,-42.8,19.95,42.8,8.7
2024-04-06T06:00,-22.1,-26.6,62,3.9,18.7,69.0,1009.7,3.7,0.4,9.1,46.8,-42.7,19.95,42.7,8.8
2024-04-06T07:00,-21.8,-26.2,62,3.2,18.0,115.0,1009.7,6.1,0.0,9.0,46.7,-40.6,19.95,40.6,13.1
2024-04-06T08:00,-21.3,-25.7,61,2.9,17.6,158.0,1009.7,8.3,0.0,9.0,46.7,-38.4,19.95,38.4,17.8
2024-04-06T09:00,-20.7,-25.1,68,2.6,16.9,195.0,1009.7,10.2,0.0,8.9,46.6,-36.4,19.95,36.4,21.9
2024-04-06T10:00,-19.6,-24.0,63,2.7,16.6,223.0,1009.7,11.6,0.0,8.8,46.5,-34.9,19.95,34.9,24.9
2024-04-06T11:00,-18.8,-23.2,63,3.7,17.6,235.0,1009.6,12.2,0.2,8.7,46.4,-34.0,19.95,34.0,26.7
2024-04-06T12:00,-18.2,-22.8,64,4.5,17.6,236.0,1009.9,12.2,1.2,8.7,46.4,-33.0,19.95,33.0,28.9
2024-04-06T13:00,-18.1,-22.7,70,5.4,19.8,222.0,1009.8,11.5,3.3,8.7,46.4,-31.6,19.95,31.6,31.9
2024-04-06T14:00,-17.9,-22.5,70,5.2,18.7,192.0,1010.0,10.0,2.7,8.7,46.4,-33.7,19.95,33.7,27.4
2024-04-06T15:00,-17.9,-22.5,70,5.0,17.3,154.0,1009.8,8.0,2.2,8.7,46.4,-36.2,19.95,36.2,22.0
2024-04-06T16:00,-18.7,-23.2,75,4.4,16.6,110.0,1009.7,5.8,1.0,8.8,46.5,-39.7,19.95,39.7,14.6
2024-04-06T17:00,-18.6,-23.1,74,3.9,14.8,64.0,1009.8,3.4,0.4,8.7,46.4,-42.6,19.95,42.6,8.2
2024-04-06T18:00,-18.7,-23.2,76,4.1,12.6,26.0,1009.8,1.4,0.6,8.7,46.4,-44.4,19.95,44.4,4.3
2024-04-06T19:00,-19.3,-24.0,75,5.4,12.2,7.0,1010.0,0.4,3.3,8.9,46.6,-42.9,19.95,42.9,7.9
2024-04-06T20:00,-19.8,-24.6,72,6.1,13.0,0.0,1010.2,0.0,5.8,9.0,46.7,-40.9,19.95,40.9,12.4
2024-04-06T21:00,-19.1,-23.9,67,5.9,13.0,0.0,1010.1,0.0,5.0,8.9,46.6,-41.6,19.95,41.6,10.7
2024-04-06T22:00,-18.5,-23.3,62,6.1,12.6,0.0,1010.2,0.0,5.8,8.8,46.5,-40.7,19.95,40.7,12.5
2024-04-06T23:00,-18.1,-22.9,58,6.1,12.6,0.0,1010.2,0.0,5.8,8.8,46.5,-40.7,19.95,40.7,12.5
2024-04-07T00:00,-18.0,-22.9,57,6.5,13.0,0.0,1010.3,0.0,7.5,8.8,46.5,-39.0,19.95,39.0,16.1
2024-04-07T01:00,-18.1,-23.0,56,6.3,14.0,0.0,1010.3,0.0,6.6,8.8,46.5,-39.9,19.95,39.9,14.2
2024-04-07T02:00,-17.8,-22.6,57,6.2,13.0,0.0,1010.5,0.0,6.2,8.8,46.5,-40.3,19.95,40.3,13.3
2024-04-07T03:00,-17.5,-22.3,58,5.7,13.0,0.0,1010.3,0.0,4.2,8.7,46.4,-42.2,19.95,42.2,9.1
2024-04-07T04:00,-17.3,-22.1,60,5.8,13.0,8.0,1010.3,0.4,4.6,8.7,46.4,-41.4,19.95,41.4,10.8
2024-04-07T05:00,-17.1,-21.9,62,5.8,13.3,27.0,1010.3,1.4,4.6,8.7,46.4,-40.4,19.95,40.4,12.9
2024-04-07T06:00,-16.7,-21.3,64,5.2,13.7,57.0,1010.3,3.0,2.7,8.6,46.3,-40.6,19.95,40.6,12.3
2024-04-07T07:00,-16.2,-20.7,65,4.7,12.6,92.0,1010.2,4.8,1.5,8.5,46.2,-39.9,19.95,39.9,13.6
2024-04-07T08:00,-15.4,-19.8,71,4.6,11.9,122.0,1010.3,6.3,1.3,8.4,46.1,-38.5,19.95,38.5,16.5
2024-04-07T09:00,-13.8,-18.2,65,4.3,11.9,155.0,1010.4,8.0,0.9,8.2,45.9,-37.0,19.95,37.0,19.4
2024-04-07T10:00,-12.5,-16.8,67,4.1,11.9,148.0,1010.3,7.6,0.6,8.0,45.7,-37.5,19.95,37.5,17.9
2024-04-07T11:00,-11.6,-15.8,69,3.6,11.9,109.0,1010.0,5.6,0.2,7.9,45.6,-39.8,19.95,39.8,12.7
2024-04-07T12:00,-10.9,-14.9,71,2.8,11.2,66.0,1009.7,3.4,0.0,7.8,45.5,-42.1,19.95,42.1,7.5
2024-04-07T13:00,-11.4,-15.3,73,2.2,9.0,58.0,1009.8,3.0,0.0,7.8,45.5,-42.5,19.95,42.5,6.6
2024-04-07T14:00,-11.2,-15.1,74,1.8,7.9,66.0,1009.7,3.4,0.0,7.8,45.5,-42.1,19.95,42.1,7.5
2024-04-07T15:00,-11.3,-15.1,77,1.6,7.6,98.0,1009.3,5.0,0.0,7.8,45.5,-40.5,19.95,40.5,11.0
2024-04-07T16:00,-11.3,-15.1,78,1.5,7.6,112.0,1009.3,5.7,0.0,7.8,45.5,-39.8,19.95,39.8,12.5
2024-04-07T17:00,-11.7,-15.4,80,1.4,7.2,71.0,1009.2,3.7,0.0,7.8,45.5,-41.8,19.95,41.8,8.1
2024-04-07T18:00,-12.5,-16.4,84,2.7,7.6,31.0,1009.3,1.6,0.0,8.0,45.7,-44.1,19.95,44.1,3.5
2024-04-07T19:00,-13.5,-17.7,86,4.6,9.7,8.0,1009.3,0.4,1.3,8.2,45.9,-44.2,19.95,44.2,3.7
2024-04-07T20:00,-14.6,-19.1,84,6.0,12.6,1.0,1009.4,0.1,5.4,8.4,46.1,-40.6,19.95,40.6,11.9
2024-04-07T21:00,-19.0,-23.9,87,7.6,14.4,0.0,1009.2,0.0,13.7,9.0,46.7,-33.0,19.95,33.0,29.3
2024-04-07T22:00,-20.9,-26.0,85,8.4,15.5,0.0,1009.0,0.0,19.5,9.2,46.9,-27.4,19.95,27.4,41.6
2024-04-07T23:00,-21.0,-26.2,85,8.7,16.2,0.0,1009.1,0.0,22.0,9.3,47.0,-25.0,19.95,25.0,46.8
2024-04-08T00:00,-20.6,-25.6,86,8.2,15.8,0.0,1009.1,0.0,17.9,9.2,46.9,-29.0,19.95,29.0,38.2
2024-04-08T01:00,-21.9,-27.0,82,8.1,16.2,0.0,1008.9,0.0,17.2,9.3,47.0,-29.8,19.95,29.8,36.6
2024-04-08T02:00,-22.8,-28.0,82,8.9,17.6,0.0,1009.1,0.0,23.7,9.5,47.2,-23.5,19.95,23.5,50.2
2024-04-08T03:00,-23.1,-28.6,82,10.3,19.1,0.0,1009.1,0.0,37.9,9.6,47.3,-9.4,19.95,9.4,80.1
2024-04-08T04:00,-22.5,-28.0,80,10.6,19.4,6.0,1009.3,0.3,41.4,9.6,47.3,-5.6,19.95,5.6,88.2
2024-04-08T05:00,-21.3,-26.6,76,9.8,19.4,21.0,1009.3,1.1,32.4,9.4,47.1,-13.6,19.95,13.6,71.1
2024-04-08T06:00,-20.1,-25.3,75,9.1,18.7,42.0,1009.4,2.2,25.5,9.2,46.9,-19.2,19.95,19.2,59.1
2024-04-08T07:00,-17.8,-22.8,70,8.2,18.0,72.0,1009.9,3.8,17.9,8.9,46.6,-24.9,19.95,24.9,46.6
2024-04-08T08:00,-15.6,-20.5,72,7.3,16.9,126.0,1010.4,6.5,11.8,8.6,46.3,-28.0,19.95,28.0,39.5
2024-04-08T09:00,-14.2,-18.8,73,6.1,15.1,184.0,1010.8,9.5,5.8,8.3,46.0,-30.7,19.95,30.7,33.3
2024-04-08T10:00,-13.0,-17.4,73,5.1,13.7,221.0,1011.0,11.3,2.4,8.1,45.8,-32.1,19.95,32.1,29.9
2024-04-08T11:00,-12.0,-16.2,73,4.1,11.5,224.0,1011.2,11.4,0.6,8.0,45.7,-33.7,19.95,33.7,26.3
2024-04-08T12:00,-11.5,-15.7,74,4.0,10.4,241.0,1011.5,12.2,0.5,7.9,45.6,-32.9,19.95,32.9,27.9
2024-04-08T13:00,-10.8,-15.2,73,5.8,14.8,207.0,1011.1,10.5,4.6,7.9,45.6,-30.5,19.95,30.5,33.1
2024-04-08T14:00,-10.6,-14.9,74,5.2,13.0,191.0,1011.4,9.7,2.7,7.9,45.6,-33.2,19.95,33.2,27.2
2024-04-08T15:00,-10.8,-14.9,76,4.5,11.5,141.0,1011.5,7.2,1.2,7.9,45.6,-37.2,19.95,37.2,18.4
2024-04-08T16:00,-11.8,-16.0,81,4.3,10.4,94.0,1011.6,4.8,0.9,8.0,45.7,-40.0,19.95,40.0,12.5
2024-04-08T17:00,-12.5,-16.7,78,4.7,11.2,61.0,1011.5,3.2,1.5,8.1,45.8,-41.1,19.95,41.1,10.3
2024-04-08T18:00,-12.7,-17.0,76,5.1,12.2,24.0,1011.6,1.2,2.4,8.1,45.8,-42.2,19.95,42.2,7.9
2024-04-08T19:00,-13.4,-17.9,75,5.5,13.3,5.0,1011.7,0.3,3.6,8.2,45.9,-42.0,19.95,42.0,8.5
2024-04-08T20:00,-15.6,-20.3,76,6.7,15.1,0.0,1011.9,0.0,8.5,8.5,46.2,-37.7,19.95,37.7,18.4
2024-04-08T21:00,-16.3,-21.2,75,7.2,16.2,0.0,1011.7,0.0,11.2,8.6,46.3,-35.1,19.95,35.1,24.2
2024-04-08T22:00,-17.0,-21.9,77,7.3,16.9,0.0,1011.5,0.0,11.8,8.7,46.4,-34.6,19.95,34.6,25.4
2024-04-08T23:00,-16.6,-21.4,75,7.0,16.9,0.0,1011.3,0.0,10.1,8.7,46.4,-36.3,19.95,36.3,21.8
2024-04-09T00:00,-16.2,-21.0,74,6.8,16.6,0.0,1011.3,0.0,9.0,8.6,46.3,-37.3,19.95,37.3,19.4
2024-04-09T01:00,-15.6,-20.4,71,6.6,16.9,0.0,1010.9,0.0,8.0,8.5,46.2,-38.2,19.95,38.2,17.3
2024-04-09T02:00,-15.6,-20.3,72,6.5,17.3,0.0,1010.9,0.0,7.5,8.5,46.2,-38.7,19.95,38.7,16.2
2024-04-09T03:00,-14.6,-19.2,73,6.0,16.9,0.0,1010.5,0.0,5.4,8.4,46.1,-40.7,19.95,40.7,11.7
2024-04-09T04:00,-13.8,-18.2,73,5.3,15.5,0.0,1010.1,0.0,3.0,8.2,45.9,-42.9,19.95,42.9,6.5
2024-04-09T05:00,-12.5,-16.9,76,5.6,14.8,0.0,1009.7,0.0,3.9,8.1,45.8,-41.9,19.95,41.9,8.5
2024-04-09T06:00,-11.4,-15.8,76,5.7,15.5,0.0,1009.3,0.0,4.2,8.0,45.7,-41.5,19.95,41.5,9.2
2024-04-09T07:00,-10.5,-14.6,77,4.7,15.5,0.0,1008.7,0.0,1.5,7.8,45.5,-44.0,19.95,44.0,3.3
2024-04-09T08:00,-9.5,-13.7,75,4.7,14.4,0.0,1008.9,0.0,1.5,7.7,45.4,-43.9,19.95,43.9,3.3
2024-04-09T09:00,-8.9,-13.1,74,5.4,15.1,1.0,1009.0,0.1,3.3,7.7,45.4,-42.0,19.95,42.0,7.5
2024-04-09T10:00,-8.3,-12.4,76,5.4,16.6,0.0,1008.9,0.0,3.3,7.6,45.3,-42.0,19.95,42.0,7.3
2024-04-09T11:00,-7.9,-11.9,83,4.6,16.9,0.0,1009.0,0.0,1.3,7.5,45.2,-43.9,19.95,43.9,2.9
2024-04-09T12:00,-7.6,-11.6,88,5.5,16.9,1.0,1009.4,0.1,3.6,7.5,45.2,-41.5,19.95,41.5,8.2
2024-04-09T13:00,-7.1,-11.1,91,6.3,17.6,33.0,1010.2,1.7,6.6,7.5,45.2,-36.9,19.95,36.9,18.4
2024-04-09T14:00,-6.9,-11.0,90,7.0,18.4,37.0,1010.5,1.9,10.1,7.5,45.2,-33.2,19.95,33.2,26.5
2024-04-09T15:00,-7.0,-10.9,88,5.4,18.4,48.0,1010.5,2.4,3.3,7.5,45.2,-39.5,19.95,39.5,12.6
2024-04-09T16:00,-7.1,-10.8,86,3.6,15.5,21.0,1010.6,1.1,0.2,7.4,45.1,-43.8,19.95,43.8,2.9
2024-04-09T17:00,-7.0,-10.7,85,3.4,13.3,6.0,1010.4,0.3,0.1,7.4,45.1,-44.7,19.95,44.7,0.9
2024-04-09T18:00,-7.1,-10.9,86,4.4,14.4,0.0,1010.8,0.0,1.0,7.4,45.1,-44.1,19.95,44.1,2.2
2024-04-09T19:00,-7.3,-11.4,86,6.6,17.6,0.0,1010.9,0.0,8.0,7.6,45.3,-37.3,19.95,37.3,17.7
2024-04-09T20:00,-7.7,-12.1,84,7.6,20.2,0.0,1011.3,0.0,13.7,7.6,45.3,-31.6,19.95,31.6,30.2
2024-04-09T21:00,-7.9,-12.4,84,8.3,20.9,0.0,1011.3,0.0,18.7,7.7,45.4,-26.7,19.95,26.7,41.2
2024-04-09T22:00,-8.0,-12.6,84,8.7,21.6,0.0,1011.4,0.0,22.0,7.7,45.4,-23.4,19.95,23.4,48.5
2024-04-09T23:00,-8.3,-12.7,85,7.8,21.6,0.0,1011.5,0.0,15.1,7.7,45.4,-30.3,19.95,30.3,33.3
2024-04-10T00:00,-8.4,-12.7,86,7.1,20.9,0.0,1011.5,0.0,10.6,7.7,45.4,-34.8,19.95,34.8,23.3
2024-04-10T01:00,-10.9,-15.3,86,6.8,20.2,0.0,1012.2,0.0,9.0,8.0,45.7,-36.7,19.95,36.7,19.7
2024-04-10T02:00,-12.4,-16.8,88,5.9,18.0,0.0,1012.4,0.0,5.0,8.1,45.8,-40.8,19.95,40.8,10.9
2024-04-10T03:00,-14.4,-19.1,86,6.9,16.2,0.0,1012.4,0.0,9.5,8.4,46.1,-36.6,19.95,36.6,20.6
2024-04-10T04:00,-14.6,-19.5,85,8.2,16.9,1.0,1012.3,0.1,17.9,8.5,46.2,-28.2,19.95,28.2,39.0
2024-04-10T05:00,-14.7,-19.6,81,8.4,16.9,11.0,1012.1,0.6,19.5,8.5,46.2,-26.1,19.95,26.1,43.5
2024-04-10T06:00,-14.0,-18.8,80,7.8,16.2,41.0,1012.0,2.1,15.1,8.4,46.1,-28.9,19.95,28.9,37.3
2024-04-10T07:00,-13.1,-17.8,79,7.2,15.8,84.0,1011.8,4.3,11.2,8.3,46.0,-30.5,19.95,30.5,33.7
2024-04-10T08:00,-11.6,-16.1,80,6.6,15.1,115.0,1011.7,5.9,8.0,8.1,45.8,-31.9,19.95,31.9,30.3
2024-04-10T09:00,-10.5,-14.9,82,6.3,14.0,180.0,1011.6,9.1,6.6,7.9,45.6,-29.9,19.95,29.9,34.4
2024-04-10T10:00,-9.6,-13.9,78,6.5,13.7,223.0,1011.3,11.2,7.5,7.8,45.5,-26.8,19.95,26.8,41.1
2024-04-10T11:00,-9.0,-13.3,78,6.3,14.4,244.0,1011.1,12.2,6.6,7.7,45.4,-26.6,19.95,26.6,41.4
2024-04-10T12:00,-8.7,-12.9,79,6.1,14.0,253.0,1010.9,12.7,5.8,7.7,45.4,-26.9,19.95,26.9,40.7
2024-04-10T13:00,-9.0,-13.2,77,5.6,14.0,250.0,1010.8,12.5,3.9,7.7,45.4,-29.0,19.95,29.0,36.1
2024-04-10T14:00,-9.2,-13.4,77,5.7,13.7,224.0,1010.7,11.3,4.2,7.7,45.4,-29.9,19.95,29.9,34.1
2024-04-10T15:00,-9.6,-14.2,78,7.5,15.5,185.0,1010.4,9.4,13.1,7.9,45.6,-23.1,19.95,23.1,49.3
2024-04-10T16:00,-10.6,-15.4,78,8.9,19.1,141.0,1009.9,7.2,23.7,8.0,45.7,-14.8,19.95,14.8,67.6
2024-04-10T17:00,-12.2,-17.2,77,10.0,20.9,92.0,1009.2,4.7,34.5,8.3,46.0,-6.8,19.95,6.8,85.2
2024-04-10T18:00,-14.2,-19.3,78,10.0,21.6,49.0,1008.7,2.6,34.5,8.5,46.2,-9.1,19.95,9.1,80.3
2024-04-10T19:00,-16.2,-21.3,79,9.7,21.2,19.0,1008.5,1.0,31.3,8.8,46.5,-14.2,19.95,14.2,69.5
2024-04-10T20:00,-17.1,-22.3,80,9.4,21.6,3.0,1008.3,0.2,28.3,8.8,46.5,-18.0,19.95,18.0,61.3
2024-04-10T21:00,-17.8,-23.0,81,9.4,22.0,0.0,1008.0,0.0,28.3,8.9,46.6,-18.3,19.95,18.3,60.7
2024-04-10T22:00,-18.2,-23.4,82,9.4,22.3,0.0,1007.8,0.0,28.3,9.0,46.7,-18.4,19.95,18.4,60.6
2024-04-10T23:00,-18.3,-23.5,82,9.4,22.7,0.0,1007.3,0.0,28.3,9.0,46.7,-18.4,19.95,18.4,60.6
2024-04-11T00:00,-18.4,-23.6,83,9.2,22.7,0.0,1007.0,0.0,26.4,9.0,46.7,-20.3,19.95,20.3,56.5
2024-04-11T01:00,-18.1,-23.5,79,10.4,26.6,0.0,1006.8,0.0,39.0,9.0,46.7,-7.7,19.95,7.7,83.5
2024-04-11T02:00,-18.3,-23.7,80,10.3,26.6,0.0,1006.9,0.0,37.9,9.0,46.7,-8.8,19.95,8.8,81.2
2024-04-11T03:00,-18.3,-23.6,79,10.1,27.0,5.0,1006.7,0.3,35.6,9.0,46.7,-10.8,19.95,10.8,76.9
2024-04-11T04:00,-18.4,-23.7,77,10.3,27.0,23.0,1006.5,1.2,37.9,9.1,46.8,-7.7,19.95,7.7,83.5
2024-04-11T05:00,-17.7,-23.0,74,10.3,27.4,57.0,1006.1,3.0,37.9,9.0,46.7,-5.8,19.95,5.8,87.6
2024-04-11T06:00,-16.6,-21.7,72,9.1,26.6,101.0,1006.1,5.3,25.5,8.8,46.5,-15.7,19.95,15.7,66.2
2024-04-11T07:00,-15.1,-20.3,71,9.4,25.2,148.0,1006.4,7.7,28.3,8.6,46.3,-10.3,19.95,10.3,77.8
2024-04-11T08:00,-13.3,-18.4,70,9.6,25.6,198.0,1006.4,10.1,30.3,8.4,46.1,-5.7,19.95,5.7,87.6
2024-04-11T09:00,-12.0,-16.9,67,8.2,25.2,235.0,1006.6,11.9,17.9,8.2,45.9,-16.1,19.95,16.1,64.9
2024-04-11T10:00,-11.5,-16.0,67,6.4,23.0,252.0,1006.6,12.7,7.0,8.0,45.7,-26.0,19.95,26.0,43.1
2024-04-11T11:00,-10.9,-15.4,70,6.4,19.8,276.0,1006.7,13.9,7.0,8.0,45.7,-24.8,19.95,24.8,45.7
2024-04-11T12:00,-10.5,-14.9,68,5.6,18.7,272.0,1006.9,13.7,3.9,7.9,45.6,-28.0,19.95,28.0,38.6
2024-04-11T13:00,-10.8,-15.4,68,6.5,22.0,227.0,1007.0,11.5,7.5,8.0,45.7,-26.7,19.95,26.7,41.6
2024-04-11T14:00,-10.7,-15.2,68,6.0,19.1,75.0,1007.1,3.9,5.4,7.9,45.6,-36.3,19.95,36.3,20.4
2024-04-11T15:00,-10.7,-15.2,69,6.4,18.0,36.0,1007.1,1.9,7.0,7.9,45.6,-36.7,19.95,36.7,19.5
2024-04-11T16:00,-11.4,-16.0,71,7.2,19.1,25.0,1007.2,1.3,11.2,8.1,45.8,-33.3,19.95,33.3,27.3
2024-04-11T17:00,-12.2,-16.9,71,7.1,18.0,22.0,1007.2,1.1,10.6,8.1,45.8,-34.1,19.95,34.1,25.5
2024-04-11T18:00,-13.5,-18.2,69,6.9,18.0,7.0,1007.3,0.4,9.5,8.3,46.0,-36.1,19.95,36.1,21.5
2024-04-11T19:00,-14.8,-19.8,67,7.9,18.4,5.0,1007.4,0.3,15.7,8.5,46.2,-30.2,19.95,30.2,34.6
2024-04-11T20:00,-16.0,-21.0,69,8.2,18.7,1.0,1007.5,0.1,17.9,8.7,46.4,-28.4,19.95,28.4,38.8
2024-04-11T21:00,-17.0,-22.0,71,8.2,18.7,0.0,1007.5,0.0,17.9,8.8,46.5,-28.6,19.95,28.6,38.5
2024-04-11T22:00,-18.1,-23.2,73,8.4,18.0,0.0,1007.6,0.0,19.5,8.9,46.6,-27.1,19.95,27.1,41.8
2024-04-11T23:00,-18.4,-23.5,72,8.4,17.6,0.0,1007.6,0.0,19.5,8.9,46.6,-27.1,19.95,27.1,41.8
2024-04-12T00:00,-18.3,-23.3,70,8.1,16.9,0.0,1007.7,0.0,17.2,8.9,46.6,-29.4,19.95,29.4,36.9
2024-04-12T01:00,-18.3,-23.5,69,8.8,20.2,0.0,1008.4,0.0,22.8,9.0,46.7,-23.9,19.95,23.9,48.8
2024-04-12T02:00,-18.4,-23.6,70,8.7,18.7,0.0,1008.7,0.0,22.0,9.0,46.7,-24.7,19.95,24.7,47.1
2024-04-12T03:00,-18.2,-23.4,71,8.7,18.0,0.0,1008.6,0.0,22.0,8.9,46.6,-24.6,19.95,24.6,47.2
2024-04-12T04:00,-17.7,-22.8,71,8.4,16.9,1.0,1008.6,0.1,19.5,8.9,46.6,-27.0,19.95,27.0,42.1
2024-04-12T05:00,-16.7,-21.7,71,7.8,16.6,10.0,1008.4,0.5,15.1,8.7,46.4,-30.8,19.95,30.8,33.6
2024-04-12T06:00,-15.8,-20.6,71,7.0,15.8,33.0,1008.2,1.7,10.1,8.6,46.3,-34.5,19.95,34.5,25.5
2024-04-12T07:00,-14.1,-18.9,69,6.8,15.1,85.0,1008.3,4.4,9.0,8.4,46.1,-32.7,19.95,32.7,29.1
2024-04-12T08:00,-12.6,-17.1,66,5.7,14.8,156.0,1008.5,8.0,4.2,8.1,45.8,-33.6,19.95,33.6,26.6
2024-04-12T09:00,-11.5,-15.9,69,5.4,14.0,210.0,1008.6,10.7,3.3,8.0,45.7,-31.7,19.95,31.7,30.6
2024-04-12T10:00,-10.5,-14.9,66,5.5,15.5,269.0,1008.4,13.5,3.6,7.9,45.6,-28.5,19.95,28.5,37.5
2024-04-12T11:00,-9.9,-14.3,68,5.5,16.2,287.0,1008.3,14.4,3.6,7.8,45.5,-27.5,19.95,27.5,39.6
2024-04-12T12:00,-9.7,-14.2,71,6.4,17.6,287.0,1008.0,14.4,7.0,7.8,45.5,-24.1,19.95,24.1,47.0
2024-04-12T13:00,-10.3,-14.9,77,7.5,22.7,270.0,1008.0,13.6,13.1,7.9,45.6,-18.9,19.95,18.9,58.6
2024-04-12T14:00,-10.2,-14.9,77,8.2,25.2,216.0,1008.0,10.9,17.9,8.0,45.7,-16.9,19.95,16.9,63.0
2024-04-12T15:00,-10.6,-15.3,76,8.4,27.7,148.0,1007.8,7.5,19.5,8.0,45.7,-18.7,19.95,18.7,59.1
2024-04-12T16:00,-11.1,-16.2,70,10.5,31.7,86.0,1007.5,4.4,0.0,8.2,45.9,-41.5,19.95,41.5,9.6
2024-04-12T17:00,-12.1,-17.4,68,11.0,34.2,47.0,1007.0,2.4,0.0,8.3,46.0,-43.6,19.95,43.6,5.2
2024-04-12T18:00,-13.0,-18.4,68,12.1,36.7,12.0,1006.8,0.6,0.0,8.5,46.2,-45.6,19.95,45.6,1.3
2024-04-12T19:00,-13.8,-19.4,68,12.6,38.5,1.0,1006.7,0.1,0.0,8.6,46.3,-46.2,19.95,46.2,0.2
2024-04-12T20:00,-14.1,-19.8,66,13.4,40.0,0.0,1006.5,0.0,0.0,8.7,46.4,-46.4,19.95,46.4,0.0
2024-04-12T21:00,-13.9,-19.7,64,13.9,42.5,0.0,1006.1,0.0,0.0,8.7,46.4,-46.4,19.95,46.4,0.0
2024-04-12T22:00,-12.9,-18.8,63,14.5,45.0,0.0,1005.6,0.0,0.0,8.6,46.3,-46.3,19.95,46.3,0.0
2024-04-12T23:00,-12.7,-18.7,62,15.7,48.2,0.0,1005.5,0.0,0.0,8.6,46.3,-46.3,19.95,46.3,0.0
2024-04-13T00:00,-11.0,-17.0,62,16.4,50.8,0.0,1005.2,0.0,0.0,8.4,46.1,-46.1,19.95,46.1,0.0
2024-04-13T01:00,-10.5,-16.5,63,16.3,51.8,0.0,1005.6,0.0,0.0,8.4,46.1,-46.1,19.95,46.1,0.0
2024-04-13T02:00,-10.2,-16.1,65,15.8,50.8,0.0,1005.5,0.0,0.0,8.3,46.0,-46.0,19.95,46.0,0.0
2024-04-13T03:00,-9.7,-15.5,67,15.1,50.4,0.0,1005.3,0.0,0.0,8.2,45.9,-45.9,19.95,45.9,0.0
2024-04-13T04:00,-9.4,-15.1,69,15.0,49.7,0.0,1005.2,0.0,0.0,8.2,45.9,-45.9,19.95,45.9,0.0
2024-04-13T05:00,-9.1,-14.8,71,15.0,50.4,0.0,1005.2,0.0,0.0,8.1,45.8,-45.8,19.95,45.8,0.0
2024-04-13T06:00,-9.2,-14.7,73,14.1,49.7,26.0,1005.4,1.3,0.0,8.1,45.8,-44.5,19.95,44.5,2.8
2024-04-13T07:00,-8.7,-14.1,74,13.3,46.1,41.0,1005.6,2.1,0.0,8.0,45.7,-43.6,19.95,43.6,4.6
2024-04-13T08:00,-7.9,-13.3,74,14.1,45.7,43.0,1005.7,2.2,0.0,7.9,45.6,-43.4,19.95,43.4,4.8
2024-04-13T09:00,-7.5,-12.8,74,13.2,46.4,35.0,1005.9,1.8,0.0,7.8,45.5,-43.7,19.95,43.7,4.0
2024-04-13T10:00,-7.8,-12.9,73,12.1,44.3,145.0,1006.1,7.3,0.0,7.8,45.5,-38.2,19.95,38.2,16.0
2024-04-13T11:00,-8.6,-13.7,73,11.7,41.0,178.0,1006.4,9.0,0.0,7.9,45.6,-36.6,19.95,36.6,19.7
2024-04-13T12:00,-9.0,-14.2,72,11.8,42.1,213.0,1006.5,10.7,0.0,8.0,45.7,-35.0,19.95,35.0,23.4
2024-04-13T13:00,-8.0,-12.9,75,10.7,36.0,219.0,1006.2,11.0,0.0,7.8,45.5,-34.5,19.95,34.5,24.2
2024-04-13T14:00,-8.4,-13.2,75,9.5,36.0,160.0,1006.3,8.1,0.0,7.8,45.5,-37.4,19.95,37.4,17.8
2024-04-13T15:00,-9.1,-13.9,76,9.5,34.6,84.0,1006.2,4.3,0.0,7.9,45.6,-41.3,19.95,41.3,9.4
2024-04-13T16:00,-9.7,-14.6,76,10.2,35.3,29.0,1006.2,1.5,0.0,8.0,45.7,-44.2,19.95,44.2,3.3
2024-04-13T17:00,-10.4,-15.8,72,12.6,38.5,25.0,1006.2,1.3,0.0,8.2,45.9,-44.6,19.95,44.6,2.8
2024-04-13T18:00,-11.2,-16.6,69,12.2,38.5,20.0,1006.2,1.0,0.0,8.3,46.0,-45.0,19.95,45.0,2.2
2024-04-13T19:00,-12.6,-18.0,69,12.1,37.4,5.0,1006.3,0.3,0.0,8.4,46.1,-45.8,19.95,45.8,0.7
2024-04-13T20:00,-13.8,-19.4,69,12.5,37.1,1.0,1006.9,0.1,0.0,8.6,46.3,-46.2,19.95,46.2,0.2
2024-04-13T21:00,-15.3,-20.9,70,13.0,37.8,0.0,1007.0,0.0,0.0,8.8,46.5,-46.5,19.95,46.5,0.0
2024-04-13T22:00,-16.7,-22.4,71,13.0,37.8,0.0,1007.3,0.0,0.0,9.0,46.7,-46.7,19.95,46.7,0.0
2024-04-13T23:00,-17.4,-23.2,72,13.1,38.2,0.0,1007.1,0.0,0.0,9.1,46.8,-46.8,19.95,46.8,0.0
2024-04-14T00:00,-18.4,-24.3,73,13.4,39.6,0.0,1007.0,0.0,0.0,9.2,46.9,-46.9,19.95,46.9,0.0
2024-04-14T01:00,-18.0,-23.8,72,13.1,39.2,0.0,1006.7,0.0,0.0,9.2,46.9,-46.9,19.95,46.9,0.0
2024-04-14T02:00,-18.6,-24.4,74,13.5,40.0,1.0,1006.8,0.1,0.0,9.3,47.0,-46.9,19.95,46.9,0.2
2024-04-14T03:00,-18.3,-24.2,72,14.3,42.5,11.0,1007.1,0.6,0.0,9.3,47.0,-46.4,19.95,46.4,1.3
2024-04-14T04:00,-17.6,-23.5,70,14.3,44.3,35.0,1007.5,1.8,0.0,9.2,46.9,-45.1,19.95,45.1,3.8
2024-04-14T05:00,-16.5,-22.5,69,14.7,45.4,75.0,1007.9,3.9,0.0,9.1,46.8,-42.9,19.95,42.9,8.3
2024-04-14T06:00,-15.6,-21.5,69,14.6,45.7,123.0,1008.5,6.4,0.0,8.9,46.6,-40.2,19.95,40.2,13.7
2024-04-14T07:00,-14.8,-20.7,69,14.3,45.7,173.0,1008.9,8.9,0.0,8.8,46.5,-37.6,19.95,37.6,19.1
2024-04-14T08:00,-14.5,-19.9,70,11.4,45.4,220.0,1009.4,11.3,0.0,8.6,46.3,-35.0,19.95,35.0,24.4
2024-04-14T09:00,-14.4,-19.8,71,11.5,41.0,260.0,1009.7,13.3,0.0,8.6,46.3,-33.0,19.95,33.0,28.7
2024-04-14T10:00,-14.0,-19.5,71,12.0,41.0,289.0,1010.3,14.7,0.0,8.6,46.3,-31.6,19.95,31.6,31.7
2024-04-14T11:00,-13.6,-19.0,72,11.2,40.3,304.0,1010.4,15.4,0.0,8.5,46.2,-30.8,19.95,30.8,33.3
2024-04-14T12:00,-13.3,-18.7,71,11.4,38.5,303.0,1010.6,15.3,0.0,8.5,46.2,-30.9,19.95,30.9,33.1
2024-04-14T13:00,-12.6,-17.6,71,9.7,37.1,286.0,1010.5,14.5,0.0,8.3,46.0,-31.5,19.95,31.5,31.5
2024-04-14T14:00,-12.5,-17.5,71,9.2,32.8,256.0,1010.9,13.0,0.0,8.3,46.0,-33.0,19.95,33.0,28.3
2024-04-14T15:00,-12.8,-17.9,71,9.5,32.8,216.0,1011.1,11.0,0.0,8.3,46.0,-35.0,19.95,35.0,23.9
2024-04-14T16:00,-13.4,-18.6,72,10.5,33.1,168.0,1011.7,8.6,0.0,8.5,46.2,-37.6,19.95,37.6,18.6
2024-04-14T17:00,-14.2,-19.8,70,12.5,36.0,119.0,1012.0,6.2,0.0,8.7,46.4,-40.2,19.95,40.2,13.4
2024-04-14T18:00,-15.4,-21.0,70,12.8,35.6,72.0,1012.5,3.8,0.0,8.8,46.5,-42.7,19.95,42.7,8.2
2024-04-14T19:00,-17.0,-22.6,71,12.5,35.3,35.0,1012.9,1.8,0.0,9.0,46.7,-44.9,19.95,44.9,3.9
2024-04-14T20:00,-18.7,-24.4,73,12.4,34.2,11.0,1013.2,0.6,0.0,9.2,46.9,-46.3,19.95,46.3,1.3
2024-04-14T21:00,-20.0,-25.7,74,12.0,33.1,1.0,1013.4,0.1,0.0,9.3,47.0,-46.9,19.95,46.9,0.2
2024-04-14T22:00,-21.1,-26.6,76,10.7,31.7,0.0,1013.7,0.0,0.0,9.4,47.1,-47.1,19.95,47.1,0.0
2024-04-14T23:00,-21.8,-27.4,77,11.2,29.2,0.0,1013.7,0.0,0.0,9.5,47.2,-47.2,19.95,47.2,0.0
2024-04-15T00:00,-22.3,-28.1,77,12.5,29.2,0.0,1013.6,0.0,0.0,9.7,47.4,-47.4,19.95,47.4,0.0
2024-04-15T01:00,-22.0,-27.8,75,12.9,32.0,0.0,1013.7,0.0,0.0,9.7,47.4,-47.4,19.95,47.4,0.0
2024-04-15T02:00,-22.8,-28.3,76,10.7,28.1,2.0,1013.7,0.1,0.0,9.6,47.3,-47.2,19.95,47.2,0.2
2024-04-15T03:00,-22.7,-28.3,75,10.8,22.3,13.0,1013.7,0.7,43.8,9.6,47.3,-2.8,19.95,2.8,94.1
2024-04-15T04:00,-22.1,-27.5,74,9.7,22.0,38.0,1014.0,2.0,31.3,9.5,47.2,-13.9,19.95,13.9,70.6
2024-04-15T05:00,-20.6,-26.0,72,10.1,20.2,74.0,1014.0,3.9,35.6,9.3,47.0,-7.5,19.95,7.5,84.0
2024-04-15T06:00,-18.9,-24.2,70,9.6,19.8,119.0,1014.3,6.3,30.3,9.1,46.8,-10.2,19.95,10.2,78.2
2024-04-15T07:00,-17.5,-22.5,68,8.1,18.7,162.0,1014.5,8.4,17.2,8.8,46.5,-20.9,19.95,20.9,55.1
2024-04-15T08:00,-15.7,-20.5,70,6.9,16.6,207.0,1014.9,10.7,9.5,8.5,46.2,-26.0,19.95,26.0,43.7
2024-04-15T09:00,-13.8,-18.4,66,6.1,14.8,244.0,1015.2,12.4,5.8,8.3,46.0,-27.8,19.95,27.8,39.6
2024-04-15T10:00,-12.5,-16.9,69,5.0,13.3,269.0,1015.4,13.6,2.2,8.1,45.8,-30.0,19.95,30.0,34.5
2024-04-15T11:00,-11.8,-16.2,67,5.1,11.5,276.0,1015.5,13.9,2.4,8.0,45.7,-29.4,19.95,29.4,35.7
2024-04-15T12:00,-11.3,-15.6,66,4.6,11.9,261.0,1015.4,13.2,1.3,7.9,45.6,-31.1,19.95,31.1,31.8
2024-04-15T13:00,-11.5,-15.7,68,3.9,11.2,195.0,1015.5,9.9,0.4,7.9,45.6,-35.3,19.95,35.3,22.6
2024-04-15T14:00,-11.0,-15.0,69,2.9,10.8,28.0,1015.4,1.4,0.0,7.8,45.5,-44.1,19.95,44.1,3.1
2024-04-15T15:00,-10.6,-14.6,69,2.7,9.4,5.0,1015.5,0.3,0.0,7.8,45.5,-45.2,19.95,45.2,0.7
2024-04-15T16:00,-10.4,-14.5,71,3.4,10.1,36.0,1015.4,1.9,0.1,7.8,45.5,-43.5,19.95,43.5,4.4
2024-04-15T17:00,-10.5,-14.5,74,3.4,10.4,20.0,1015.3,1.0,0.1,7.8,45.5,-44.4,19.95,44.4,2.4
2024-04-15T18:00,-10.6,-14.5,77,2.8,10.1,10.0,1015.2,0.5,0.0,7.8,45.5,-45.0,19.95,45.0,1.1
2024-04-15T19:00,-10.8,-14.7,80,2.4,9.0,0.0,1015.3,0.0,0.0,7.8,45.5,-45.5,19.95,45.5,0.0
2024-04-15T20:00,-11.1,-15.0,83,3.1,8.6,0.0,1015.3,0.0,0.0,7.8,45.5,-45.5,19.95,45.5,0.0
2024-04-15T21:00,-11.5,-15.6,84,4.1,10.1,0.0,1015.4,0.0,0.6,7.9,45.6,-45.0,19.95,45.0,1.3
2024-04-15T22:00,-11.6,-15.8,82,4.7,10.8,0.0,1015.4,0.0,1.5,8.0,45.7,-44.2,19.95,44.2,3.3
2024-04-15T23:00,-11.9,-16.1,82,4.7,10.8,0.0,1015.1,0.0,1.5,8.0,45.7,-44.2,19.95,44.2,3.3
2024-04-16T00:00,-12.1,-16.3,82,4.6,10.4,0.0,1014.9,0.0,1.3,8.0,45.7,-44.4,19.95,44.4,2.8
2024-04-16T01:00,-12.7,-17.0,80,5.1,12.6,0.0,1014.9,0.0,2.4,8.1,45.8,-43.4,19.95,43.4,5.2
2024-04-16T02:00,-12.6,-16.9,80,5.2,11.9,0.0,1014.9,0.0,2.7,8.1,45.8,-43.1,19.95,43.1,5.9
2024-04-16T03:00,-12.5,-16.9,80,5.4,11.9,0.0,1014.7,0.0,3.3,8.1,45.8,-42.5,19.95,42.5,7.2
2024-04-16T04:00,-12.7,-17.1,81,5.4,11.9,0.0,1014.5,0.0,3.3,8.1,45.8,-42.5,19.95,42.5,7.2
2024-04-16T05:00,-11.7,-15.9,79,4.7,11.9,0.0,1014.6,0.0,1.5,8.0,45.7,-44.2,19.95,44.2,3.3
2024-04-16T06:00,-10.6,-14.7,80,4.4,11.5,3.0,1014.7,0.2,1.0,7.8,45.5,-44.3,19.95,44.3,2.6
2024-04-16T07:00,-9.8,-13.9,79,4.1,10.8,8.0,1014.9,0.4,0.6,7.7,45.4,-44.4,19.95,44.4,2.2
2024-04-16T08:00,-9.2,-13.1,79,3.5,10.8,16.0,1015.1,0.8,0.1,7.6,45.3,-44.4,19.95,44.4,2.0
2024-04-16T09:00,-8.6,-12.4,79,3.3,10.4,32.0,1015.3,1.6,0.0,7.6,45.3,-43.7,19.95,43.7,3.5
2024-04-16T10:00,-8.1,-11.8,79,3.1,10.4,38.0,1015.6,1.9,0.0,7.5,45.2,-43.3,19.95,43.3,4.2
2024-04-16T11:00,-7.7,-11.5,79,3.5,11.2,57.0,1015.8,2.9,0.1,7.5,45.2,-42.2,19.95,42.2,6.6
2024-04-16T12:00,-7.6,-11.4,80,3.8,11.5,44.0,1015.8,2.2,0.3,7.5,45.2,-42.7,19.95,42.7,5.5
2024-04-16T13:00,-7.9,-11.3,79,0.4,8.6,139.0,1015.9,7.0,0.0,7.4,45.1,-38.1,19.95,38.1,15.5
2024-04-16T14:00,-7.8,-11.3,80,1.6,8.3,47.0,1016.1,2.4,0.0,7.4,45.1,-42.7,19.95,42.7,5.3
2024-04-16T15:00,-7.8,-11.3,82,2.1,8.6,21.0,1016.3,1.1,0.0,7.4,45.1,-44.0,19.95,44.0,2.4
2024-04-16T16:00,-7.8,-11.4,83,2.3,8.3,13.0,1016.4,0.7,0.0,7.4,45.1,-44.4,19.95,44.4,1.6
2024-04-16T17:00,-7.9,-11.6,85,2.8,9.0,6.0,1016.6,0.3,0.0,7.5,45.2,-44.9,19.95,44.9,0.7
2024-04-16T18:00,-8.2,-11.9,87,2.8,8.6,1.0,1016.8,0.1,0.0,7.5,45.2,-45.1,19.95,45.1,0.2
2024-04-16T19:00,-8.7,-12.3,89,2.8,7.6,3.0,1017.1,0.2,0.0,7.6,45.3,-45.1,19.95,45.1,0.4
2024-04-16T20:00,-9.2,-12.9,92,2.9,7.6,2.0,1017.6,0.1,0.0,7.6,45.3,-45.2,19.95,45.2,0.2
2024-04-16T21:00,-10.1,-13.9,93,3.6,8.6,0.0,1018.0,0.0,0.2,7.8,45.5,-45.3,19.95,45.3,0.4
2024-04-16T22:00,-10.9,-14.9,90,4.5,9.4,0.0,1018.3,0.0,1.2,7.9,45.6,-44.4,19.95,44.4,2.6
2024-04-16T23:00,-11.8,-16.0,88,5.2,10.8,0.0,1018.5,0.0,2.7,8.0,45.7,-43.0,19.95,43.0,5.9
2024-04-17T00:00,-12.5,-16.8,86,5.6,10.8,0.0,1018.5,0.0,3.9,8.1,45.8,-41.9,19.95,41.9,8.5
2024-04-17T01:00,-14.5,-19.1,80,6.3,14.0,0.0,1018.8,0.0,6.6,8.4,46.1,-39.5,19.95,39.5,14.3
2024-04-17T02:00,-15.8,-20.5,83,6.6,12.6,1.0,1019.0,0.1,8.0,8.5,46.2,-38.1,19.95,38.1,17.5
2024-04-17T03:00,-15.9,-20.6,84,6.6,12.6,5.0,1019.2,0.3,8.0,8.6,46.3,-38.0,19.95,38.0,17.9
2024-04-17T04:00,-16.0,-20.6,83,6.4,12.6,17.0,1019.4,0.9,7.0,8.6,46.3,-38.4,19.95,38.4,17.1
2024-04-17T05:00,-15.5,-20.1,82,6.1,12.6,45.0,1019.6,2.4,5.8,8.5,46.2,-38.0,19.95,38.0,17.7
2024-04-17T06:00,-14.1,-18.6,80,6.3,13.0,96.0,1019.8,5.0,6.6,8.3,46.0,-34.4,19.95,34.4,25.2
2024-04-17T07:00,-12.5,-16.8,76,5.2,13.0,146.0,1019.9,7.5,2.7,8.1,45.8,-35.6,19.95,35.6,22.3
2024-04-17T08:00,-11.4,-15.6,76,4.4,11.9,185.0,1020.2,9.4,1.0,7.9,45.6,-35.2,19.95,35.2,22.8
2024-04-17T09:00,-10.0,-14.1,75,4.3,11.9,231.0,1020.4,11.6,0.9,7.8,45.5,-33.0,19.95,33.0,27.5
2024-04-17T10:00,-9.2,-13.1,75,3.3,11.5,270.0,1020.8,13.5,0.0,7.6,45.3,-31.8,19.95,31.8,29.8
2024-04-17T11:00,-8.7,-12.6,75,3.6,10.4,288.0,1020.9,14.4,0.2,7.6,45.3,-30.7,19.95,30.7,32.2
2024-04-17T12:00,-8.4,-12.4,76,4.7,12.6,293.0,1020.9,14.6,1.5,7.6,45.3,-29.2,19.95,29.2,35.5
2024-04-17T13:00,-8.6,-12.5,77,4.1,11.9,271.0,1020.7,13.5,0.6,7.6,45.3,-31.2,19.95,31.2,31.1
2024-04-17T14:00,-8.5,-12.5,78,4.6,12.2,251.0,1020.6,12.6,1.3,7.6,45.3,-31.4,19.95,31.4,30.7
2024-04-17T15:00,-8.5,-12.6,79,4.9,13.0,215.0,1020.2,10.8,2.0,7.6,45.3,-32.5,19.95,32.5,28.3
2024-04-17T16:00,-8.9,-13.1,81,5.5,13.7,171.0,1020.1,8.6,3.6,7.7,45.4,-33.2,19.95,33.2,26.9
2024-04-17T17:00,-10.4,-14.7,83,5.6,14.4,126.0,1019.8,6.4,3.9,7.9,45.6,-35.3,19.95,35.3,22.6
2024-04-17T18:00,-11.2,-15.6,81,6.1,15.5,83.0,1019.5,4.3,5.8,8.0,45.7,-35.6,19.95,35.6,22.1
2024-04-17T19:00,-12.2,-16.8,83,7.1,17.6,44.0,1019.2,2.3,10.6,8.1,45.8,-32.9,19.95,32.9,28.2
2024-04-17T20:00,-13.5,-18.2,86,7.7,19.8,17.0,1019.0,0.9,14.4,8.3,46.0,-30.7,19.95,30.7,33.3
2024-04-17T21:00,-14.9,-19.8,90,8.8,21.6,4.0,1018.9,0.2,22.8,8.6,46.3,-23.3,19.95,23.3,49.7
2024-04-17T22:00,-16.2,-21.2,94,9.2,23.0,0.0,1018.5,0.0,26.4,8.7,46.4,-20.0,19.95,20.0,56.9
2024-04-17T23:00,-17.9,-23.1,92,10.0,24.8,0.0,1017.9,0.0,34.5,9.0,46.7,-12.2,19.95,12.2,73.9
2024-04-18T00:00,-19.0,-24.4,89,11.0,27.7,0.0,1017.2,0.0,46.3,9.2,46.9,-0.6,19.95,0.6,98.7
2024-04-18T01:00,-15.1,-20.2,89,10.1,29.5,0.0,1016.4,0.0,0.0,8.6,46.3,-46.3,19.95,46.3,0.0
2024-04-18T02:00,-15.4,-20.6,92,10.8,34.2,3.0,1015.7,0.2,0.0,8.7,46.4,-46.2,19.95,46.2,0.4
2024-04-18T03:00,-14.3,-19.6,89,11.7,39.2,11.0,1015.1,0.6,0.0,8.6,46.3,-45.7,19.95,45.7,1.3
2024-04-18T04:00,-10.6,-15.8,85,12.4,41.8,7.0,1014.6,0.4,0.0,8.2,45.9,-45.5,19.95,45.5,0.9
2024-04-18T05:00,-8.9,-14.0,84,12.2,44.3,19.0,1013.6,1.0,0.0,8.0,45.7,-44.7,19.95,44.7,2.2
2024-04-18T06:00,-7.7,-12.8,82,12.3,43.9,23.0,1013.2,1.2,0.0,7.8,45.5,-44.3,19.95,44.3,2.6
2024-04-18T07:00,-6.4,-11.3,79,11.6,43.9,5.0,1012.2,0.3,0.0,7.6,45.3,-45.0,19.95,45.0,0.7
2024-04-18T08:00,-5.7,-10.8,78,12.9,42.1,10.0,1011.7,0.5,0.0,7.6,45.3,-44.8,19.95,44.8,1.1
2024-04-18T09:00,-5.3,-10.4,79,13.6,40.7,31.0,1011.0,1.6,0.0,7.6,45.3,-43.7,19.95,43.7,3.5
2024-04-18T10:00,-6.0,-11.0,82,13.1,39.6,51.0,1010.8,2.6,0.0,7.6,45.3,-42.7,19.95,42.7,5.7
2024-04-18T11:00,-6.2,-11.3,88,13.7,38.5,69.0,1010.4,3.5,0.0,7.7,45.4,-41.9,19.95,41.9,7.7
2024-04-18T12:00,-5.6,-10.4,89,12.2,37.8,54.0,1009.5,2.7,0.0,7.6,45.3,-42.6,19.95,42.6,6.0
2024-04-18T13:00,-5.0,-9.9,83,12.4,37.4,40.0,1010.2,2.0,0.0,7.5,45.2,-43.2,19.95,43.2,4.4
2024-04-18T14:00,-4.3,-8.9,80,10.5,35.3,0.0,1009.7,0.0,0.0,7.3,45.0,-45.0,19.95,45.0,0.0
2024-04-18T15:00,-4.1,-8.7,81,10.9,32.8,0.0,1009.4,0.0,0.0,7.3,45.0,-45.0,19.95,45.0,0.0
2024-04-18T16:00,-4.3,-8.8,82,10.5,34.2,2.0,1009.2,0.1,0.0,7.3,45.0,-44.9,19.95,44.9,0.2
2024-04-18T17:00,-4.4,-8.9,83,10.7,34.6,7.0,1008.9,0.4,0.0,7.4,45.1,-44.7,19.95,44.7,0.9
2024-04-18T18:00,-4.3,-8.9,84,11.2,36.4,0.0,1008.8,0.0,0.0,7.4,45.1,-45.1,19.95,45.1,0.0
2024-04-18T19:00,-3.5,-8.1,83,11.9,41.4,0.0,1009.1,0.0,0.0,7.3,45.0,-45.0,19.95,45.0,0.0
2024-04-18T20:00,-3.0,-7.4,85,11.2,43.2,0.0,1009.2,0.0,0.0,7.2,44.9,-44.9,19.95,44.9,0.0
2024-04-18T21:00,-1.5,-6.5,83,15.9,53.6,0.0,1009.4,0.0,0.0,7.2,44.9,-44.9,19.95,44.9,0.0
2024-04-18T22:00,-0.8,-6.5,75,20.9,64.4,0.0,1009.4,0.0,0.0,7.2,44.9,-44.9,19.95,44.9,0.0
2024-04-18T23:00,-1.3,-7.0,70,18.9,64.4,0.0,1010.0,0.0,0.0,7.2,44.9,-44.9,19.95,44.9,0.0
2024-04-19T00:00,-2.4,-7.6,69,15.5,60.8,0.0,1010.3,0.0,0.0,7.3,45.0,-45.0,19.95,45.0,0.0
2024-04-19T01:00,-3.9,-8.8,68,12.0,47.5,0.0,1011.5,0.0,0.0,7.3,45.0,-45.0,19.95,45.0,0.0
2024-04-19T02:00,-5.2,-10.1,72,11.8,44.3,0.0,1012.1,0.0,0.0,7.5,45.2,-45.2,19.95,45.2,0.0
2024-04-19T03:00,-5.7,-10.7,77,12.4,45.0,1.0,1012.6,0.1,0.0,7.6,45.3,-45.2,19.95,45.2,0.2
2024-04-19T04:00,-4.8,-9.8,79,13.2,47.9,7.0,1013.0,0.4,0.0,7.5,45.2,-44.8,19.95,44.8,0.9
2024-04-19T05:00,-3.9,-9.0,79,14.5,51.8,9.0,1013.2,0.5,0.0,7.4,45.1,-44.6,19.95,44.6,1.1
2024-04-19T06:00,-3.5,-8.7,77,15.6,55.8,19.0,1013.4,1.0,0.0,7.4,45.1,-44.1,19.95,44.1,2.2
2024-04-19T07:00,-3.0,-8.4,78,16.7,60.8,37.0,1013.5,1.9,0.0,7.4,45.1,-43.2,19.95,43.2,4.2
2024-04-19T08:00,-2.7,-7.4,79,12.3,61.9,23.0,1013.9,1.2,0.0,7.2,44.9,-43.7,19.95,43.7,2.7
2024-04-19T09:00,-2.4,-7.4,79,15.4,57.6,24.0,1014.2,1.2,0.0,7.3,45.0,-43.8,19.95,43.8,2.7
2024-04-19T10:00,-2.3,-7.1,79,13.8,57.2,113.0,1014.4,5.6,0.0,7.2,44.9,-39.3,19.95,39.3,12.5
2024-04-19T11:00,-2.2,-7.4,79,16.3,60.1,70.0,1014.5,3.5,0.0,7.3,45.0,-41.5,19.95,41.5,7.8
2024-04-19T12:00,-2.0,-7.7,76,19.5,65.2,80.0,1014.5,4.0,0.0,7.3,45.0,-41.0,19.95,41.0,8.9
2024-04-19T13:00,-2.1,-8.0,76,21.4,72.0,29.0,1015.0,1.5,0.0,7.4,45.1,-43.6,19.95,43.6,3.3
2024-04-19T14:00,-2.0,-7.9,75,20.6,69.1,31.0,1015.1,1.6,0.0,7.4,45.1,-43.5,19.95,43.5,3.5
2024-04-19T15:00,-2.5,-7.7,77,16.6,67.3,40.0,1015.2,2.0,0.0,7.3,45.0,-43.0,19.95,43.0,4.4
2024-04-19T16:00,-2.5,-7.9,78,17.6,64.8,18.0,1015.2,0.9,0.0,7.4,45.1,-44.2,19.95,44.2,2.0
2024-04-19T17:00,-2.9,-8.6,78,19.4,67.0,17.0,1015.2,0.9,0.0,7.5,45.2,-44.3,19.95,44.3,2.0
2024-04-19T18:00,-3.1,-8.8,79,18.9,64.4,9.0,1015.5,0.5,0.0,7.5,45.2,-44.7,19.95,44.7,1.1
2024-04-19T19:00,-3.4,-8.7,82,16.8,61.9,6.0,1015.8,0.3,0.0,7.4,45.1,-44.8,19.95,44.8,0.7
2024-04-19T20:00,-3.3,-8.4,83,15.1,58.0,0.0,1016.0,0.0,0.0,7.4,45.1,-45.1,19.95,45.1,0.0
2024-04-19T21:00,-3.5,-8.8,83,16.8,58.3,0.0,1016.0,0.0,0.0,7.5,45.2,-45.2,19.95,45.2,0.0
2024-04-19T22:00,-3.5,-9.1,82,18.7,61.2,0.0,1016.0,0.0,0.0,7.5,45.2,-45.2,19.95,45.2,0.0
2024-04-19T23:00,-3.5,-9.2,81,19.4,61.9,0.0,1016.0,0.0,0.0,7.5,45.2,-45.2,19.95,45.2,0.0
2024-04-20T00:00,-3.4,-9.1,81,19.7,63.7,0.0,1016.0,0.0,0.0,7.5,45.2,-45.2,19.95,45.2,0.0
2024-04-20T01:00,-3.1,-9.1,81,21.9,69.5,0.0,1016.3,0.0,0.0,7.6,45.3,-45.3,19.95,45.3,0.0
2024-04-20T02:00,-3.0,-9.1,81,22.3,68.8,0.0,1016.6,0.0,0.0,7.6,45.3,-45.3,19.95,45.3,0.0
2024-04-20T03:00,-3.1,-9.2,81,22.2,69.1,0.0,1016.8,0.0,0.0,7.6,45.3,-45.3,19.95,45.3,0.0
2024-04-20T04:00,-3.0,-9.0,81,21.5,68.4,0.0,1017.2,0.0,0.0,7.5,45.2,-45.2,19.95,45.2,0.0
2024-04-20T05:00,-2.9,-8.7,82,20.2,67.3,0.0,1017.4,0.0,0.0,7.5,45.2,-45.2,19.95,45.2,0.0
2024-04-20T06:00,-2.5,-8.2,82,19.7,65.9,0.0,1017.7,0.0,0.0,7.4,45.1,-45.1,19.95,45.1,0.0
2024-04-20T07:00,-2.0,-7.8,80,20.8,66.6,0.0,1017.6,0.0,0.0,7.4,45.1,-45.1,19.95,45.1,0.0
2024-04-20T08:00,-1.5,-7.4,78,21.6,67.7,2.0,1018.0,0.1,0.0,7.3,45.0,-44.9,19.95,44.9,0.2
2024-04-20T09:00,-1.5,-7.2,80,20.3,66.2,1.0,1018.4,0.1,0.0,7.3,45.0,-44.9,19.95,44.9,0.2
2024-04-20T10:00,-1.6,-7.0,82,18.8,62.3,4.0,1018.7,0.2,0.0,7.3,45.0,-44.8,19.95,44.8,0.4
2024-04-20T11:00,-1.7,-6.8,85,17.0,59.0,9.0,1018.9,0.5,0.0,7.2,44.9,-44.4,19.95,44.4,1.1
2024-04-20T12:00,-1.5,-6.7,85,17.6,55.4,7.0,1019.3,0.4,0.0,7.2,44.9,-44.5,19.95,44.5,0.9
2024-04-20T13:00,-1.2,-6.3,82,17.1,55.8,16.0,1019.6,0.8,0.0,7.2,44.9,-44.1,19.95,44.1,1.8
2024-04-20T14:00,-1.4,-6.6,83,17.2,54.7,4.0,1019.9,0.2,0.0,7.2,44.9,-44.7,19.95,44.7,0.4
2024-04-20T15:00,-1.4,-6.2,83,14.8,54.0,10.0,1020.3,0.5,0.0,7.1,44.8,-44.3,19.95,44.3,1.1
2024-04-20T16:00,-1.5,-6.2,84,14.2,48.6,11.0,1020.5,0.6,0.0,7.1,44.8,-44.2,19.95,44.2,1.3
2024-04-20T17:00,-1.6,-5.7,84,9.8,46.4,0.0,1020.4,0.0,0.0,7.0,44.7,-44.7,19.95,44.7,0.0
2024-04-20T18:00,-1.3,-5.2,82,8.8,38.9,0.0,1020.8,0.0,0.0,6.9,44.6,-44.6,19.95,44.6,0.0
2024-04-20T19:00,-1.3,-5.3,82,9.9,33.5,1.0,1021.1,0.1,0.0,7.0,44.7,-44.6,19.95,44.6,0.2
2024-04-20T20:00,-1.7,-5.4,89,8.2,33.1,0.0,1021.9,0.0,0.0,7.0,44.7,-44.7,19.95,44.7,0.0
2024-04-20T21:00,-2.3,-5.8,93,6.3,24.1,0.0,1022.7,0.0,6.6,7.0,44.7,-38.1,19.95,38.1,14.8
2024-04-20T22:00,-2.6,-6.0,94,6.1,20.5,0.0,1023.5,0.0,5.8,7.0,44.7,-38.9,19.95,38.9,13.0
2024-04-20T23:00,-3.9,-7.7,91,6.6,21.6,0.0,1024.2,0.0,8.0,7.2,44.9,-36.9,19.95,36.9,17.8
2024-04-21T00:00,-4.5,-8.4,91,6.8,23.8,0.0,1024.6,0.0,9.0,7.2,44.9,-35.9,19.95,35.9,20.0
2024-04-21T01:00,-4.7,-8.5,90,5.9,23.0,0.0,1025.3,0.0,5.0,7.2,44.9,-39.9,19.95,39.9,11.1
2024-04-21T02:00,-5.1,-8.9,90,5.7,20.5,0.0,1025.4,0.0,4.2,7.3,45.0,-40.8,19.95,40.8,9.3
2024-04-21T03:00,-4.5,-8.3,88,6.6,21.2,0.0,1025.4,0.0,8.0,7.2,44.9,-36.9,19.95,36.9,17.8
2024-04-21T04:00,-4.4,-8.3,86,6.8,22.3,0.0,1025.3,0.0,9.0,7.2,44.9,-35.9,19.95,35.9,20.0
2024-04-21T05:00,-4.3,-8.2,85,7.0,23.8,0.0,1024.9,0.0,10.1,7.2,44.9,-34.8,19.95,34.8,22.5
2024-04-21T06:00,-3.9,-8.0,81,7.9,26.6,4.0,1024.7,0.2,15.7,7.2,44.9,-29.0,19.95,29.0,35.4
2024-04-21T07:00,-3.2,-7.4,72,7.8,29.5,14.0,1024.2,0.7,0.0,7.1,44.8,-44.1,19.95,44.1,1.6
2024-04-21T08:00,-2.7,-6.8,72,8.1,33.1,85.0,1024.0,4.2,0.0,7.1,44.8,-40.6,19.95,40.6,9.4
2024-04-21T09:00,-2.1,-6.3,70,8.9,38.2,71.0,1023.5,3.5,0.0,7.0,44.7,-41.2,19.95,41.2,7.8
2024-04-21T10:00,-0.6,-5.4,58,11.7,43.6,71.0,1023.2,3.5,0.0,6.9,44.6,-41.1,19.95,41.1,7.8
2024-04-21T11:00,-0.4,-4.7,71,10.7,45.4,4.0,1022.9,0.2,0.0,6.9,44.6,-44.4,19.95,44.4,0.4
2024-04-21T12:00,0.4,-4.0,85,14.1,50.8,0.0,1022.1,0.0,0.0,6.9,44.6,-44.6,19.95,44.6,0.0
2024-04-21T13:00,0.6,-3.8,86,13.8,48.2,0.0,1022.1,0.0,0.0,6.8,44.5,-44.5,19.95,44.5,0.0
2024-04-21T14:00,1.4,-2.8,87,13.7,49.7,0.0,1021.6,0.0,0.0,6.7,44.4,-44.4,19.95,44.4,0.0
2024-04-21T15:00,1.6,-3.1,86,17.0,59.4,0.0,1021.0,0.0,0.0,6.8,44.5,-44.5,19.95,44.5,0.0
2024-04-21T16:00,1.1,-3.7,85,17.8,62.3,0.0,1020.4,0.0,0.0,6.9,44.6,-44.6,19.95,44.6,0.0
2024-04-21T17:00,0.8,-3.9,84,15.9,61.9,3.0,1019.7,0.1,0.0,6.9,44.6,-44.5,19.95,44.5,0.2
2024-04-21T18:00,0.6,-4.8,83,21.1,67.3,0.0,1019.0,0.0,0.0,7.0,44.7,-44.7,19.95,44.7,0.0
2024-04-21T19:00,0.7,-4.5,83,18.8,67.3,0.0,1018.7,0.0,0.0,7.0,44.7,-44.7,19.95,44.7,0.0
2024-04-21T20:00,0.7,-4.2,83,17.5,61.9,0.0,1018.6,0.0,0.0,6.9,44.6,-44.6,19.95,44.6,0.0
2024-04-21T21:00,0.9,-4.1,84,18.4,62.3,0.0,1018.0,0.0,0.0,6.9,44.6,-44.6,19.95,44.6,0.0
2024-04-21T22:00,1.3,-3.7,85,19.3,65.5,0.0,1017.1,0.0,0.0,6.9,44.6,-44.6,19.95,44.6,0.0
2024-04-21T23:00,1.7,-3.3,87,19.9,67.0,0.0,1016.5,0.0,0.0,6.9,44.6,-44.6,19.95,44.6,0.0
2024-04-22T00:00,2.0,-3.4,86,22.3,70.6,0.0,1016.1,0.0,0.0,6.9,44.6,-44.6,19.95,44.6,0.0
2024-04-22T01:00,1.9,-3.5,84,22.0,73.4,0.0,1016.4,0.0,0.0,6.9,44.6,-44.6,19.95,44.6,0.0
2024-04-22T02:00,2.0,-3.2,86,21.6,69.1,0.0,1016.2,0.0,0.0,6.9,44.6,-44.6,19.95,44.6,0.0
2024-04-22T03:00,2.0,-3.5,86,23.1,70.6,0.0,1016.0,0.0,0.0,6.9,44.6,-44.6,19.95,44.6,0.0
2024-04-22T04:00,2.2,-3.2,85,22.7,70.6,0.0,1016.1,0.0,0.0,6.9,44.6,-44.6,19.95,44.6,0.0
2024-04-22T05:00,2.4,-2.9,84,22.3,70.6,1.0,1016.1,0.0,0.0,6.8,44.5,-44.5,19.95,44.5,0.0
2024-04-22T06:00,2.5,-2.9,84,22.3,69.1,0.0,1016.4,0.0,0.0,6.8,44.5,-44.5,19.95,44.5,0.0
2024-04-22T07:00,2.5,-2.6,84,20.5,68.0,1.0,1016.6,0.0,0.0,6.8,44.5,-44.5,19.95,44.5,0.0
2024-04-22T08:00,2.7,-2.2,81,19.2,64.8,5.0,1017.1,0.2,0.0,6.7,44.4,-44.2,19.95,44.2,0.5
2024-04-22T09:00,2.8,-2.1,79,18.8,60.1,1.0,1017.5,0.0,0.0,6.7,44.4,-44.4,19.95,44.4,0.0
2024-04-22T10:00,2.9,-1.7,79,16.3,58.3,3.0,1017.7,0.1,0.0,6.6,44.3,-44.2,19.95,44.2,0.2
2024-04-22T11:00,2.8,-2.1,80,18.8,55.4,108.0,1018.1,5.3,0.0,6.7,44.4,-39.1,19.95,39.1,11.9
2024-04-22T12:00,2.5,-2.0,85,16.9,55.1,60.0,1018.3,3.0,0.0,6.7,44.4,-41.4,19.95,41.4,6.8
2024-04-22T13:00,2.8,-1.8,82,16.8,51.5,65.0,1018.4,3.2,0.0,6.6,44.3,-41.1,19.95,41.1,7.2
2024-04-22T14:00,2.4,-1.9,82,14.8,50.4,26.0,1018.6,1.3,0.0,6.6,44.3,-43.0,19.95,43.0,2.9
2024-04-22T15:00,1.9,-2.7,81,16.4,47.2,54.0,1018.7,2.7,0.0,6.7,44.4,-41.7,19.95,41.7,6.1
2024-04-22T16:00,1.3,-3.4,81,16.3,47.5,38.0,1019.0,1.9,0.0,6.8,44.5,-42.6,19.95,42.6,4.3
2024-04-22T17:00,0.8,-4.0,79,15.9,46.8,23.0,1019.4,1.1,0.0,6.9,44.6,-43.5,19.95,43.5,2.5
2024-04-22T18:00,0.2,-4.6,80,15.6,46.4,32.0,1019.8,1.6,0.0,6.9,44.6,-43.0,19.95,43.0,3.6
2024-04-22T19:00,-0.2,-4.8,84,14.3,44.3,17.0,1020.1,0.8,0.0,7.0,44.7,-43.9,19.95,43.9,1.8
2024-04-22T20:00,-0.5,-4.9,85,13.6,42.1,4.0,1020.3,0.2,0.0,7.0,44.7,-44.5,19.95,44.5,0.4
2024-04-22T21:00,-1.0,-5.6,82,13.3,42.8,1.0,1020.6,0.1,0.0,7.0,44.7,-44.6,19.95,44.6,0.2
2024-04-22T22:00,-1.7,-6.2,84,12.5,43.2,0.0,1020.9,0.0,0.0,7.1,44.8,-44.8,19.95,44.8,0.0
2024-04-22T23:00,-2.0,-6.8,81,14.3,43.9,0.0,1021.0,0.0,0.0,7.2,44.9,-44.9,19.95,44.9,0.0
2024-04-23T00:00,-2.9,-7.6,82,12.7,45.0,0.0,1021.1,0.0,0.0,7.2,44.9,-44.9,19.95,44.9,0.0
2024-04-23T01:00,-4.3,-8.8,81,10.7,45.0,2.0,1021.2,0.1,0.0,7.4,45.1,-45.0,19.95,45.0,0.2
2024-04-23T02:00,-4.3,-8.7,81,10.0,36.4,3.0,1021.3,0.2,0.0,7.3,45.0,-44.8,19.95,44.8,0.4
2024-04-23T03:00,-3.3,-7.7,85,10.8,36.7,2.0,1021.1,0.1,0.0,7.2,44.9,-44.8,19.95,44.8,0.2
2024-04-23T04:00,-2.8,-6.8,87,8.7,35.6,0.0,1020.9,0.0,0.0,7.1,44.8,-44.8,19.95,44.8,0.0
2024-04-23T05:00,-2.5,-6.4,86,8.1,31.7,0.0,1020.6,0.0,0.0,7.0,44.7,-44.7,19.95,44.7,0.0
2024-04-23T06:00,-2.3,-6.1,87,7.6,30.2,1.0,1020.7,0.1,0.0,7.0,44.7,-44.6,19.95,44.6,0.2
2024-04-23T07:00,-2.1,-6.0,89,8.6,28.4,8.0,1020.6,0.4,0.0,7.0,44.7,-44.3,19.95,44.3,0.9
2024-04-23T08:00,-2.0,-5.6,91,7.2,27.4,13.0,1020.8,0.7,11.2,7.0,44.7,-32.8,19.95,32.8,26.6
2024-04-23T09:00,-1.8,-5.6,89,8.4,24.5,3.0,1020.7,0.2,19.5,7.0,44.7,-25.0,19.95,25.0,44.1
2024-04-23T10:00,-1.4,-5.7,76,11.0,31.3,0.0,1020.6,0.0,0.0,7.0,44.7,-44.7,19.95,44.7,0.0
2024-04-23T11:00,-1.4,-5.6,71,9.3,30.6,10.0,1020.5,0.5,0.0,7.0,44.7,-44.2,19.95,44.2,1.1
2024-04-23T12:00,-1.3,-5.1,71,7.0,23.8,39.0,1020.6,1.9,10.1,6.9,44.6,-32.6,19.95,32.6,26.9
2024-04-23T13:00,-0.7,-4.4,69,6.4,18.4,5.0,1020.5,0.3,7.0,6.8,44.5,-37.2,19.95,37.2,16.4
2024-04-23T14:00,-0.7,-4.4,67,5.8,17.3,0.0,1020.8,0.0,4.6,6.8,44.5,-39.9,19.95,39.9,10.3
2024-04-23T15:00,-0.7,-4.3,65,4.3,15.1,10.0,1020.9,0.5,0.9,6.7,44.4,-43.0,19.95,43.0,3.2
2024-04-23T16:00,-0.8,-4.0,64,1.9,11.5,44.0,1021.0,2.2,0.0,6.7,44.4,-42.2,19.95,42.2,5.0
2024-04-23T17:00,-0.8,-4.0,63,1.3,6.8,33.0,1021.1,1.6,0.0,6.6,44.3,-42.7,19.95,42.7,3.6
2024-04-23T18:00,-1.2,-4.3,75,2.3,6.1,30.0,1021.4,1.5,0.0,6.7,44.4,-42.9,19.95,42.9,3.4
2024-04-23T19:00,-1.2,-4.4,63,1.8,6.1,30.0,1021.4,1.5,0.0,6.7,44.4,-42.9,19.95,42.9,3.4
2024-04-23T20:00,-1.9,-5.1,67,1.5,5.0,25.0,1021.7,1.3,0.0,6.8,44.5,-43.2,19.95,43.2,2.9
2024-04-23T21:00,-2.9,-6.5,72,4.1,7.6,15.0,1021.9,0.8,0.6,7.0,44.7,-43.3,19.95,43.3,3.1
2024-04-23T22:00,-4.0,-7.9,78,5.6,10.4,6.0,1021.9,0.3,3.9,7.1,44.8,-40.6,19.95,40.6,9.4
2024-04-23T23:00,-5.8,-9.8,85,6.6,13.3,3.0,1021.9,0.2,8.0,7.4,45.1,-36.9,19.95,36.9,18.2
2024-04-24T00:00,-7.3,-11.4,91,7.1,13.7,2.0,1021.7,0.1,10.6,7.6,45.3,-34.6,19.95,34.6,23.6
2024-04-24T01:00,-6.0,-9.8,85,5.4,15.1,2.0,1021.6,0.1,3.3,7.4,45.1,-41.7,19.95,41.7,7.5
2024-04-24T02:00,-5.1,-8.9,81,5.0,10.1,5.0,1021.6,0.3,2.2,7.2,44.9,-42.4,19.95,42.4,5.6
2024-04-24T03:00,-5.2,-9.0,80,4.8,10.4,9.0,1021.3,0.5,1.7,7.2,44.9,-42.7,19.95,42.7,4.9
2024-04-24T04:00,-5.3,-9.1,79,5.2,11.9,18.0,1021.0,0.9,2.7,7.3,45.0,-41.4,19.95,41.4,8.0
2024-04-24T05:00,-4.6,-8.4,79,4.8,12.6,53.0,1021.0,2.7,1.7,7.2,44.9,-40.5,19.95,40.5,9.8
2024-04-24T06:00,-2.9,-6.3,78,3.6,12.6,45.0,1021.1,2.3,0.2,6.9,44.6,-42.1,19.95,42.1,5.6
2024-04-24T07:00,-2.0,-5.3,74,2.5,10.8,77.0,1020.8,3.8,0.0,6.8,44.5,-40.7,19.95,40.7,8.5
2024-04-24T08:00,-1.4,-4.5,78,2.6,9.0,142.0,1021.0,7.0,0.0,6.7,44.4,-37.4,19.95,37.4,15.8
2024-04-24T09:00,-1.2,-4.4,78,3.7,10.8,293.0,1020.9,14.2,0.2,6.8,44.5,-30.1,19.95,30.1,32.4
2024-04-24T10:00,-0.7,-4.2,72,4.9,14.4,221.0,1020.9,10.8,2.0,6.7,44.4,-31.6,19.95,31.6,28.8
2024-04-24T11:00,-0.4,-4.0,67,5.2,15.1,145.0,1020.8,7.1,2.7,6.7,44.4,-34.6,19.95,34.6,22.1
2024-04-24T12:00,-0.2,-3.8,64,5.2,15.1,160.0,1020.7,7.9,2.7,6.7,44.4,-33.8,19.95,33.8,23.9
2024-04-24T13:00,-0.3,-3.8,64,4.0,13.0,333.0,1020.9,16.0,0.5,6.7,44.4,-27.9,19.95,27.9,37.2
2024-04-24T14:00,-0.3,-3.8,64,4.0,12.6,305.0,1021.0,14.7,0.5,6.7,44.4,-29.2,19.95,29.2,34.2
2024-04-24T15:00,-0.4,-4.0,65,4.7,14.0,259.0,1021.1,12.6,1.5,6.7,44.4,-30.3,19.95,30.3,31.8
2024-04-24T16:00,-0.9,-4.2,75,4.3,14.4,212.0,1021.2,10.4,0.9,6.7,44.4,-33.1,19.95,33.1,25.5
2024-04-24T17:00,-1.4,-5.0,68,4.3,14.8,163.0,1021.4,8.0,0.9,6.8,44.5,-35.6,19.95,35.6,20.0
2024-04-24T18:00,-1.0,-4.6,63,4.4,16.2,115.0,1021.6,5.7,1.0,6.8,44.5,-37.8,19.95,37.8,15.1
2024-04-24T19:00,-1.7,-5.3,67,4.5,17.3,72.0,1021.8,3.6,1.2,6.8,44.5,-39.7,19.95,39.7,10.8
2024-04-24T20:00,-2.5,-6.1,70,4.6,17.6,39.0,1022.1,2.0,1.3,6.9,44.6,-41.3,19.95,41.3,7.4
2024-04-24T21:00,-3.6,-7.3,76,5.0,17.6,18.0,1022.4,0.9,2.2,7.1,44.8,-41.7,19.95,41.7,6.9
2024-04-24T22:00,-4.6,-8.4,81,5.9,17.6,8.0,1022.7,0.4,5.0,7.2,44.9,-39.5,19.95,39.5,12.0
2024-04-24T23:00,-5.0,-9.0,85,6.5,18.0,4.0,1022.7,0.2,7.5,7.3,45.0,-37.3,19.95,37.3,17.1
2024-04-25T00:00,-5.1,-9.0,86,6.3,18.0,5.0,1022.7,0.3,6.6,7.3,45.0,-38.1,19.95,38.1,15.3
2024-04-25T01:00,-5.1,-9.0,87,6.5,20.5,9.0,1022.9,0.5,7.5,7.3,45.0,-37.0,19.95,37.0,17.8
2024-04-25T02:00,-4.8,-8.7,87,6.4,19.4,21.0,1023.2,1.1,7.0,7.3,45.0,-36.9,19.95,36.9,18.0
2024-04-25T03:00,-5.0,-8.9,86,6.5,20.2,44.0,1023.3,2.2,7.5,7.3,45.0,-35.3,19.95,35.3,21.6
2024-04-25T04:00,-5.2,-9.2,86,6.5,20.5,80.0,1023.4,4.0,7.5,7.3,45.0,-33.5,19.95,33.5,25.6
2024-04-25T05:00,-5.4,-9.3,86,6.5,21.6,122.0,1023.5,6.1,7.5,7.3,45.0,-31.4,19.95,31.4,30.2
2024-04-25T06:00,-4.7,-8.5,86,6.0,21.6,176.0,1023.7,8.8,5.4,7.2,44.9,-30.7,19.95,30.7,31.6
2024-04-25T07:00,-3.4,-7.0,86,5.5,20.9,227.0,1023.7,11.2,3.6,7.1,44.8,-30.0,19.95,30.0,33.0
2024-04-25T08:00,-2.0,-5.4,79,4.2,19.8,274.0,1023.7,13.4,0.7,6.9,44.6,-30.5,19.95,30.5,31.6
2024-04-25T09:00,-1.2,-4.3,79,3.0,17.6,314.0,1023.8,15.2,0.0,6.7,44.4,-29.2,19.95,29.2,34.2
2024-04-25T10:00,-0.4,-3.4,76,1.9,15.5,339.0,1023.8,16.3,0.0,6.6,44.3,-28.0,19.95,28.0,36.8
2024-04-25T11:00,0.0,-3.1,71,2.8,14.0,353.0,1023.9,17.0,0.0,6.6,44.3,-27.3,19.95,27.3,38.4
2024-04-25T12:00,0.2,-3.1,70,3.9,14.8,351.0,1023.9,16.8,0.4,6.6,44.3,-27.1,19.95,27.1,38.8
2024-04-25T13:00,-0.3,-3.6,76,4.4,14.8,339.0,1023.9,16.3,1.0,6.7,44.4,-27.1,19.95,27.1,39.0
2024-04-25T14:00,-0.0,-3.3,74,4.0,15.1,310.0,1023.8,15.0,0.5,6.6,44.3,-28.8,19.95,28.8,35.0
2024-04-25T15:00,0.1,-3.2,73,3.9,15.1,269.0,1023.8,13.0,0.4,6.6,44.3,-30.9,19.95,30.9,30.2
2024-04-25T16:00,-0.2,-3.4,79,4.0,15.8,222.0,1023.7,10.8,0.5,6.7,44.4,-33.1,19.95,33.1,25.5
2024-04-25T17:00,-0.9,-4.3,74,4.3,16.2,171.0,1023.7,8.4,0.9,6.7,44.4,-35.1,19.95,35.1,20.9
2024-04-25T18:00,-1.2,-4.8,69,4.9,17.6,122.0,1023.7,6.0,2.0,6.8,44.5,-36.5,19.95,36.5,18.0
2024-04-25T19:00,-1.0,-4.7,66,5.2,18.4,79.0,1023.7,3.9,2.7,6.8,44.5,-37.9,19.95,37.9,14.8
2024-04-25T20:00,-1.8,-5.5,68,5.2,18.4,45.0,1023.9,2.3,2.7,6.9,44.6,-39.6,19.95,39.6,11.2
2024-04-25T21:00,-3.0,-6.9,74,6.0,18.0,23.0,1023.9,1.2,5.4,7.0,44.7,-38.1,19.95,38.1,14.8
2024-04-25T22:00,-5.5,-9.6,82,6.9,18.4,11.0,1024.1,0.6,9.5,7.4,45.1,-35.0,19.95,35.0,22.4
2024-04-25T23:00,-7.8,-12.2,89,7.9,19.4,6.0,1023.9,0.3,15.7,7.7,45.4,-29.4,19.95,29.4,35.2
2024-04-26T00:00,-9.0,-13.5,91,8.4,19.1,6.0,1023.8,0.3,19.5,7.8,45.5,-25.7,19.95,25.7,43.5
2024-04-26T01:00,-8.6,-13.1,90,8.2,21.6,10.0,1023.9,0.5,17.9,7.8,45.5,-27.1,19.95,27.1,40.4
2024-04-26T02:00,-9.9,-14.5,92,8.9,19.8,16.0,1024.0,0.8,23.7,8.0,45.7,-21.2,19.95,21.2,53.6
2024-04-26T03:00,-9.8,-14.6,91,10.3,20.9,22.0,1024.1,1.1,37.9,8.0,45.7,-6.7,19.95,6.7,85.3
2024-04-26T04:00,-9.9,-14.7,90,10.0,20.9,39.0,1024.2,2.0,34.5,8.0,45.7,-9.2,19.95,9.2,79.9
2024-04-26T05:00,-8.6,-13.1,87,8.9,20.2,69.0,1024.4,3.5,23.7,7.8,45.5,-18.3,19.95,18.3,59.8
2024-04-26T06:00,-7.0,-11.4,86,8.1,18.0,103.0,1024.6,5.2,17.2,7.6,45.3,-22.9,19.95,22.9,49.4
2024-04-26T07:00,-4.9,-8.8,84,6.4,16.2,177.0,1024.8,8.8,7.0,7.3,45.0,-29.2,19.95,29.2,35.1
2024-04-26T08:00,-2.8,-6.2,83,4.0,13.3,245.0,1025.1,12.0,0.5,6.9,44.6,-32.1,19.95,32.1,28.0
2024-04-26T09:00,-1.7,-4.9,79,3.1,9.4,290.0,1025.3,14.1,0.0,6.8,44.5,-30.4,19.95,30.4,31.7
2024-04-26T10:00,-1.2,-4.3,81,2.9,7.9,337.0,1025.5,16.3,0.0,6.7,44.4,-28.1,19.95,28.1,36.7
2024-04-26T11:00,-1.1,-4.4,83,4.2,10.1,351.0,1025.5,16.9,0.7,6.8,44.5,-26.9,19.95,26.9,39.6
2024-04-26T12:00,-1.0,-4.3,84,4.5,10.4,348.0,1025.6,16.8,1.2,6.8,44.5,-26.5,19.95,26.5,40.4
2024-04-26T13:00,-1.1,-4.4,87,5.3,12.6,235.0,1026.0,11.5,3.0,6.8,44.5,-30.0,19.95,30.0,32.6
2024-04-26T14:00,-1.4,-4.7,89,4.9,12.6,219.0,1026.0,10.7,2.0,6.8,44.5,-31.8,19.95,31.8,28.5
2024-04-26T15:00,-1.7,-4.7,91,3.6,11.9,188.0,1026.1,9.3,0.2,6.8,44.5,-35.0,19.95,35.0,21.3
2024-04-26T16:00,-1.7,-4.5,92,2.1,9.0,151.0,1026.0,7.5,0.0,6.8,44.5,-37.0,19.95,37.0,16.9
2024-04-26T17:00,-1.9,-4.6,92,1.6,6.1,130.0,1025.8,6.4,0.0,6.8,44.5,-38.1,19.95,38.1,14.4
2024-04-26T18:00,-2.1,-4.9,91,1.5,4.7,94.0,1025.8,4.7,0.0,6.8,44.5,-39.8,19.95,39.8,10.6
2024-04-26T19:00,-2.4,-5.2,93,1.8,4.0,60.0,1025.8,3.0,0.0,6.8,44.5,-41.5,19.95,41.5,6.7
2024-04-26T20:00,-2.7,-5.6,94,2.2,5.0,33.0,1025.9,1.7,0.0,6.9,44.6,-42.9,19.95,42.9,3.8
2024-04-26T21:00,-3.6,-6.8,97,3.6,7.6,6.0,1026.0,0.3,0.2,7.0,44.7,-44.2,19.95,44.2,1.1
2024-04-26T22:00,-5.6,-9.2,95,4.8,10.4,2.0,1026.1,0.1,1.7,7.3,45.0,-43.2,19.95,43.2,4.0
2024-04-26T23:00,-5.9,-9.7,95,6.2,13.0,1.0,1026.1,0.1,6.2,7.4,45.1,-38.8,19.95,38.8,14.0
2024-04-27T00:00,-6.1,-10.0,96,6.4,14.4,0.0,1025.9,0.0,7.0,7.4,45.1,-38.1,19.95,38.1,15.5
2024-04-27T01:00,-6.2,-10.0,95,5.3,11.9,1.0,1026.2,0.1,3.0,7.4,45.1,-42.0,19.95,42.0,6.9
2024-04-27T02:00,-6.5,-10.4,94,6.0,13.0,2.0,1026.2,0.1,5.4,7.4,45.1,-39.6,19.95,39.6,12.2
2024-04-27T03:00,-6.4,-10.3,94,6.1,13.0,8.0,1026.1,0.4,5.8,7.4,45.1,-38.9,19.95,38.9,13.7
2024-04-27T04:00,-5.8,-9.5,95,4.9,13.0,8.0,1026.1,0.4,2.0,7.3,45.0,-42.6,19.95,42.6,5.3
2024-04-27T05:00,-4.9,-8.3,95,3.6,11.5,19.0,1026.1,1.0,0.2,7.2,44.9,-43.7,19.95,43.7,2.7
2024-04-27T06:00,-4.1,-7.4,95,3.4,10.4,49.0,1026.1,2.5,0.1,7.1,44.8,-42.2,19.95,42.2,5.8
2024-04-27T07:00,-3.6,-6.8,92,3.6,11.5,88.0,1026.0,4.4,0.2,7.0,44.7,-40.1,19.95,40.1,10.3
2024-04-27T08:00,-3.2,-6.5,90,4.0,12.6,79.0,1026.2,4.0,0.5,7.0,44.7,-40.2,19.95,40.2,10.1
2024-04-27T09:00,-2.4,-5.9,84,5.2,15.5,192.0,1026.2,9.5,2.7,6.9,44.6,-32.4,19.95,32.4,27.4
2024-04-27T10:00,-1.8,-5.6,80,6.8,18.7,227.0,1026.3,11.1,9.0,6.9,44.6,-24.5,19.95,24.5,45.1
2024-04-27T11:00,-1.6,-5.3,83,7.6,22.0,103.0,1026.4,5.1,13.7,6.9,44.6,-25.8,19.95,25.8,42.2
2024-04-27T12:00,-1.4,-5.0,86,7.2,21.6,49.0,1026.4,2.4,11.2,6.9,44.6,-31.0,19.95,31.0,30.5
2024-04-27T13:00,-2.0,-5.4,87,5.8,17.6,36.0,1026.8,1.8,4.6,6.9,44.6,-38.2,19.95,38.2,14.3
2024-04-27T14:00,-1.6,-5.1,89,6.2,19.1,20.0,1026.5,1.0,6.2,6.9,44.6,-37.4,19.95,37.4,16.1
2024-04-27T15:00,-1.3,-4.9,89,6.9,20.5,2.0,1026.2,0.1,9.5,6.9,44.6,-35.0,19.95,35.0,21.5
2024-04-27T16:00,-1.2,-4.8,88,7.6,22.3,6.0,1026.1,0.3,13.7,6.9,44.6,-30.6,19.95,30.6,31.4
2024-04-27T17:00,-1.2,-4.9,89,8.3,24.1,1.0,1026.0,0.1,18.7,6.9,44.6,-25.8,19.95,25.8,42.2
2024-04-27T18:00,-1.4,-5.1,87,8.3,24.5,1.0,1026.1,0.1,18.7,6.9,44.6,-25.8,19.95,25.8,42.2
2024-04-27T19:00,-1.5,-5.2,88,7.4,24.5,0.0,1026.0,0.0,12.4,6.9,44.6,-32.2,19.95,32.2,27.8
2024-04-27T20:00,-1.5,-5.1,88,6.6,22.7,0.0,1026.0,0.0,8.0,6.9,44.6,-36.6,19.95,36.6,17.9
2024-04-27T21:00,-1.5,-5.1,88,7.2,23.4,0.0,1025.7,0.0,11.2,6.9,44.6,-33.4,19.95,33.4,25.1
2024-04-27T22:00,-1.4,-4.9,88,6.8,23.8,1.0,1025.5,0.1,9.0,6.9,44.6,-35.5,19.95,35.5,20.4
2024-04-27T23:00,-1.4,-5.0,89,7.4,25.2,0.0,1025.3,0.0,12.4,6.9,44.6,-32.2,19.95,32.2,27.8
2024-04-28T00:00,-1.4,-5.0,89,7.4,25.6,0.0,1025.1,0.0,12.4,6.9,44.6,-32.2,19.95,32.2,27.8
2024-04-28T01:00,-1.2,-5.0,90,8.8,29.2,0.0,1024.9,0.0,0.0,6.9,44.6,-44.6,19.95,44.6,0.0
2024-04-28T02:00,-1.2,-4.8,92,8.4,28.8,0.0,1024.8,0.0,0.0,6.9,44.6,-44.6,19.95,44.6,0.0
2024-04-28T03:00,-1.1,-4.8,93,8.8,28.8,0.0,1024.6,0.0,0.0,6.9,44.6,-44.6,19.95,44.6,0.0
2024-04-28T04:00,-0.9,-4.5,94,8.8,28.4,0.0,1024.1,0.0,0.0,6.9,44.6,-44.6,19.95,44.6,0.0
2024-04-28T05:00,-0.6,-4.1,94,8.5,27.7,0.0,1024.0,0.0,20.3,6.8,44.5,-24.2,19.95,24.2,45.6
2024-04-28T06:00,-0.2,-3.8,93,9.1,28.4,0.0,1024.0,0.0,0.0,6.8,44.5,-44.5,19.95,44.5,0.0
2024-04-28T07:00,0.0,-3.6,94,9.7,29.9,1.0,1023.8,0.0,0.0,6.8,44.5,-44.5,19.95,44.5,0.0
2024-04-28T08:00,0.3,-3.7,93,11.9,34.9,0.0,1023.9,0.0,0.0,6.8,44.5,-44.5,19.95,44.5,0.0
2024-04-28T09:00,0.5,-3.5,90,11.5,35.6,6.0,1023.8,0.3,0.0,6.8,44.5,-44.2,19.95,44.2,0.7
2024-04-28T10:00,0.5,-3.4,90,11.3,33.8,40.0,1023.8,2.0,0.0,6.8,44.5,-42.5,19.95,42.5,4.5
2024-04-28T11:00,0.6,-3.5,87,12.3,34.6,29.0,1023.9,1.4,0.0,6.8,44.5,-43.1,19.95,43.1,3.1
2024-04-28T12:00,0.5,-3.4,90,11.7,34.6,18.0,1023.9,0.9,0.0,6.8,44.5,-43.6,19.95,43.6,2.0
2024-04-28T13:00,0.5,-3.2,89,9.8,27.0,5.0,1024.0,0.2,32.4,6.7,44.4,-11.8,19.95,11.8,73.4
2024-04-28T14:00,0.7,-3.0,89,10.0,28.1,43.0,1023.8,2.1,0.0,6.7,44.4,-42.3,19.95,42.3,4.7
2024-04-28T15:00,0.6,-3.1,87,10.0,28.4,9.0,1023.7,0.4,0.0,6.7,44.4,-44.0,19.95,44.0,0.9
2024-04-28T16:00,0.6,-3.2,87,10.7,30.2,9.0,1023.5,0.4,0.0,6.8,44.5,-44.1,19.95,44.1,0.9
2024-04-28T17:00,0.5,-3.3,88,10.0,29.9,2.0,1023.5,0.1,0.0,6.7,44.4,-44.3,19.95,44.3,0.2
2024-04-28T18:00,0.5,-3.2,89,9.5,29.5,10.0,1023.3,0.5,0.0,6.7,44.4,-43.9,19.95,43.9,1.1
2024-04-28T19:00,0.4,-3.1,92,8.8,29.2,0.0,1023.1,0.0,0.0,6.7,44.4,-44.4,19.95,44.4,0.0
2024-04-28T20:00,0.5,-3.2,90,9.7,30.6,0.0,1023.1,0.0,0.0,6.7,44.4,-44.4,19.95,44.4,0.0
2024-04-28T21:00,0.2,-3.4,91,9.7,31.7,1.0,1023.0,0.0,0.0,6.8,44.5,-44.5,19.95,44.5,0.0
2024-04-28T22:00,-0.1,-3.5,94,8.2,31.0,1.0,1023.0,0.0,0.0,6.8,44.5,-44.5,19.95,44.5,0.0
2024-04-28T23:00,-0.1,-3.6,95,8.7,29.5,0.0,1022.8,0.0,0.0,6.8,44.5,-44.5,19.95,44.5,0.0
2024-04-29T00:00,-0.1,-3.5,95,8.1,28.8,0.0,1022.6,0.0,0.0,6.8,44.5,-44.5,19.95,44.5,0.0
2024-04-29T01:00,-0.0,-3.2,95,6.7,25.9,0.0,1022.5,0.0,8.5,6.7,44.4,-35.9,19.95,35.9,19.1
2024-04-29T02:00,-0.1,-3.4,98,7.3,27.4,0.0,1022.5,0.0,11.8,6.7,44.4,-32.6,19.95,32.6,26.6
2024-04-29T03:00,-0.0,-3.5,97,9.0,29.9,0.0,1022.3,0.0,0.0,6.8,44.5,-44.5,19.95,44.5,0.0
2024-04-29T04:00,0.1,-3.4,94,9.0,30.6,0.0,1022.2,0.0,0.0,6.8,44.5,-44.5,19.95,44.5,0.0
2024-04-29T05:00,0.1,-3.4,95,9.0,28.8,0.0,1022.2,0.0,0.0,6.8,44.5,-44.5,19.95,44.5,0.0
2024-04-29T06:00,0.2,-3.3,95,9.0,28.4,0.0,1022.1,0.0,0.0,6.8,44.5,-44.5,19.95,44.5,0.0
2024-04-29T07:00,0.3,-3.2,93,9.0,27.0,1.0,1022.1,0.0,24.6,6.7,44.4,-19.8,19.95,19.8,55.4
2024-04-29T08:00,0.4,-3.2,90,9.7,27.0,12.0,1022.2,0.6,31.3,6.7,44.4,-12.5,19.95,12.5,71.8
2024-04-29T09:00,0.4,-3.2,90,9.0,26.3,13.0,1022.3,0.6,24.6,6.7,44.4,-19.2,19.95,19.2,56.8
2024-04-29T10:00,0.4,-3.1,89,8.4,24.8,29.0,1022.4,1.4,19.5,6.7,44.4,-23.5,19.95,23.5,47.1
2024-04-29T11:00,0.3,-3.1,90,8.0,23.0,36.0,1022.4,1.8,16.5,6.7,44.4,-26.1,19.95,26.1,41.2
2024-04-29T12:00,0.3,-3.1,89,8.0,22.7,46.0,1022.3,2.3,16.5,6.7,44.4,-25.6,19.95,25.6,42.3
2024-04-29T13:00,0.6,-2.6,90,6.4,18.0,26.0,1022.3,1.3,7.0,6.6,44.3,-36.0,19.95,36.0,18.7
2024-04-29T14:00,0.6,-2.7,90,6.9,18.7,26.0,1022.3,1.3,9.5,6.6,44.3,-33.5,19.95,33.5,24.4
2024-04-29T15:00,0.6,-2.6,89,6.6,18.7,32.0,1022.1,1.6,8.0,6.6,44.3,-34.7,19.95,34.7,21.7
2024-04-29T16:00,0.5,-2.7,89,6.9,19.1,18.0,1022.0,0.9,9.5,6.7,44.4,-34.0,19.95,34.0,23.4
2024-04-29T17:00,0.4,-2.9,91,7.6,20.2,17.0,1021.7,0.8,13.7,6.7,44.4,-29.9,19.95,29.9,32.7
2024-04-29T18:00,0.3,-3.2,91,8.0,21.2,7.0,1021.6,0.3,16.5,6.7,44.4,-27.6,19.95,27.6,37.8
2024-04-29T19:00,0.2,-3.2,91,7.7,21.2,4.0,1021.7,0.2,14.4,6.7,44.4,-29.8,19.95,29.8,32.9
2024-04-29T20:00,-0.1,-3.3,91,6.6,20.9,2.0,1021.7,0.1,8.0,6.7,44.4,-36.3,19.95,36.3,18.2
2024-04-29T21:00,-0.3,-3.6,91,6.6,19.8,1.0,1021.6,0.0,8.0,6.7,44.4,-36.4,19.95,36.4,18.0
2024-04-29T22:00,-0.6,-3.9,92,6.8,19.4,1.0,1021.6,0.1,9.0,6.8,44.5,-35.4,19.95,35.4,20.4
2024-04-29T23:00,-0.8,-4.2,93,7.0,19.1,1.0,1021.5,0.1,10.1,6.8,44.5,-34.3,19.95,34.3,22.9
2024-04-30T00:00,-1.0,-4.5,94,7.3,19.8,1.0,1021.3,0.1,11.8,6.8,44.5,-32.6,19.95,32.6,26.7
2024-04-30T01:00,-1.6,-5.0,96,7.1,20.5,1.0,1021.5,0.1,10.6,6.9,44.6,-33.9,19.95,33.9,24.0
2024-04-30T02:00,-1.5,-4.9,95,7.3,22.0,2.0,1021.5,0.1,11.8,6.9,44.6,-32.7,19.95,32.7,26.7
2024-04-30T03:00,-1.3,-5.0,95,8.9,24.5,2.0,1021.3,0.1,23.7,6.9,44.6,-20.8,19.95,20.8,53.4
2024-04-30T04:00,-1.1,-4.8,94,9.1,25.2,3.0,1021.1,0.2,25.5,6.9,44.6,-18.9,19.95,18.9,57.6
2024-04-30T05:00,-0.8,-4.6,93,9.5,26.3,5.0,1020.9,0.3,29.3,6.9,44.6,-15.0,19.95,15.0,66.4
2024-04-30T06:00,-0.5,-4.2,92,9.4,26.6,7.0,1020.9,0.3,28.3,6.8,44.5,-15.9,19.95,15.9,64.3
2024-04-30T07:00,-0.2,-3.9,91,9.1,26.6,9.0,1020.7,0.4,25.5,6.8,44.5,-18.6,19.95,18.6,58.2
2024-04-30T08:00,-0.0,-3.6,92,9.1,26.6,4.0,1020.7,0.2,25.5,6.8,44.5,-18.8,19.95,18.8,57.8
2024-04-30T09:00,0.2,-3.6,94,10.5,30.2,4.0,1020.8,0.2,0.0,6.8,44.5,-44.3,19.95,44.3,0.4
2024-04-30T10:00,0.4,-3.5,91,11.5,32.0,14.0,1021.0,0.7,0.0,6.8,44.5,-43.8,19.95,43.8,1.6
2024-04-30T11:00,0.5,-3.3,90,10.1,32.0,42.0,1021.0,2.1,0.0,6.7,44.4,-42.3,19.95,42.3,4.7
2024-04-30T12:00,0.5,-3.2,89,10.1,30.2,32.0,1021.0,1.6,0.0,6.7,44.4,-42.8,19.95,42.8,3.6
2024-04-30T13:00,0.8,-3.1,84,10.7,29.5,56.0,1021.3,2.8,0.0,6.7,44.4,-41.6,19.95,41.6,6.3
2024-04-30T14:00,1.0,-3.3,83,13.6,37.1,36.0,1021.2,1.8,0.0,6.8,44.5,-42.7,19.95,42.7,4.0
2024-04-30T15:00,1.0,-3.3,83,13.1,38.2,51.0,1021.3,2.5,0.0,6.8,44.5,-42.0,19.95,42.0,5.6
2024-04-30T16:00,0.9,-3.3,84,12.7,36.0,20.0,1021.3,1.0,0.0,6.8,44.5,-43.5,19.95,43.5,2.2
2024-04-30T17:00,0.7,-3.0,86,9.8,33.1,14.0,1021.1,0.7,0.0,6.7,44.4,-43.7,19.95,43.7,1.6
2024-04-30T18:00,0.7,-2.9,87,8.8,25.9,4.0,1021.2,0.2,22.8,6.7,44.4,-21.4,19.95,21.4,51.8
2024-04-30T19:00,0.5,-2.7,88,6.7,23.4,4.0,1021.5,0.2,8.5,6.7,44.4,-35.7,19.95,35.7,19.6
2024-04-30T20:00,0.4,-2.6,88,4.7,19.1,0.0,1021.6,0.0,1.5,6.6,44.3,-42.8,19.95,42.8,3.4
2024-04-30T21:00,0.3,-2.5,89,3.9,14.8,1.0,1021.9,0.0,0.4,6.6,44.3,-43.9,19.95,43.9,0.9
2024-04-30T22:00,0.3,-2.5,89,3.8,12.6,1.0,1022.1,0.0,0.3,6.6,44.3,-44.0,19.95,44.0,0.7
2024-04-30T23:00,0.4,-2.4,87,3.1,11.5,1.0,1022.3,0.0,0.0,6.6,44.3,-44.3,19.95,44.3,0.0
2024-05-01T00:00,0.4,-2.4,84,2.7,9.7,0.0,1022.5,0.0,0.0,6.6,44.3,-44.3,19.95,44.3,0.0
2024-05-01T01:00,0.4,-2.5,83,2.9,9.7,0.0,1022.9,0.0,0.0,6.6,44.3,-44.3,19.95,44.3,0.0
2024-05-01T02:00,0.5,-2.2,83,2.2,8.6,0.0,1023.3,0.0,0.0,6.5,44.2,-44.2,19.95,44.2,0.0
2024-05-01T03:00,0.5,-2.2,84,2.6,7.6,1.0,1023.6,0.0,0.0,6.5,44.2,-44.2,19.95,44.2,0.0
2024-05-01T04:00,0.4,-2.4,88,3.8,10.1,0.0,1023.7,0.0,0.3,6.6,44.3,-44.0,19.95,44.0,0.7
2024-05-01T05:00,0.4,-2.6,92,5.0,13.3,3.0,1024.1,0.1,2.2,6.6,44.3,-42.0,19.95,42.0,5.2
2024-05-01T06:00,0.7,-2.4,86,5.2,14.0,1.0,1024.5,0.0,2.7,6.6,44.3,-41.6,19.95,41.6,6.1
2024-05-01T07:00,1.0,-2.1,77,4.8,14.0,3.0,1024.8,0.1,1.7,6.5,44.2,-42.4,19.95,42.4,4.1
2024-05-01T08:00,1.2,-2.1,74,5.5,14.8,16.0,1025.5,0.8,3.6,6.5,44.2,-39.8,19.95,39.8,10.0
2024-05-01T09:00,1.2,-2.0,74,5.0,15.5,5.0,1026.2,0.2,2.2,6.5,44.2,-41.8,19.95,41.8,5.4
2024-05-01T10:00,1.2,-2.1,74,4.9,14.8,8.0,1026.7,0.4,2.0,6.5,44.2,-41.8,19.95,41.8,5.4
2024-05-01T11:00,1.2,-1.9,73,4.0,14.4,7.0,1027.0,0.3,0.5,6.5,44.2,-43.4,19.95,43.4,1.8
2024-05-01T12:00,1.3,-1.8,73,4.0,12.6,14.0,1027.2,0.7,0.5,6.5,44.2,-43.0,19.95,43.0,2.7
2024-05-01T13:00,1.3,-1.7,76,3.3,9.4,4.0,1027.9,0.2,0.0,6.5,44.2,-44.0,19.95,44.0,0.5
2024-05-01T14:00,1.1,-2.0,79,4.3,11.9,2.0,1028.1,0.1,0.9,6.5,44.2,-43.2,19.95,43.2,2.3
2024-05-01T15:00,1.0,-2.1,79,4.4,12.2,4.0,1028.3,0.2,1.0,6.5,44.2,-43.0,19.95,43.0,2.7
2024-05-01T16:00,0.9,-2.1,80,3.8,11.5,8.0,1028.5,0.4,0.3,6.5,44.2,-43.5,19.95,43.5,1.6
2024-05-01T17:00,0.6,-2.3,81,3.5,10.4,2.0,1028.8,0.1,0.1,6.6,44.3,-44.1,19.95,44.1,0.5
2024-05-01T18:00,0.3,-2.5,82,3.0,9.7,0.0,1029.0,0.0,0.0,6.6,44.3,-44.3,19.95,44.3,0.0
2024-05-01T19:00,0.0,-2.7,84,2.2,8.3,0.0,1029.4,0.0,0.0,6.6,44.3,-44.3,19.95,44.3,0.0
2024-05-01T20:00,-0.3,-3.1,84,2.1,6.1,0.0,1029.8,0.0,0.0,6.6,44.3,-44.3,19.95,44.3,0.0
2024-05-01T21:00,-0.6,-3.4,85,2.3,6.1,0.0,1030.2,0.0,0.0,6.7,44.4,-44.4,19.95,44.4,0.0
2024-05-01T22:00,-0.9,-3.7,87,1.9,5.8,0.0,1030.2,0.0,0.0,6.7,44.4,-44.4,19.95,44.4,0.0
2024-05-01T23:00,-1.2,-3.9,89,1.4,5.0,0.0,1030.4,0.0,0.0,6.7,44.4,-44.4,19.95,44.4,0.0
2024-05-02T00:00,-1.4,-4.0,90,0.8,5.4,0.0,1030.5,0.0,0.0,6.7,44.4,-44.4,19.95,44.4,0.0
2024-05-02T01:00,-1.5,-4.4,90,2.6,7.9,0.0,1030.2,0.0,0.0,6.8,44.5,-44.5,19.95,44.5,0.0
2024-05-02T02:00,-2.1,-5.4,86,4.6,12.6,7.0,1030.4,0.4,1.3,6.9,44.6,-42.9,19.95,42.9,3.8
2024-05-02T03:00,-2.8,-6.5,83,6.4,16.9,13.0,1030.5,0.7,7.0,7.0,44.7,-37.0,19.95,37.0,17.2
2024-05-02T04:00,-3.3,-7.3,83,7.4,19.4,48.0,1030.7,2.4,12.4,7.1,44.8,-30.0,19.95,30.0,33.0
2024-05-02T05:00,-3.5,-7.3,84,6.6,19.4,65.0,1030.7,3.3,8.0,7.1,44.8,-33.5,19.95,33.5,25.2
2024-05-02T06:00,-3.4,-7.2,84,6.1,18.4,75.0,1030.6,3.8,5.8,7.1,44.8,-35.2,19.95,35.2,21.4
2024-05-02T07:00,-3.1,-6.7,82,5.4,16.6,133.0,1030.4,6.6,3.3,7.0,44.7,-34.8,19.95,34.8,22.1
2024-05-02T08:00,-2.8,-6.3,80,4.1,15.1,143.0,1030.4,7.1,0.6,7.0,44.7,-37.0,19.95,37.0,17.2
2024-05-02T09:00,-2.5,-5.8,80,3.4,12.6,218.0,1030.3,10.7,0.1,6.9,44.6,-33.8,19.95,33.8,24.2
2024-05-02T10:00,-2.3,-5.6,80,2.9,11.5,197.0,1030.2,9.7,0.0,6.9,44.6,-34.9,19.95,34.9,21.7
2024-05-02T11:00,-2.2,-5.3,80,2.2,10.4,216.0,1029.9,10.6,0.0,6.8,44.5,-33.9,19.95,33.9,23.8
2024-05-02T12:00,-2.1,-5.0,80,1.0,8.6,167.0,1029.7,8.2,0.0,6.8,44.5,-36.3,19.95,36.3,18.4
2024-05-02T13:00,-1.8,-5.3,75,4.9,15.8,282.0,1029.6,13.7,2.0,6.9,44.6,-28.9,19.95,28.9,35.2
2024-05-02T14:00,-1.7,-5.1,75,3.6,13.7,222.0,1029.2,10.9,0.2,6.8,44.5,-33.4,19.95,33.4,24.9
2024-05-02T15:00,-1.7,-4.9,75,2.3,11.2,192.0,1028.9,9.4,0.0,6.8,44.5,-35.1,19.95,35.1,21.1
2024-05-02T16:00,-1.8,-4.9,76,1.5,9.0,186.0,1028.5,9.2,0.0,6.8,44.5,-35.3,19.95,35.3,20.7
2024-05-02T17:00,-2.0,-4.9,77,0.7,7.2,146.0,1028.2,7.2,0.0,6.8,44.5,-37.3,19.95,37.3,16.2
2024-05-02T18:00,-2.1,-5.1,78,1.1,5.4,85.0,1027.8,4.2,0.0,6.8,44.5,-40.3,19.95,40.3,9.4
2024-05-02T19:00,-2.3,-5.3,80,1.8,5.8,47.0,1027.7,2.4,0.0,6.8,44.5,-42.1,19.95,42.1,5.4
2024-05-02T20:00,-2.5,-5.6,81,2.3,6.1,22.0,1027.5,1.1,0.0,6.9,44.6,-43.5,19.95,43.5,2.5
2024-05-02T21:00,-2.9,-6.0,86,1.9,6.1,13.0,1027.3,0.7,0.0,6.9,44.6,-43.9,19.95,43.9,1.6
2024-05-02T22:00,-3.1,-6.1,85,1.4,5.0,8.0,1027.1,0.4,0.0,6.9,44.6,-44.2,19.95,44.2,0.9
2024-05-02T23:00,-3.5,-6.5,88,1.5,4.3,7.0,1026.8,0.4,0.0,6.9,44.6,-44.2,19.95,44.2,0.9
2024-05-03T00:00,-4.2,-7.4,91,2.6,6.5,8.0,1026.3,0.4,0.0,7.1,44.8,-44.4,19.95,44.4,0.9
2024-05-03T01:00,-8.7,-13.2,90,8.5,18.4,11.0,1026.1,0.6,20.3,7.8,45.5,-24.6,19.95,24.6,45.9
2024-05-03T02:00,-9.2,-13.7,88,8.2,18.4,13.0,1025.8,0.7,17.9,7.8,45.5,-26.9,19.95,26.9,40.9
2024-05-03T03:00,-8.9,-13.3,85,7.8,18.0,30.0,1025.5,1.5,15.1,7.8,45.5,-28.9,19.95,28.9,36.5
2024-05-03T04:00,-7.8,-12.1,78,6.7,16.9,80.0,1025.1,4.1,8.5,7.6,45.3,-32.7,19.95,32.7,27.8
2024-05-03T05:00,-6.7,-10.7,77,5.6,14.8,137.0,1024.9,6.9,3.9,7.4,45.1,-34.3,19.95,34.3,23.9
2024-05-03T06:00,-5.7,-9.4,78,4.2,13.0,190.0,1024.6,9.5,0.7,7.3,45.0,-34.8,19.95,34.8,22.7
2024-05-03T07:00,-4.6,-8.2,78,3.4,11.9,218.0,1024.3,10.8,0.1,7.1,44.8,-33.9,19.95,33.9,24.3
2024-05-03T08:00,-4.0,-7.7,71,3.7,12.2,313.0,1024.1,15.3,0.2,7.1,44.8,-29.3,19.95,29.3,34.6
2024-05-03T09:00,-3.4,-7.0,68,3.6,13.0,361.0,1024.1,17.5,0.2,7.0,44.7,-27.0,19.95,27.0,39.6
2024-05-03T10:00,-2.9,-6.5,66,3.4,12.6,363.0,1023.9,17.6,0.1,6.9,44.6,-26.9,19.95,26.9,39.7
2024-05-03T11:00,-2.5,-6.0,66,2.9,12.2,388.0,1023.8,18.7,0.0,6.9,44.6,-25.9,19.95,25.9,41.9
2024-05-03T12:00,-2.2,-5.6,66,2.6,11.2,388.0,1023.7,18.7,0.0,6.8,44.5,-25.8,19.95,25.8,42.0
2024-05-03T13:00,-2.4,-6.0,63,3.7,14.8,367.0,1024.4,17.7,0.2,6.9,44.6,-26.7,19.95,26.7,40.1
2024-05-03T14:00,-2.2,-6.0,62,4.3,14.4,350.0,1024.1,16.9,0.9,6.9,44.6,-26.8,19.95,26.8,39.9
2024-05-03T15:00,-2.1,-5.9,59,4.4,14.8,314.0,1024.1,15.3,1.0,6.9,44.6,-28.3,19.95,28.3,36.5
2024-05-03T16:00,-2.1,-5.9,57,4.3,14.0,266.0,1024.0,13.0,0.9,6.9,44.6,-30.7,19.95,30.7,31.2
2024-05-03T17:00,-2.3,-6.1,56,4.1,14.0,214.0,1024.0,10.5,0.6,6.9,44.6,-33.5,19.95,33.5,24.9
2024-05-03T18:00,-2.7,-6.3,63,3.7,13.7,162.0,1023.8,8.0,0.2,6.9,44.6,-36.4,19.95,36.4,18.4
2024-05-03T19:00,-3.8,-7.5,68,4.3,13.7,115.0,1023.8,5.7,0.9,7.1,44.8,-38.2,19.95,38.2,14.7
2024-05-03T20:00,-3.3,-7.2,54,3.9,13.3,77.0,1023.9,3.9,0.4,7.0,44.7,-40.4,19.95,40.4,9.6
2024-05-03T21:00,-3.9,-7.9,55,4.3,11.9,49.0,1024.1,2.5,0.9,7.1,44.8,-41.4,19.95,41.4,7.6
2024-05-03T22:00,-4.7,-8.8,56,5.0,11.2,33.0,1024.0,1.7,2.2,7.2,44.9,-41.0,19.95,41.0,8.7
2024-05-03T23:00,-5.8,-10.1,54,5.5,10.8,26.0,1023.9,1.3,3.6,7.3,45.0,-40.1,19.95,40.1,10.9
2024-05-04T00:00,-5.5,-9.8,45,4.8,10.4,26.0,1023.7,1.3,1.7,7.3,45.0,-42.0,19.95,42.0,6.7
2024-05-04T01:00,-5.7,-10.0,40,3.8,11.2,35.0,1024.0,1.8,0.3,7.3,45.0,-42.9,19.95,42.9,4.7
2024-05-04T02:00,-5.2,-9.3,37,2.9,9.7,45.0,1024.1,2.3,0.0,7.2,44.9,-42.6,19.95,42.6,5.1
2024-05-04T03:00,-4.8,-8.9,36,2.6,9.7,66.0,1023.7,3.3,0.0,7.1,44.8,-41.5,19.95,41.5,7.4
2024-05-04T04:00,-4.5,-8.4,37,1.6,9.4,103.0,1023.7,5.2,0.0,7.1,44.8,-39.6,19.95,39.6,11.6
2024-05-04T05:00,-4.1,-7.7,45,0.8,8.6,153.0,1023.6,7.6,0.0,7.0,44.7,-37.1,19.95,37.1,17.0
2024-05-04T06:00,-3.6,-7.2,71,3.5,11.2,209.0,1023.5,10.3,0.1,7.0,44.7,-34.3,19.95,34.3,23.3
2024-05-04T07:00,-3.3,-6.9,79,4.9,13.7,262.0,1023.4,12.9,2.0,7.0,44.7,-29.8,19.95,29.8,33.3
2024-05-04T08:00,-3.1,-6.8,80,5.6,15.8,308.0,1023.5,15.0,3.9,7.0,44.7,-25.8,19.95,25.8,42.3
2024-05-04T09:00,-2.9,-6.6,81,5.8,16.2,345.0,1023.4,16.8,4.6,7.0,44.7,-23.3,19.95,23.3,47.9
2024-05-04T10:00,-2.7,-6.5,83,6.6,18.0,342.0,1023.3,16.6,8.0,7.0,44.7,-20.1,19.95,20.1,55.0
2024-05-04T11:00,-2.5,-6.4,80,7.3,19.4,309.0,1023.2,15.0,11.8,7.0,44.7,-17.9,19.95,17.9,60.0
2024-05-04T12:00,-2.3,-6.3,76,7.4,20.2,269.0,1023.1,13.1,12.4,7.0,44.7,-19.2,19.95,19.2,57.0
2024-05-04T13:00,-3.1,-6.5,83,3.7,13.0,271.0,1023.6,13.3,0.2,7.0,44.7,-31.2,19.95,31.2,30.2
2024-05-04T14:00,-2.9,-6.4,82,4.7,14.0,223.0,1023.5,11.0,1.5,7.0,44.7,-32.2,19.95,32.2,28.0
2024-05-04T15:00,-2.8,-6.4,80,5.2,14.8,159.0,1023.4,7.9,2.7,7.0,44.7,-34.1,19.95,34.1,23.7
2024-05-04T16:00,-2.8,-6.4,78,4.6,14.8,98.0,1023.2,4.9,1.3,7.0,44.7,-38.5,19.95,38.5,13.9
2024-05-04T17:00,-2.8,-6.5,73,4.6,13.7,101.0,1022.9,5.0,1.3,7.0,44.7,-38.4,19.95,38.4,14.1
2024-05-04T18:00,-2.9,-6.6,72,4.9,13.7,95.0,1022.7,4.7,2.0,7.0,44.7,-38.0,19.95,38.0,15.0
2024-05-04T19:00,-3.2,-6.8,74,4.2,13.7,81.0,1022.6,4.1,0.7,7.0,44.7,-39.9,19.95,39.9,10.7
2024-05-04T20:00,-3.7,-7.1,76,2.9,13.3,65.0,1022.4,3.3,0.0,7.0,44.7,-41.4,19.95,41.4,7.4
2024-05-04T21:00,-4.0,-7.1,78,0.5,11.2,49.0,1022.4,2.5,0.0,7.0,44.7,-42.2,19.95,42.2,5.6
2024-05-04T22:00,-4.5,-7.8,81,1.8,9.7,35.0,1022.4,1.8,0.0,7.1,44.8,-43.0,19.95,43.0,4.0
2024-05-04T23:00,-5.1,-8.7,83,3.9,10.8,26.0,1022.3,1.3,0.4,7.2,44.9,-43.2,19.95,43.2,3.8
2024-05-05T00:00,-6.3,-10.1,86,5.0,11.2,24.0,1022.0,1.2,2.2,7.4,45.1,-41.7,19.95,41.7,7.5
2024-05-05T01:00,-5.8,-9.1,90,2.4,9.4,5.0,1022.9,0.3,0.0,7.2,44.9,-44.6,19.95,44.6,0.7
2024-05-05T02:00,-5.5,-8.9,90,3.1,10.8,12.0,1022.8,0.6,0.0,7.2,44.9,-44.3,19.95,44.3,1.3
2024-05-05T03:00,-5.5,-9.0,91,4.2,11.9,22.0,1022.5,1.1,0.7,7.3,45.0,-43.2,19.95,43.2,4.0
2024-05-05T04:00,-5.2,-8.8,92,4.6,13.3,29.0,1022.4,1.5,1.3,7.2,44.9,-42.1,19.95,42.1,6.2
2024-05-05T05:00,-4.7,-8.3,90,5.0,14.0,37.0,1022.3,1.9,2.2,7.2,44.9,-40.8,19.95,40.8,9.1
2024-05-05T06:00,-4.3,-8.0,86,5.4,14.4,36.0,1022.1,1.8,3.3,7.2,44.9,-39.8,19.95,39.8,11.4
2024-05-05T07:00,-4.1,-7.9,84,6.0,15.5,35.0,1022.0,1.8,5.4,7.2,44.9,-37.7,19.95,37.7,16.0
2024-05-05T08:00,-3.8,-7.6,82,6.2,16.2,72.0,1021.9,3.6,6.2,7.1,44.8,-35.0,19.95,35.0,21.9
2024-05-05T09:00,-3.8,-7.5,82,5.6,15.8,88.0,1021.9,4.4,3.9,7.1,44.8,-36.5,19.95,36.5,18.5
2024-05-05T10:00,-3.7,-7.5,83,6.7,17.3,118.0,1022.0,5.9,8.5,7.1,44.8,-30.4,19.95,30.4,32.1
2024-05-05T11:00,-3.7,-7.7,84,8.2,20.5,128.0,1022.0,6.4,17.9,7.2,44.9,-20.6,19.95,20.6,54.1
2024-05-05T12:00,-3.7,-7.8,83,8.4,21.2,112.0,1022.0,5.6,19.5,7.2,44.9,-19.8,19.95,19.8,55.9
2024-05-05T13:00,-3.8,-8.0,83,8.9,24.1,28.0,1022.2,1.4,23.7,7.2,44.9,-19.8,19.95,19.8,55.9
2024-05-05T14:00,-3.9,-8.0,82,8.2,22.3,43.0,1022.1,2.2,17.9,7.2,44.9,-24.8,19.95,24.8,44.8
2024-05-05T15:00,-3.9,-7.9,81,7.1,20.9,55.0,1022.1,2.8,10.6,7.2,44.9,-31.5,19.95,31.5,29.8
2024-05-05T16:00,-3.9,-7.7,79,5.4,18.4,70.0,1021.9,3.5,3.3,7.1,44.8,-38.0,19.95,38.0,15.2
2024-05-05T17:00,-4.0,-7.7,79,5.2,15.5,73.0,1021.8,3.7,2.7,7.1,44.8,-38.4,19.95,38.4,14.3
2024-05-05T18:00,-4.0,-7.8,79,5.7,15.1,35.0,1021.7,1.8,4.2,7.1,44.8,-38.8,19.95,38.8,13.4
2024-05-05T19:00,-4.0,-7.8,80,5.6,15.5,11.0,1021.7,0.6,3.9,7.1,44.8,-40.3,19.95,40.3,10.0
2024-05-05T20:00,-4.2,-7.7,80,4.0,14.4,5.0,1021.6,0.3,0.5,7.1,44.8,-44.0,19.95,44.0,1.8
2024-05-05T21:00,-4.3,-7.8,81,3.6,11.5,2.0,1021.5,0.1,0.2,7.1,44.8,-44.5,19.95,44.5,0.7
2024-05-05T22:00,-4.4,-7.9,82,3.3,10.4,2.0,1021.4,0.1,0.0,7.1,44.8,-44.7,19.95,44.7,0.2
2024-05-05T23:00,-4.5,-8.0,82,3.3,10.4,3.0,1021.2,0.2,0.0,7.1,44.8,-44.6,19.95,44.6,0.4
2024-05-06T00:00,-4.6,-8.0,84,3.1,10.4,4.0,1021.1,0.2,0.0,7.1,44.8,-44.6,19.95,44.6,0.4
2024-05-06T01:00,-5.4,-8.8,86,2.4,9.4,3.0,1021.5,0.2,0.0,7.2,44.9,-44.7,19.95,44.7,0.4
2024-05-06T02:00,-5.4,-8.8,87,2.9,10.1,4.0,1021.6,0.2,0.0,7.2,44.9,-44.7,19.95,44.7,0.4
2024-05-06T03:00,-5.3,-8.8,88,3.2,10.4,4.0,1021.5,0.2,0.0,7.2,44.9,-44.7,19.95,44.7,0.4
2024-05-06T04:00,-5.2,-8.7,90,4.0,11.5,7.0,1021.7,0.4,0.5,7.2,44.9,-44.0,19.95,44.0,2.0
2024-05-06T05:00,-5.0,-8.4,91,3.3,11.5,3.0,1021.5,0.2,0.0,7.2,44.9,-44.7,19.95,44.7,0.4
2024-05-06T06:00,-4.7,-8.1,89,3.1,10.8,1.0,1021.4,0.1,0.0,7.1,44.8,-44.7,19.95,44.7,0.2
2024-05-06T07:00,-4.4,-7.8,90,3.9,11.9,2.0,1021.4,0.1,0.4,7.1,44.8,-44.3,19.95,44.3,1.1
2024-05-06T08:00,-4.1,-7.5,89,4.1,11.9,8.0,1021.6,0.4,0.6,7.1,44.8,-43.8,19.95,43.8,2.2
2024-05-06T09:00,-3.8,-7.2,89,4.0,12.6,17.0,1021.7,0.9,0.5,7.1,44.8,-43.4,19.95,43.4,3.1
2024-05-06T10:00,-3.5,-6.8,88,4.0,11.9,42.0,1021.7,2.1,0.5,7.0,44.7,-42.1,19.95,42.1,5.8
2024-05-06T11:00,-3.2,-6.5,88,3.7,11.9,65.0,1021.9,3.3,0.2,7.0,44.7,-41.2,19.95,41.2,7.8
2024-05-06T12:00,-3.0,-6.2,86,3.4,11.2,58.0,1022.0,2.9,0.1,7.0,44.7,-41.7,19.95,41.7,6.7
2024-05-06T13:00,-3.1,-6.5,84,4.1,12.6,19.0,1022.4,1.0,0.6,7.0,44.7,-43.1,19.95,43.1,3.6
2024-05-06T14:00,-2.7,-6.2,84,5.0,14.0,9.0,1022.6,0.5,2.2,7.0,44.7,-42.0,19.95,42.0,6.0
2024-05-06T15:00,-2.6,-6.0,84,4.8,14.0,5.0,1022.6,0.3,1.7,7.0,44.7,-42.7,19.95,42.7,4.5
2024-05-06T16:00,-2.5,-6.0,85,5.6,14.8,5.0,1022.8,0.3,3.9,7.0,44.7,-40.5,19.95,40.5,9.4
2024-05-06T17:00,-2.5,-5.9,85,4.9,14.8,5.0,1022.9,0.3,2.0,6.9,44.6,-42.3,19.95,42.3,5.2
2024-05-06T18:00,-2.4,-5.7,85,4.0,13.0,4.0,1022.8,0.2,0.5,6.9,44.6,-43.9,19.95,43.9,1.6
2024-05-06T19:00,-2.4,-5.7,85,3.9,11.5,4.0,1022.9,0.2,0.4,6.9,44.6,-44.0,19.95,44.0,1.3
2024-05-06T20:00,-2.4,-5.6,85,3.3,11.2,2.0,1023.0,0.1,0.0,6.9,44.6,-44.5,19.95,44.5,0.2
2024-05-06T21:00,-2.5,-5.7,85,3.3,10.8,2.0,1023.2,0.1,0.0,6.9,44.6,-44.5,19.95,44.5,0.2
2024-05-06T22:00,-2.6,-5.7,84,2.4,10.1,4.0,1023.1,0.2,0.0,6.9,44.6,-44.4,19.95,44.4,0.4
2024-05-06T23:00,-2.7,-5.9,83,2.9,9.0,1.0,1023.3,0.1,0.0,6.9,44.6,-44.5,19.95,44.5,0.2
2024-05-07T00:00,-3.0,-6.3,83,3.7,10.1,1.0,1023.5,0.1,0.2,7.0,44.7,-44.4,19.95,44.4,0.7
2024-05-07T01:00,-3.7,-7.1,87,3.9,11.5,8.0,1023.6,0.4,0.4,7.0,44.7,-43.9,19.95,43.9,1.8
2024-05-07T02:00,-3.8,-7.4,86,4.7,13.0,9.0,1023.6,0.5,1.5,7.1,44.8,-42.8,19.95,42.8,4.5
2024-05-07T03:00,-3.9,-7.4,89,4.7,14.0,2.0,1023.6,0.1,1.5,7.1,44.8,-43.2,19.95,43.2,3.6
2024-05-07T04:00,-3.3,-6.7,87,4.3,14.0,2.0,1023.7,0.1,0.9,7.0,44.7,-43.7,19.95,43.7,2.2
2024-05-07T05:00,-2.7,-6.3,82,5.4,15.5,1.0,1023.7,0.1,3.3,7.0,44.7,-41.3,19.95,41.3,7.6
2024-05-07T06:00,-1.9,-5.4,80,5.1,16.2,8.0,1023.6,0.4,2.4,6.9,44.6,-41.8,19.95,41.8,6.3
2024-05-07T07:00,-1.3,-4.8,82,5.8,17.6,53.0,1023.3,2.6,4.6,6.8,44.5,-37.3,19.95,37.3,16.2
2024-05-07T08:00,-0.8,-4.3,83,6.6,19.8,51.0,1023.5,2.5,8.0,6.8,44.5,-34.0,19.95,34.0,23.6
2024-05-07T09:00,-0.4,-4.0,83,7.2,21.2,43.0,1023.5,2.1,11.2,6.8,44.5,-31.2,19.95,31.2,29.9
2024-05-07T10:00,-0.0,-3.5,81,6.5,22.3,49.0,1023.3,2.4,7.5,6.7,44.4,-34.5,19.95,34.5,22.3
2024-05-07T11:00,0.3,-3.1,79,5.7,21.6,24.0,1023.3,1.2,4.2,6.6,44.3,-38.9,19.95,38.9,12.2
2024-05-07T12:00,0.6,-3.0,80,7.9,24.5,27.0,1023.3,1.3,15.7,6.7,44.4,-27.4,19.95,27.4,38.3
2024-05-07T13:00,1.2,-2.5,80,8.5,27.4,7.0,1023.3,0.3,20.3,6.6,44.3,-23.7,19.95,23.7,46.5
2024-05-07T14:00,1.2,-2.4,80,8.8,28.4,1.0,1023.3,0.0,0.0,6.6,44.3,-44.3,19.95,44.3,0.0
2024-05-07T15:00,1.1,-2.6,81,9.6,31.0,12.0,1023.3,0.6,0.0,6.7,44.4,-43.8,19.95,43.8,1.4
2024-05-07T16:00,1.0,-2.8,82,9.4,31.3,4.0,1023.2,0.2,0.0,6.7,44.4,-44.2,19.95,44.2,0.5
2024-05-07T17:00,0.9,-3.0,84,11.0,34.2,0.0,1023.3,0.0,0.0,6.7,44.4,-44.4,19.95,44.4,0.0
2024-05-07T18:00,0.8,-3.2,83,11.0,36.4,20.0,1023.3,1.0,0.0,6.7,44.4,-43.4,19.95,43.4,2.3
2024-05-07T19:00,0.6,-3.1,85,9.0,34.2,16.0,1023.2,0.8,0.0,6.7,44.4,-43.6,19.95,43.6,1.8
2024-05-07T20:00,0.5,-3.2,86,9.3,30.6,0.0,1023.3,0.0,0.0,6.7,44.4,-44.4,19.95,44.4,0.0
2024-05-07T21:00,0.4,-3.3,85,9.3,31.7,0.0,1023.4,0.0,0.0,6.7,44.4,-44.4,19.95,44.4,0.0
2024-05-07T22:00,0.3,-3.3,85,8.7,31.3,0.0,1023.2,0.0,0.0,6.7,44.4,-44.4,19.95,44.4,0.0
2024-05-07T23:00,0.4,-3.2,85,8.4,30.2,1.0,1023.1,0.0,0.0,6.7,44.4,-44.4,19.95,44.4,0.0
2024-05-08T00:00,0.5,-3.0,86,7.9,29.5,1.0,1022.9,0.0,0.0,6.7,44.4,-44.4,19.95,44.4,0.0
2024-05-08T01:00,0.6,-2.8,86,7.4,31.3,0.0,1022.8,0.0,0.0,6.7,44.4,-44.4,19.95,44.4,0.0
2024-05-08T02:00,0.8,-2.5,86,6.9,28.1,0.0,1022.8,0.0,0.0,6.6,44.3,-44.3,19.95,44.3,0.0
2024-05-08T03:00,0.8,-2.5,86,7.0,26.6,1.0,1022.7,0.0,10.1,6.6,44.3,-34.2,19.95,34.2,22.8
2024-05-08T04:00,0.9,-2.7,84,9.0,28.8,3.0,1022.8,0.1,0.0,6.7,44.4,-44.3,19.95,44.3,0.2
2024-05-08T05:00,0.9,-3.1,82,11.2,33.8,4.0,1022.8,0.2,0.0,6.7,44.4,-44.2,19.95,44.2,0.5
2024-05-08T06:00,0.8,-3.3,79,11.5,34.2,9.0,1022.9,0.4,0.0,6.7,44.4,-44.0,19.95,44.0,0.9
2024-05-08T07:00,0.9,-3.3,79,11.8,33.5,17.0,1022.9,0.8,0.0,6.7,44.4,-43.6,19.95,43.6,1.8
2024-05-08T08:00,0.9,-3.3,79,12.1,33.1,7.0,1022.8,0.3,0.0,6.8,44.5,-44.2,19.95,44.2,0.7
2024-05-08T09:00,1.0,-3.2,78,12.2,33.8,45.0,1022.7,2.2,0.0,6.7,44.4,-42.2,19.95,42.2,5.0
2024-05-08T10:00,1.1,-3.1,79,12.4,34.9,135.0,1022.6,6.6,0.0,6.7,44.4,-37.8,19.95,37.8,14.9
2024-05-08T11:00,1.0,-3.2,80,12.4,34.6,93.0,1022.6,4.6,0.0,6.7,44.4,-39.8,19.95,39.8,10.4
2024-05-08T12:00,0.8,-3.4,81,12.4,34.6,116.0,1022.6,5.7,0.0,6.8,44.5,-38.8,19.95,38.8,12.8
2024-05-08T13:00,0.8,-3.6,79,13.3,36.7,58.0,1021.9,2.9,0.0,6.8,44.5,-41.6,19.95,41.6,6.5
2024-05-08T14:00,0.4,-4.0,77,13.1,36.0,54.0,1022.2,2.7,0.0,6.8,44.5,-41.8,19.95,41.8,6.1
2024-05-08T15:00,0.1,-4.6,73,14.0,38.2,78.0,1022.1,3.9,0.0,6.9,44.6,-40.7,19.95,40.7,8.7
2024-05-08T16:00,-0.3,-5.0,77,14.3,40.0,202.0,1021.4,9.9,0.0,7.0,44.7,-34.8,19.95,34.8,22.1
2024-05-08T17:00,-0.7,-5.6,79,15.3,43.2,69.0,1021.1,3.4,0.0,7.0,44.7,-41.3,19.95,41.3,7.6
2024-05-08T18:00,-0.9,-6.0,81,16.6,47.2,59.0,1020.9,2.9,0.0,7.1,44.8,-41.9,19.95,41.9,6.5
2024-05-08T19:00,-0.7,-5.6,80,15.8,48.2,19.0,1020.2,0.9,0.0,7.1,44.8,-43.9,19.95,43.9,2.0
2024-05-08T20:00,-0.8,-6.0,83,17.6,50.4,16.0,1019.8,0.8,0.0,7.1,44.8,-44.0,19.95,44.0,1.8
2024-05-08T21:00,-0.8,-5.6,87,15.8,50.4,3.0,1019.2,0.2,0.0,7.1,44.8,-44.6,19.95,44.6,0.4
2024-05-08T22:00,-0.8,-5.4,87,14.5,48.2,2.0,1018.9,0.1,0.0,7.0,44.7,-44.6,19.95,44.6,0.2
2024-05-08T23:00,-0.8,-5.6,85,15.3,49.3,1.0,1018.3,0.1,0.0,7.1,44.8,-44.7,19.95,44.7,0.2
2024-05-09T00:00,-1.0,-5.3,90,13.1,50.0,1.0,1017.7,0.1,0.0,7.0,44.7,-44.6,19.95,44.6,0.2
2024-05-09T01:00,-1.6,-6.5,88,16.3,53.3,1.0,1018.6,0.1,0.0,7.2,44.9,-44.8,19.95,44.8,0.2
2024-05-09T02:00,-1.6,-6.5,88,15.5,52.9,2.0,1018.0,0.1,0.0,7.2,44.9,-44.8,19.95,44.8,0.2
2024-05-09T03:00,-1.7,-6.5,89,15.3,52.2,4.0,1017.4,0.2,0.0,7.2,44.9,-44.7,19.95,44.7,0.4
2024-05-09T04:00,-1.7,-6.5,87,15.0,53.3,1.0,1016.9,0.1,0.0,7.2,44.9,-44.8,19.95,44.8,0.2
2024-05-09T05:00,-1.5,-6.7,83,17.8,56.2,11.0,1016.5,0.6,0.0,7.2,44.9,-44.3,19.95,44.3,1.3
2024-05-09T06:00,-1.3,-6.8,85,19.9,60.8,11.0,1016.2,0.6,0.0,7.3,45.0,-44.4,19.95,44.4,1.3
2024-05-09T07:00,-1.4,-6.8,88,20.0,63.4,15.0,1015.5,0.8,0.0,7.3,45.0,-44.2,19.95,44.2,1.8
2024-05-09T08:00,-1.4,-6.8,89,20.2,66.2,16.0,1015.1,0.8,0.0,7.3,45.0,-44.2,19.95,44.2,1.8
2024-05-09T09:00,-1.5,-7.0,89,20.5,65.9,16.0,1014.7,0.8,0.0,7.3,45.0,-44.2,19.95,44.2,1.8
2024-05-09T10:00,-1.5,-7.3,85,21.9,69.5,19.0,1014.5,1.0,0.0,7.3,45.0,-44.0,19.95,44.0,2.2
2024-05-09T11:00,-1.6,-7.3,87,21.4,69.8,32.0,1013.9,1.6,0.0,7.3,45.0,-43.4,19.95,43.4,3.6
2024-05-09T12:00,-1.5,-7.2,85,21.3,68.4,21.0,1014.0,1.1,0.0,7.3,45.0,-43.9,19.95,43.9,2.4
2024-05-09T13:00,-2.9,-9.3,84,24.7,71.3,57.0,1013.2,2.9,0.0,7.6,45.3,-42.4,19.95,42.4,6.4
2024-05-09T14:00,-2.7,-8.9,87,23.8,74.2,18.0,1013.4,0.9,0.0,7.6,45.3,-44.4,19.95,44.4,2.0
2024-05-09T15:00,-2.2,-8.0,87,21.1,72.4,14.0,1012.9,0.7,0.0,7.4,45.1,-44.4,19.95,44.4,1.6
2024-05-09T16:00,-2.0,-7.5,89,20.0,70.2,8.0,1012.5,0.4,0.0,7.4,45.1,-44.7,19.95,44.7,0.9
2024-05-09T17:00,-1.9,-7.0,90,17.9,65.9,3.0,1012.4,0.2,0.0,7.3,45.0,-44.8,19.95,44.8,0.4
2024-05-09T18:00,-1.6,-6.3,91,14.5,60.5,1.0,1012.5,0.1,0.0,7.1,44.8,-44.7,19.95,44.7,0.2
2024-05-09T19:00,-1.4,-6.0,90,14.0,56.9,2.0,1012.5,0.1,0.0,7.1,44.8,-44.7,19.95,44.7,0.2
2024-05-09T20:00,-1.4,-5.9,89,13.6,54.0,0.0,1012.9,0.0,0.0,7.1,44.8,-44.8,19.95,44.8,0.0
2024-05-09T21:00,-1.5,-6.0,89,13.8,52.6,0.0,1012.9,0.0,0.0,7.1,44.8,-44.8,19.95,44.8,0.0
2024-05-09T22:00,-1.6,-5.7,91,10.9,51.8,0.0,1013.2,0.0,0.0,7.0,44.7,-44.7,19.95,44.7,0.0
2024-05-09T23:00,-1.7,-5.9,90,11.2,46.4,0.0,1013.4,0.0,0.0,7.0,44.7,-44.7,19.95,44.7,0.0
2024-05-10T00:00,-1.9,-6.2,91,11.5,46.1,0.0,1013.2,0.0,0.0,7.1,44.8,-44.8,19.95,44.8,0.0
2024-05-10T01:00,-2.3,-7.0,88,14.5,51.1,3.0,1013.8,0.2,0.0,7.2,44.9,-44.7,19.95,44.7,0.4
2024-05-10T02:00,-2.6,-7.3,86,14.1,52.2,8.0,1014.4,0.4,0.0,7.3,45.0,-44.6,19.95,44.6,0.9
2024-05-10T03:00,-2.9,-7.8,85,15.0,52.9,6.0,1014.3,0.3,0.0,7.3,45.0,-44.7,19.95,44.7,0.7
2024-05-10T04:00,-2.9,-8.2,86,17.9,56.5,0.0,1014.4,0.0,0.0,7.4,45.1,-45.1,19.95,45.1,0.0
2024-05-10T05:00,-2.5,-7.9,86,18.8,57.2,28.0,1014.5,1.4,0.0,7.4,45.1,-43.7,19.95,43.7,3.1
2024-05-10T06:00,-2.2,-7.4,86,16.8,56.2,11.0,1014.9,0.6,0.0,7.3,45.0,-44.4,19.95,44.4,1.3
2024-05-10T07:00,-2.1,-7.2,86,16.8,53.3,14.0,1014.9,0.7,0.0,7.3,45.0,-44.3,19.95,44.3,1.6
2024-05-10T08:00,-2.1,-7.2,87,17.0,54.0,11.0,1015.3,0.6,0.0,7.3,45.0,-44.4,19.95,44.4,1.3
2024-05-10T09:00,-1.7,-7.1,84,19.2,57.2,12.0,1015.2,0.6,0.0,7.3,45.0,-44.4,19.95,44.4,1.3
2024-05-10T10:00,-1.2,-7.0,80,21.9,61.2,19.0,1015.6,1.0,0.0,7.3,45.0,-44.0,19.95,44.0,2.2
2024-05-10T11:00,-0.8,-6.7,81,22.3,61.6,29.0,1015.5,1.4,0.0,7.3,45.0,-43.6,19.95,43.6,3.1
2024-05-10T12:00,-0.5,-6.4,81,22.4,61.6,29.0,1015.5,1.4,0.0,7.2,44.9,-43.5,19.95,43.5,3.1
2024-05-10T13:00,-0.4,-5.9,76,19.0,56.5,18.0,1015.3,0.9,0.0,7.1,44.8,-43.9,19.95,43.9,2.0
2024-05-10T14:00,-0.6,-6.2,77,19.7,57.2,38.0,1015.8,1.9,0.0,7.2,44.9,-43.0,19.95,43.0,4.2
2024-05-10T15:00,-0.9,-6.3,76,18.5,57.6,16.0,1015.7,0.8,0.0,7.2,44.9,-44.1,19.95,44.1,1.8
2024-05-10T16:00,-1.4,-6.8,78,17.9,56.2,32.0,1015.5,1.6,0.0,7.2,44.9,-43.3,19.95,43.3,3.6
2024-05-10T17:00,-2.0,-7.2,80,16.8,54.4,32.0,1015.6,1.6,0.0,7.3,45.0,-43.4,19.95,43.4,3.6
2024-05-10T18:00,-2.6,-7.3,86,14.0,51.5,0.0,1015.6,0.0,0.0,7.2,44.9,-44.9,19.95,44.9,0.0
2024-05-10T19:00,-2.8,-7.5,88,13.8,45.4,0.0,1015.4,0.0,0.0,7.3,45.0,-45.0,19.95,45.0,0.0
2024-05-10T20:00,-3.0,-7.7,89,13.8,46.1,1.0,1014.9,0.1,0.0,7.3,45.0,-44.9,19.95,44.9,0.2
2024-05-10T21:00,-3.1,-8.0,89,14.8,47.9,0.0,1014.2,0.0,0.0,7.3,45.0,-45.0,19.95,45.0,0.0
2024-05-10T22:00,-3.1,-7.8,89,13.2,48.2,1.0,1013.9,0.1,0.0,7.3,45.0,-44.9,19.95,44.9,0.2
2024-05-10T23:00,-2.6,-7.5,85,15.0,48.6,1.0,1013.3,0.1,0.0,7.3,45.0,-44.9,19.95,44.9,0.2
2024-05-11T00:00,-2.4,-7.2,85,14.5,49.3,0.0,1013.0,0.0,0.0,7.2,44.9,-44.9,19.95,44.9,0.0
2024-05-11T01:00,-2.0,-7.1,82,16.4,53.6,0.0,1012.9,0.0,0.0,7.2,44.9,-44.9,19.95,44.9,0.0
2024-05-11T02:00,-1.8,-6.8,81,15.8,52.6,0.0,1012.7,0.0,0.0,7.2,44.9,-44.9,19.95,44.9,0.0
2024-05-11T03:00,-1.6,-6.6,81,15.5,51.8,0.0,1012.2,0.0,0.0,7.2,44.9,-44.9,19.95,44.9,0.0
2024-05-11T04:00,-1.4,-6.4,81,15.5,50.4,6.0,1011.6,0.3,0.0,7.1,44.8,-44.5,19.95,44.5,0.7
2024-05-11T05:00,-1.1,-5.9,81,14.8,50.0,1.0,1010.6,0.1,0.0,7.1,44.8,-44.7,19.95,44.7,0.2
2024-05-11T06:00,-1.0,-5.5,84,13.2,45.7,0.0,1010.4,0.0,0.0,7.0,44.7,-44.7,19.95,44.7,0.0
2024-05-11T07:00,-1.1,-5.7,87,14.2,41.8,3.0,1009.6,0.2,0.0,7.1,44.8,-44.6,19.95,44.6,0.4
2024-05-11T08:00,-0.7,-5.5,90,16.1,45.0,11.0,1009.6,0.5,0.0,7.1,44.8,-44.3,19.95,44.3,1.1
2024-05-11T09:00,-0.6,-5.4,93,17.2,46.8,27.0,1009.0,1.3,0.0,7.1,44.8,-43.5,19.95,43.5,2.9
2024-05-11T10:00,-0.2,-5.1,90,18.0,48.6,9.0,1008.7,0.4,0.0,7.1,44.8,-44.4,19.95,44.4,0.9
2024-05-11T11:00,0.2,-4.5,89,16.7,48.2,17.0,1008.2,0.8,0.0,7.0,44.7,-43.9,19.95,43.9,1.8
2024-05-11T12:00,0.1,-4.4,91,15.2,45.7,0.0,1007.7,0.0,0.0,6.9,44.6,-44.6,19.95,44.6,0.0
2024-05-11T13:00,0.5,-4.1,86,15.6,43.9,1.0,1007.4,0.0,0.0,6.9,44.6,-44.6,19.95,44.6,0.0
2024-05-11T14:00,0.8,-3.6,84,14.1,43.2,7.0,1007.3,0.3,0.0,6.8,44.5,-44.2,19.95,44.2,0.7
2024-05-11T15:00,0.7,-3.3,85,11.6,39.6,4.0,1006.7,0.2,0.0,6.8,44.5,-44.3,19.95,44.3,0.4
2024-05-11T16:00,0.9,-3.0,85,11.0,33.5,15.0,1006.0,0.7,0.0,6.7,44.4,-43.7,19.95,43.7,1.6
2024-05-11T17:00,1.0,-2.7,84,9.3,30.6,76.0,1005.4,3.8,0.0,6.7,44.4,-40.6,19.95,40.6,8.6
2024-05-11T18:00,0.8,-2.8,84,8.7,26.3,105.0,1005.5,5.2,22.0,6.7,44.4,-17.2,19.95,17.2,61.3
2024-05-11T19:00,0.5,-3.0,84,7.7,23.4,91.0,1005.2,4.5,14.4,6.7,44.4,-25.5,19.95,25.5,42.6
2024-05-11T20:00,-0.2,-3.8,85,7.6,21.6,93.0,1005.2,4.6,13.7,6.8,44.5,-26.2,19.95,26.2,41.1
2024-05-11T21:00,-1.7,-5.4,87,7.1,21.2,59.0,1004.9,2.9,10.6,6.9,44.6,-31.1,19.95,31.1,30.3
2024-05-11T22:00,-2.7,-6.3,88,5.7,18.7,32.0,1005.0,1.6,4.2,7.0,44.7,-38.9,19.95,38.9,13.0
2024-05-11T23:00,-2.8,-6.2,88,5.2,15.1,27.0,1005.2,1.4,2.7,7.0,44.7,-40.6,19.95,40.6,9.2
2024-05-12T00:00,-3.0,-6.4,90,4.9,12.6,27.0,1005.2,1.4,2.0,7.0,44.7,-41.3,19.95,41.3,7.6
2024-05-12T01:00,-1.3,-4.6,87,4.8,11.5,8.0,1006.2,0.4,1.7,6.8,44.5,-42.4,19.95,42.4,4.7
2024-05-12T02:00,-1.0,-4.3,87,5.0,13.0,19.0,1006.4,1.0,2.2,6.8,44.5,-41.3,19.95,41.3,7.2
2024-05-12T03:00,-0.9,-4.3,89,6.5,15.5,55.0,1007.0,2.7,7.5,6.8,44.5,-34.3,19.95,34.3,22.9
2024-05-12T04:00,-0.7,-4.3,89,7.6,18.7,59.0,1007.3,2.9,13.7,6.8,44.5,-27.9,19.95,27.9,37.3
2024-05-12T05:00,-0.6,-4.0,89,6.6,18.7,71.0,1007.4,3.5,8.0,6.8,44.5,-33.0,19.95,33.0,25.8
2024-05-12T06:00,-0.5,-3.7,86,5.6,15.8,97.0,1007.9,4.8,3.9,6.7,44.4,-35.7,19.95,35.7,19.6
2024-05-12T07:00,-0.3,-3.6,84,5.9,14.8,176.0,1008.2,8.6,5.0,6.7,44.4,-30.8,19.95,30.8,30.6
2024-05-12T08:00,-0.1,-3.4,83,6.1,15.1,255.0,1008.8,12.4,5.8,6.7,44.4,-26.2,19.95,26.2,41.0
2024-05-12T09:00,0.1,-3.2,82,6.2,15.5,246.0,1009.1,12.0,6.2,6.7,44.4,-26.2,19.95,26.2,41.0
2024-05-12T10:00,0.4,-3.2,80,7.3,18.4,179.0,1009.4,8.8,11.8,6.7,44.4,-23.8,19.95,23.8,46.4
2024-05-12T11:00,0.6,-3.0,79,7.9,20.2,127.0,1009.6,6.2,15.7,6.7,44.4,-22.5,19.95,22.5,49.3
2024-05-12T12:00,0.8,-3.0,77,9.0,23.4,91.0,1009.5,4.5,24.6,6.7,44.4,-15.3,19.95,15.3,65.5
2024-05-12T13:00,1.3,-2.8,76,11.3,29.9,145.0,1009.9,7.1,0.0,6.7,44.4,-37.3,19.95,37.3,16.0
2024-05-12T14:00,1.3,-2.8,76,11.1,29.5,151.0,1009.8,7.4,0.0,6.7,44.4,-37.0,19.95,37.0,16.7
2024-05-12T15:00,1.0,-2.8,80,9.5,29.5,88.0,1009.9,4.3,0.0,6.7,44.4,-40.1,19.95,40.1,9.7
2024-05-12T16:00,0.6,-3.0,84,8.7,24.8,27.0,1009.6,1.3,22.0,6.7,44.4,-21.1,19.95,21.1,52.5
2024-05-12T17:00,-0.0,-3.7,89,8.9,25.2,17.0,1009.5,0.8,23.7,6.8,44.5,-20.0,19.95,20.0,55.1
2024-05-12T18:00,-0.2,-3.8,90,8.6,24.8,0.0,1009.9,0.0,21.1,6.8,44.5,-23.4,19.95,23.4,47.4
2024-05-12T19:00,-0.4,-4.3,87,10.2,27.0,4.0,1010.1,0.2,36.7,6.9,44.6,-7.7,19.95,7.7,82.7
2024-05-12T20:00,-0.6,-4.8,86,11.4,31.3,2.0,1010.3,0.1,0.0,6.9,44.6,-44.5,19.95,44.5,0.2
2024-05-12T21:00,-0.8,-4.6,85,8.9,32.0,2.0,1010.3,0.1,0.0,6.9,44.6,-44.5,19.95,44.5,0.2
2024-05-12T22:00,-0.9,-4.5,84,7.6,26.6,4.0,1010.4,0.2,13.7,6.8,44.5,-30.6,19.95,30.6,31.2
2024-05-12T23:00,-0.9,-4.9,79,8.7,27.4,4.0,1010.2,0.2,22.0,6.9,44.6,-22.4,19.95,22.4,49.8
2024-05-13T00:00,-2.5,-6.1,83,5.5,27.0,28.0,1009.9,1.4,3.6,7.0,44.7,-39.7,19.95,39.7,11.2
2024-05-13T01:00,-1.4,-4.7,83,4.7,19.8,10.0,1009.8,0.5,1.5,6.8,44.5,-42.5,19.95,42.5,4.5
2024-05-13T02:00,-1.2,-4.7,86,6.2,20.9,12.0,1010.1,0.6,6.2,6.8,44.5,-37.7,19.95,37.7,15.3
2024-05-13T03:00,-1.1,-5.0,82,8.7,25.2,14.0,1010.1,0.7,22.0,6.9,44.6,-21.9,19.95,21.9,50.9
2024-05-13T04:00,-0.9,-4.6,80,7.6,24.8,31.0,1010.1,1.5,13.7,6.8,44.5,-29.3,19.95,29.3,34.2
2024-05-13T05:00,-0.6,-4.6,73,8.7,24.1,74.0,1010.0,3.7,22.0,6.8,44.5,-18.8,19.95,18.8,57.8
2024-05-13T06:00,-0.2,-4.4,71,9.7,25.6,96.0,1010.1,4.7,31.3,6.8,44.5,-8.5,19.95,8.5,80.9
2024-05-13T07:00,-0.0,-4.2,72,10.4,27.0,100.0,1010.4,4.9,39.0,6.8,44.5,-0.6,19.95,0.6,98.7
2024-05-13T08:00,0.0,-4.2,73,10.4,27.0,91.0,1010.6,4.5,39.0,6.8,44.5,-1.0,19.95,1.0,97.8
2024-05-13T09:00,0.0,-4.2,73,10.7,27.7,74.0,1010.5,3.7,42.6,6.8,44.5,1.8,20.38,0.0,100.0
2024-05-13T10:00,-0.2,-4.4,74,10.2,28.1,86.0,1010.6,4.3,0.0,6.8,44.5,-40.2,19.98,38.7,9.7
2024-05-13T11:00,-0.4,-4.4,74,9.3,26.6,76.0,1010.5,3.8,27.4,6.8,44.5,-13.3,19.98,13.3,70.1
2024-05-13T12:00,-0.4,-4.4,74,8.4,24.1,107.0,1010.5,5.3,19.5,6.8,44.5,-19.7,19.98,19.7,55.7
2024-05-13T13:00,-0.5,-4.6,76,9.3,24.1,33.0,1010.9,1.6,27.4,6.8,44.5,-15.5,19.98,15.5,65.2
2024-05-13T14:00,-0.7,-4.3,77,6.6,23.8,9.0,1010.9,0.5,8.0,6.8,44.5,-36.0,19.98,36.0,19.1
2024-05-13T15:00,-0.7,-4.2,77,5.1,17.3,12.0,1010.7,0.6,2.4,6.7,44.4,-41.4,19.98,41.4,6.8
2024-05-13T16:00,-0.6,-4.1,75,5.1,14.8,16.0,1010.3,0.8,2.4,6.7,44.4,-41.2,19.98,41.2,7.2
2024-05-13T17:00,-0.5,-3.9,73,4.4,14.0,102.0,1009.9,5.0,1.0,6.7,44.4,-38.4,19.98,38.4,13.5
2024-05-13T18:00,-0.6,-3.8,70,3.1,12.2,130.0,1010.0,6.4,0.0,6.7,44.4,-38.0,19.98,38.0,14.4
2024-05-13T19:00,-0.6,-3.8,69,2.3,9.4,111.0,1010.0,5.5,0.0,6.7,44.4,-38.9,19.98,38.9,12.4
2024-05-13T20:00,-0.7,-3.8,68,1.1,8.3,97.0,1010.0,4.8,0.0,6.6,44.3,-39.5,19.98,39.5,10.8
2024-05-13T21:00,-1.1,-4.3,70,2.8,6.8,83.0,1009.5,4.1,0.0,6.7,44.4,-40.3,19.98,40.3,9.2
2024-05-13T22:00,-2.4,-6.0,75,4.8,11.9,64.0,1009.0,3.2,1.7,6.9,44.6,-39.7,19.98,39.7,11.0
2024-05-13T23:00,-4.1,-8.0,80,6.0,14.8,55.0,1008.5,2.8,5.4,7.2,44.9,-36.7,19.98,36.7,18.3
2024-05-14T00:00,-5.2,-9.2,83,6.8,15.5,57.0,1008.3,2.9,9.0,7.3,45.0,-33.1,19.98,33.1,26.4
2024-05-14T01:00,-6.1,-10.3,90,8.6,17.3,47.0,1008.3,2.4,21.1,7.5,45.2,-21.7,19.98,21.7,52.0
2024-05-14T02:00,-6.8,-11.0,93,8.4,18.0,45.0,1008.0,2.3,19.5,7.6,45.3,-23.5,19.98,23.5,48.1
2024-05-14T03:00,-6.3,-10.5,93,8.4,18.0,53.0,1007.6,2.7,19.5,7.5,45.2,-23.0,19.98,23.0,49.1
2024-05-14T04:00,-5.0,-8.9,94,7.6,18.0,83.0,1007.4,4.2,13.7,7.3,45.0,-27.1,19.98,27.1,39.8
2024-05-14T05:00,-3.5,-7.1,95,6.7,16.9,120.0,1006.5,6.0,8.5,7.1,44.8,-30.3,19.98,30.3,32.4
2024-05-14T06:00,-1.3,-4.4,95,4.4,15.8,165.0,1006.3,8.1,1.0,6.8,44.5,-35.4,19.98,35.4,20.4
2024-05-14T07:00,-0.4,-3.0,99,3.1,13.0,130.0,1006.0,6.4,0.0,6.7,44.4,-38.0,19.98,38.0,14.4
2024-05-14T08:00,0.3,-2.4,88,3.1,11.5,98.0,1006.0,4.8,0.0,6.6,44.3,-39.5,19.98,39.5,10.8
2024-05-14T09:00,0.8,-2.0,81,2.4,11.5,96.0,1005.5,4.7,0.0,6.5,44.2,-39.5,19.98,39.5,10.6
2024-05-14T10:00,1.0,-1.8,75,2.1,10.4,91.0,1005.0,4.5,0.0,6.5,44.2,-39.7,19.98,39.7,10.2
2024-05-14T11:00,1.1,-1.7,74,2.3,9.4,47.0,1004.6,2.3,0.0,6.5,44.2,-41.9,19.98,41.9,5.2
2024-05-14T12:00,1.3,-1.7,74,3.7,11.2,28.0,1004.2,1.4,0.2,6.5,44.2,-42.6,19.98,42.6,3.6
2024-05-14T13:00,0.9,-2.4,76,6.0,17.3,21.0,1003.8,1.0,5.4,6.6,44.3,-37.9,19.98,37.9,14.4
2024-05-14T14:00,1.0,-2.2,78,5.0,16.9,29.0,1003.5,1.4,2.2,6.5,44.2,-40.6,19.98,40.6,8.1
2024-05-14T15:00,1.1,-2.3,78,6.5,16.9,38.0,1003.4,1.9,7.5,6.6,44.3,-34.9,19.98,34.9,21.2
2024-05-14T16:00,1.0,-2.4,80,7.1,19.4,19.0,1003.0,0.9,10.6,6.6,44.3,-32.8,19.98,32.8,26.0
2024-05-14T17:00,0.8,-2.8,82,8.3,22.0,15.0,1002.2,0.7,18.7,6.7,44.4,-25.0,19.98,25.0,43.7
2024-05-14T18:00,0.5,-3.0,85,8.2,23.0,19.0,1002.3,0.9,17.9,6.7,44.4,-25.6,19.98,25.6,42.3
2024-05-14T19:00,0.3,-3.2,84,7.1,22.3,36.0,1002.3,1.8,10.6,6.7,44.4,-32.0,19.98,32.0,27.9
2024-05-14T20:00,-0.1,-3.6,84,7.2,19.8,27.0,1002.1,1.3,11.2,6.7,44.4,-31.9,19.98,31.9,28.2
2024-05-14T21:00,-0.5,-4.1,85,7.2,19.8,24.0,1001.6,1.2,11.2,6.8,44.5,-32.1,19.98,32.1,27.9
2024-05-14T22:00,-0.8,-4.3,86,7.0,20.9,18.0,1001.4,0.9,10.1,6.8,44.5,-33.5,19.98,33.5,24.7
2024-05-14T23:00,-1.3,-4.9,87,7.2,22.0,20.0,1001.4,1.0,11.2,6.9,44.6,-32.4,19.98,32.4,27.4
2024-05-15T00:00,-1.9,-5.6,89,7.2,23.4,25.0,1001.4,1.3,11.2,6.9,44.6,-32.1,19.98,32.1,28.0
2024-05-15T01:00,-1.7,-5.3,90,7.4,24.5,20.0,1001.6,1.0,12.4,6.9,44.6,-31.2,19.98,31.2,30.0
2024-05-15T02:00,-1.6,-5.3,88,7.2,23.4,30.0,1001.9,1.5,11.2,6.9,44.6,-31.9,19.98,31.9,28.5
2024-05-15T03:00,-1.6,-5.3,86,7.3,23.0,52.0,1002.1,2.6,11.8,6.9,44.6,-30.2,19.98,30.2,32.3
2024-05-15T04:00,-1.4,-5.1,82,7.0,23.0,121.0,1002.4,6.0,10.1,6.9,44.6,-28.5,19.98,28.5,36.1
2024-05-15T05:00,-1.1,-4.8,80,6.7,22.0,179.0,1003.0,8.8,8.5,6.8,44.5,-27.2,19.98,27.2,38.9
2024-05-15T06:00,-0.7,-4.3,77,6.5,21.6,247.0,1003.6,12.0,7.5,6.8,44.5,-25.0,19.98,25.0,43.8
2024-05-15T07:00,-0.3,-3.9,75,6.4,20.9,313.0,1004.0,15.1,7.0,6.7,44.4,-22.3,19.98,22.3,49.8
2024-05-15T08:00,-0.1,-3.7,72,6.4,20.2,367.0,1004.8,17.6,7.0,6.7,44.4,-19.8,19.98,19.8,55.4
2024-05-15T09:00,0.0,-3.6,70,6.4,18.4,400.0,1005.7,19.1,7.0,6.7,44.4,-18.3,19.98,18.3,58.8
2024-05-15T10:00,0.1,-3.5,70,5.9,17.6,406.0,1006.3,19.4,5.0,6.7,44.4,-20.0,19.98,20.0,55.0
2024-05-15T11:00,0.2,-3.3,70,4.9,15.8,429.0,1007.1,20.4,2.0,6.6,44.3,-21.9,19.98,21.9,50.6
2024-05-15T12:00,0.2,-3.1,70,3.9,13.0,434.0,1007.7,20.6,0.4,6.6,44.3,-23.3,19.98,23.3,47.4
2024-05-15T13:00,0.5,-2.6,66,2.5,7.9,373.0,1007.9,17.8,0.0,6.5,44.2,-26.4,19.98,26.4,40.3
2024-05-15T14:00,0.7,-2.7,68,4.4,11.9,355.0,1008.6,17.0,1.0,6.6,44.3,-26.3,19.98,26.3,40.6
2024-05-15T15:00,0.6,-2.9,71,5.9,15.8,206.0,1009.3,10.0,5.0,6.6,44.3,-29.3,19.98,29.3,33.9
2024-05-15T16:00,0.5,-3.1,73,6.9,18.4,96.0,1009.7,4.7,9.5,6.7,44.4,-30.2,19.98,30.2,32.0
2024-05-15T17:00,0.4,-3.2,75,6.6,18.4,67.0,1010.2,3.3,8.0,6.7,44.4,-33.1,19.98,33.1,25.5
2024-05-15T18:00,0.2,-3.4,75,6.8,18.0,27.0,1010.7,1.3,9.0,6.7,44.4,-34.1,19.98,34.1,23.2
2024-05-15T19:00,0.1,-3.7,74,7.8,19.8,44.0,1010.9,2.2,15.1,6.7,44.4,-27.1,19.98,27.1,39.0
2024-05-15T20:00,0.0,-3.7,76,7.6,19.1,3.0,1011.3,0.1,13.7,6.7,44.4,-30.6,19.98,30.6,31.1
2024-05-15T21:00,-0.3,-3.7,82,5.8,18.4,0.0,1011.7,0.0,4.6,6.7,44.4,-39.8,19.98,39.8,10.4
2024-05-15T22:00,-0.6,-3.8,87,5.2,15.5,0.0,1012.1,0.0,2.7,6.7,44.4,-41.7,19.98,41.7,6.1
2024-05-15T23:00,-0.9,-4.2,88,5.4,15.1,0.0,1012.4,0.0,3.3,6.8,44.5,-41.2,19.98,41.2,7.4
2024-05-16T00:00,-1.5,-5.0,96,7.1,17.6,0.0,1012.7,0.0,10.6,6.9,44.6,-34.0,19.98,34.0,23.8
2024-05-16T01:00,-1.8,-5.2,95,6.5,17.3,0.0,1013.2,0.0,7.5,6.9,44.6,-37.1,19.98,37.1,16.8
2024-05-16T02:00,-2.5,-6.5,95,9.8,23.4,0.0,1013.9,0.0,32.4,7.1,44.8,-12.4,19.98,12.4,72.3
2024-05-16T03:00,-3.4,-7.5,93,9.7,25.6,0.0,1014.8,0.0,31.3,7.2,44.9,-13.6,19.98,13.6,69.7
2024-05-16T04:00,-4.0,-8.0,90,8.3,23.8,0.0,1015.7,0.0,18.7,7.2,44.9,-26.2,19.98,26.2,41.6
2024-05-16T05:00,-4.0,-8.1,88,8.7,22.3,4.0,1016.7,0.2,22.0,7.2,44.9,-22.7,19.98,22.7,49.4
2024-05-16T06:00,-3.8,-8.2,83,10.5,26.3,48.0,1017.3,2.4,40.2,7.3,45.0,-2.4,19.98,2.4,94.7
2024-05-16T07:00,-3.7,-8.5,76,12.7,31.7,180.0,1017.8,8.9,0.0,7.3,45.0,-36.1,19.98,36.1,19.8
2024-05-16T08:00,-3.7,-8.6,69,12.2,33.1,269.0,1018.8,13.2,0.0,7.3,45.0,-31.8,19.98,31.8,29.3
2024-05-16T09:00,-3.7,-8.5,70,11.5,32.0,370.0,1019.5,18.0,0.0,7.3,45.0,-27.0,19.98,27.0,40.0
2024-05-16T10:00,-3.7,-8.3,72,10.9,29.9,399.0,1020.2,19.3,0.0,7.3,45.0,-25.7,19.98,25.7,42.9
2024-05-16T11:00,-3.5,-8.2,73,11.5,29.5,229.0,1020.9,11.3,0.0,7.3,45.0,-33.7,19.98,33.7,25.1
2024-05-16T12:00,-3.6,-8.7,70,13.8,34.9,110.0,1021.4,5.5,0.0,7.4,45.1,-39.6,19.98,39.6,12.2
2024-05-16T13:00,-4.1,-9.3,69,14.0,39.6,345.0,1022.1,16.8,0.0,7.4,45.1,-28.3,19.98,28.3,37.3
2024-05-16T14:00,-3.9,-9.2,76,15.4,42.5,361.0,1022.3,17.6,0.0,7.5,45.2,-27.6,19.98,27.6,38.9
2024-05-16T15:00,-3.6,-8.9,78,15.9,42.1,97.0,1022.3,4.9,0.0,7.4,45.1,-40.2,19.98,40.2,10.9
2024-05-16T16:00,-3.1,-8.4,72,15.5,41.8,57.0,1022.1,2.9,0.0,7.4,45.1,-42.2,19.98,42.2,6.4
2024-05-16T17:00,-3.1,-8.3,72,15.3,41.0,95.0,1022.2,4.7,0.0,7.4,45.1,-40.4,19.98,40.4,10.4
2024-05-16T18:00,-3.2,-8.0,73,12.5,39.6,96.0,1022.5,4.8,0.0,7.3,45.0,-40.2,19.98,40.2,10.7
2024-05-16T19:00,-3.3,-7.8,72,10.2,32.8,104.0,1022.7,5.2,0.0,7.2,44.9,-39.7,19.98,39.7,11.6
2024-05-16T20:00,-3.8,-8.2,75,8.9,27.4,89.0,1023.0,4.5,23.7,7.2,44.9,-16.7,19.98,16.7,62.8
2024-05-16T21:00,-5.0,-9.2,77,7.7,23.8,81.0,1023.1,4.1,14.4,7.3,45.0,-26.5,19.98,26.5,41.1
2024-05-16T22:00,-6.0,-10.2,78,7.5,22.0,64.0,1023.1,3.2,13.1,7.4,45.1,-28.8,19.98,28.8,36.1
2024-05-16T23:00,-6.1,-10.4,78,7.4,21.6,56.0,1023.0,2.8,12.4,7.4,45.1,-29.9,19.98,29.9,33.7
2024-05-17T00:00,-5.6,-10.0,79,8.7,24.5,48.0,1022.8,2.4,22.0,7.4,45.1,-20.7,19.98,20.7,54.1
2024-05-17T01:00,-3.8,-8.4,77,11.3,30.2,19.0,1022.9,1.0,0.0,7.3,45.0,-44.0,19.98,44.0,2.2
2024-05-17T02:00,-3.6,-8.4,77,12.8,33.8,23.0,1022.8,1.2,0.0,7.3,45.0,-43.8,19.98,43.8,2.7
2024-05-17T03:00,-3.6,-8.3,77,11.8,34.2,33.0,1022.4,1.7,0.0,7.3,45.0,-43.3,19.98,43.3,3.8
2024-05-17T04:00,-3.5,-8.1,77,11.1,31.7,51.0,1022.0,2.6,0.0,7.3,45.0,-42.4,19.98,42.4,5.8
2024-05-17T05:00,-3.3,-7.9,78,10.9,29.5,65.0,1021.6,3.3,0.0,7.2,44.9,-41.6,19.98,41.6,7.3
2024-05-17T06:00,-3.1,-7.6,78,11.3,29.2,44.0,1021.3,2.2,0.0,7.2,44.9,-42.7,19.98,42.7,4.9
2024-05-17T07:00,-2.9,-7.5,77,11.9,31.0,27.0,1020.9,1.4,0.0,7.2,44.9,-43.5,19.98,43.5,3.1
2024-05-17T08:00,-2.8,-7.4,79,11.9,31.3,17.0,1020.7,0.9,0.0,7.2,44.9,-44.0,19.98,44.0,2.0
2024-05-17T09:00,-2.7,-7.0,79,10.1,30.2,11.0,1020.3,0.6,0.0,7.1,44.8,-44.2,19.98,44.2,1.3
2024-05-17T10:00,-2.5,-6.7,78,9.0,25.9,14.0,1019.8,0.7,24.6,7.1,44.8,-19.5,19.98,19.5,56.5
2024-05-17T11:00,-2.5,-6.8,77,9.8,23.8,0.0,1019.2,0.0,32.4,7.1,44.8,-12.4,19.98,12.4,72.3
2024-05-17T12:00,-2.5,-6.7,76,9.1,24.8,0.0,1018.7,0.0,25.5,7.1,44.8,-19.3,19.98,19.3,56.9
2024-05-17T13:00,-2.5,-6.2,76,5.9,19.1,9.0,1018.3,0.5,5.0,7.0,44.7,-39.2,19.98,39.2,12.3
2024-05-17T14:00,-2.2,-6.0,72,6.2,16.6,58.0,1017.6,2.9,6.2,7.0,44.7,-35.6,19.98,35.6,20.4
2024-05-17T15:00,-2.1,-5.9,70,5.4,16.9,19.0,1016.8,1.0,3.3,6.9,44.6,-40.3,19.98,40.3,9.6
2024-05-17T16:00,-2.2,-5.9,70,5.0,14.4,11.0,1016.2,0.6,2.2,6.9,44.6,-41.8,19.98,41.8,6.3
2024-05-17T17:00,-2.2,-5.8,71,4.6,12.6,20.0,1015.4,1.0,1.3,6.9,44.6,-42.3,19.98,42.3,5.2
2024-05-17T18:00,-2.4,-6.0,73,4.1,11.5,14.0,1014.6,0.7,0.6,6.9,44.6,-43.3,19.98,43.3,2.9
2024-05-17T19:00,-2.5,-6.0,73,4.0,10.1,10.0,1013.7,0.5,0.5,6.9,44.6,-43.6,19.98,43.6,2.2
2024-05-17T20:00,-2.6,-6.1,74,4.0,9.7,15.0,1013.0,0.8,0.5,6.9,44.6,-43.3,19.98,43.3,2.9
2024-05-17T21:00,-3.4,-6.7,82,3.3,9.4,36.0,1012.3,1.8,0.0,7.0,44.7,-42.9,19.98,42.9,4.0
2024-05-17T22:00,-3.0,-6.4,74,2.5,8.6,52.0,1011.7,2.6,0.0,6.9,44.6,-42.0,19.98,42.0,5.8
2024-05-17T23:00,-3.3,-6.6,74,2.3,8.6,46.0,1010.9,2.3,0.0,6.9,44.6,-42.3,19.98,42.3,5.2
2024-05-18T00:00,-3.4,-6.6,75,1.5,8.6,46.0,1010.3,2.3,0.0,6.9,44.6,-42.3,19.98,42.3,5.2
2024-05-18T01:00,-4.3,-7.6,77,1.3,8.6,77.0,1009.8,3.9,0.0,7.0,44.7,-40.8,19.98,40.8,8.7
2024-05-18T02:00,-4.4,-7.7,77,1.9,8.3,101.0,1009.2,5.1,0.0,7.1,44.8,-39.7,19.98,39.7,11.4
2024-05-18T03:00,-4.3,-7.7,79,2.5,9.0,107.0,1008.4,5.4,0.0,7.1,44.8,-39.4,19.98,39.4,12.1
2024-05-18T04:00,-3.8,-7.2,83,3.7,10.4,120.0,1007.8,6.0,0.2,7.1,44.8,-38.6,19.98,38.6,13.8
2024-05-18T05:00,-3.4,-7.1,81,5.4,13.3,114.0,1007.3,5.7,3.3,7.1,44.8,-35.8,19.98,35.8,20.1
2024-05-18T06:00,-3.3,-7.0,80,5.9,14.8,87.0,1007.0,4.4,5.0,7.1,44.8,-35.4,19.98,35.4,21.0
2024-05-18T07:00,-3.2,-6.9,78,5.3,14.8,57.0,1006.5,2.9,3.0,7.0,44.7,-38.8,19.98,38.8,13.2
2024-05-18T08:00,-3.0,-6.7,75,5.0,14.0,114.0,1006.2,5.7,2.2,7.0,44.7,-36.8,19.98,36.8,17.7
2024-05-18T09:00,-2.9,-6.5,73,4.7,14.0,175.0,1006.0,8.7,1.5,7.0,44.7,-34.5,19.98,34.5,22.8
2024-05-18T10:00,-2.8,-6.4,71,4.5,13.7,143.0,1005.7,7.1,1.2,7.0,44.7,-36.4,19.98,36.4,18.6
2024-05-18T11:00,-2.7,-6.4,69,4.5,13.0,256.0,1005.4,12.5,1.2,7.0,44.7,-31.0,19.98,31.0,30.6
2024-05-18T12:00,-2.6,-6.2,69,3.9,12.2,177.0,1005.0,8.7,0.4,6.9,44.6,-35.5,19.98,35.5,20.4
2024-05-18T13:00,-2.6,-5.8,65,1.1,7.9,205.0,1005.1,10.1,0.0,6.8,44.5,-34.4,19.98,34.4,22.7
2024-05-18T14:00,-2.8,-5.9,68,0.4,6.8,180.0,1004.8,8.9,0.0,6.8,44.5,-35.6,19.98,35.6,20.0
2024-05-18T15:00,-2.9,-6.2,70,1.4,8.3,83.0,1004.3,4.1,0.0,6.9,44.6,-40.5,19.98,40.5,9.2
2024-05-18T16:00,-3.0,-6.5,71,2.8,10.1,49.0,1004.0,2.5,0.0,6.9,44.6,-42.1,19.98,42.1,5.6
2024-05-18T17:00,-3.3,-7.2,72,6.1,16.9,39.0,1003.6,2.0,5.8,7.1,44.8,-37.0,19.98,37.0,17.4
2024-05-18T18:00,-3.5,-7.7,72,7.9,21.6,39.0,1003.4,2.0,15.7,7.2,44.9,-27.2,19.98,27.2,39.4
2024-05-18T19:00,-3.8,-8.1,74,8.7,24.1,14.0,1003.2,0.7,22.0,7.2,44.9,-22.2,19.98,22.2,50.6
2024-05-18T20:00,-4.2,-8.6,77,9.4,25.6,7.0,1003.2,0.4,28.3,7.3,45.0,-16.3,19.98,16.3,63.8
2024-05-18T21:00,-4.6,-9.0,79,9.0,25.6,3.0,1003.4,0.2,24.6,7.3,45.0,-20.2,19.98,20.2,55.1
2024-05-18T22:00,-4.8,-9.1,79,8.5,24.5,2.0,1003.4,0.1,20.3,7.3,45.0,-24.6,19.98,24.6,45.3
2024-05-18T23:00,-5.1,-9.3,79,7.8,23.0,1.0,1003.2,0.1,15.1,7.3,45.0,-29.8,19.98,29.8,33.8
2024-05-19T00:00,-5.3,-9.4,78,6.7,21.6,0.0,1003.2,0.0,8.5,7.3,45.0,-36.5,19.98,36.5,18.9
2024-05-19T01:00,-6.4,-10.5,78,6.4,19.1,1.0,1003.6,0.1,7.0,7.4,45.1,-38.0,19.98,38.0,15.7
2024-05-19T02:00,-6.4,-10.6,77,6.5,18.0,1.0,1003.6,0.1,7.5,7.4,45.1,-37.5,19.98,37.5,16.9
2024-05-19T03:00,-6.5,-10.7,77,6.4,18.4,7.0,1003.7,0.4,7.0,7.5,45.2,-37.8,19.98,37.8,16.4
2024-05-19T04:00,-6.4,-10.5,76,6.0,18.7,17.0,1003.6,0.9,5.4,7.4,45.1,-38.8,19.98,38.8,14.0
2024-05-19T05:00,-6.2,-10.4,75,6.4,18.7,69.0,1003.7,3.5,7.0,7.4,45.1,-34.6,19.98,34.6,23.3
2024-05-19T06:00,-6.0,-10.3,75,7.6,20.2,75.0,1003.9,3.8,13.7,7.4,45.1,-27.6,19.98,27.6,38.8
2024-05-19T07:00,-5.8,-10.2,75,8.6,22.0,49.0,1003.8,2.5,21.1,7.5,45.2,-21.6,19.98,21.6,52.2
2024-05-19T08:00,-5.5,-10.0,76,9.3,23.4,75.0,1004.1,3.8,27.4,7.4,45.1,-13.9,19.98,13.9,69.2
2024-05-19T09:00,-5.3,-10.2,76,11.5,29.2,78.0,1004.2,3.9,0.0,7.5,45.2,-41.3,19.98,41.3,8.6
2024-05-19T10:00,-5.1,-10.0,74,12.4,30.6,130.0,1004.4,6.5,0.0,7.5,45.2,-38.7,19.98,38.7,14.4
2024-05-19T11:00,-5.1,-9.9,74,11.3,31.0,83.0,1004.7,4.2,0.0,7.5,45.2,-41.0,19.98,41.0,9.3
2024-05-19T12:00,-5.0,-9.7,73,10.6,28.4,79.0,1005.0,4.0,0.0,7.4,45.1,-41.1,19.98,41.1,8.9
2024-05-19T13:00,-5.0,-9.6,67,9.2,23.0,37.0,1004.8,1.9,26.4,7.4,45.1,-16.8,19.98,16.8,62.7
2024-05-19T14:00,-5.2,-9.8,68,9.5,23.8,38.0,1005.0,1.9,29.3,7.4,45.1,-13.9,19.98,13.9,69.2
2024-05-19T15:00,-5.4,-10.3,64,10.5,25.9,16.0,1005.2,0.8,40.2,7.5,45.2,-4.2,19.98,4.2,90.7
2024-05-19T16:00,-5.6,-10.3,59,9.4,25.9,120.0,1005.6,6.0,28.3,7.5,45.2,-10.9,19.98,10.9,75.9
2024-05-19T17:00,-6.1,-10.6,58,7.6,23.8,243.0,1005.8,12.1,13.7,7.5,45.2,-19.4,19.98,19.4,57.1
2024-05-19T18:00,-6.3,-10.7,61,6.3,19.4,163.0,1006.2,8.2,6.6,7.4,45.1,-30.3,19.98,30.3,32.8
2024-05-19T19:00,-6.5,-10.6,66,5.1,17.6,62.0,1006.5,3.1,2.4,7.4,45.1,-39.6,19.98,39.6,12.2
2024-05-19T20:00,-6.7,-10.7,72,4.4,16.2,39.0,1006.6,2.0,1.0,7.4,45.1,-42.1,19.98,42.1,6.7
2024-05-19T21:00,-7.4,-11.6,71,5.7,18.0,15.0,1006.8,0.8,4.2,7.5,45.2,-40.2,19.98,40.2,11.1
2024-05-19T22:00,-7.5,-11.7,69,5.2,19.1,20.0,1007.0,1.0,2.7,7.5,45.2,-41.5,19.98,41.5,8.2
2024-05-19T23:00,-6.2,-10.1,60,3.7,17.3,22.0,1007.2,1.1,0.2,7.3,45.0,-43.7,19.98,43.7,2.9
2024-05-20T00:00,-6.1,-10.0,62,3.4,15.8,24.0,1007.6,1.2,0.1,7.3,45.0,-43.7,19.98,43.7,2.9
2024-05-20T01:00,-6.7,-10.6,68,3.2,16.2,58.0,1008.3,2.9,0.0,7.4,45.1,-42.2,19.98,42.2,6.4
2024-05-20T02:00,-6.6,-10.5,68,3.5,15.1,52.0,1008.8,2.6,0.1,7.4,45.1,-42.4,19.98,42.4,6.0
2024-05-20T03:00,-7.1,-10.9,74,3.5,15.1,55.0,1009.1,2.8,0.1,7.4,45.1,-42.2,19.98,42.2,6.4
2024-05-20T04:00,-6.3,-10.1,76,4.5,15.5,100.0,1009.3,5.0,1.2,7.4,45.1,-38.9,19.98,38.9,13.7
2024-05-20T05:00,-5.6,-10.0,68,7.6,22.0,196.0,1009.5,9.8,13.7,7.4,45.1,-21.6,19.98,21.6,52.1
2024-05-20T06:00,-5.4,-10.1,66,9.8,25.9,205.0,1010.0,10.2,32.4,7.5,45.2,-2.6,19.98,2.6,94.2
2024-05-20T07:00,-5.2,-9.9,67,10.1,25.9,243.0,1010.3,12.0,35.6,7.4,45.1,2.5,20.57,0.0,100.0
2024-05-20T08:00,-5.0,-9.8,68,11.2,28.8,296.0,1010.9,14.6,0.0,7.5,45.2,-30.6,19.97,28.3,32.3
2024-05-20T09:00,-4.8,-9.9,69,13.1,33.1,222.0,1011.2,11.0,0.0,7.5,45.2,-34.2,19.97,34.2,24.3
2024-05-20T10:00,-4.6,-9.9,68,14.5,36.7,155.0,1011.6,7.7,0.0,7.5,45.2,-37.5,19.97,37.5,17.0
2024-05-20T11:00,-4.6,-10.0,66,14.8,38.2,218.0,1012.0,10.8,0.0,7.5,45.2,-34.4,19.97,34.4,23.9
2024-05-20T12:00,-4.8,-10.2,68,14.4,38.5,234.0,1012.7,11.6,0.0,7.5,45.2,-33.6,19.97,33.6,25.7
2024-05-20T13:00,-4.1,-9.4,67,14.5,38.9,218.0,1013.0,10.8,0.0,7.5,45.2,-34.4,19.97,34.4,23.9
2024-05-20T14:00,-4.1,-9.2,68,13.2,37.4,192.0,1013.3,9.5,0.0,7.4,45.1,-35.6,19.97,35.6,21.1
2024-05-20T15:00,-4.0,-9.0,66,12.3,33.8,86.0,1013.4,4.3,0.0,7.4,45.1,-40.8,19.97,40.8,9.5
2024-05-20T16:00,-4.1,-9.1,63,12.1,32.0,61.0,1013.6,3.1,0.0,7.4,45.1,-42.0,19.97,42.0,6.9
2024-05-20T17:00,-4.2,-9.2,62,12.0,31.3,130.0,1013.9,6.5,0.0,7.4,45.1,-38.6,19.97,38.6,14.4
2024-05-20T18:00,-4.4,-9.2,65,10.9,30.6,100.0,1014.2,5.0,0.0,7.4,45.1,-40.1,19.97,40.1,11.1
2024-05-20T19:00,-4.6,-9.3,68,10.6,28.4,50.0,1014.6,2.5,0.0,7.4,45.1,-42.6,19.97,42.6,5.5
2024-05-20T20:00,-4.8,-9.5,67,10.4,29.2,29.0,1015.0,1.5,0.0,7.4,45.1,-43.6,19.97,43.6,3.3
2024-05-20T21:00,-5.3,-10.1,66,10.2,29.2,37.0,1015.5,1.9,0.0,7.5,45.2,-43.3,19.97,43.3,4.2
2024-05-20T22:00,-6.7,-11.3,70,8.8,28.1,47.0,1016.0,2.4,0.0,7.6,45.3,-42.9,19.97,42.9,5.3
2024-05-20T23:00,-7.7,-11.9,73,5.5,24.8,52.0,1016.4,2.7,3.6,7.6,45.3,-39.0,19.97,39.0,13.9
2024-05-21T00:00,-6.8,-10.7,67,3.9,17.3,51.0,1016.6,2.6,0.4,7.4,45.1,-42.1,19.97,42.1,6.7
2024-05-21T01:00,-6.7,-10.4,67,2.4,14.0,55.0,1017.0,2.8,0.0,7.3,45.0,-42.2,19.97,42.2,6.2
2024-05-21T02:00,-6.6,-10.2,68,1.6,11.2,43.0,1017.1,2.2,0.0,7.3,45.0,-42.8,19.97,42.8,4.9
2024-05-21T03:00,-6.4,-10.0,70,2.2,10.1,23.0,1017.1,1.2,0.0,7.3,45.0,-43.8,19.97,43.8,2.7
2024-05-21T04:00,-6.2,-10.2,74,5.4,14.8,49.0,1017.1,2.5,3.3,7.4,45.1,-39.3,19.97,39.3,12.9
2024-05-21T05:00,-5.9,-10.3,75,8.4,21.6,68.0,1017.3,3.4,19.5,7.5,45.2,-22.3,19.97,22.3,50.7
2024-05-21T06:00,-5.8,-10.7,71,11.3,28.1,100.0,1017.5,5.0,0.0,7.6,45.3,-40.3,19.97,40.3,11.0
2024-05-21T07:00,-5.8,-10.7,69,11.4,29.9,198.0,1017.7,9.9,0.0,7.6,45.3,-35.4,19.97,35.4,21.9
2024-05-21T08:00,-5.6,-10.6,69,12.3,31.3,320.0,1018.0,15.7,0.0,7.6,45.3,-29.6,19.97,29.6,34.7
2024-05-21T09:00,-5.5,-10.6,70,12.8,33.1,397.0,1018.2,19.3,0.0,7.6,45.3,-26.0,19.97,26.0,42.6
2024-05-21T10:00,-5.3,-10.5,72,13.5,34.6,386.0,1018.2,18.8,0.0,7.6,45.3,-26.5,19.97,26.5,41.5
2024-05-21T11:00,-5.2,-10.5,74,14.5,36.7,312.0,1018.6,15.3,0.0,7.6,45.3,-30.0,19.97,30.0,33.8
2024-05-21T12:00,-5.1,-10.5,74,15.5,39.2,245.0,1018.7,12.1,0.0,7.6,45.3,-33.2,19.97,33.2,26.7
2024-05-21T13:00,-3.9,-9.4,79,17.8,45.7,82.0,1018.7,4.1,0.0,7.5,45.2,-41.1,19.97,41.1,9.1
2024-05-21T14:00,-3.6,-9.0,82,17.3,45.7,52.0,1018.8,2.6,0.0,7.5,45.2,-42.6,19.97,42.6,5.8
2024-05-21T15:00,-3.5,-8.8,82,16.5,44.6,33.0,1018.8,1.7,0.0,7.4,45.1,-43.4,19.97,43.4,3.8
2024-05-21T16:00,-3.6,-8.6,80,14.3,42.5,68.0,1018.9,3.4,0.0,7.4,45.1,-41.7,19.97,41.7,7.5
2024-05-21T17:00,-3.7,-8.7,78,13.8,39.6,87.0,1018.7,4.4,0.0,7.4,45.1,-40.7,19.97,40.7,9.8
2024-05-21T18:00,-3.7,-8.8,79,14.4,38.5,83.0,1018.8,4.2,0.0,7.4,45.1,-40.9,19.97,40.9,9.3
2024-05-21T19:00,-3.7,-8.7,79,14.1,38.9,49.0,1018.8,2.5,0.0,7.4,45.1,-42.6,19.97,42.6,5.5
2024-05-21T20:00,-3.8,-8.7,79,13.2,38.5,54.0,1019.2,2.7,0.0,7.4,45.1,-42.4,19.97,42.4,6.0
2024-05-21T21:00,-4.0,-8.8,81,12.6,36.4,34.0,1019.6,1.7,0.0,7.4,45.1,-43.4,19.97,43.4,3.8
2024-05-21T22:00,-4.4,-9.2,80,12.2,35.3,25.0,1019.8,1.3,0.0,7.4,45.1,-43.8,19.97,43.8,2.9
2024-05-21T23:00,-4.8,-9.5,80,11.9,33.5,32.0,1020.1,1.6,0.0,7.5,45.2,-43.6,19.97,43.6,3.5
2024-05-22T00:00,-5.2,-9.8,82,10.5,32.4,31.0,1020.4,1.6,0.0,7.5,45.2,-43.6,19.97,43.6,3.5
2024-05-22T01:00,-5.1,-9.5,83,9.5,27.0,38.0,1020.6,1.9,29.3,7.4,45.1,-13.9,19.97,13.9,69.2
2024-05-22T02:00,-5.0,-9.4,82,9.5,27.0,48.0,1020.8,2.4,29.3,7.4,45.1,-13.4,19.97,13.4,70.3
2024-05-22T03:00,-4.9,-9.4,80,10.0,27.7,67.0,1020.9,3.4,34.5,7.4,45.1,-7.2,19.97,7.2,84.0
2024-05-22T04:00,-4.7,-9.1,80,9.5,27.7,112.0,1021.0,5.6,29.3,7.4,45.1,-10.2,19.97,10.2,77.4
2024-05-22T05:00,-4.2,-8.6,80,10.1,27.4,162.0,1021.0,8.1,35.6,7.3,45.0,-1.3,19.97,1.3,97.1
2024-05-22T06:00,-3.8,-8.2,80,9.7,27.7,159.0,1021.3,7.9,31.3,7.3,45.0,-5.8,19.97,5.8,87.1
2024-05-22T07:00,-3.5,-7.8,80,9.2,26.3,183.0,1021.3,9.1,26.4,7.2,44.9,-9.4,19.97,9.4,79.1
2024-05-22T08:00,-3.2,-7.3,81,8.5,24.5,184.0,1021.6,9.1,20.3,7.1,44.8,-15.4,19.97,15.4,65.6
2024-05-22T09:00,-3.0,-7.1,82,8.7,23.0,205.0,1021.9,10.1,22.0,7.1,44.8,-12.7,19.97,12.7,71.7
2024-05-22T10:00,-2.9,-6.9,81,8.4,23.0,234.0,1022.0,11.5,19.5,7.1,44.8,-13.8,19.97,13.8,69.2
2024-05-22T11:00,-2.6,-6.5,79,6.9,21.2,229.0,1022.2,11.3,9.5,7.0,44.7,-23.9,19.97,23.9,46.5
2024-05-22T12:00,-2.5,-6.2,76,6.0,18.4,216.0,1022.3,10.6,5.4,7.0,44.7,-28.7,19.97,28.7,35.8
2024-05-22T13:00,-2.4,-5.9,74,4.0,15.8,334.0,1022.7,16.2,0.5,6.9,44.6,-27.9,19.97,27.9,37.4
2024-05-22T14:00,-2.2,-5.5,73,2.5,13.0,311.0,1022.5,15.1,0.0,6.8,44.5,-29.4,19.97,29.4,33.9
2024-05-22T15:00,-1.9,-5.1,72,2.1,10.1,302.0,1022.1,14.7,0.0,6.8,44.5,-29.8,19.97,29.8,33.0
2024-05-22T16:00,-1.7,-4.9,71,2.1,8.6,234.0,1021.8,11.5,0.0,6.8,44.5,-33.0,19.97,33.0,25.8
2024-05-22T17:00,-1.5,-4.9,70,3.6,9.7,161.0,1021.4,7.9,0.2,6.8,44.5,-36.4,19.97,36.4,18.2
2024-05-22T18:00,-1.5,-4.9,73,3.9,11.2,115.0,1021.2,5.7,0.4,6.8,44.5,-38.4,19.97,38.4,13.7
2024-05-22T19:00,-1.5,-5.0,74,4.6,12.2,52.0,1020.9,2.6,1.3,6.8,44.5,-40.6,19.97,40.6,8.8
2024-05-22T20:00,-1.5,-5.0,73,4.7,13.0,24.0,1020.6,1.2,1.5,6.8,44.5,-41.8,19.97,41.8,6.1
2024-05-22T21:00,-1.7,-5.1,74,4.1,12.2,38.0,1020.3,1.9,0.6,6.8,44.5,-42.0,19.97,42.0,5.6
2024-05-22T22:00,-2.3,-5.7,80,4.0,11.9,23.0,1019.7,1.2,0.5,6.9,44.6,-42.9,19.97,42.9,3.8
2024-05-22T23:00,-3.1,-6.6,79,3.9,11.9,15.0,1019.2,0.8,0.4,7.0,44.7,-43.5,19.97,43.5,2.7
2024-05-23T00:00,-3.0,-6.6,81,5.1,14.0,7.0,1018.6,0.4,2.4,7.0,44.7,-41.9,19.97,41.9,6.3
2024-05-23T01:00,-4.0,-7.9,83,6.7,18.0,13.0,1018.7,0.7,8.5,7.2,44.9,-35.7,19.97,35.7,20.5
2024-05-23T02:00,-4.2,-8.2,84,7.7,21.2,11.0,1018.1,0.6,14.4,7.2,44.9,-29.9,19.97,29.9,33.4
2024-05-23T03:00,-4.0,-8.2,84,8.9,24.5,9.0,1017.3,0.5,23.7,7.3,45.0,-20.8,19.97,20.8,53.8
2024-05-23T04:00,-3.8,-8.2,83,9.9,27.4,4.0,1016.5,0.2,33.4,7.3,45.0,-11.4,19.97,11.4,74.7
2024-05-23T05:00,-3.5,-8.0,81,10.7,32.4,3.0,1015.6,0.2,0.0,7.3,45.0,-44.8,19.97,44.8,0.4
2024-05-23T06:00,-3.3,-7.9,83,12.3,36.4,2.0,1014.8,0.1,0.0,7.3,45.0,-44.9,19.97,44.9,0.2
2024-05-23T07:00,-3.0,-7.9,82,13.8,41.0,0.0,1013.8,0.0,0.0,7.3,45.0,-45.0,19.97,45.0,0.0
2024-05-23T08:00,-3.0,-8.0,80,14.7,43.2,0.0,1013.0,0.0,0.0,7.3,45.0,-45.0,19.97,45.0,0.0
2024-05-23T09:00,-2.9,-7.9,81,15.1,46.4,0.0,1012.0,0.0,0.0,7.3,45.0,-45.0,19.97,45.0,0.0
2024-05-23T10:00,-2.5,-7.8,80,16.8,50.4,0.0,1010.9,0.0,0.0,7.3,45.0,-45.0,19.97,45.0,0.0
2024-05-23T11:00,-2.3,-7.7,81,18.1,53.3,7.0,1009.7,0.4,0.0,7.3,45.0,-44.6,19.97,44.6,0.9
2024-05-23T12:00,-2.3,-7.5,82,16.5,54.0,2.0,1008.3,0.1,0.0,7.3,45.0,-44.9,19.97,44.9,0.2
2024-05-23T13:00,-3.2,-8.6,83,17.9,58.3,0.0,1007.6,0.0,0.0,7.5,45.2,-45.2,19.97,45.2,0.0
2024-05-23T14:00,-3.0,-8.5,83,17.9,58.7,0.0,1006.1,0.0,0.0,7.4,45.1,-45.1,19.97,45.1,0.0
2024-05-23T15:00,-2.9,-8.4,84,19.0,59.4,2.0,1004.5,0.1,0.0,7.4,45.1,-45.0,19.97,45.0,0.2
2024-05-23T16:00,-3.1,-8.4,84,16.9,59.8,0.0,1003.4,0.0,0.0,7.4,45.1,-45.1,19.97,45.1,0.0
2024-05-23T17:00,-3.2,-8.5,85,17.1,57.2,0.0,1002.2,0.0,0.0,7.4,45.1,-45.1,19.97,45.1,0.0
2024-05-23T18:00,-3.3,-8.5,84,16.0,57.2,0.0,1001.0,0.0,0.0,7.4,45.1,-45.1,19.97,45.1,0.0
2024-05-23T19:00,-3.6,-8.3,86,13.3,55.1,0.0,999.4,0.0,0.0,7.4,45.1,-45.1,19.97,45.1,0.0
2024-05-23T20:00,-3.8,-8.3,87,11.5,49.3,0.0,998.5,0.0,0.0,7.3,45.0,-45.0,19.97,45.0,0.0
2024-05-23T21:00,-4.1,-8.8,87,12.4,45.7,0.0,997.8,0.0,0.0,7.4,45.1,-45.1,19.97,45.1,0.0
2024-05-23T22:00,-4.3,-9.1,85,12.8,46.8,0.0,997.3,0.0,0.0,7.4,45.1,-45.1,19.97,45.1,0.0
2024-05-23T23:00,-4.5,-9.2,84,12.5,45.4,0.0,996.8,0.0,0.0,7.4,45.1,-45.1,19.97,45.1,0.0
2024-05-24T00:00,-4.7,-9.6,85,13.1,44.3,0.0,996.3,0.0,0.0,7.5,45.2,-45.2,19.97,45.2,0.0
2024-05-24T01:00,-4.8,-9.7,82,12.6,42.1,0.0,996.2,0.0,0.0,7.5,45.2,-45.2,19.97,45.2,0.0
2024-05-24T02:00,-5.1,-10.0,80,12.4,41.8,0.0,996.3,0.0,0.0,7.5,45.2,-45.2,19.97,45.2,0.0
2024-05-24T03:00,-5.3,-10.1,80,11.7,40.3,0.0,996.7,0.0,0.0,7.5,45.2,-45.2,19.97,45.2,0.0
2024-05-24T04:00,-5.3,-9.9,79,10.5,37.8,1.0,997.3,0.1,0.0,7.5,45.2,-45.1,19.97,45.1,0.2
2024-05-24T05:00,-5.0,-9.4,76,9.0,33.5,23.0,998.0,1.2,0.0,7.4,45.1,-43.9,19.97,43.9,2.7
2024-05-24T06:00,-4.9,-9.2,77,8.2,28.8,69.0,999.0,3.5,0.0,7.3,45.0,-41.5,19.97,41.5,7.8
2024-05-24T07:00,-4.5,-8.7,78,7.9,24.8,71.0,999.9,3.6,15.7,7.3,45.0,-25.7,19.97,25.7,42.9
2024-05-24T08:00,-4.2,-8.2,75,6.4,23.4,67.0,1001.0,3.4,7.0,7.2,44.9,-34.5,19.97,34.5,23.2
2024-05-24T09:00,-4.0,-7.8,71,4.6,20.5,130.0,1002.0,6.5,1.3,7.1,44.8,-37.0,19.97,37.0,17.4
2024-05-24T10:00,-3.6,-7.0,68,1.6,15.8,256.0,1003.0,12.6,0.0,7.0,44.7,-32.1,19.97,32.1,28.2
2024-05-24T11:00,-3.1,-7.0,68,6.0,18.0,232.0,1004.0,11.4,5.4,7.0,44.7,-27.9,19.97,27.9,37.6
2024-05-24T12:00,-2.7,-6.7,71,7.4,22.3,71.0,1004.7,3.6,12.4,7.0,44.7,-28.7,19.97,28.7,35.8
2024-05-24T13:00,-3.2,-7.3,74,8.0,23.8,158.0,1005.5,7.8,16.5,7.1,44.8,-20.5,19.97,20.5,54.2
2024-05-24T14:00,-3.0,-7.2,77,8.4,23.8,61.0,1006.3,3.1,19.5,7.1,44.8,-22.2,19.97,22.2,50.4
2024-05-24T15:00,-2.6,-6.6,80,7.6,23.0,0.0,1006.9,0.0,13.7,7.0,44.7,-31.0,19.97,31.0,30.6
2024-05-24T16:00,-2.8,-6.4,82,5.4,21.6,0.0,1007.4,0.0,3.3,7.0,44.7,-41.4,19.97,41.4,7.4
2024-05-24T17:00,-3.3,-7.0,78,5.0,15.1,0.0,1007.7,0.0,2.2,7.0,44.7,-42.5,19.97,42.5,4.9
2024-05-24T18:00,-3.6,-7.2,74,3.9,14.8,12.0,1008.4,0.6,0.4,7.0,44.7,-43.7,19.97,43.7,2.2
2024-05-24T19:00,-3.7,-7.4,73,4.7,16.6,21.0,1009.1,1.1,1.5,7.1,44.8,-42.2,19.97,42.2,5.8
2024-05-24T20:00,-4.0,-8.4,76,9.4,26.6,10.0,1009.8,0.5,28.3,7.3,45.0,-16.2,19.97,16.2,64.0
2024-05-24T21:00,-4.2,-9.1,78,12.8,35.6,7.0,1010.2,0.4,0.0,7.4,45.1,-44.7,19.97,44.7,0.9
2024-05-24T22:00,-4.6,-9.7,77,14.0,39.6,3.0,1010.9,0.2,0.0,7.5,45.2,-45.0,19.97,45.0,0.4
2024-05-24T23:00,-5.3,-10.6,79,15.6,43.6,6.0,1011.4,0.3,0.0,7.7,45.4,-45.1,19.97,45.1,0.7
2024-05-25T00:00,-5.6,-11.0,82,16.3,45.7,23.0,1011.9,1.2,0.0,7.7,45.4,-44.2,19.97,44.2,2.6
2024-05-25T01:00,-5.5,-11.0,81,16.5,46.4,39.0,1012.3,2.0,0.0,7.7,45.4,-43.4,19.97,43.4,4.4
2024-05-25T02:00,-5.4,-11.0,80,17.7,49.7,60.0,1012.9,3.0,0.0,7.7,45.4,-42.4,19.97,42.4,6.6
2024-05-25T03:00,-5.1,-10.8,82,18.1,51.1,35.0,1013.2,1.8,0.0,7.7,45.4,-43.6,19.97,43.6,4.0
2024-05-25T04:00,-4.8,-10.7,81,19.4,51.8,38.0,1013.3,1.9,0.0,7.7,45.4,-43.5,19.97,43.5,4.2
2024-05-25T05:00,-4.8,-10.5,80,18.5,52.6,59.0,1013.6,3.0,0.0,7.7,45.4,-42.4,19.97,42.4,6.6
2024-05-25T06:00,-4.9,-10.4,82,17.5,50.4,59.0,1014.2,3.0,0.0,7.7,45.4,-42.4,19.97,42.4,6.6
2024-05-25T07:00,-4.6,-10.1,86,17.7,48.2,52.0,1014.4,2.6,0.0,7.6,45.3,-42.7,19.97,42.7,5.7
2024-05-25T08:00,-4.1,-9.5,87,17.8,48.2,2.0,1014.5,0.1,0.0,7.6,45.3,-45.2,19.97,45.2,0.2
2024-05-25T09:00,-3.5,-9.2,85,20.2,52.6,3.0,1014.0,0.2,0.0,7.6,45.3,-45.1,19.97,45.1,0.4
2024-05-25T10:00,-3.1,-9.2,85,22.3,58.0,10.0,1014.0,0.5,0.0,7.6,45.3,-44.8,19.97,44.8,1.1
2024-05-25T11:00,-2.8,-8.8,86,22.3,60.5,20.0,1013.9,1.0,0.0,7.5,45.2,-44.2,19.97,44.2,2.2
2024-05-25T12:00,-2.5,-8.3,86,21.3,61.2,8.0,1013.6,0.4,0.0,7.5,45.2,-44.8,19.97,44.8,0.9
2024-05-25T13:00,-2.1,-7.6,88,19.6,59.0,2.0,1013.2,0.1,0.0,7.4,45.1,-45.0,19.97,45.0,0.2
2024-05-25T14:00,-2.0,-7.6,89,20.3,58.3,7.0,1013.0,0.4,0.0,7.4,45.1,-44.7,19.97,44.7,0.9
2024-05-25T15:00,-2.0,-7.4,89,19.7,58.0,0.0,1012.6,0.0,0.0,7.4,45.1,-45.1,19.97,45.1,0.0
2024-05-25T16:00,-2.0,-7.4,89,19.7,58.0,0.0,1011.9,0.0,0.0,7.4,45.1,-45.1,19.97,45.1,0.0
2024-05-25T17:00,-1.8,-7.1,89,18.7,56.5,0.0,1011.3,0.0,0.0,7.3,45.0,-45.0,19.97,45.0,0.0
2024-05-25T18:00,-1.6,-6.7,90,17.4,54.7,2.0,1010.7,0.1,0.0,7.2,44.9,-44.8,19.97,44.8,0.2
2024-05-25T19:00,-1.5,-6.3,92,15.9,51.8,0.0,1009.7,0.0,0.0,7.2,44.9,-44.9,19.97,44.9,0.0
2024-05-25T20:00,-1.4,-5.9,93,14.0,49.0,1.0,1009.1,0.1,0.0,7.1,44.8,-44.7,19.97,44.7,0.2
2024-05-25T21:00,-1.3,-5.6,96,13.7,45.4,3.0,1008.3,0.2,0.0,7.1,44.8,-44.6,19.97,44.6,0.4
2024-05-25T22:00,-1.2,-5.5,96,13.5,44.6,2.0,1007.6,0.1,0.0,7.1,44.8,-44.7,19.97,44.7,0.2
2024-05-25T23:00,-1.1,-5.3,96,12.7,43.6,0.0,1006.8,0.0,0.0,7.0,44.7,-44.7,19.97,44.7,0.0
2024-05-26T00:00,-1.1,-5.6,93,14.9,47.5,2.0,1006.8,0.1,0.0,7.1,44.8,-44.7,19.97,44.7,0.2
2024-05-26T01:00,-1.1,-5.7,95,15.2,43.6,0.0,1006.7,0.0,0.0,7.1,44.8,-44.8,19.97,44.8,0.0
2024-05-26T02:00,-0.9,-5.5,87,14.8,45.0,12.0,1006.5,0.6,0.0,7.1,44.8,-44.2,19.97,44.2,1.3
2024-05-26T03:00,-1.3,-6.3,82,15.8,44.6,28.0,1006.7,1.4,0.0,7.1,44.8,-43.4,19.97,43.4,3.1
2024-05-26T04:00,-1.5,-6.8,78,17.5,47.5,14.0,1006.9,0.7,0.0,7.2,44.9,-44.2,19.97,44.2,1.6
2024-05-26T05:00,-1.6,-6.9,76,17.1,47.5,49.0,1007.0,2.4,0.0,7.2,44.9,-42.5,19.97,42.5,5.3
2024-05-26T06:00,-2.4,-7.7,74,16.3,47.5,129.0,1007.6,6.4,0.0,7.3,45.0,-38.6,19.97,38.6,14.2
2024-05-26T07:00,-3.2,-8.6,74,16.7,46.8,256.0,1008.2,12.6,0.0,7.4,45.1,-32.5,19.97,32.5,27.9
2024-05-26T08:00,-3.5,-9.2,79,19.4,52.6,250.0,1009.1,12.3,0.0,7.5,45.2,-32.9,19.97,32.9,27.2
2024-05-26T09:00,-3.4,-9.3,78,20.4,55.8,293.0,1009.8,14.3,0.0,7.6,45.3,-31.0,19.97,31.0,31.6
2024-05-26T10:00,-2.8,-8.8,74,21.0,56.5,188.0,1009.9,9.3,0.0,7.5,45.2,-35.9,19.97,35.9,20.6
2024-05-26T11:00,-2.4,-8.5,73,21.6,58.7,95.0,1010.0,4.7,0.0,7.5,45.2,-40.5,19.97,40.5,10.4
2024-05-26T12:00,-2.2,-8.0,72,19.7,59.4,87.0,1010.2,4.3,0.0,7.4,45.1,-40.8,19.97,40.8,9.5
2024-05-26T13:00,-2.4,-8.3,73,20.2,58.3,85.0,1010.3,4.2,0.0,7.4,45.1,-40.9,19.97,40.9,9.3
2024-05-26T14:00,-2.2,-8.4,74,22.7,63.4,78.0,1010.7,3.9,0.0,7.5,45.2,-41.3,19.97,41.3,8.6
2024-05-26T15:00,-2.5,-8.1,74,18.9,63.7,108.0,1010.8,5.4,0.0,7.4,45.1,-39.7,19.97,39.7,12.0
2024-05-26T16:00,-2.8,-8.6,77,19.5,61.2,288.0,1011.1,14.1,0.0,7.5,45.2,-31.1,19.97,31.1,31.2
2024-05-26T17:00,-3.1,-9.1,72,20.0,57.6,130.0,1011.3,6.5,0.0,7.5,45.2,-38.7,19.97,38.7,14.4
2024-05-26T18:00,-3.9,-9.8,69,19.5,58.3,146.0,1011.9,7.3,0.0,7.6,45.3,-38.0,19.97,38.0,16.1
2024-05-26T19:00,-4.4,-10.6,73,20.8,58.3,158.0,1012.6,7.9,0.0,7.7,45.4,-37.5,19.97,37.5,17.4
2024-05-26T20:00,-4.3,-10.4,75,20.3,57.6,78.0,1012.9,3.9,0.0,7.7,45.4,-41.5,19.97,41.5,8.6
2024-05-26T21:00,-4.4,-10.3,73,19.2,56.2,60.0,1013.3,3.0,0.0,7.7,45.4,-42.4,19.97,42.4,6.6
2024-05-26T22:00,-4.7,-10.4,74,17.9,52.9,54.0,1013.4,2.7,0.0,7.7,45.4,-42.7,19.97,42.7,5.9
2024-05-26T23:00,-5.1,-10.6,76,16.6,50.0,61.0,1013.6,3.1,0.0,7.7,45.4,-42.3,19.97,42.3,6.8
2024-05-27T00:00,-5.0,-10.3,78,15.4,46.4,52.0,1013.9,2.6,0.0,7.6,45.3,-42.7,19.97,42.7,5.7
2024-05-27T01:00,-4.5,-9.8,77,14.8,42.1,48.0,1014.3,2.4,0.0,7.5,45.2,-42.8,19.97,42.8,5.3
2024-05-27T02:00,-4.3,-9.4,75,14.3,42.1,54.0,1014.6,2.7,0.0,7.5,45.2,-42.5,19.97,42.5,6.0
2024-05-27T03:00,-4.5,-9.5,76,13.1,40.7,90.0,1014.8,4.5,0.0,7.5,45.2,-40.7,19.97,40.7,10.0
2024-05-27T04:00,-4.2,-9.0,75,12.3,37.1,124.0,1014.9,6.2,0.0,7.4,45.1,-38.9,19.97,38.9,13.7
2024-05-27T05:00,-4.0,-8.7,74,11.2,34.9,133.0,1015.1,6.6,0.0,7.3,45.0,-38.4,19.97,38.4,14.7
2024-05-27T06:00,-3.9,-8.4,74,10.0,31.3,152.0,1015.5,7.6,0.0,7.3,45.0,-37.4,19.97,37.4,16.9
2024-05-27T07:00,-3.9,-8.2,73,8.7,27.7,184.0,1015.7,9.1,22.0,7.2,44.9,-13.8,19.97,13.8,69.3
2024-05-27T08:00,-3.8,-8.0,73,7.8,23.8,224.0,1016.0,11.1,15.1,7.2,44.9,-18.7,19.97,18.7,58.4
2024-05-27T09:00,-3.7,-7.6,74,5.9,20.9,310.0,1016.0,15.2,5.0,7.1,44.8,-24.6,19.97,24.6,45.1
2024-05-27T10:00,-3.5,-7.2,75,4.9,16.6,249.0,1016.0,12.2,2.0,7.1,44.8,-30.6,19.97,30.6,31.7
2024-05-27T11:00,-3.3,-6.9,77,4.9,14.4,218.0,1016.2,10.8,2.0,7.0,44.7,-31.9,19.97,31.9,28.6
2024-05-27T12:00,-3.0,-6.8,79,6.2,15.8,244.0,1016.3,12.0,6.2,7.0,44.7,-26.5,19.97,26.5,40.7
2024-05-27T13:00,-2.9,-6.6,71,4.9,13.0,408.0,1017.0,19.7,2.0,7.0,44.7,-23.0,19.97,23.0,48.5
2024-05-27T14:00,-2.6,-6.3,70,4.8,13.0,391.0,1017.1,18.9,1.7,7.0,44.7,-24.1,19.97,24.1,46.1
2024-05-27T15:00,-2.4,-6.0,69,4.5,13.0,391.0,1017.0,18.9,1.2,6.9,44.6,-24.5,19.97,24.5,45.1
2024-05-27T16:00,-2.3,-5.9,70,4.3,12.2,335.0,1016.8,16.3,0.9,6.9,44.6,-27.4,19.97,27.4,38.6
2024-05-27T17:00,-2.2,-5.9,72,5.2,13.0,261.0,1016.6,12.8,2.7,6.9,44.6,-29.1,19.97,29.1,34.8
2024-05-27T18:00,-2.2,-6.0,74,6.0,14.8,135.0,1016.3,6.7,5.4,6.9,44.6,-32.5,19.97,32.5,27.1
2024-05-27T19:00,-2.4,-6.1,76,5.8,15.5,26.0,1016.2,1.3,4.6,7.0,44.7,-38.8,19.97,38.8,13.2
2024-05-27T20:00,-3.9,-7.7,82,6.1,15.8,117.0,1016.2,5.8,5.8,7.1,44.8,-33.2,19.97,33.2,25.9
2024-05-27T21:00,-4.8,-8.7,82,6.4,16.6,118.0,1016.3,5.9,7.0,7.3,45.0,-32.1,19.97,32.1,28.7
2024-05-27T22:00,-4.1,-8.2,81,7.4,18.4,12.0,1016.1,0.6,12.4,7.2,44.9,-31.9,19.97,31.9,29.0
2024-05-27T23:00,-3.5,-7.6,79,7.7,19.8,6.0,1015.8,0.3,14.4,7.2,44.9,-30.2,19.97,30.2,32.7
2024-05-28T00:00,-3.3,-7.4,78,7.9,20.9,12.0,1015.6,0.6,15.7,7.1,44.8,-28.5,19.97,28.5,36.4
2024-05-28T01:00,-3.6,-8.0,77,9.8,27.0,8.0,1015.1,0.4,32.4,7.2,44.9,-12.1,19.97,12.1,73.1
2024-05-28T02:00,-3.1,-7.6,78,10.5,28.4,3.0,1015.0,0.2,0.0,7.2,44.9,-44.7,19.97,44.7,0.4
2024-05-28T03:00,-3.2,-7.6,81,11.0,31.0,0.0,1014.5,0.0,0.0,7.2,44.9,-44.9,19.97,44.9,0.0
2024-05-28T04:00,-2.8,-7.3,81,11.5,32.8,0.0,1014.2,0.0,0.0,7.2,44.9,-44.9,19.97,44.9,0.0
2024-05-28T05:00,-2.6,-7.0,84,10.8,34.2,0.0,1013.9,0.0,0.0,7.1,44.8,-44.8,19.97,44.8,0.0
2024-05-28T06:00,-2.3,-6.7,84,11.0,36.4,0.0,1013.6,0.0,0.0,7.1,44.8,-44.8,19.97,44.8,0.0
2024-05-28T07:00,-1.9,-6.1,85,10.7,37.1,0.0,1013.5,0.0,0.0,7.1,44.8,-44.8,19.97,44.8,0.0
2024-05-28T08:00,-1.2,-5.4,85,11.5,39.6,0.0,1013.5,0.0,0.0,7.0,44.7,-44.7,19.97,44.7,0.0
2024-05-28T09:00,-0.9,-5.0,87,10.5,39.2,0.0,1013.6,0.0,0.0,6.9,44.6,-44.6,19.97,44.6,0.0
2024-05-28T10:00,-0.2,-4.1,86,10.5,38.5,0.0,1013.8,0.0,0.0,6.8,44.5,-44.5,19.97,44.5,0.0
2024-05-28T11:00,0.4,-3.3,85,9.1,37.8,0.0,1013.6,0.0,0.0,6.7,44.4,-44.4,19.97,44.4,0.0
2024-05-28T12:00,1.0,-2.5,91,9.0,35.6,0.0,1013.9,0.0,0.0,6.7,44.4,-44.4,19.97,44.4,0.0
2024-05-28T13:00,2.4,-0.8,88,8.0,32.4,0.0,1014.5,0.0,0.0,6.5,44.2,-44.2,19.97,44.2,0.0
2024-05-28T14:00,2.6,-0.4,89,7.2,29.5,0.0,1014.8,0.0,0.0,6.4,44.1,-44.1,19.97,44.1,0.0
2024-05-28T15:00,2.7,-0.3,89,7.2,27.4,0.0,1014.8,0.0,11.2,6.4,44.1,-32.9,19.97,32.9,25.4
2024-05-28T16:00,2.8,-0.2,89,7.2,25.6,2.0,1014.9,0.1,11.2,6.4,44.1,-32.8,19.97,32.8,25.6
2024-05-28T17:00,2.9,-0.1,89,7.0,24.8,0.0,1015.0,0.0,10.1,6.4,44.1,-34.0,19.97,34.0,22.9
2024-05-28T18:00,3.0,0.2,89,6.6,23.8,0.0,1014.8,0.0,8.0,6.4,44.1,-36.1,19.97,36.1,18.1
2024-05-28T19:00,3.0,0.3,90,5.4,22.7,0.0,1014.6,0.0,3.3,6.3,44.0,-40.7,19.97,40.7,7.5
2024-05-28T20:00,3.0,0.4,91,5.0,20.5,0.0,1014.8,0.0,2.2,6.3,44.0,-41.8,19.97,41.8,5.0
2024-05-28T21:00,3.0,0.2,90,6.1,21.2,0.0,1014.9,0.0,5.8,6.3,44.0,-38.2,19.97,38.2,13.2
2024-05-28T22:00,3.1,0.1,89,7.3,23.8,0.0,1014.7,0.0,11.8,6.4,44.1,-32.3,19.97,32.3,26.8
2024-05-28T23:00,3.2,0.2,88,7.7,24.5,0.0,1014.6,0.0,14.4,6.4,44.1,-29.7,19.97,29.7,32.7
2024-05-29T00:00,3.2,0.3,89,7.0,24.5,0.0,1014.6,0.0,10.1,6.3,44.0,-33.9,19.97,33.9,23.0
2024-05-29T01:00,3.1,0.2,90,6.8,23.0,0.0,1014.9,0.0,9.0,6.4,44.1,-35.1,19.97,35.1,20.4
2024-05-29T02:00,3.2,0.3,90,7.2,23.4,0.0,1014.8,0.0,11.2,6.4,44.1,-32.9,19.97,32.9,25.4
2024-05-29T03:00,3.3,0.3,91,8.0,24.8,0.0,1014.4,0.0,16.5,6.4,44.1,-27.6,19.97,27.6,37.4
2024-05-29T04:00,3.4,0.5,91,7.9,24.8,0.0,1014.2,0.0,15.7,6.3,44.0,-28.3,19.97,28.3,35.7
2024-05-29T05:00,3.5,0.6,91,7.7,24.1,2.0,1014.1,0.1,14.4,6.3,44.0,-29.5,19.97,29.5,33.0
2024-05-29T06:00,3.5,0.7,91,7.6,22.7,1.0,1014.1,0.0,13.7,6.3,44.0,-30.3,19.97,30.3,31.1
2024-05-29T07:00,3.5,0.7,92,7.2,21.6,5.0,1014.2,0.2,11.2,6.3,44.0,-32.6,19.97,32.6,25.9
2024-05-29T08:00,3.5,0.8,92,6.9,20.5,1.0,1014.2,0.0,9.5,6.3,44.0,-34.5,19.97,34.5,21.6
2024-05-29T09:00,3.5,0.7,93,7.3,20.9,1.0,1014.1,0.0,11.8,6.3,44.0,-32.2,19.97,32.2,26.8
2024-05-29T10:00,3.5,0.8,94,7.2,21.2,4.0,1014.1,0.2,11.2,6.3,44.0,-32.6,19.97,32.6,25.9
2024-05-29T11:00,3.5,0.9,95,6.5,20.9,10.0,1014.1,0.5,7.5,6.3,44.0,-36.0,19.97,36.0,18.2
2024-05-29T12:00,3.5,1.0,96,6.0,19.4,4.0,1014.0,0.2,5.4,6.3,44.0,-38.4,19.97,38.4,12.7
2024-05-29T13:00,3.5,1.1,96,5.4,19.1,7.0,1014.1,0.3,3.3,6.3,44.0,-40.4,19.97,40.4,8.2
2024-05-29T14:00,3.5,1.2,96,5.2,18.4,1.0,1014.0,0.0,2.7,6.3,44.0,-41.3,19.97,41.3,6.1
2024-05-29T15:00,3.6,1.1,96,6.3,18.4,0.0,1013.8,0.0,6.6,6.3,44.0,-37.4,19.97,37.4,15.0
2024-05-29T16:00,3.6,1.1,97,6.0,18.4,4.0,1013.5,0.2,5.4,6.3,44.0,-38.4,19.97,38.4,12.7
2024-05-29T17:00,3.6,1.2,97,5.8,17.3,5.0,1013.1,0.2,4.6,6.3,44.0,-39.2,19.97,39.2,10.9
2024-05-29T18:00,3.5,1.1,98,5.4,16.6,1.0,1013.0,0.0,3.3,6.3,44.0,-40.7,19.97,40.7,7.5
2024-05-29T19:00,3.4,1.1,98,4.8,15.8,0.0,1012.7,0.0,1.7,6.3,44.0,-42.3,19.97,42.3,3.9
2024-05-29T20:00,3.4,1.3,98,4.1,14.8,0.0,1012.5,0.0,0.6,6.3,44.0,-43.4,19.97,43.4,1.4
2024-05-29T21:00,3.4,1.3,98,4.0,13.7,0.0,1012.3,0.0,0.5,6.3,44.0,-43.5,19.97,43.5,1.1
2024-05-29T22:00,3.4,1.3,98,3.8,13.3,0.0,1011.8,0.0,0.3,6.2,43.9,-43.6,19.97,43.6,0.7
2024-05-29T23:00,3.2,1.0,98,4.6,14.0,0.0,1011.4,0.0,1.3,6.3,44.0,-42.7,19.97,42.7,3.0
2024-05-30T00:00,3.2,0.8,98,5.4,15.5,3.0,1011.1,0.1,3.3,6.3,44.0,-40.6,19.97,40.6,7.7
2024-05-30T01:00,3.1,0.4,98,7.1,18.7,6.0,1011.0,0.3,10.6,6.4,44.1,-33.2,19.97,33.2,24.7
2024-05-30T02:00,3.1,0.5,98,6.7,18.7,8.0,1010.6,0.4,8.5,6.4,44.1,-35.2,19.97,35.2,20.2
2024-05-30T03:00,3.2,0.6,97,6.2,18.7,0.0,1010.0,0.0,6.2,6.3,44.0,-37.8,19.97,37.8,14.1
2024-05-30T04:00,2.7,0.0,99,6.6,19.1,72.0,1009.9,3.5,8.0,6.4,44.1,-32.6,19.97,32.6,26.1
2024-05-30T05:00,2.6,-0.0,97,6.3,19.1,63.0,1009.7,3.1,6.6,6.4,44.1,-34.4,19.97,34.4,22.0
2024-05-30T06:00,2.9,0.3,95,6.0,18.0,22.0,1009.7,1.1,5.4,6.4,44.1,-37.6,19.97,37.6,14.7
2024-05-30T07:00,3.3,0.7,94,6.2,18.4,3.0,1009.4,0.1,6.2,6.3,44.0,-37.7,19.97,37.7,14.3
2024-05-30T08:00,3.6,0.8,91,7.7,21.2,61.0,1009.4,3.0,14.4,6.3,44.0,-26.6,19.97,26.6,39.5
2024-05-30T09:00,3.7,0.9,89,7.2,21.6,2.0,1009.5,0.1,11.2,6.3,44.0,-32.7,19.97,32.7,25.7
2024-05-30T10:00,3.7,1.2,90,5.8,20.5,8.0,1010.0,0.4,4.6,6.3,44.0,-39.0,19.97,39.0,11.4
2024-05-30T11:00,3.6,1.0,91,6.0,18.0,0.0,1010.0,0.0,5.4,6.3,44.0,-38.6,19.97,38.6,12.3
2024-05-30T12:00,3.7,0.9,90,7.4,19.4,1.0,1009.9,0.0,12.4,6.3,44.0,-31.6,19.97,31.6,28.2
2024-05-30T13:00,3.8,0.8,88,8.2,23.4,0.0,1010.1,0.0,17.9,6.3,44.0,-26.1,19.97,26.1,40.7
2024-05-30T14:00,3.6,0.7,89,7.6,22.0,0.0,1010.3,0.0,13.7,6.3,44.0,-30.3,19.97,30.3,31.1
2024-05-30T15:00,3.4,0.6,90,6.9,20.9,0.0,1010.3,0.0,9.5,6.3,44.0,-34.5,19.97,34.5,21.6
2024-05-30T16:00,3.4,0.5,90,7.8,20.2,0.0,1010.3,0.0,15.1,6.3,44.0,-28.9,19.97,28.9,34.3
2024-05-30T17:00,3.4,0.4,90,8.2,20.9,0.0,1010.0,0.0,17.9,6.4,44.1,-26.2,19.97,26.2,40.6
2024-05-30T18:00,3.5,0.3,90,9.7,23.8,0.0,1009.6,0.0,31.3,6.4,44.1,-12.8,19.97,12.8,71.0
2024-05-30T19:00,3.5,0.4,89,8.9,23.0,0.0,1009.6,0.0,23.7,6.4,44.1,-20.4,19.97,20.4,53.7
2024-05-30T20:00,3.6,0.5,88,9.1,22.0,0.0,1009.7,0.0,25.5,6.3,44.0,-18.5,19.97,18.5,58.0
2024-05-30T21:00,3.7,0.7,88,8.4,22.0,3.0,1009.4,0.1,19.5,6.3,44.0,-24.4,19.97,24.4,44.5
2024-05-30T22:00,3.6,0.3,88,10.2,25.2,1.0,1009.1,0.0,36.7,6.4,44.1,-7.4,19.97,7.4,83.2
2024-05-30T23:00,3.5,0.0,90,11.5,29.2,1.0,1008.6,0.0,0.0,6.4,44.1,-44.1,19.97,44.1,0.0
2024-05-31T00:00,3.3,-0.4,91,13.5,34.9,3.0,1008.2,0.1,0.0,6.5,44.2,-44.1,19.97,44.1,0.2
2024-05-31T01:00,3.3,-0.3,93,13.3,36.4,1.0,1008.2,0.0,0.0,6.5,44.2,-44.2,19.97,44.2,0.0
2024-05-31T02:00,3.3,-0.5,92,14.1,40.3,4.0,1007.8,0.2,0.0,6.5,44.2,-44.0,19.97,44.0,0.5
2024-05-31T03:00,3.5,-0.0,92,12.4,41.4,1.0,1007.3,0.0,0.0,6.4,44.1,-44.1,19.97,44.1,0.0
2024-05-31T04:00,3.6,0.1,91,12.2,42.8,0.0,1007.2,0.0,0.0,6.4,44.1,-44.1,19.97,44.1,0.0
2024-05-31T05:00,3.6,-0.0,91,13.0,46.4,9.0,1006.8,0.4,0.0,6.4,44.1,-43.7,19.97,43.7,0.9
2024-05-31T06:00,3.6,0.3,92,10.8,46.1,4.0,1006.7,0.2,0.0,6.4,44.1,-43.9,19.97,43.9,0.5
2024-05-31T07:00,3.9,0.0,88,14.6,49.0,115.0,1006.4,5.6,0.0,6.4,44.1,-38.5,19.97,38.5,12.7
2024-05-31T08:00,3.8,-0.5,88,17.6,55.8,118.0,1006.4,5.7,0.0,6.5,44.2,-38.5,19.97,38.5,12.9
2024-05-31T09:00,3.5,-0.6,90,16.1,56.2,99.0,1006.6,4.8,0.0,6.5,44.2,-39.4,19.97,39.4,10.9
2024-05-31T10:00,3.4,-0.5,92,14.7,51.5,63.0,1006.6,3.1,0.0,6.5,44.2,-41.1,19.97,41.1,7.0
2024-05-31T11:00,3.1,-0.9,95,15.8,49.0,8.0,1006.6,0.4,0.0,6.6,44.3,-43.9,19.97,43.9,0.9
2024-05-31T12:00,3.1,-0.9,95,16.0,47.9,9.0,1006.0,0.4,0.0,6.6,44.3,-43.9,19.97,43.9,0.9
2024-05-31T13:00,3.6,-0.7,90,17.1,50.8,0.0,1006.0,0.0,0.0,6.5,44.2,-44.2,19.97,44.2,0.0
2024-05-31T14:00,4.0,0.6,87,11.5,49.0,2.0,1006.2,0.1,0.0,6.4,44.1,-44.0,19.97,44.0,0.2
2024-05-31T15:00,4.0,1.2,88,7.3,38.2,5.0,1007.0,0.2,0.0,6.3,44.0,-43.8,19.97,43.8,0.5
2024-05-31T16:00,4.3,1.2,87,9.1,31.3,5.0,1007.9,0.2,0.0,6.3,44.0,-43.8,19.97,43.8,0.5
2024-05-31T17:00,4.1,1.0,90,9.8,32.4,0.0,1009.3,0.0,0.0,6.3,44.0,-44.0,19.97,44.0,0.0
2024-05-31T18:00,3.5,0.6,93,8.3,30.6,0.0,1010.2,0.0,0.0,6.3,44.0,-44.0,19.97,44.0,0.0
2024-05-31T19:00,3.3,0.5,95,7.2,25.6,0.0,1010.8,0.0,11.2,6.3,44.0,-32.8,19.97,32.8,25.5
2024-05-31T20:00,3.0,0.3,97,7.1,23.0,0.0,1011.5,0.0,10.6,6.4,44.1,-33.5,19.97,33.5,24.0
2024-05-31T21:00,2.9,0.5,97,5.4,22.0,0.0,1012.0,0.0,3.3,6.3,44.0,-40.7,19.97,40.7,7.5
2024-05-31T22:00,2.9,0.5,97,5.0,19.8,0.0,1012.3,0.0,2.2,6.3,44.0,-41.8,19.97,41.8,5.0
2024-05-31T23:00,2.9,0.6,96,4.6,19.1,0.0,1012.6,0.0,1.3,6.3,44.0,-42.7,19.97,42.7,3.0
2024-06-01T00:00,2.9,0.5,96,4.7,17.3,0.0,1012.7,0.0,1.5,6.3,44.0,-42.5,19.97,42.5,3.4
2024-06-01T01:00,2.8,0.3,97,5.4,17.3,0.0,1013.0,0.0,3.3,6.4,44.1,-40.8,19.97,40.8,7.5
2024-06-01T02:00,2.8,0.3,97,5.5,17.3,2.0,1013.2,0.1,3.6,6.4,44.1,-40.4,19.97,40.4,8.4
2024-06-01T03:00,3.0,0.5,96,5.5,17.3,9.0,1012.9,0.4,3.6,6.3,44.0,-40.0,19.97,40.0,9.1
2024-06-01T04:00,3.1,0.6,95,5.4,15.5,19.0,1013.1,0.9,3.3,6.3,44.0,-39.8,19.97,39.8,9.5
2024-06-01T05:00,3.3,0.8,94,5.5,14.8,11.0,1012.9,0.5,3.6,6.3,44.0,-39.9,19.97,39.9,9.3
2024-06-01T06:00,3.5,1.0,92,5.1,15.1,0.0,1013.2,0.0,2.4,6.3,44.0,-41.6,19.97,41.6,5.5
2024-06-01T07:00,3.5,0.9,92,6.3,16.9,7.0,1013.3,0.3,6.6,6.3,44.0,-37.1,19.97,37.1,15.7
2024-06-01T08:00,3.5,0.9,89,5.9,17.6,17.0,1013.5,0.8,5.0,6.3,44.0,-38.2,19.97,38.2,13.2
2024-06-01T09:00,3.7,0.6,85,8.5,23.0,115.0,1013.4,5.6,20.3,6.3,44.0,-18.1,19.97,18.1,58.9
2024-06-01T10:00,4.3,1.0,79,8.9,23.8,157.0,1013.0,7.6,23.7,6.3,44.0,-12.7,19.97,12.7,71.1
2024-06-01T11:00,4.6,1.5,81,8.7,24.5,43.0,1012.5,2.1,22.0,6.2,43.9,-19.8,19.97,19.8,54.9
2024-06-01T12:00,4.7,1.8,84,7.9,25.2,1.0,1012.3,0.0,15.7,6.2,43.9,-28.2,19.97,28.2,35.8
2024-06-01T13:00,4.8,2.0,88,8.3,25.9,6.0,1012.6,0.3,18.7,6.2,43.9,-24.9,19.97,24.9,43.3
2024-06-01T14:00,4.7,2.0,89,7.9,25.6,0.0,1012.7,0.0,15.7,6.2,43.9,-28.2,19.97,28.2,35.8
2024-06-01T15:00,4.7,2.0,90,8.0,25.2,0.0,1012.7,0.0,16.5,6.2,43.9,-27.4,19.97,27.4,37.6
2024-06-01T16:00,4.8,2.0,90,8.6,27.4,2.0,1012.4,0.1,21.1,6.2,43.9,-22.7,19.97,22.7,48.3
2024-06-01T17:00,4.8,2.0,89,8.4,27.0,1.0,1012.2,0.0,19.5,6.2,43.9,-24.4,19.97,24.4,44.4
2024-06-01T18:00,4.5,1.9,90,7.4,25.9,0.0,1012.2,0.0,12.4,6.2,43.9,-31.5,19.97,31.5,28.2
2024-06-01T19:00,4.5,1.8,90,7.6,23.8,0.0,1012.0,0.0,13.7,6.2,43.9,-30.2,19.97,30.2,31.2
2024-06-01T20:00,4.6,1.8,90,8.4,26.3,0.0,1011.9,0.0,19.5,6.2,43.9,-24.4,19.97,24.4,44.4
2024-06-01T21:00,4.6,1.8,89,8.3,26.6,0.0,1011.6,0.0,18.7,6.2,43.9,-25.2,19.97,25.2,42.6
2024-06-01T22:00,4.6,1.9,90,7.7,24.8,2.0,1011.4,0.1,14.4,6.2,43.9,-29.4,19.97,29.4,33.0
2024-06-01T23:00,4.6,1.9,90,7.4,23.8,4.0,1010.8,0.2,12.4,6.2,43.9,-31.3,19.97,31.3,28.7
2024-06-02T00:00,4.5,1.9,90,7.1,22.7,1.0,1010.5,0.0,10.6,6.2,43.9,-33.3,19.97,33.3,24.1
2024-06-02T01:00,4.0,1.5,92,5.5,20.9,29.0,1010.5,1.4,3.6,6.2,43.9,-38.9,19.97,38.9,11.4
2024-06-02T02:00,4.0,1.6,92,5.7,17.6,4.0,1010.3,0.2,4.2,6.2,43.9,-39.5,19.97,39.5,10.0
2024-06-02T03:00,4.2,1.7,92,6.2,16.9,4.0,1010.0,0.2,6.2,6.2,43.9,-37.5,19.97,37.5,14.6
2024-06-02T04:00,4.1,1.5,92,6.4,17.3,0.0,1009.9,0.0,7.0,6.2,43.9,-36.9,19.97,36.9,15.9
2024-06-02T05:00,4.2,1.6,92,7.1,18.0,0.0,1009.6,0.0,10.6,6.2,43.9,-33.3,19.97,33.3,24.1
2024-06-02T06:00,4.2,1.4,92,8.0,19.8,0.0,1009.4,0.0,16.5,6.3,44.0,-27.5,19.97,27.5,37.5
2024-06-02T07:00,4.2,1.3,92,8.4,20.9,2.0,1009.1,0.1,19.5,6.3,44.0,-24.4,19.97,24.4,44.5
2024-06-02T08:00,4.2,1.4,92,8.7,22.0,1.0,1008.8,0.0,22.0,6.3,44.0,-22.0,19.97,22.0,50.0
2024-06-02T09:00,4.3,1.4,91,8.9,23.0,0.0,1008.6,0.0,23.7,6.3,44.0,-20.3,19.97,20.3,53.9
2024-06-02T10:00,4.4,1.5,90,8.9,23.8,1.0,1008.4,0.0,23.7,6.2,43.9,-20.2,19.97,20.2,54.0
2024-06-02T11:00,4.3,1.3,89,9.4,24.1,0.0,1008.0,0.0,28.3,6.3,44.0,-15.7,19.97,15.7,64.3
2024-06-02T12:00,4.3,1.2,88,9.8,25.6,0.0,1007.8,0.0,32.4,6.3,44.0,-11.6,19.97,11.6,73.6
2024-06-02T13:00,4.7,1.6,88,10.1,27.4,3.0,1007.5,0.1,35.6,6.2,43.9,-8.2,19.97,8.2,81.3
2024-06-02T14:00,4.6,1.5,89,10.2,28.1,0.0,1007.2,0.0,0.0,6.3,44.0,-44.0,19.97,44.0,0.0
2024-06-02T15:00,4.4,1.2,89,10.5,30.2,0.0,1006.8,0.0,0.0,6.3,44.0,-44.0,19.97,44.0,0.0
2024-06-02T16:00,5.0,1.8,85,10.1,31.0,11.0,1006.4,0.5,0.0,6.2,43.9,-43.4,19.97,43.4,1.1
2024-06-02T17:00,4.6,1.6,85,9.2,31.3,2.0,1006.0,0.1,0.0,6.2,43.9,-43.8,19.97,43.8,0.2
2024-06-02T18:00,4.6,1.4,84,9.6,32.8,0.0,1005.6,0.0,0.0,6.2,43.9,-43.9,19.97,43.9,0.0
2024-06-02T19:00,4.4,1.3,85,9.3,32.8,0.0,1005.2,0.0,0.0,6.3,44.0,-44.0,19.97,44.0,0.0
2024-06-02T20:00,4.2,1.2,86,8.8,32.8,0.0,1004.9,0.0,0.0,6.3,44.0,-44.0,19.97,44.0,0.0
2024-06-02T21:00,4.2,1.0,87,9.9,33.1,0.0,1004.6,0.0,0.0,6.3,44.0,-44.0,19.97,44.0,0.0
2024-06-02T22:00,4.1,0.9,89,10.2,34.6,0.0,1004.2,0.0,0.0,6.3,44.0,-44.0,19.97,44.0,0.0
2024-06-02T23:00,4.0,0.7,88,10.7,35.3,0.0,1004.0,0.0,0.0,6.3,44.0,-44.0,19.97,44.0,0.0
2024-06-03T00:00,3.9,0.6,89,10.7,35.6,0.0,1003.7,0.0,0.0,6.3,44.0,-44.0,19.97,44.0,0.0
2024-06-03T01:00,4.0,0.4,89,13.1,39.6,6.0,1002.9,0.3,0.0,6.4,44.1,-43.8,19.97,43.8,0.7
2024-06-03T02:00,4.3,0.6,88,13.3,40.7,9.0,1002.8,0.4,0.0,6.4,44.1,-43.7,19.97,43.7,0.9
2024-06-03T03:00,3.7,-0.1,91,14.2,41.8,24.0,1002.6,1.2,0.0,6.5,44.2,-43.0,19.97,43.0,2.7
2024-06-03T04:00,3.7,-0.2,89,14.5,41.8,32.0,1002.4,1.6,0.0,6.5,44.2,-42.6,19.97,42.6,3.6
2024-06-03T05:00,3.6,-0.3,89,14.2,41.8,0.0,1002.1,0.0,0.0,6.5,44.2,-44.2,19.97,44.2,0.0
2024-06-03T06:00,3.7,0.0,90,13.2,41.0,60.0,1002.2,2.9,0.0,6.4,44.1,-41.2,19.97,41.2,6.6
2024-06-03T07:00,4.0,0.5,92,12.6,38.2,102.0,1002.0,5.0,0.0,6.4,44.1,-39.1,19.97,39.1,11.3
2024-06-03T08:00,4.5,1.3,89,11.3,37.1,21.0,1002.2,1.0,0.0,6.3,44.0,-43.0,19.97,43.0,2.3
2024-06-03T09:00,4.8,1.3,88,13.1,40.7,0.0,1002.2,0.0,0.0,6.3,44.0,-44.0,19.97,44.0,0.0
2024-06-03T10:00,5.4,1.9,87,13.7,42.5,16.0,1002.5,0.8,0.0,6.2,43.9,-43.1,19.97,43.1,1.8
2024-06-03T11:00,5.7,2.0,86,15.0,45.0,19.0,1002.5,0.9,0.0,6.2,43.9,-43.0,19.97,43.0,2.1
2024-06-03T12:00,5.6,2.2,85,13.2,44.3,3.0,1002.8,0.1,0.0,6.2,43.9,-43.8,19.97,43.8,0.2
2024-06-03T13:00,5.9,2.4,86,13.5,40.3,99.0,1002.9,4.8,0.0,6.2,43.9,-39.1,19.97,39.1,10.9
2024-06-03T14:00,5.5,1.8,83,14.0,41.0,4.0,1003.2,0.2,0.0,6.2,43.9,-43.7,19.97,43.7,0.5
2024-06-03T15:00,5.6,1.8,84,15.0,42.8,205.0,1003.6,9.8,0.0,6.2,43.9,-34.1,19.97,34.1,22.3
2024-06-03T16:00,5.2,1.5,85,13.8,42.5,75.0,1003.8,3.6,0.0,6.3,44.0,-40.4,19.97,40.4,8.2
2024-06-03T17:00,4.8,1.2,86,13.0,40.0,6.0,1004.1,0.3,0.0,6.3,44.0,-43.7,19.97,43.7,0.7
2024-06-03T18:00,4.5,1.0,87,12.4,39.2,0.0,1004.5,0.0,0.0,6.3,44.0,-44.0,19.97,44.0,0.0
2024-06-03T19:00,4.5,1.2,87,10.9,38.9,0.0,1004.9,0.0,0.0,6.3,44.0,-44.0,19.97,44.0,0.0
2024-06-03T20:00,4.6,1.4,87,10.2,37.1,0.0,1005.3,0.0,0.0,6.3,44.0,-44.0,19.97,44.0,0.0
2024-06-03T21:00,4.7,1.5,87,10.5,38.2,0.0,1005.8,0.0,0.0,6.2,43.9,-43.9,19.97,43.9,0.0
2024-06-03T22:00,4.4,1.1,87,10.8,38.2,0.0,1006.3,0.0,0.0,6.3,44.0,-44.0,19.97,44.0,0.0
2024-06-03T23:00,4.0,0.6,87,10.8,40.3,0.0,1006.6,0.0,0.0,6.3,44.0,-44.0,19.97,44.0,0.0
2024-06-04T00:00,3.7,0.4,87,10.1,40.3,1.0,1006.9,0.0,0.0,6.4,44.1,-44.1,19.97,44.1,0.0
2024-06-04T01:00,3.6,0.1,87,11.6,43.9,0.0,1007.3,0.0,0.0,6.4,44.1,-44.1,19.97,44.1,0.0
2024-06-04T02:00,3.3,-0.1,89,10.8,44.3,0.0,1008.0,0.0,0.0,6.4,44.1,-44.1,19.97,44.1,0.0
2024-06-04T03:00,3.3,-0.4,88,12.7,45.4,0.0,1008.4,0.0,0.0,6.5,44.2,-44.2,19.97,44.2,0.0
2024-06-04T04:00,3.6,-0.3,87,13.6,47.5,0.0,1008.8,0.0,0.0,6.5,44.2,-44.2,19.97,44.2,0.0
2024-06-04T05:00,3.7,-0.3,85,14.6,52.6,1.0,1008.9,0.0,0.0,6.5,44.2,-44.2,19.97,44.2,0.0
2024-06-04T06:00,3.8,-0.2,85,15.0,54.4,67.0,1009.5,3.3,0.0,6.5,44.2,-40.9,19.97,40.9,7.5
2024-06-04T07:00,3.6,-0.3,85,14.2,53.3,149.0,1010.4,7.2,0.0,6.5,44.2,-37.0,19.97,37.0,16.3
2024-06-04T08:00,3.3,-0.5,87,13.4,53.6,143.0,1010.8,6.9,0.0,6.5,44.2,-37.3,19.97,37.3,15.6
2024-06-04T09:00,3.3,-0.4,87,12.5,50.4,218.0,1011.7,10.5,0.0,6.5,44.2,-33.7,19.97,33.7,23.8
2024-06-04T10:00,3.4,-0.4,86,13.3,49.7,229.0,1011.9,11.0,0.0,6.5,44.2,-33.2,19.97,33.2,24.9
2024-06-04T11:00,3.4,-0.5,86,13.7,49.3,267.0,1011.9,12.8,0.0,6.5,44.2,-31.4,19.97,31.4,29.0
2024-06-04T12:00,3.1,-0.8,86,13.3,48.6,139.0,1012.3,6.8,0.0,6.5,44.2,-37.4,19.97,37.4,15.4
2024-06-04T13:00,3.3,-1.6,85,19.9,60.5,89.0,1012.0,4.4,0.0,6.6,44.3,-39.9,19.97,39.9,9.9
2024-06-04T14:00,2.8,-2.3,85,21.3,62.6,29.0,1012.0,1.4,0.0,6.7,44.4,-43.0,19.97,43.0,3.2
2024-06-04T15:00,2.4,-2.8,86,21.7,65.2,12.0,1012.2,0.6,0.0,6.8,44.5,-43.9,19.97,43.9,1.3
2024-06-04T16:00,2.0,-3.2,89,22.0,65.9,10.0,1012.2,0.5,0.0,6.9,44.6,-44.1,19.97,44.1,1.1
2024-06-04T17:00,1.7,-3.6,90,22.0,66.6,4.0,1012.2,0.2,0.0,6.9,44.6,-44.4,19.97,44.4,0.4
2024-06-04T18:00,1.4,-3.7,93,20.9,66.2,1.0,1012.5,0.0,0.0,6.9,44.6,-44.6,19.97,44.6,0.0
2024-06-04T19:00,0.9,-4.3,95,21.3,65.9,1.0,1012.6,0.0,0.0,7.0,44.7,-44.7,19.97,44.7,0.0
2024-06-04T20:00,0.7,-4.6,92,21.6,65.9,0.0,1012.9,0.0,0.0,7.0,44.7,-44.7,19.97,44.7,0.0
2024-06-04T21:00,0.5,-4.8,90,20.9,65.2,1.0,1013.1,0.0,0.0,7.0,44.7,-44.7,19.97,44.7,0.0
2024-06-04T22:00,0.4,-5.0,91,21.7,63.7,5.0,1013.0,0.2,0.0,7.1,44.8,-44.6,19.97,44.6,0.4
2024-06-04T23:00,0.4,-4.7,93,19.9,62.6,7.0,1013.1,0.3,0.0,7.0,44.7,-44.4,19.97,44.4,0.7
2024-06-05T00:00,0.6,-4.3,93,18.4,60.5,0.0,1013.3,0.0,0.0,7.0,44.7,-44.7,19.97,44.7,0.0
2024-06-05T01:00,1.2,-3.6,89,17.7,62.3,1.0,1013.2,0.0,0.0,6.9,44.6,-44.6,19.97,44.6,0.0
2024-06-05T02:00,1.4,-3.3,88,17.3,61.9,0.0,1013.3,0.0,0.0,6.8,44.5,-44.5,19.97,44.5,0.0
2024-06-05T03:00,1.6,-2.8,88,15.2,59.8,7.0,1014.0,0.3,0.0,6.7,44.4,-44.1,19.97,44.1,0.7
2024-06-05T04:00,1.3,-2.7,90,12.6,55.1,1.0,1015.0,0.0,0.0,6.7,44.4,-44.4,19.97,44.4,0.0
2024-06-05T05:00,1.4,-2.8,88,13.7,49.3,1.0,1015.6,0.0,0.0,6.7,44.4,-44.4,19.97,44.4,0.0
2024-06-05T06:00,1.6,-2.4,88,13.0,48.2,4.0,1016.3,0.2,0.0,6.7,44.4,-44.2,19.97,44.2,0.5
2024-06-05T07:00,1.6,-2.3,88,12.6,46.8,0.0,1016.5,0.0,0.0,6.7,44.4,-44.4,19.97,44.4,0.0
2024-06-05T08:00,2.0,-2.1,88,13.8,45.7,3.0,1017.1,0.1,0.0,6.7,44.4,-44.3,19.97,44.3,0.2
2024-06-05T09:00,2.0,-2.1,87,13.3,45.7,1.0,1017.8,0.0,0.0,6.6,44.3,-44.3,19.97,44.3,0.0
2024-06-05T10:00,1.9,-2.0,88,12.4,43.9,0.0,1018.3,0.0,0.0,6.6,44.3,-44.3,19.97,44.3,0.0
2024-06-05T11:00,1.9,-2.0,88,12.5,41.4,0.0,1019.0,0.0,0.0,6.6,44.3,-44.3,19.97,44.3,0.0
2024-06-05T12:00,1.6,-2.2,91,12.3,40.3,0.0,1019.5,0.0,0.0,6.7,44.4,-44.4,19.97,44.4,0.0
2024-06-05T13:00,1.9,-2.1,85,12.9,42.1,0.0,1019.5,0.0,0.0,6.6,44.3,-44.3,19.97,44.3,0.0
2024-06-05T14:00,2.1,-2.1,84,13.6,40.3,0.0,1019.8,0.0,0.0,6.6,44.3,-44.3,19.97,44.3,0.0
2024-06-05T15:00,1.9,-2.2,84,13.0,40.3,0.0,1020.1,0.0,0.0,6.7,44.4,-44.4,19.97,44.4,0.0
2024-06-05T16:00,1.3,-2.7,87,12.8,40.0,0.0,1020.3,0.0,0.0,6.7,44.4,-44.4,19.97,44.4,0.0
2024-06-05T17:00,0.9,-3.1,88,12.0,40.0,0.0,1020.3,0.0,0.0,6.7,44.4,-44.4,19.97,44.4,0.0
2024-06-05T18:00,0.7,-3.1,90,11.2,37.8,0.0,1020.6,0.0,0.0,6.8,44.5,-44.5,19.97,44.5,0.0
2024-06-05T19:00,0.7,-3.0,90,10.2,35.3,0.0,1020.7,0.0,0.0,6.7,44.4,-44.4,19.97,44.4,0.0
2024-06-05T20:00,0.8,-2.9,88,9.7,32.0,1.0,1021.2,0.0,0.0,6.7,44.4,-44.4,19.97,44.4,0.0
2024-06-05T21:00,0.7,-3.0,87,9.4,29.2,1.0,1021.4,0.0,0.0,6.7,44.4,-44.4,19.97,44.4,0.0
2024-06-05T22:00,0.5,-3.3,86,10.2,29.5,2.0,1021.4,0.1,0.0,6.7,44.4,-44.3,19.97,44.3,0.2
2024-06-05T23:00,0.4,-3.4,87,10.0,29.9,8.0,1021.3,0.4,0.0,6.8,44.5,-44.1,19.97,44.1,0.9
2024-06-06T00:00,0.2,-3.5,88,9.5,28.8,36.0,1021.4,1.8,0.0,6.8,44.5,-42.7,19.97,42.7,4.0
2024-06-06T01:00,0.5,-3.3,90,10.9,30.6,37.0,1021.0,1.8,0.0,6.8,44.5,-42.7,19.97,42.7,4.0
2024-06-06T02:00,0.5,-3.6,90,12.4,33.8,30.0,1020.7,1.5,0.0,6.8,44.5,-43.0,19.97,43.0,3.4
2024-06-06T03:00,0.7,-3.4,88,12.4,35.3,62.0,1020.2,3.1,0.0,6.8,44.5,-41.4,19.97,41.4,7.0
2024-06-06T04:00,0.9,-3.1,87,11.5,35.3,99.0,1020.2,4.9,0.0,6.7,44.4,-39.5,19.97,39.5,11.0
2024-06-06T05:00,1.1,-3.0,86,12.6,36.0,83.0,1020.3,4.1,0.0,6.7,44.4,-40.3,19.97,40.3,9.2
2024-06-06T06:00,1.4,-2.8,84,13.0,36.0,102.0,1020.5,5.0,0.0,6.7,44.4,-39.4,19.97,39.4,11.3
2024-06-06T07:00,1.6,-2.5,84,12.8,36.0,102.0,1020.3,5.0,0.0,6.7,44.4,-39.4,19.97,39.4,11.3
2024-06-06T08:00,1.9,-2.2,84,13.1,34.6,104.0,1020.5,5.1,0.0,6.7,44.4,-39.3,19.97,39.3,11.5
2024-06-06T09:00,2.2,-1.9,83,12.8,34.6,124.0,1020.5,6.1,0.0,6.6,44.3,-38.2,19.97,38.2,13.8
2024-06-06T10:00,2.3,-1.7,84,12.7,34.2,100.0,1020.5,4.9,0.0,6.6,44.3,-39.4,19.97,39.4,11.1
2024-06-06T11:00,2.3,-1.5,84,11.9,33.8,138.0,1020.3,6.7,0.0,6.6,44.3,-37.6,19.97,37.6,15.1
2024-06-06T12:00,2.3,-1.5,85,11.8,33.1,131.0,1020.3,6.4,0.0,6.6,44.3,-37.9,19.97,37.9,14.4
2024-06-06T13:00,2.8,-1.2,83,13.1,36.7,146.0,1019.5,7.1,0.0,6.5,44.2,-37.1,19.97,37.1,16.1
2024-06-06T14:00,2.6,-1.4,83,13.5,37.1,214.0,1019.4,10.3,0.0,6.6,44.3,-34.0,19.97,34.0,23.3
2024-06-06T15:00,2.3,-1.8,83,13.8,38.5,167.0,1019.6,8.1,0.0,6.6,44.3,-36.2,19.97,36.2,18.3
2024-06-06T16:00,2.1,-2.0,83,13.0,37.8,161.0,1019.7,7.8,0.0,6.6,44.3,-36.5,19.97,36.5,17.6
2024-06-06T17:00,1.7,-2.4,81,12.8,36.7,153.0,1019.7,7.5,0.0,6.7,44.4,-36.9,19.97,36.9,16.9
2024-06-06T18:00,1.3,-2.6,82,11.2,35.6,65.0,1019.8,3.2,0.0,6.7,44.4,-41.2,19.97,41.2,7.2
2024-06-06T19:00,1.0,-3.0,82,11.0,31.3,45.0,1020.0,2.2,0.0,6.7,44.4,-42.2,19.97,42.2,5.0
2024-06-06T20:00,0.7,-3.3,83,11.3,31.3,59.0,1020.3,2.9,0.0,6.8,44.5,-41.6,19.97,41.6,6.5
2024-06-06T21:00,0.4,-3.7,84,11.7,32.4,67.0,1020.2,3.3,0.0,6.8,44.5,-41.2,19.97,41.2,7.4
2024-06-06T22:00,0.1,-3.9,84,10.5,32.0,52.0,1020.2,2.6,0.0,6.8,44.5,-41.9,19.97,41.9,5.8
2024-06-06T23:00,-0.0,-3.8,85,9.2,28.8,57.0,1020.0,2.8,0.0,6.8,44.5,-41.7,19.97,41.7,6.3
2024-06-07T00:00,0.0,-3.7,83,8.7,25.9,56.0,1020.0,2.8,22.0,6.8,44.5,-19.7,19.97,19.7,55.7
2024-06-07T01:00,-0.1,-4.2,83,11.3,32.0,45.0,1019.4,2.2,0.0,6.9,44.6,-42.4,19.97,42.4,4.9
2024-06-07T02:00,-0.1,-4.2,83,11.2,31.7,79.0,1019.2,3.9,0.0,6.9,44.6,-40.7,19.97,40.7,8.7
2024-06-07T03:00,-0.0,-4.1,86,11.3,31.7,110.0,1019.0,5.4,0.0,6.8,44.5,-39.1,19.97,39.1,12.1
2024-06-07T04:00,0.0,-4.1,87,11.8,32.0,100.0,1019.0,4.9,0.0,6.9,44.6,-39.7,19.97,39.7,11.0
2024-06-07T05:00,-0.0,-4.1,90,12.3,32.8,49.0,1019.1,2.4,0.0,6.9,44.6,-42.2,19.97,42.2,5.4
2024-06-07T06:00,0.3,-3.8,89,12.6,33.5,48.0,1019.0,2.4,0.0,6.8,44.5,-42.1,19.97,42.1,5.4
2024-06-07T07:00,0.8,-3.2,87,12.3,32.8,93.0,1019.2,4.6,0.0,6.8,44.5,-39.9,19.97,39.9,10.3
2024-06-07T08:00,1.2,-2.7,87,11.5,31.7,96.0,1019.2,4.7,0.0,6.7,44.4,-39.7,19.97,39.7,10.6
2024-06-07T09:00,1.6,-2.1,87,10.5,30.2,128.0,1019.2,6.3,0.0,6.6,44.3,-38.0,19.97,38.0,14.2
2024-06-07T10:00,2.1,-1.4,87,9.2,27.7,154.0,1019.0,7.5,26.4,6.5,44.2,-10.3,19.97,10.3,76.7
2024-06-07T11:00,2.6,-0.5,86,7.6,25.2,246.0,1018.9,11.8,13.7,6.4,44.1,-18.6,19.97,18.6,57.8
2024-06-07T12:00,3.0,-0.0,86,7.4,22.3,293.0,1019.1,14.0,12.4,6.4,44.1,-17.7,19.97,17.7,59.9
2024-06-07T13:00,3.2,-0.8,81,12.9,34.6,298.0,1019.1,14.2,0.0,6.5,44.2,-30.0,19.97,30.0,32.1
2024-06-07T14:00,3.0,-1.0,81,13.1,35.3,344.0,1019.1,16.4,0.0,6.5,44.2,-27.8,19.97,27.8,37.1
2024-06-07T15:00,2.8,-1.2,82,12.8,34.9,315.0,1018.9,15.0,0.0,6.5,44.2,-29.2,19.97,29.2,33.9
2024-06-07T16:00,2.6,-1.2,82,11.3,33.8,258.0,1018.9,12.4,0.0,6.5,44.2,-31.8,19.97,31.8,28.1
2024-06-07T17:00,2.3,-1.5,82,11.2,30.6,204.0,1019.0,9.9,0.0,6.6,44.3,-34.4,19.97,34.4,22.3
2024-06-07T18:00,1.9,-1.9,81,11.1,30.2,166.0,1019.2,8.1,0.0,6.6,44.3,-36.2,19.97,36.2,18.3
2024-06-07T19:00,1.6,-2.3,81,11.0,30.2,166.0,1019.2,8.1,0.0,6.6,44.3,-36.2,19.97,36.2,18.3
2024-06-07T20:00,1.5,-2.3,77,9.9,29.9,152.0,1019.4,7.4,0.0,6.6,44.3,-36.9,19.97,36.9,16.7
2024-06-07T21:00,1.6,-2.0,74,7.9,26.6,125.0,1019.6,6.1,15.7,6.6,44.3,-22.5,19.97,22.5,49.2
2024-06-07T22:00,1.8,-1.7,73,7.1,21.2,98.0,1019.6,4.8,10.6,6.5,44.2,-28.8,19.97,28.8,34.8
2024-06-07T23:00,1.7,-1.9,73,7.6,19.4,84.0,1019.6,4.1,13.7,6.5,44.2,-26.4,19.97,26.4,40.3
2024-06-08T00:00,1.6,-1.9,75,7.1,19.8,88.0,1019.5,4.3,10.6,6.5,44.2,-29.3,19.97,29.3,33.7
2024-06-08T01:00,1.9,-1.5,77,7.4,23.0,110.0,1019.0,5.4,12.4,6.5,44.2,-26.4,19.97,26.4,40.3
2024-06-08T02:00,1.6,-2.0,79,8.4,22.0,138.0,1019.1,6.7,19.5,6.6,44.3,-18.1,19.97,18.1,59.1
2024-06-08T03:00,1.4,-2.3,80,8.9,23.8,163.0,1018.9,8.0,23.7,6.6,44.3,-12.6,19.97,12.6,71.6
2024-06-08T04:00,1.4,-2.3,80,8.7,23.8,194.0,1019.2,9.4,22.0,6.6,44.3,-12.9,19.97,12.9,70.9
2024-06-08T05:00,1.4,-2.3,80,8.9,23.4,218.0,1018.9,10.6,23.7,6.6,44.3,-10.0,19.97,10.0,77.4
2024-06-08T06:00,1.7,-1.7,81,7.6,23.0,257.0,1018.8,12.4,13.7,6.5,44.2,-18.1,19.97,18.1,59.0
2024-06-08T07:00,2.1,-1.1,81,6.6,20.9,284.0,1018.6,13.6,8.0,6.5,44.2,-22.6,19.97,22.6,48.9
2024-06-08T08:00,2.5,-0.4,80,5.4,19.4,291.0,1018.4,13.9,3.3,6.4,44.1,-26.9,19.97,26.9,39.0
2024-06-08T09:00,2.7,-0.2,81,5.0,17.3,239.0,1018.1,11.5,2.2,6.4,44.1,-30.4,19.97,30.4,31.1
2024-06-08T10:00,2.8,0.1,82,4.1,16.2,242.0,1017.8,11.6,0.6,6.3,44.0,-31.8,19.97,31.8,27.7
2024-06-08T11:00,3.1,0.8,82,1.4,14.8,177.0,1017.5,8.6,0.0,6.2,43.9,-35.3,19.97,35.3,19.6
2024-06-08T12:00,3.3,0.8,81,2.9,12.6,94.0,1017.1,4.6,0.0,6.2,43.9,-39.3,19.97,39.3,10.5
2024-06-08T13:00,4.5,1.5,79,6.9,22.0,178.0,1016.2,8.6,9.5,6.2,43.9,-25.8,19.97,25.8,41.2
2024-06-08T14:00,4.5,1.9,80,5.5,19.1,161.0,1015.8,7.8,3.6,6.2,43.9,-32.5,19.97,32.5,26.0
2024-06-08T15:00,4.5,2.0,81,4.0,16.6,55.0,1015.5,2.7,0.5,6.1,43.8,-40.6,19.97,40.6,7.3
2024-06-08T16:00,4.4,1.9,80,4.0,13.3,41.0,1015.0,2.0,0.5,6.1,43.8,-41.3,19.97,41.3,5.7
2024-06-08T17:00,4.1,1.5,79,4.0,13.0,13.0,1014.6,0.6,0.5,6.2,43.9,-42.8,19.97,42.8,2.5
2024-06-08T18:00,3.6,1.0,80,3.8,12.6,4.0,1014.4,0.2,0.3,6.2,43.9,-43.4,19.97,43.4,1.1
2024-06-08T19:00,3.2,0.7,81,3.3,11.9,0.0,1014.2,0.0,0.0,6.3,44.0,-44.0,19.97,44.0,0.0
2024-06-08T20:00,2.9,0.2,82,4.1,11.9,2.0,1014.2,0.1,0.6,6.3,44.0,-43.3,19.97,43.3,1.6
2024-06-08T21:00,2.4,-0.5,82,5.6,15.1,0.0,1014.2,0.0,3.9,6.4,44.1,-40.2,19.97,40.2,8.8
2024-06-08T22:00,2.0,-1.3,82,7.2,18.7,2.0,1014.0,0.1,11.2,6.5,44.2,-32.9,19.97,32.9,25.6
2024-06-08T23:00,1.7,-1.7,80,7.1,19.4,0.0,1013.7,0.0,10.6,6.5,44.2,-33.6,19.97,33.6,24.0
2024-06-09T00:00,1.4,-1.9,80,6.8,18.7,3.0,1013.6,0.1,9.0,6.6,44.3,-35.2,19.97,35.2,20.5
2024-06-09T01:00,0.8,-2.8,81,8.7,22.7,2.0,1013.5,0.1,22.0,6.7,44.4,-22.3,19.97,22.3,49.8
2024-06-09T02:00,0.6,-3.1,80,8.6,22.7,4.0,1013.4,0.2,21.1,6.7,44.4,-23.1,19.97,23.1,48.0
2024-06-09T03:00,0.5,-3.3,80,8.7,23.0,4.0,1013.1,0.2,22.0,6.7,44.4,-22.2,19.97,22.2,50.0
2024-06-09T04:00,0.9,-2.8,78,8.2,23.4,26.0,1013.0,1.3,17.9,6.6,44.3,-25.1,19.97,25.1,43.3
2024-06-09T05:00,1.3,-2.4,77,9.1,24.8,29.0,1012.9,1.4,25.5,6.6,44.3,-17.4,19.97,17.4,60.7
2024-06-09T06:00,1.3,-2.5,79,9.7,26.6,4.0,1012.9,0.2,31.3,6.6,44.3,-12.8,19.97,12.8,71.1
2024-06-09T07:00,1.1,-2.7,79,9.2,27.4,1.0,1013.1,0.0,26.4,6.6,44.3,-17.9,19.97,17.9,59.6
2024-06-09T08:00,0.9,-3.0,80,10.2,29.2,0.0,1013.4,0.0,0.0,6.7,44.4,-44.4,19.97,44.4,0.0
2024-06-09T09:00,1.1,-2.7,81,10.1,29.2,19.0,1013.3,0.9,0.0,6.7,44.4,-43.5,19.97,43.5,2.0
2024-06-09T10:00,1.4,-2.7,79,11.5,32.4,18.0,1013.4,0.9,0.0,6.7,44.4,-43.5,19.97,43.5,2.0
2024-06-09T11:00,1.4,-2.9,76,12.4,34.9,101.0,1013.6,5.0,0.0,6.7,44.4,-39.4,19.97,39.4,11.3
2024-06-09T12:00,1.4,-2.8,77,12.0,34.6,180.0,1013.7,8.8,0.0,6.7,44.4,-35.6,19.97,35.6,19.8
2024-06-09T13:00,1.8,-2.5,74,12.6,36.0,257.0,1014.0,12.4,0.0,6.7,44.4,-32.0,19.97,32.0,27.9
2024-06-09T14:00,1.8,-2.4,75,12.7,35.6,297.0,1014.2,14.3,0.0,6.7,44.4,-30.1,19.97,30.1,32.2
2024-06-09T15:00,1.6,-2.6,77,12.6,36.4,220.0,1014.4,10.7,0.0,6.7,44.4,-33.7,19.97,33.7,24.1
2024-06-09T16:00,1.2,-2.9,79,11.9,35.6,120.0,1014.4,5.9,0.0,6.7,44.4,-38.5,19.97,38.5,13.3
2024-06-09T17:00,1.3,-2.7,79,11.3,32.8,100.0,1014.4,4.9,0.0,6.7,44.4,-39.5,19.97,39.5,11.0
2024-06-09T18:00,1.1,-2.8,79,10.7,30.6,56.0,1014.6,2.8,0.0,6.7,44.4,-41.6,19.97,41.6,6.3
2024-06-09T19:00,1.1,-3.0,80,11.4,33.1,43.0,1014.6,2.1,0.0,6.7,44.4,-42.3,19.97,42.3,4.7
2024-06-09T20:00,1.1,-2.8,80,10.0,32.8,27.0,1014.8,1.3,0.0,6.7,44.4,-43.1,19.97,43.1,2.9
2024-06-09T21:00,1.2,-2.3,80,7.8,28.8,9.0,1014.7,0.4,0.0,6.6,44.3,-43.9,19.97,43.9,0.9
2024-06-09T22:00,1.5,-1.7,79,5.9,24.1,0.0,1014.7,0.0,5.0,6.5,44.2,-39.2,19.97,39.2,11.3
2024-06-09T23:00,1.6,-1.5,80,5.0,21.2,0.0,1014.6,0.0,2.2,6.5,44.2,-42.0,19.97,42.0,5.0
2024-06-10T00:00,1.5,-1.5,83,5.4,20.9,0.0,1014.3,0.0,3.3,6.5,44.2,-40.9,19.97,40.9,7.5
2024-06-10T01:00,2.0,-0.9,84,4.7,22.3,5.0,1013.9,0.2,1.5,6.4,44.1,-42.4,19.97,42.4,3.9
2024-06-10T02:00,2.4,-0.3,84,4.4,22.3,87.0,1013.6,4.3,1.0,6.4,44.1,-38.8,19.97,38.8,12.0
2024-06-10T03:00,3.2,0.6,82,4.2,21.2,138.0,1013.2,6.7,0.7,6.3,44.0,-36.6,19.97,36.6,16.8
2024-06-10T04:00,4.1,1.4,79,4.8,20.5,218.0,1012.9,10.5,1.7,6.2,43.9,-31.7,19.97,31.7,27.8
2024-06-10T05:00,5.2,2.6,76,4.8,20.2,267.0,1012.4,12.7,1.7,6.1,43.8,-29.4,19.97,29.4,32.9
2024-06-10T06:00,6.2,3.5,72,5.5,20.2,311.0,1012.2,14.7,3.6,6.0,43.7,-25.4,19.97,25.4,41.9
2024-06-10T07:00,7.0,4.4,69,5.5,20.2,363.0,1011.9,17.0,3.6,5.9,43.6,-23.0,19.97,23.0,47.2
2024-06-10T08:00,7.8,5.2,68,5.9,19.8,412.0,1011.9,19.1,5.0,5.8,43.5,-19.4,19.97,19.4,55.4
2024-06-10T09:00,8.4,5.7,67,7.2,20.9,450.0,1011.6,20.7,11.2,5.7,43.4,-11.5,19.97,11.5,73.5
2024-06-10T10:00,8.7,6.0,67,7.6,22.0,474.0,1011.3,21.7,13.7,5.7,43.4,-8.0,19.97,8.0,81.6
2024-06-10T11:00,8.7,6.2,71,7.5,22.3,486.0,1010.9,22.3,13.1,5.7,43.4,-8.0,19.97,8.0,81.6
2024-06-10T12:00,8.5,6.1,74,7.1,22.0,475.0,1010.6,21.8,10.6,5.7,43.4,-11.0,19.97,11.0,74.7
2024-06-10T13:00,8.4,5.9,75,8.2,23.4,454.0,1010.3,20.9,17.9,5.8,43.5,-4.7,19.97,4.7,89.2
2024-06-10T14:00,8.5,5.8,73,9.4,26.6,428.0,1009.9,19.7,28.3,5.8,43.5,4.5,21.04,0.0,100.0
2024-06-10T15:00,8.7,5.6,70,10.6,29.9,401.0,1009.4,18.5,0.0,5.8,43.5,-25.0,19.95,20.8,42.6
2024-06-10T16:00,8.3,5.0,66,11.3,32.4,358.0,1009.2,16.7,0.0,5.8,43.5,-26.8,19.95,26.8,38.4
2024-06-10T17:00,7.8,4.5,67,11.0,32.4,307.0,1008.7,14.4,0.0,5.9,43.6,-29.2,19.95,29.2,33.0
2024-06-10T18:00,7.4,4.2,67,9.0,31.3,262.0,1008.1,12.4,0.0,5.9,43.6,-31.2,19.95,31.2,28.4
2024-06-10T19:00,7.0,4.1,67,6.8,27.4,218.0,1007.7,10.4,9.0,5.9,43.6,-24.2,19.95,24.2,44.5
2024-06-10T20:00,6.6,3.8,65,5.8,22.3,162.0,1007.3,7.8,4.6,5.9,43.6,-31.2,19.95,31.2,28.4
2024-06-10T21:00,6.3,3.6,65,4.9,20.2,138.0,1006.7,6.6,2.0,5.9,43.6,-35.0,19.95,35.0,19.7
2024-06-10T22:00,6.0,3.2,65,4.5,18.0,115.0,1006.3,5.6,1.2,6.0,43.7,-36.9,19.95,36.9,15.6
2024-06-10T23:00,5.7,2.9,66,4.6,16.6,75.0,1005.9,3.6,1.3,6.0,43.7,-38.8,19.95,38.8,11.2
2024-06-11T00:00,5.3,2.5,69,5.2,16.9,56.0,1005.3,2.7,2.7,6.1,43.8,-38.4,19.95,38.4,12.3
2024-06-11T01:00,5.1,2.5,71,4.1,13.7,79.0,1005.0,3.8,0.6,6.1,43.8,-39.4,19.95,39.4,10.0
2024-06-11T02:00,4.9,2.2,74,5.1,15.8,104.0,1004.7,5.0,2.4,6.1,43.8,-36.4,19.95,36.4,16.9
2024-06-11T03:00,4.9,2.2,76,5.1,16.6,161.0,1004.2,7.8,2.4,6.1,43.8,-33.6,19.95,33.6,23.3
2024-06-11T04:00,4.9,2.1,76,6.1,18.7,153.0,1003.9,7.4,5.8,6.1,43.8,-30.6,19.95,30.6,30.1
2024-06-11T05:00,4.7,1.8,79,6.9,20.2,183.0,1003.6,8.8,9.5,6.2,43.9,-25.6,19.95,25.6,41.7
2024-06-11T06:00,4.6,1.8,80,6.1,20.5,223.0,1003.7,10.7,5.8,6.2,43.9,-27.4,19.95,27.4,37.6
2024-06-11T07:00,5.0,2.4,80,5.6,19.4,315.0,1003.4,14.9,3.9,6.1,43.8,-25.0,19.95,25.0,42.9
2024-06-11T08:00,5.5,2.8,80,6.6,19.4,352.0,1003.1,16.6,8.0,6.1,43.8,-19.2,19.95,19.2,56.2
2024-06-11T09:00,5.3,2.7,83,6.6,20.2,229.0,1003.2,10.9,8.0,6.1,43.8,-24.9,19.95,24.9,43.2
2024-06-11T10:00,5.2,2.7,85,6.2,19.8,127.0,1003.2,6.1,6.2,6.1,43.8,-31.5,19.95,31.5,28.1
2024-06-11T11:00,5.0,2.5,84,5.9,18.4,77.0,1003.1,3.7,5.0,6.1,43.8,-35.1,19.95,35.1,19.9
2024-06-11T12:00,5.1,2.4,84,6.9,19.8,111.0,1003.1,5.4,9.5,6.1,43.8,-28.9,19.95,28.9,34.0
2024-06-11T13:00,6.6,4.2,80,5.4,17.6,96.0,1002.5,4.6,3.3,5.9,43.6,-35.7,19.95,35.7,18.1
2024-06-11T14:00,6.4,3.7,81,7.9,20.9,54.0,1002.5,2.6,15.7,6.0,43.7,-25.4,19.95,25.4,41.9
2024-06-11T15:00,5.8,3.0,80,7.3,22.0,33.0,1002.6,1.6,11.8,6.0,43.7,-30.3,19.95,30.3,30.7
2024-06-11T16:00,5.8,3.2,79,5.9,19.4,15.0,1002.6,0.7,5.0,6.0,43.7,-38.0,19.95,38.0,13.0
2024-06-11T17:00,5.6,3.1,80,5.5,16.9,8.0,1002.4,0.4,3.6,6.0,43.7,-39.7,19.95,39.7,9.2
2024-06-11T18:00,5.1,2.7,84,5.4,16.2,0.0,1002.6,0.0,3.3,6.1,43.8,-40.5,19.95,40.5,7.5
2024-06-11T19:00,4.4,2.0,88,4.6,15.1,0.0,1002.9,0.0,1.3,6.2,43.9,-42.6,19.95,42.6,3.0
2024-06-11T20:00,4.0,1.7,89,3.9,13.0,0.0,1003.1,0.0,0.4,6.2,43.9,-43.5,19.95,43.5,0.9
2024-06-11T21:00,3.9,1.6,87,3.4,10.8,0.0,1003.3,0.0,0.1,6.2,43.9,-43.8,19.95,43.8,0.2
2024-06-11T22:00,3.8,1.4,87,3.9,10.1,0.0,1003.3,0.0,0.4,6.2,43.9,-43.5,19.95,43.5,0.9
2024-06-11T23:00,3.7,1.3,87,4.2,10.8,0.0,1003.3,0.0,0.7,6.2,43.9,-43.2,19.95,43.2,1.6
2024-06-12T00:00,3.6,1.0,89,5.4,14.0,0.0,1003.4,0.0,3.3,6.3,44.0,-40.7,19.95,40.7,7.5
2024-06-12T01:00,3.2,0.6,89,5.1,13.0,0.0,1003.7,0.0,2.4,6.3,44.0,-41.6,19.95,41.6,5.5
2024-06-12T02:00,3.3,0.7,89,4.8,14.4,9.0,1003.8,0.4,1.7,6.3,44.0,-41.9,19.95,41.9,4.8
2024-06-12T03:00,3.5,0.9,89,5.8,15.5,27.0,1003.8,1.3,4.6,6.3,44.0,-38.1,19.95,38.1,13.4
2024-06-12T04:00,3.7,0.8,90,7.8,19.8,14.0,1004.0,0.7,15.1,6.3,44.0,-28.2,19.95,28.2,35.9
2024-06-12T05:00,3.7,0.7,89,8.5,22.0,7.0,1003.9,0.3,20.3,6.3,44.0,-23.4,19.95,23.4,46.8
2024-06-12T06:00,3.7,0.6,88,8.9,22.7,14.0,1004.1,0.7,23.7,6.3,44.0,-19.6,19.95,19.6,55.5
2024-06-12T07:00,3.5,0.4,88,8.6,22.7,16.0,1004.3,0.8,21.1,6.3,44.0,-22.1,19.95,22.1,49.8
2024-06-12T08:00,3.5,0.5,88,8.4,22.3,20.0,1004.6,1.0,19.5,6.3,44.0,-23.5,19.95,23.5,46.6
2024-06-12T09:00,3.8,0.7,86,8.9,24.1,34.0,1004.9,1.7,23.7,6.3,44.0,-18.6,19.95,18.6,57.7
2024-06-12T10:00,4.0,0.8,84,9.6,25.2,42.0,1004.9,2.1,30.3,6.3,44.0,-11.6,19.95,11.6,73.6
2024-06-12T11:00,4.4,0.9,83,11.0,28.8,61.0,1005.0,3.0,0.0,6.3,44.0,-41.0,19.95,41.0,6.8
2024-06-12T12:00,4.6,0.8,82,13.8,33.8,108.0,1005.1,5.2,0.0,6.3,44.0,-38.8,19.95,38.8,11.8
2024-06-12T13:00,4.4,0.9,83,11.7,30.2,58.0,1005.6,2.8,0.0,6.3,44.0,-41.2,19.95,41.2,6.4
2024-06-12T14:00,3.9,0.3,88,12.2,31.7,17.0,1005.9,0.8,0.0,6.4,44.1,-43.3,19.95,43.3,1.8
2024-06-12T15:00,3.4,-0.2,93,13.1,33.8,19.0,1006.2,0.9,0.0,6.5,44.2,-43.3,19.95,43.3,2.0
2024-06-12T16:00,2.8,-0.7,94,11.6,33.8,1.0,1006.5,0.0,0.0,6.5,44.2,-44.2,19.95,44.2,0.0
2024-06-12T17:00,2.4,-1.2,94,11.5,32.0,0.0,1006.5,0.0,0.0,6.6,44.3,-44.3,19.95,44.3,0.0
2024-06-12T18:00,2.1,-1.5,92,11.2,31.7,3.0,1006.9,0.1,0.0,6.6,44.3,-44.2,19.95,44.2,0.2
2024-06-12T19:00,1.9,-1.8,89,11.2,30.6,3.0,1007.2,0.1,0.0,6.6,44.3,-44.2,19.95,44.2,0.2
2024-06-12T20:00,1.8,-2.4,84,13.4,34.2,8.0,1007.3,0.4,0.0,6.7,44.4,-44.0,19.95,44.0,0.9
2024-06-12T21:00,1.4,-2.8,83,13.7,37.4,6.0,1007.5,0.3,0.0,6.7,44.4,-44.1,19.95,44.1,0.7
2024-06-12T22:00,1.3,-2.9,84,13.7,36.0,9.0,1007.5,0.4,0.0,6.7,44.4,-44.0,19.95,44.0,0.9
2024-06-12T23:00,1.3,-2.7,86,12.6,35.6,12.0,1007.5,0.6,0.0,6.7,44.4,-43.8,19.95,43.8,1.4
2024-06-13T00:00,1.3,-2.6,89,11.9,33.5,2.0,1007.5,0.1,0.0,6.7,44.4,-44.3,19.95,44.3,0.2
2024-06-13T01:00,1.8,-2.3,91,13.7,36.4,0.0,1007.7,0.0,0.0,6.7,44.4,-44.4,19.95,44.4,0.0
2024-06-13T02:00,1.8,-2.5,90,15.5,41.4,0.0,1007.7,0.0,0.0,6.7,44.4,-44.4,19.95,44.4,0.0
2024-06-13T03:00,1.8,-2.5,90,15.1,42.8,2.0,1007.6,0.1,0.0,6.7,44.4,-44.3,19.95,44.3,0.2
2024-06-13T04:00,1.9,-2.4,88,15.1,41.8,7.0,1007.6,0.3,0.0,6.7,44.4,-44.1,19.95,44.1,0.7
2024-06-13T05:00,2.0,-2.3,88,15.1,40.7,12.0,1007.6,0.6,0.0,6.7,44.4,-43.8,19.95,43.8,1.4
2024-06-13T06:00,2.0,-2.3,88,15.5,41.8,20.0,1007.8,1.0,0.0,6.7,44.4,-43.4,19.95,43.4,2.3
2024-06-13T07:00,2.1,-2.3,87,15.8,41.8,16.0,1007.8,0.8,0.0,6.7,44.4,-43.6,19.95,43.6,1.8
2024-06-13T08:00,2.4,-1.9,86,15.9,41.4,34.0,1008.1,1.7,0.0,6.7,44.4,-42.7,19.95,42.7,3.8
2024-06-13T09:00,2.4,-2.0,85,15.9,43.2,21.0,1008.2,1.0,0.0,6.7,44.4,-43.4,19.95,43.4,2.3
2024-06-13T10:00,2.5,-1.8,84,15.5,42.8,24.0,1008.5,1.2,0.0,6.6,44.3,-43.1,19.95,43.1,2.7
2024-06-13T11:00,2.9,-1.5,82,15.9,42.5,68.0,1008.6,3.3,0.0,6.6,44.3,-41.0,19.95,41.0,7.4
2024-06-13T12:00,2.8,-1.6,82,16.2,42.8,41.0,1008.7,2.0,0.0,6.6,44.3,-42.3,19.95,42.3,4.5
2024-06-13T13:00,3.1,-1.0,83,14.5,38.9,51.0,1009.3,2.5,0.0,6.5,44.2,-41.7,19.95,41.7,5.7
2024-06-13T14:00,3.0,-1.2,83,15.1,40.3,48.0,1009.5,2.4,0.0,6.6,44.3,-41.9,19.95,41.9,5.4
2024-06-13T15:00,3.0,-1.1,83,13.7,40.0,51.0,1009.6,2.5,0.0,6.5,44.2,-41.7,19.95,41.7,5.7
2024-06-13T16:00,3.0,-0.9,83,13.0,36.7,81.0,1009.6,4.0,0.0,6.5,44.2,-40.2,19.95,40.2,9.0
2024-06-13T17:00,2.8,-1.0,83,12.3,34.2,50.0,1009.7,2.5,0.0,6.5,44.2,-41.7,19.95,41.7,5.7
2024-06-13T18:00,2.6,-1.2,84,12.3,32.0,26.0,1009.9,1.3,0.0,6.5,44.2,-42.9,19.95,42.9,2.9
2024-06-13T19:00,2.4,-1.4,85,12.2,32.0,22.0,1010.0,1.1,0.0,6.6,44.3,-43.2,19.95,43.2,2.5
2024-06-13T20:00,2.3,-1.5,84,11.5,32.0,21.0,1010.1,1.0,0.0,6.6,44.3,-43.3,19.95,43.3,2.3
2024-06-13T21:00,2.2,-1.7,84,11.9,32.0,15.0,1010.2,0.7,0.0,6.6,44.3,-43.6,19.95,43.6,1.6
2024-06-13T22:00,2.0,-1.7,84,10.5,31.0,18.0,1010.2,0.9,0.0,6.6,44.3,-43.4,19.95,43.4,2.0
2024-06-13T23:00,2.0,-1.7,84,10.2,27.7,19.0,1010.2,0.9,36.7,6.6,44.3,-6.7,19.95,6.7,84.9
2024-06-14T00:00,1.8,-1.8,85,9.5,27.0,23.0,1010.2,1.1,29.3,6.6,44.3,-13.9,19.95,13.9,68.6
2024-06-14T01:00,1.7,-2.2,86,11.6,29.5,39.0,1010.4,1.9,0.0,6.6,44.3,-42.4,19.95,42.4,4.3
2024-06-14T02:00,1.8,-2.1,85,11.9,31.0,39.0,1010.3,1.9,0.0,6.6,44.3,-42.4,19.95,42.4,4.3
2024-06-14T03:00,1.9,-2.0,84,11.9,31.3,73.0,1010.2,3.6,0.0,6.6,44.3,-40.7,19.95,40.7,8.1
2024-06-14T04:00,2.0,-1.8,84,10.8,31.0,87.0,1010.1,4.3,0.0,6.6,44.3,-40.0,19.95,40.0,9.7
2024-06-14T05:00,2.3,-1.4,83,10.1,28.4,112.0,1010.1,5.5,0.0,6.5,44.2,-38.7,19.95,38.7,12.4
2024-06-14T06:00,2.7,-0.9,82,10.1,27.0,171.0,1010.1,8.3,35.6,6.5,44.2,-0.3,19.95,0.3,99.3
2024-06-14T07:00,3.3,-0.4,79,10.8,28.4,248.0,1010.3,11.9,0.0,6.4,44.1,-32.2,19.95,32.2,27.0
2024-06-14T08:00,3.8,0.1,79,11.5,31.0,274.0,1010.5,13.1,0.0,6.4,44.1,-31.0,19.95,31.0,29.7
2024-06-14T09:00,4.2,0.4,79,12.6,32.4,291.0,1010.7,13.9,0.0,6.4,44.1,-30.2,19.95,30.2,31.5
2024-06-14T10:00,4.2,0.5,81,12.6,32.4,294.0,1010.7,14.0,0.0,6.4,44.1,-30.1,19.95,30.1,31.7
2024-06-14T11:00,4.1,0.6,81,10.9,31.7,191.0,1010.8,9.2,0.0,6.3,44.0,-34.8,19.95,34.8,20.9
2024-06-14T12:00,4.2,0.9,81,9.5,27.4,213.0,1011.1,10.2,29.3,6.3,44.0,-4.5,19.95,4.5,89.8
2024-06-14T13:00,4.4,1.1,84,9.9,24.5,250.0,1011.4,12.0,33.4,6.3,44.0,1.4,20.28,0.0,100.0
2024-06-14T14:00,4.4,1.2,83,9.0,24.8,201.0,1011.6,9.7,24.6,6.2,43.9,-9.6,19.99,8.5,78.1
2024-06-14T15:00,4.5,1.5,81,7.4,22.7,174.0,1011.7,8.4,12.4,6.2,43.9,-23.1,19.99,23.1,47.4
2024-06-14T16:00,4.6,1.7,79,7.4,20.2,223.0,1011.6,10.7,12.4,6.2,43.9,-20.8,19.99,20.8,52.6
2024-06-14T17:00,4.6,1.6,78,7.4,19.8,218.0,1011.7,10.5,12.4,6.2,43.9,-21.0,19.99,21.0,52.2
2024-06-14T18:00,4.4,1.4,79,7.4,19.4,180.0,1011.9,8.7,12.4,6.2,43.9,-22.8,19.99,22.8,48.1
2024-06-14T19:00,4.0,1.0,81,7.3,19.1,124.0,1012.2,6.0,11.8,6.3,44.0,-26.2,19.99,26.2,40.5
2024-06-14T20:00,3.7,0.7,83,7.3,18.7,110.0,1012.3,5.4,11.8,6.3,44.0,-26.8,19.99,26.8,39.1
2024-06-14T21:00,3.4,0.4,83,7.0,18.0,75.0,1012.5,3.7,10.1,6.3,44.0,-30.2,19.99,30.2,31.4
2024-06-14T22:00,3.1,0.1,85,7.0,17.6,48.0,1012.5,2.4,10.1,6.4,44.1,-31.6,19.99,31.6,28.3
2024-06-14T23:00,2.8,-0.2,86,6.5,17.3,48.0,1012.7,2.4,7.5,6.4,44.1,-34.2,19.99,34.2,22.4
2024-06-15T00:00,2.5,-0.5,88,6.8,17.3,36.0,1012.5,1.8,9.0,6.4,44.1,-33.3,19.99,33.3,24.5
2024-06-15T01:00,2.2,-0.8,89,7.1,17.6,29.0,1012.4,1.4,10.6,6.5,44.2,-32.2,19.99,32.2,27.1
2024-06-15T02:00,2.2,-0.9,89,7.2,18.4,34.0,1012.4,1.7,11.2,6.5,44.2,-31.3,19.99,31.3,29.2
2024-06-15T03:00,2.1,-0.9,90,6.9,18.4,32.0,1012.4,1.6,9.5,6.5,44.2,-33.1,19.99,33.1,25.1
2024-06-15T04:00,2.1,-0.9,90,6.8,18.4,39.0,1012.2,1.9,9.0,6.5,44.2,-33.3,19.99,33.3,24.7
2024-06-15T05:00,2.3,-0.6,89,5.6,17.3,56.0,1012.1,2.8,3.9,6.4,44.1,-37.4,19.99,37.4,15.2
2024-06-15T06:00,2.8,-0.1,86,5.6,16.2,100.0,1012.0,4.9,3.9,6.4,44.1,-35.3,19.99,35.3,20.0
2024-06-15T07:00,3.4,0.7,82,5.2,15.8,108.0,1012.1,5.3,2.7,6.3,44.0,-36.0,19.99,36.0,18.2
2024-06-15T08:00,4.1,1.5,80,4.1,15.1,136.0,1012.1,6.6,0.6,6.2,43.9,-36.7,19.99,36.7,16.4
2024-06-15T09:00,4.7,2.2,78,3.8,14.0,191.0,1012.2,9.2,0.3,6.1,43.8,-34.3,19.99,34.3,21.7
2024-06-15T10:00,5.2,2.9,76,3.1,14.0,191.0,1012.1,9.2,0.0,6.0,43.7,-34.5,19.99,34.5,21.1
2024-06-15T11:00,5.3,3.1,76,2.2,13.3,139.0,1012.2,6.7,0.0,6.0,43.7,-37.0,19.99,37.0,15.3
2024-06-15T12:00,5.5,3.3,76,2.8,11.5,111.0,1012.2,5.4,0.0,6.0,43.7,-38.3,19.99,38.3,12.4
2024-06-15T13:00,6.0,4.1,79,1.5,10.8,152.0,1012.3,7.3,0.0,5.9,43.6,-36.3,19.99,36.3,16.7
2024-06-15T14:00,5.9,4.1,79,1.1,10.4,54.0,1012.5,2.6,0.0,5.9,43.6,-41.0,19.99,41.0,6.0
2024-06-15T15:00,5.9,4.0,79,1.1,9.4,47.0,1012.6,2.3,0.0,5.9,43.6,-41.3,19.99,41.3,5.3
2024-06-15T16:00,5.8,3.8,79,2.3,10.1,39.0,1012.8,1.9,0.0,5.9,43.6,-41.7,19.99,41.7,4.4
2024-06-15T17:00,5.7,3.5,80,3.6,12.2,36.0,1012.9,1.8,0.2,6.0,43.7,-41.7,19.99,41.7,4.6
2024-06-15T18:00,5.6,3.1,80,5.0,14.8,56.0,1013.1,2.7,2.2,6.0,43.7,-38.8,19.99,38.8,11.2
2024-06-15T19:00,5.2,2.4,80,6.8,19.1,32.0,1013.6,1.6,9.0,6.1,43.8,-33.2,19.99,33.2,24.2
2024-06-15T20:00,4.9,1.8,80,8.7,22.7,59.0,1014.1,2.9,22.0,6.2,43.9,-19.0,19.99,19.0,56.7
2024-06-15T21:00,4.4,1.0,81,10.4,26.6,61.0,1014.7,3.0,39.0,6.3,44.0,-2.0,19.99,2.0,95.5
2024-06-15T22:00,4.1,0.6,83,11.0,28.4,48.0,1014.9,2.4,0.0,6.3,44.0,-41.6,19.99,41.6,5.5
2024-06-15T23:00,3.8,0.2,84,12.0,30.6,29.0,1015.2,1.4,0.0,6.4,44.1,-42.7,19.99,42.7,3.2
2024-06-16T00:00,3.8,-0.0,84,13.0,33.1,12.0,1015.3,0.6,0.0,6.4,44.1,-43.5,19.99,43.5,1.4
2024-06-16T01:00,3.8,-0.1,86,14.3,38.2,2.0,1015.7,0.1,0.0,6.4,44.1,-44.0,19.99,44.0,0.2
2024-06-16T02:00,3.9,0.1,86,13.2,36.4,9.0,1016.0,0.4,0.0,6.4,44.1,-43.7,19.99,43.7,0.9
2024-06-16T03:00,4.0,0.6,86,11.5,33.8,15.0,1016.1,0.7,0.0,6.4,44.1,-43.4,19.99,43.4,1.6
2024-06-16T04:00,4.2,0.9,85,10.2,29.9,5.0,1016.2,0.2,0.0,6.3,44.0,-43.8,19.99,43.8,0.5
2024-06-16T05:00,4.3,1.2,85,8.9,27.0,0.0,1016.3,0.0,23.7,6.3,44.0,-20.3,19.99,20.3,53.9
2024-06-16T06:00,4.3,1.3,85,7.9,23.0,0.0,1016.7,0.0,15.7,6.2,43.9,-28.2,19.99,28.2,35.8
2024-06-16T07:00,4.6,1.7,83,7.7,20.9,4.0,1017.1,0.2,14.4,6.2,43.9,-29.3,19.99,29.3,33.3
2024-06-16T08:00,4.8,1.9,82,7.7,20.2,1.0,1017.6,0.0,14.4,6.2,43.9,-29.5,19.99,29.5,32.8
2024-06-16T09:00,4.9,2.0,81,7.4,19.8,0.0,1017.8,0.0,12.4,6.2,43.9,-31.5,19.99,31.5,28.2
2024-06-16T10:00,5.2,2.4,81,7.6,19.8,7.0,1018.1,0.3,13.7,6.1,43.8,-29.8,19.99,29.8,32.0
2024-06-16T11:00,5.5,2.8,80,6.8,19.8,7.0,1018.5,0.3,9.0,6.1,43.8,-34.5,19.99,34.5,21.2
2024-06-16T12:00,5.8,3.4,78,5.2,18.0,20.0,1018.7,1.0,2.7,6.0,43.7,-40.0,19.99,40.0,8.5
2024-06-16T13:00,6.4,4.1,78,4.3,18.4,112.0,1019.2,5.4,0.9,5.9,43.6,-37.3,19.99,37.3,14.4
2024-06-16T14:00,6.5,4.5,78,2.6,14.0,92.0,1019.5,4.4,0.0,5.9,43.6,-39.2,19.99,39.2,10.1
2024-06-16T15:00,6.2,4.0,79,4.2,11.9,18.0,1019.8,0.9,0.7,5.9,43.6,-42.0,19.99,42.0,3.7
2024-06-16T16:00,6.2,3.9,79,5.2,14.0,15.0,1020.0,0.7,2.7,6.0,43.7,-40.3,19.99,40.3,7.8
2024-06-16T17:00,6.2,3.6,79,6.4,16.2,43.0,1020.1,2.1,7.0,6.0,43.7,-34.6,19.99,34.6,20.8
2024-06-16T18:00,6.1,3.5,80,6.6,16.9,24.0,1020.4,1.2,8.0,6.0,43.7,-34.5,19.99,34.5,21.1
2024-06-16T19:00,5.9,3.5,82,5.6,16.6,37.0,1020.6,1.8,3.9,6.0,43.7,-38.0,19.99,38.0,13.0
2024-06-16T20:00,5.8,3.6,82,4.3,14.4,19.0,1021.1,0.9,0.9,6.0,43.7,-41.9,19.99,41.9,4.1
2024-06-16T21:00,5.8,3.7,82,3.4,11.9,21.0,1021.7,1.0,0.1,6.0,43.7,-42.6,19.99,42.6,2.5
2024-06-16T22:00,5.6,3.6,84,3.1,10.1,24.0,1022.0,1.2,0.0,6.0,43.7,-42.5,19.99,42.5,2.7
2024-06-16T23:00,5.6,3.4,83,3.9,10.4,17.0,1022.2,0.8,0.4,6.0,43.7,-42.5,19.99,42.5,2.7
2024-06-17T00:00,5.5,3.1,82,5.3,13.0,9.0,1022.6,0.4,3.0,6.0,43.7,-40.3,19.99,40.3,7.8
2024-06-17T01:00,5.3,3.0,87,5.1,13.0,21.0,1022.8,1.0,2.4,6.1,43.8,-40.4,19.99,40.4,7.8
2024-06-17T02:00,5.4,3.0,84,5.4,14.0,12.0,1023.0,0.6,3.3,6.1,43.8,-39.9,19.99,39.9,8.9
2024-06-17T03:00,5.3,2.9,85,5.8,14.8,21.0,1023.1,1.0,4.6,6.1,43.8,-38.2,19.99,38.2,12.8
2024-06-17T04:00,5.4,2.9,85,6.5,15.5,27.0,1023.2,1.3,7.5,6.1,43.8,-35.0,19.99,35.0,20.1
2024-06-17T05:00,5.4,2.9,85,6.3,15.8,30.0,1023.1,1.5,6.6,6.1,43.8,-35.7,19.99,35.7,18.5
2024-06-17T06:00,5.8,3.4,82,5.2,15.1,56.0,1023.1,2.7,2.7,6.0,43.7,-38.3,19.99,38.3,12.4
2024-06-17T07:00,6.1,3.8,80,4.8,14.0,64.0,1023.1,3.1,1.7,6.0,43.7,-38.9,19.99,38.9,11.0
2024-06-17T08:00,6.6,4.3,79,5.0,14.8,122.0,1023.2,5.9,2.2,5.9,43.6,-35.5,19.99,35.5,18.6
2024-06-17T09:00,6.9,4.7,77,4.8,14.8,116.0,1023.3,5.6,1.7,5.9,43.6,-36.3,19.99,36.3,16.7
2024-06-17T10:00,7.1,4.9,76,4.6,14.4,143.0,1023.3,6.9,1.3,5.8,43.5,-35.3,19.99,35.3,18.9
2024-06-17T11:00,7.2,4.9,77,5.2,15.5,114.0,1023.3,5.5,2.7,5.8,43.5,-35.3,19.99,35.3,18.9
2024-06-17T12:00,7.4,5.0,76,6.6,17.6,154.0,1023.1,7.4,8.0,5.8,43.5,-28.1,19.99,28.1,35.4
2024-06-17T13:00,7.7,5.4,79,6.4,20.5,205.0,1023.2,9.7,7.0,5.8,43.5,-26.8,19.99,26.8,38.4
2024-06-17T14:00,8.0,5.6,77,6.8,17.6,205.0,1023.0,9.7,9.0,5.8,43.5,-24.8,19.99,24.8,43.0
2024-06-17T15:00,7.9,5.6,77,6.1,17.6,152.0,1022.8,7.3,5.8,5.8,43.5,-30.4,19.99,30.4,30.1
2024-06-17T16:00,7.9,5.8,76,4.8,16.9,133.0,1022.6,6.4,1.7,5.8,43.5,-35.4,19.99,35.4,18.6
2024-06-17T17:00,7.8,5.9,76,3.7,14.4,114.0,1022.2,5.5,0.2,5.8,43.5,-37.8,19.99,37.8,13.1
2024-06-17T18:00,7.8,5.7,76,4.3,12.2,94.0,1022.1,4.5,0.9,5.8,43.5,-38.1,19.99,38.1,12.4
2024-06-17T19:00,7.3,5.0,81,6.0,15.1,86.0,1022.2,4.1,5.4,5.8,43.5,-34.0,19.99,34.0,21.8
2024-06-17T20:00,7.1,5.0,82,5.2,15.1,51.0,1022.5,2.5,2.7,5.9,43.6,-38.4,19.99,38.4,11.9
2024-06-17T21:00,6.8,4.6,83,5.6,13.3,12.0,1022.5,0.6,3.9,5.9,43.6,-39.1,19.99,39.1,10.3
2024-06-17T22:00,6.5,4.3,84,5.4,13.3,5.0,1022.3,0.2,3.3,5.9,43.6,-40.1,19.99,40.1,8.0
2024-06-17T23:00,6.3,4.2,84,4.8,12.6,0.0,1022.0,0.0,1.7,5.9,43.6,-41.9,19.99,41.9,3.9
2024-06-18T00:00,6.3,4.1,83,5.2,12.6,5.0,1021.7,0.2,2.7,5.9,43.6,-40.7,19.99,40.7,6.7
2024-06-18T01:00,5.9,3.7,84,4.7,11.9,54.0,1021.8,2.6,1.5,6.0,43.7,-39.6,19.99,39.6,9.4
2024-06-18T02:00,5.8,3.7,85,4.0,11.9,64.0,1021.7,3.1,0.5,6.0,43.7,-40.1,19.99,40.1,8.2
2024-06-18T03:00,5.9,4.0,82,2.2,10.8,75.0,1021.3,3.6,0.0,5.9,43.6,-40.0,19.99,40.0,8.3
2024-06-18T04:00,6.3,4.3,76,2.1,10.4,156.0,1021.1,7.5,0.0,5.9,43.6,-36.1,19.99,36.1,17.2
2024-06-18T05:00,6.6,4.4,71,2.3,10.8,217.0,1020.7,10.3,0.0,5.9,43.6,-33.3,19.99,33.3,23.6
2024-06-18T06:00,6.8,4.8,69,1.1,11.2,311.0,1020.5,14.6,0.0,5.8,43.5,-28.9,19.99,28.9,33.6
2024-06-18T07:00,7.2,5.2,69,1.1,10.8,368.0,1020.4,17.2,0.0,5.8,43.5,-26.3,19.99,26.3,39.5
2024-06-18T08:00,7.5,5.5,71,2.3,12.2,418.0,1020.0,19.4,0.0,5.8,43.5,-24.1,19.99,24.1,44.6
2024-06-18T09:00,7.9,6.0,74,2.9,13.7,454.0,1019.9,20.9,0.0,5.7,43.4,-22.5,19.99,22.5,48.2
2024-06-18T10:00,8.4,6.6,74,2.6,13.7,478.0,1019.5,21.9,0.0,5.7,43.4,-21.5,19.99,21.5,50.5
2024-06-18T11:00,8.8,7.0,72,3.5,14.4,493.0,1019.4,22.5,0.1,5.6,43.3,-20.7,19.99,20.7,52.2
2024-06-18T12:00,8.9,6.8,70,5.0,16.2,484.0,1019.0,22.2,2.2,5.6,43.3,-18.9,19.99,18.9,56.4
2024-06-18T13:00,9.7,7.6,69,4.7,18.4,480.0,1018.6,21.9,1.5,5.6,43.3,-19.9,19.99,19.9,54.0
2024-06-18T14:00,9.7,7.8,69,4.0,16.6,454.0,1018.4,20.8,0.5,5.5,43.2,-21.9,19.99,21.9,49.3
2024-06-18T15:00,9.6,7.5,68,4.8,16.6,418.0,1018.0,19.2,1.7,5.6,43.3,-22.4,19.99,22.4,48.3
2024-06-18T16:00,9.3,6.9,67,6.2,18.7,376.0,1017.7,17.4,6.2,5.6,43.3,-19.7,19.99,19.7,54.5
2024-06-18T17:00,8.8,6.1,66,7.1,20.2,328.0,1017.5,15.3,10.6,5.7,43.4,-17.5,19.99,17.5,59.7
2024-06-18T18:00,8.0,5.2,67,7.6,20.9,276.0,1017.5,13.0,13.7,5.8,43.5,-16.8,19.99,16.8,61.4
2024-06-18T19:00,7.1,4.3,69,7.3,20.5,225.0,1017.4,10.7,11.8,5.9,43.6,-21.1,19.99,21.1,51.6
2024-06-18T20:00,6.3,3.4,71,7.1,19.8,179.0,1017.4,8.6,10.6,6.0,43.7,-24.5,19.99,24.5,43.9
2024-06-18T21:00,5.5,2.5,72,7.1,19.8,143.0,1017.4,6.9,10.6,6.1,43.8,-26.3,19.99,26.3,40.0
2024-06-18T22:00,4.8,1.7,73,7.4,20.5,120.0,1017.0,5.8,12.4,6.2,43.9,-25.7,19.99,25.7,41.5
2024-06-18T23:00,4.3,1.1,74,7.4,20.9,115.0,1016.7,5.6,12.4,6.2,43.9,-25.9,19.99,25.9,41.0
2024-06-19T00:00,4.0,0.7,75,7.6,21.2,116.0,1016.3,5.6,13.7,6.3,44.0,-24.7,19.99,24.7,43.9
2024-06-19T01:00,3.8,0.2,78,10.6,30.2,71.0,1015.1,3.5,0.0,6.4,44.1,-40.6,19.99,40.6,7.9
2024-06-19T02:00,3.4,-0.3,81,11.4,31.3,76.0,1014.9,3.7,0.0,6.4,44.1,-40.4,19.99,40.4,8.4
2024-06-19T03:00,3.4,-0.4,82,12.2,33.8,129.0,1014.3,6.3,0.0,6.4,44.1,-37.8,19.99,37.8,14.3
2024-06-19T04:00,3.3,-0.5,83,12.5,35.3,123.0,1014.0,6.0,0.0,6.5,44.2,-38.2,19.99,38.2,13.6
2024-06-19T05:00,3.5,-0.4,83,13.3,36.7,142.0,1013.6,6.9,0.0,6.5,44.2,-37.3,19.99,37.3,15.6
2024-06-19T06:00,4.0,0.1,80,13.7,37.4,202.0,1013.4,9.7,0.0,6.4,44.1,-34.4,19.99,34.4,22.0
2024-06-19T07:00,4.4,0.7,79,12.6,37.4,219.0,1013.1,10.5,0.0,6.3,44.0,-33.5,19.99,33.5,23.9
2024-06-19T08:00,4.7,1.1,80,12.1,34.6,141.0,1012.9,6.8,0.0,6.3,44.0,-37.2,19.99,37.2,15.5
2024-06-19T09:00,3.8,0.2,85,11.6,33.5,38.0,1013.0,1.9,0.0,6.4,44.1,-42.2,19.99,42.2,4.3
2024-06-19T10:00,3.7,0.1,83,11.3,33.5,0.0,1012.9,0.0,0.0,6.4,44.1,-44.1,19.99,44.1,0.0
2024-06-19T11:00,3.8,0.3,83,10.3,32.8,0.0,1012.5,0.0,0.0,6.4,44.1,-44.1,19.99,44.1,0.0
2024-06-19T12:00,5.3,2.1,82,10.6,33.1,150.0,1011.7,7.2,0.0,6.2,43.9,-36.7,19.99,36.7,16.4
2024-06-19T13:00,8.9,5.7,69,12.2,38.2,386.0,1010.7,17.9,0.0,5.8,43.5,-25.6,19.99,25.6,41.1
2024-06-19T14:00,8.3,4.8,67,13.0,40.7,132.0,1010.4,6.3,0.0,5.8,43.5,-37.2,19.99,37.2,14.5
2024-06-19T15:00,8.0,4.3,66,13.0,42.5,203.0,1010.1,9.6,0.0,5.9,43.6,-34.0,19.99,34.0,22.0
2024-06-19T16:00,7.8,4.2,67,12.9,43.9,321.0,1009.9,15.0,0.0,5.9,43.6,-28.6,19.99,28.6,34.4
2024-06-19T17:00,7.6,3.8,66,13.6,46.1,245.0,1009.4,11.6,0.0,5.9,43.6,-32.0,19.99,32.0,26.6
2024-06-19T18:00,6.6,2.7,69,13.5,47.9,63.0,1009.2,3.1,0.0,6.1,43.8,-40.7,19.99,40.7,7.1
2024-06-19T19:00,5.5,1.8,74,12.3,48.2,0.0,1009.0,0.0,0.0,6.2,43.9,-43.9,19.99,43.9,0.0
2024-06-19T20:00,4.9,1.3,76,11.5,47.9,0.0,1008.7,0.0,0.0,6.2,43.9,-43.9,19.99,43.9,0.0
2024-06-19T21:00,4.7,0.9,77,12.3,47.2,0.0,1008.6,0.0,0.0,6.3,44.0,-44.0,19.99,44.0,0.0
2024-06-19T22:00,4.7,0.8,77,13.8,52.9,0.0,1008.0,0.0,0.0,6.3,44.0,-44.0,19.99,44.0,0.0
2024-06-19T23:00,4.4,0.3,80,15.5,56.9,0.0,1007.5,0.0,0.0,6.4,44.1,-44.1,19.99,44.1,0.0
2024-06-20T00:00,3.6,-0.5,86,15.2,58.7,0.0,1007.4,0.0,0.0,6.5,44.2,-44.2,19.99,44.2,0.0
2024-06-20T01:00,4.0,-0.2,85,16.1,59.0,0.0,1007.1,0.0,0.0,6.5,44.2,-44.2,19.99,44.2,0.0
2024-06-20T02:00,3.3,-1.2,87,17.9,58.3,0.0,1007.2,0.0,0.0,6.6,44.3,-44.3,19.99,44.3,0.0
2024-06-20T03:00,3.2,-1.4,88,18.6,58.7,0.0,1007.3,0.0,0.0,6.6,44.3,-44.3,19.99,44.3,0.0
2024-06-20T04:00,3.4,-1.0,88,17.7,58.0,0.0,1007.6,0.0,0.0,6.6,44.3,-44.3,19.99,44.3,0.0
2024-06-20T05:00,3.8,-0.5,86,16.9,55.1,4.0,1007.6,0.2,0.0,6.5,44.2,-44.0,19.99,44.0,0.5
2024-06-20T06:00,4.4,0.5,84,14.2,51.5,0.0,1007.9,0.0,0.0,6.4,44.1,-44.1,19.99,44.1,0.0
2024-06-20T07:00,4.7,1.1,84,12.3,45.7,0.0,1008.1,0.0,0.0,6.3,44.0,-44.0,19.99,44.0,0.0
2024-06-20T08:00,4.9,1.8,87,10.6,41.0,2.0,1008.8,0.1,0.0,6.2,43.9,-43.8,19.99,43.8,0.2
2024-06-20T09:00,4.9,2.0,85,8.9,37.4,0.0,1009.2,0.0,0.0,6.2,43.9,-43.9,19.99,43.9,0.0
2024-06-20T10:00,5.2,2.5,87,7.3,32.4,5.0,1009.8,0.2,0.0,6.1,43.8,-43.6,19.99,43.6,0.5
2024-06-20T11:00,5.5,2.7,85,8.1,27.4,0.0,1010.1,0.0,17.2,6.1,43.8,-26.6,19.99,26.6,39.3
2024-06-20T12:00,6.1,3.1,82,9.7,31.0,0.0,1010.6,0.0,0.0,6.1,43.8,-43.8,19.99,43.8,0.0
2024-06-20T13:00,6.5,3.7,83,9.4,31.7,2.0,1010.7,0.1,0.0,6.0,43.7,-43.6,19.99,43.6,0.2
2024-06-20T14:00,6.9,4.0,81,10.0,31.3,8.0,1010.8,0.4,0.0,6.0,43.7,-43.3,19.99,43.3,0.9
2024-06-20T15:00,6.8,3.6,76,11.2,34.2,0.0,1011.0,0.0,0.0,6.0,43.7,-43.7,19.99,43.7,0.0
2024-06-20T16:00,7.9,4.7,73,11.4,35.6,60.0,1010.9,2.9,0.0,5.9,43.6,-40.7,19.99,40.7,6.7
2024-06-20T17:00,7.9,4.6,69,11.6,36.0,82.0,1010.9,3.9,0.0,5.9,43.6,-39.7,19.99,39.7,8.9
2024-06-20T18:00,7.3,3.8,69,11.8,37.4,61.0,1010.9,2.9,0.0,6.0,43.7,-40.8,19.99,40.8,6.6
2024-06-20T19:00,6.9,3.2,66,12.0,38.2,93.0,1011.0,4.5,0.0,6.0,43.7,-39.2,19.99,39.2,10.3
2024-06-20T20:00,6.4,2.6,66,11.8,37.8,60.0,1011.2,2.9,0.0,6.1,43.8,-40.9,19.99,40.9,6.6
2024-06-20T21:00,6.1,2.4,65,10.8,37.4,33.0,1011.2,1.6,0.0,6.1,43.8,-42.2,19.99,42.2,3.7
2024-06-20T22:00,6.0,2.3,64,10.8,35.3,40.0,1011.2,1.9,0.0,6.1,43.8,-41.9,19.99,41.9,4.3
2024-06-20T23:00,5.7,2.0,63,10.0,34.2,44.0,1011.4,2.1,0.0,6.1,43.8,-41.7,19.99,41.7,4.8
2024-06-21T00:00,5.6,1.7,59,10.6,33.8,44.0,1011.5,2.1,0.0,6.1,43.8,-41.7,19.99,41.7,4.8
2024-06-21T01:00,5.1,1.1,60,11.4,39.6,47.0,1012.1,2.3,0.0,6.2,43.9,-41.6,19.99,41.6,5.2
2024-06-21T02:00,5.0,1.1,65,10.8,38.5,75.0,1012.2,3.6,0.0,6.2,43.9,-40.3,19.99,40.3,8.2
2024-06-21T03:00,5.1,1.4,68,10.8,37.1,109.0,1012.1,5.3,0.0,6.2,43.9,-38.6,19.99,38.6,12.1
2024-06-21T04:00,5.8,2.2,67,10.5,35.6,154.0,1012.0,7.4,0.0,6.1,43.8,-36.4,19.99,36.4,16.9
2024-06-21T05:00,6.3,2.7,66,10.6,34.2,165.0,1011.9,7.9,0.0,6.1,43.8,-35.9,19.99,35.9,18.0
2024-06-21T06:00,6.7,3.3,67,10.1,33.8,137.0,1011.8,6.6,0.0,6.0,43.7,-37.1,19.99,37.1,15.1
2024-06-21T07:00,6.8,3.3,67,10.6,33.1,105.0,1012.2,5.1,0.0,6.0,43.7,-38.6,19.99,38.6,11.7
2024-06-21T08:00,6.6,3.1,67,10.8,33.8,101.0,1012.7,4.9,0.0,6.0,43.7,-38.8,19.99,38.8,11.2
2024-06-21T09:00,7.0,3.7,68,10.0,33.5,147.0,1012.7,7.0,0.0,6.0,43.7,-36.7,19.99,36.7,16.0
2024-06-21T10:00,7.4,4.3,68,8.9,31.7,132.0,1012.7,6.3,0.0,5.9,43.6,-37.3,19.99,37.3,14.4
2024-06-21T11:00,8.0,4.9,66,9.2,29.9,221.0,1012.5,10.5,0.0,5.8,43.5,-33.0,19.99,33.0,24.1
2024-06-21T12:00,8.5,5.5,66,9.0,29.5,235.0,1012.4,11.1,0.0,5.8,43.5,-32.4,19.99,32.4,25.5
2024-06-21T13:00,8.9,5.6,64,11.0,34.2,127.0,1012.0,6.1,0.0,5.7,43.4,-37.3,19.99,37.3,14.1
2024-06-21T14:00,9.1,6.1,66,9.6,32.0,209.0,1011.9,9.9,0.0,5.7,43.4,-33.5,19.99,33.5,22.8
2024-06-21T15:00,9.2,6.4,66,8.3,28.8,239.0,1011.9,11.2,0.0,5.7,43.4,-32.2,19.99,32.2,25.8
2024-06-21T16:00,9.2,6.6,67,7.4,26.3,307.0,1012.0,14.3,12.4,5.7,43.4,-16.7,19.99,16.7,61.5
2024-06-21T17:00,8.8,6.2,69,7.1,23.8,299.0,1011.9,14.0,10.6,5.7,43.4,-18.8,19.99,18.8,56.7
2024-06-21T18:00,8.3,5.8,70,6.9,22.3,252.0,1011.9,11.9,9.5,5.7,43.4,-22.0,19.99,22.0,49.3
2024-06-21T19:00,7.9,5.3,71,7.4,22.3,212.0,1011.8,10.1,12.4,5.8,43.5,-21.0,19.99,21.0,51.7
2024-06-21T20:00,7.5,4.8,73,7.1,22.0,175.0,1011.8,8.3,10.6,5.8,43.5,-24.6,19.99,24.6,43.4
2024-06-21T21:00,7.2,4.6,74,6.8,20.9,146.0,1011.7,7.0,9.0,5.9,43.6,-27.6,19.99,27.6,36.7
2024-06-21T22:00,7.0,4.5,74,5.8,19.4,123.0,1011.5,5.9,4.6,5.9,43.6,-33.1,19.99,33.1,24.1
2024-06-21T23:00,6.8,4.5,75,4.4,16.9,112.0,1011.3,5.4,1.0,5.9,43.6,-37.2,19.99,37.2,14.7
2024-06-22T00:00,6.7,4.7,76,2.6,13.3,112.0,1011.1,5.4,0.0,5.9,43.6,-38.2,19.99,38.2,12.4
2024-06-22T01:00,6.6,4.5,77,3.2,13.3,126.0,1011.3,6.1,0.0,5.9,43.6,-37.5,19.99,37.5,14.0
2024-06-22T02:00,7.0,5.0,77,3.1,12.2,151.0,1011.2,7.2,0.0,5.8,43.5,-36.3,19.99,36.3,16.6
2024-06-22T03:00,7.3,5.5,79,2.7,11.5,183.0,1011.0,8.7,0.0,5.8,43.5,-34.8,19.99,34.8,20.0
2024-06-22T04:00,7.7,6.0,80,2.9,11.5,222.0,1010.8,10.5,0.0,5.8,43.5,-33.0,19.99,33.0,24.1
2024-06-22T05:00,8.3,6.7,81,2.8,11.9,267.0,1010.4,12.6,0.0,5.7,43.4,-30.8,19.99,30.8,29.0
2024-06-22T06:00,9.0,7.5,82,3.5,13.0,318.0,1010.0,14.8,0.1,5.6,43.3,-28.4,19.99,28.4,34.4
2024-06-22T07:00,9.7,8.3,83,4.3,13.7,367.0,1009.9,17.0,0.9,5.5,43.2,-25.3,19.99,25.3,41.4
2024-06-22T08:00,10.3,8.9,80,4.6,14.0,404.0,1009.6,18.6,1.3,5.5,43.2,-23.3,19.99,23.3,46.1
2024-06-22T09:00,10.8,9.5,78,4.6,14.4,433.0,1009.6,19.8,1.3,5.4,43.1,-22.0,19.99,22.0,49.0
2024-06-22T10:00,11.1,9.8,80,4.8,15.1,452.0,1009.6,20.6,1.7,5.4,43.1,-20.8,19.99,20.8,51.7
2024-06-22T11:00,11.3,10.2,81,4.8,15.5,428.0,1009.7,19.5,1.7,5.4,43.1,-21.9,19.99,21.9,49.2
2024-06-22T12:00,11.0,9.5,83,7.4,19.1,301.0,1009.7,14.0,12.4,5.4,43.1,-16.7,19.99,16.7,61.3
2024-06-22T13:00,10.9,8.9,77,9.0,22.0,289.0,1009.6,13.4,24.6,5.5,43.2,-5.2,19.99,5.2,88.0
2024-06-22T14:00,9.9,7.6,78,9.1,23.8,252.0,1009.8,11.8,25.5,5.6,43.3,-6.0,19.99,6.0,86.1
2024-06-22T15:00,9.0,6.7,80,8.4,23.4,170.0,1009.8,8.1,19.5,5.7,43.4,-15.8,19.99,15.8,63.6
2024-06-22T16:00,8.1,5.7,81,8.0,21.6,102.0,1009.7,4.9,16.5,5.8,43.5,-22.1,19.99,22.1,49.2
2024-06-22T17:00,7.1,4.7,83,7.6,20.9,68.0,1009.7,3.3,13.7,5.9,43.6,-26.6,19.99,26.6,39.0
2024-06-22T18:00,6.6,4.3,85,6.9,19.4,50.0,1009.6,2.4,9.5,5.9,43.6,-31.7,19.99,31.7,27.3
2024-06-22T19:00,6.3,4.0,87,6.5,17.6,40.0,1009.4,1.9,7.5,6.0,43.7,-34.3,19.99,34.3,21.5
2024-06-22T20:00,5.9,3.6,89,6.9,17.3,34.0,1009.5,1.7,9.5,6.0,43.7,-32.5,19.99,32.5,25.6
2024-06-22T21:00,5.6,3.3,91,6.6,17.6,27.0,1009.6,1.3,8.0,6.1,43.8,-34.5,19.99,34.5,21.2
2024-06-22T22:00,5.5,3.3,92,6.3,16.9,13.0,1009.5,0.6,6.6,6.1,43.8,-36.6,19.99,36.6,16.4
2024-06-22T23:00,5.4,3.2,92,5.8,16.2,8.0,1009.3,0.4,4.6,6.1,43.8,-38.8,19.99,38.8,11.4
2024-06-23T00:00,5.2,3.0,94,5.8,15.5,12.0,1009.0,0.6,4.6,6.1,43.8,-38.6,19.99,38.6,11.9
2024-06-23T01:00,5.8,3.7,91,5.2,15.1,20.0,1009.3,1.0,2.7,6.0,43.7,-40.0,19.99,40.0,8.5
2024-06-23T02:00,6.0,3.9,90,5.6,15.1,18.0,1009.1,0.9,3.9,6.0,43.7,-38.9,19.99,38.9,11.0
2024-06-23T03:00,6.1,3.8,91,7.0,17.6,29.0,1009.0,1.4,10.1,6.0,43.7,-32.2,19.99,32.2,26.3
2024-06-23T04:00,6.1,3.9,92,6.3,18.4,30.0,1008.7,1.5,6.6,6.0,43.7,-35.6,19.99,35.6,18.5
2024-06-23T05:00,6.4,4.4,91,5.5,17.3,37.0,1008.2,1.8,3.6,5.9,43.6,-38.2,19.99,38.2,12.4
2024-06-23T06:00,7.0,4.9,88,6.3,17.3,85.0,1008.0,4.1,6.6,5.9,43.6,-32.9,19.99,32.9,24.5
2024-06-23T07:00,7.6,5.5,84,6.2,17.6,212.0,1007.6,10.1,6.2,5.8,43.5,-27.2,19.99,27.2,37.5
2024-06-23T08:00,8.2,6.0,80,7.0,19.1,236.0,1007.6,11.1,10.1,5.8,43.5,-22.3,19.99,22.3,48.7
2024-06-23T09:00,8.4,6.2,80,6.8,19.1,178.0,1007.3,8.5,9.0,5.7,43.4,-25.9,19.99,25.9,40.3
2024-06-23T10:00,8.7,6.7,81,6.0,19.1,179.0,1007.2,8.5,5.4,5.7,43.4,-29.5,19.99,29.5,32.0
2024-06-23T11:00,9.2,7.4,80,5.4,17.6,191.0,1006.9,9.0,3.3,5.6,43.3,-31.0,19.99,31.0,28.4
2024-06-23T12:00,9.4,7.6,80,5.8,16.9,125.0,1006.6,6.0,4.6,5.6,43.3,-32.7,19.99,32.7,24.5
2024-06-23T13:00,9.1,7.3,80,5.6,16.6,146.0,1006.9,6.9,3.9,5.6,43.3,-32.5,19.99,32.5,24.9
2024-06-23T14:00,9.4,7.7,80,4.7,16.2,127.0,1006.6,6.0,1.5,5.6,43.3,-35.8,19.99,35.8,17.3
2024-06-23T15:00,9.3,7.6,80,5.3,15.1,25.0,1006.3,1.2,3.0,5.6,43.3,-39.1,19.99,39.1,9.7
2024-06-23T16:00,9.3,7.6,81,5.1,15.5,70.0,1006.1,3.4,2.4,5.6,43.3,-37.5,19.99,37.5,13.4
2024-06-23T17:00,9.4,7.9,82,4.1,14.8,73.0,1005.9,3.5,0.6,5.6,43.3,-39.2,19.99,39.2,9.5
2024-06-23T18:00,9.5,8.0,82,4.5,13.0,75.0,1005.5,3.6,1.2,5.6,43.3,-38.5,19.99,38.5,11.1
2024-06-23T19:00,9.4,7.7,82,5.8,14.8,68.0,1005.4,3.3,4.6,5.6,43.3,-35.4,19.99,35.4,18.2
2024-06-23T20:00,9.2,7.4,84,6.0,15.1,34.0,1005.4,1.6,5.4,5.6,43.3,-36.3,19.99,36.3,16.2
2024-06-23T21:00,9.0,7.4,85,5.2,14.8,19.0,1005.3,0.9,2.7,5.6,43.3,-39.7,19.99,39.7,8.3
2024-06-23T22:00,9.0,7.5,86,5.1,12.6,21.0,1005.0,1.0,2.4,5.6,43.3,-39.9,19.99,39.9,7.9
2024-06-23T23:00,8.8,7.4,88,4.7,12.2,17.0,1004.8,0.8,1.5,5.7,43.4,-41.1,19.99,41.1,5.3
2024-06-24T00:00,8.7,7.2,89,5.1,11.9,45.0,1004.6,2.2,2.4,5.7,43.4,-38.8,19.99,38.8,10.6
2024-06-24T01:00,8.2,6.6,88,4.8,11.9,14.0,1005.1,0.7,1.7,5.7,43.4,-41.0,19.99,41.0,5.5
2024-06-24T02:00,8.4,6.9,85,4.0,11.5,19.0,1004.8,0.9,0.5,5.7,43.4,-42.0,19.99,42.0,3.2
2024-06-24T03:00,8.4,6.8,85,4.4,11.2,9.0,1004.4,0.4,1.0,5.7,43.4,-42.0,19.99,42.0,3.2
2024-06-24T04:00,8.8,7.3,85,4.3,12.2,33.0,1004.1,1.6,0.9,5.7,43.4,-40.9,19.99,40.9,5.8
2024-06-24T05:00,9.3,7.7,83,5.0,13.7,35.0,1003.3,1.7,2.2,5.6,43.3,-39.4,19.99,39.4,9.0
2024-06-24T06:00,10.2,8.7,79,4.9,15.1,144.0,1003.0,6.8,2.0,5.5,43.2,-34.4,19.99,34.4,20.4
2024-06-24T07:00,11.0,9.9,76,2.7,14.8,228.0,1002.4,10.7,0.0,5.4,43.1,-32.4,19.99,32.4,24.8
2024-06-24T08:00,11.5,10.5,76,1.8,12.2,273.0,1002.2,12.7,0.0,5.3,43.0,-30.3,19.99,30.3,29.5
2024-06-24T09:00,11.5,10.2,77,5.0,14.8,236.0,1002.0,11.0,2.2,5.4,43.1,-29.9,19.99,29.9,30.6
2024-06-24T10:00,11.5,10.0,78,7.0,17.6,127.0,1001.9,6.0,10.1,5.4,43.1,-27.0,19.99,27.0,37.4
2024-06-24T11:00,11.9,10.3,78,7.6,19.4,156.0,1001.6,7.3,13.7,5.3,43.0,-22.0,19.99,22.0,48.8
2024-06-24T12:00,12.1,10.7,78,6.6,19.1,134.0,1001.1,6.3,8.0,5.3,43.0,-28.7,19.99,28.7,33.3
2024-06-24T13:00,11.0,10.1,79,2.3,11.9,184.0,1001.0,8.7,0.0,5.4,43.1,-34.4,19.99,34.4,20.2
2024-06-24T14:00,11.2,10.1,79,3.3,12.6,167.0,1000.5,7.9,0.0,5.4,43.1,-35.2,19.99,35.2,18.3
2024-06-24T15:00,11.2,10.0,78,4.0,13.3,193.0,1000.2,9.1,0.5,5.4,43.1,-33.5,19.99,33.5,22.3
2024-06-24T16:00,11.3,10.1,77,3.8,13.7,143.0,999.9,6.7,0.3,5.4,43.1,-36.1,19.99,36.1,16.2
2024-06-24T17:00,11.2,9.9,76,3.6,13.0,140.0,999.5,6.6,0.2,5.4,43.1,-36.3,19.99,36.3,15.8
2024-06-24T18:00,10.8,9.6,77,3.4,12.6,139.0,999.4,6.6,0.1,5.4,43.1,-36.4,19.99,36.4,15.5
2024-06-24T19:00,10.3,8.8,78,4.8,13.7,62.0,999.2,3.0,1.7,5.5,43.2,-38.5,19.99,38.5,10.9
2024-06-24T20:00,9.7,8.1,80,5.5,15.1,30.0,999.4,1.4,3.6,5.6,43.3,-38.3,19.99,38.3,11.5
2024-06-24T21:00,9.1,7.6,82,4.4,15.1,39.0,999.3,1.9,1.0,5.6,43.3,-40.4,19.99,40.4,6.7
2024-06-24T22:00,8.6,7.1,85,3.4,13.0,33.0,999.2,1.6,0.1,5.7,43.4,-41.7,19.99,41.7,3.9
2024-06-24T23:00,8.2,6.8,86,3.2,12.2,16.0,999.1,0.8,0.0,5.7,43.4,-42.6,19.99,42.6,1.8
2024-06-25T00:00,8.0,6.5,86,2.7,12.6,0.0,998.9,0.0,0.0,5.7,43.4,-43.4,19.99,43.4,0.0
2024-06-25T01:00,7.5,5.7,82,3.3,12.6,5.0,999.0,0.2,0.0,5.8,43.5,-43.3,19.99,43.3,0.5
2024-06-25T02:00,7.6,5.8,80,3.3,13.7,1.0,998.9,0.0,0.0,5.8,43.5,-43.5,19.99,43.5,0.0
2024-06-25T03:00,8.2,6.4,78,3.1,14.8,8.0,998.8,0.4,0.0,5.7,43.4,-43.0,19.99,43.0,0.9
2024-06-25T04:00,8.6,7.0,77,2.7,14.0,9.0,998.5,0.4,0.0,5.6,43.3,-42.9,19.99,42.9,0.9
2024-06-25T05:00,8.8,7.3,79,2.6,13.3,2.0,998.4,0.1,0.0,5.6,43.3,-43.2,19.99,43.2,0.2
2024-06-25T06:00,9.5,7.9,78,4.5,15.8,14.0,998.4,0.7,1.2,5.6,43.3,-41.4,19.99,41.4,4.4
2024-06-25T07:00,10.0,8.2,75,5.2,18.0,11.0,998.3,0.5,2.7,5.5,43.2,-40.0,19.99,40.0,7.4
2024-06-25T08:00,10.1,8.2,75,5.9,18.7,16.0,998.3,0.8,5.0,5.5,43.2,-37.4,19.99,37.4,13.4
2024-06-25T09:00,9.7,7.7,77,6.9,22.3,5.0,998.4,0.2,9.5,5.6,43.3,-33.6,19.99,33.6,22.4
2024-06-25T10:00,9.4,7.6,77,4.8,22.0,1.0,998.5,0.0,1.7,5.6,43.3,-41.6,19.99,41.6,3.9
2024-06-25T11:00,9.9,8.0,76,5.8,19.4,6.0,998.3,0.3,4.6,5.5,43.2,-38.3,19.99,38.3,11.3
2024-06-25T12:00,10.4,8.4,75,7.2,22.3,13.0,997.9,0.6,11.2,5.5,43.2,-31.4,19.99,31.4,27.3
2024-06-25T13:00,10.5,8.6,73,6.6,20.5,9.0,998.1,0.4,8.0,5.5,43.2,-34.8,19.99,34.8,19.4
2024-06-25T14:00,11.0,8.9,72,7.6,22.3,83.0,997.7,3.9,13.7,5.4,43.1,-25.5,19.99,25.5,40.8
2024-06-25T15:00,10.5,8.7,75,6.6,22.0,12.0,997.3,0.6,8.0,5.5,43.2,-34.6,19.99,34.6,19.9
2024-06-25T16:00,10.1,8.2,76,5.9,19.4,0.0,997.0,0.0,5.0,5.5,43.2,-38.2,19.99,38.2,11.6
2024-06-25T17:00,10.1,8.2,73,5.8,18.7,17.0,996.5,0.8,4.6,5.5,43.2,-37.8,19.99,37.8,12.5
2024-06-25T18:00,9.8,7.9,74,5.4,18.4,0.0,996.3,0.0,3.3,5.6,43.3,-40.0,19.99,40.0,7.6
2024-06-25T19:00,9.6,7.5,74,6.2,19.8,0.0,995.8,0.0,6.2,5.6,43.3,-37.1,19.99,37.1,14.3
2024-06-25T20:00,9.3,7.1,77,7.9,23.0,2.0,995.3,0.1,15.7,5.6,43.3,-27.5,19.99,27.5,36.5
2024-06-25T21:00,8.8,6.6,80,8.0,24.5,0.0,994.5,0.0,16.5,5.7,43.4,-26.9,19.99,26.9,38.0
2024-06-25T22:00,8.5,6.2,83,8.8,25.6,0.0,994.1,0.0,22.8,5.8,43.5,-20.7,19.99,20.7,52.4
2024-06-25T23:00,8.1,5.7,85,8.9,25.9,0.0,993.8,0.0,23.7,5.8,43.5,-19.8,19.99,19.8,54.5
2024-06-26T00:00,7.7,5.3,86,8.9,25.2,2.0,993.3,0.1,23.7,5.9,43.6,-19.8,19.99,19.8,54.6
2024-06-26T01:00,7.4,5.0,86,8.5,23.4,0.0,993.4,0.0,20.3,5.9,43.6,-23.3,19.99,23.3,46.6
2024-06-26T02:00,7.4,5.0,84,8.4,23.4,0.0,993.0,0.0,19.5,5.9,43.6,-24.1,19.99,24.1,44.7
2024-06-26T03:00,7.4,5.0,84,7.9,22.3,0.0,992.8,0.0,15.7,5.9,43.6,-27.9,19.99,27.9,36.0
2024-06-26T04:00,7.3,5.0,84,7.7,21.2,0.0,992.5,0.0,14.4,5.9,43.6,-29.2,19.99,29.2,33.0
2024-06-26T05:00,7.5,5.3,83,6.7,20.9,0.0,992.1,0.0,8.5,5.8,43.5,-35.0,19.99,35.0,19.5
2024-06-26T06:00,7.7,5.6,82,5.6,18.0,0.0,992.2,0.0,3.9,5.8,43.5,-39.6,19.99,39.6,9.0
2024-06-26T07:00,7.8,6.0,84,4.5,15.1,0.0,992.1,0.0,1.2,5.8,43.5,-42.3,19.99,42.3,2.8
2024-06-26T08:00,8.0,6.2,82,4.3,12.6,0.0,992.4,0.0,0.9,5.7,43.4,-42.5,19.99,42.5,2.1
2024-06-26T09:00,8.1,6.4,81,3.4,11.2,0.0,992.4,0.0,0.1,5.7,43.4,-43.3,19.99,43.3,0.2
2024-06-26T10:00,8.0,6.3,82,3.4,10.1,0.0,992.3,0.0,0.1,5.7,43.4,-43.3,19.99,43.3,0.2
2024-06-26T11:00,7.9,6.3,83,3.6,10.8,0.0,992.5,0.0,0.2,5.7,43.4,-43.2,19.99,43.2,0.5
2024-06-26T12:00,8.0,6.3,83,4.0,11.9,1.0,992.3,0.0,0.5,5.7,43.4,-42.9,19.99,42.9,1.2
2024-06-26T13:00,8.0,6.3,87,5.1,15.5,0.0,992.3,0.0,2.4,5.8,43.5,-41.1,19.99,41.1,5.5
2024-06-26T14:00,8.0,6.1,87,5.8,14.8,1.0,992.3,0.0,4.6,5.8,43.5,-38.9,19.99,38.9,10.6
2024-06-26T15:00,7.6,5.5,90,7.2,18.0,0.0,992.4,0.0,11.2,5.8,43.5,-32.3,19.99,32.3,25.7
2024-06-26T16:00,7.1,5.1,92,6.7,18.0,0.0,992.5,0.0,8.5,5.9,43.6,-35.1,19.99,35.1,19.5
2024-06-26T17:00,6.7,4.8,94,6.5,17.3,0.0,992.5,0.0,7.5,5.9,43.6,-36.1,19.99,36.1,17.2
2024-06-26T18:00,6.6,4.6,93,6.4,17.3,0.0,992.6,0.0,7.0,5.9,43.6,-36.6,19.99,36.6,16.1
2024-06-26T19:00,6.5,4.4,93,6.3,16.9,0.0,992.7,0.0,6.6,5.9,43.6,-37.0,19.99,37.0,15.1
2024-06-26T20:00,6.3,4.3,92,6.2,16.9,0.0,992.9,0.0,6.2,6.0,43.7,-37.5,19.99,37.5,14.2
2024-06-26T21:00,6.2,4.2,91,5.4,16.2,0.0,992.9,0.0,3.3,6.0,43.7,-40.4,19.99,40.4,7.6
2024-06-26T22:00,6.2,4.2,90,5.0,14.8,0.0,992.9,0.0,2.2,6.0,43.7,-41.5,19.99,41.5,5.0
2024-06-26T23:00,6.1,4.1,90,5.4,14.0,0.0,993.0,0.0,3.3,6.0,43.7,-40.4,19.99,40.4,7.6
2024-06-27T00:00,6.0,3.9,92,6.2,15.5,0.0,993.1,0.0,6.2,6.0,43.7,-37.5,19.99,37.5,14.2
2024-06-27T01:00,6.2,4.1,91,6.2,16.6,0.0,993.2,0.0,6.2,6.0,43.7,-37.5,19.99,37.5,14.2
2024-06-27T02:00,6.1,3.9,91,6.4,16.6,0.0,993.5,0.0,7.0,6.0,43.7,-36.7,19.99,36.7,16.0
2024-06-27T03:00,6.1,4.0,93,6.2,16.6,0.0,993.7,0.0,6.2,6.0,43.7,-37.5,19.99,37.5,14.2
2024-06-27T04:00,6.1,4.0,95,6.8,17.6,0.0,993.9,0.0,9.0,6.0,43.7,-34.7,19.99,34.7,20.6
2024-06-27T05:00,6.1,3.9,96,7.4,18.7,0.0,994.2,0.0,12.4,6.0,43.7,-31.3,19.99,31.3,28.4
2024-06-27T06:00,6.0,3.7,95,8.1,20.9,2.0,994.7,0.1,17.2,6.0,43.7,-26.4,19.99,26.4,39.6
2024-06-27T07:00,5.7,3.1,95,9.3,23.8,13.0,995.4,0.6,27.4,6.1,43.8,-15.8,19.99,15.8,63.9
2024-06-27T08:00,5.2,2.4,95,10.0,25.2,13.0,996.3,0.6,34.5,6.2,43.9,-8.8,19.99,8.8,80.0
2024-06-27T09:00,5.0,2.3,95,9.7,25.6,22.0,997.0,1.1,31.3,6.2,43.9,-11.5,19.99,11.5,73.8
2024-06-27T10:00,4.9,2.0,92,10.0,26.6,16.0,997.8,0.8,34.5,6.2,43.9,-8.6,19.99,8.6,80.4
2024-06-27T11:00,4.7,1.5,89,11.1,28.8,13.0,998.7,0.6,0.0,6.3,44.0,-43.4,19.99,43.4,1.4
2024-06-27T12:00,4.4,1.1,87,11.2,30.6,13.0,999.4,0.6,0.0,6.3,44.0,-43.4,19.99,43.4,1.4
2024-06-27T13:00,5.8,2.1,85,14.8,38.5,65.0,1000.3,3.2,0.0,6.2,43.9,-40.7,19.99,40.7,7.3
2024-06-27T14:00,5.3,1.7,86,14.1,39.6,30.0,1001.0,1.5,0.0,6.2,43.9,-42.4,19.99,42.4,3.4
2024-06-27T15:00,5.2,1.8,88,12.7,37.1,91.0,1001.6,4.4,0.0,6.2,43.9,-39.5,19.99,39.5,10.0
2024-06-27T16:00,4.8,1.2,89,13.7,34.9,53.0,1002.3,2.6,0.0,6.3,44.0,-41.4,19.99,41.4,5.9
2024-06-27T17:00,4.6,1.0,90,13.6,36.4,14.0,1003.0,0.7,0.0,6.3,44.0,-43.3,19.99,43.3,1.6
2024-06-27T18:00,4.3,1.1,90,11.0,36.0,1.0,1003.7,0.0,0.0,6.3,44.0,-44.0,19.99,44.0,0.0
2024-06-27T19:00,4.0,0.9,91,9.4,31.3,0.0,1004.1,0.0,0.0,6.3,44.0,-44.0,19.99,44.0,0.0
2024-06-27T20:00,4.2,1.1,91,10.0,30.6,0.0,1004.3,0.0,0.0,6.3,44.0,-44.0,19.99,44.0,0.0
2024-06-27T21:00,4.4,1.4,91,10.0,32.4,0.0,1004.2,0.0,0.0,6.3,44.0,-44.0,19.99,44.0,0.0
2024-06-27T22:00,4.4,1.5,92,9.4,32.8,0.0,1004.0,0.0,0.0,6.3,44.0,-44.0,19.99,44.0,0.0
2024-06-27T23:00,4.5,1.5,93,9.8,34.6,0.0,1003.5,0.0,0.0,6.3,44.0,-44.0,19.99,44.0,0.0
2024-06-28T00:00,4.2,1.2,96,10.7,37.1,0.0,1003.3,0.0,0.0,6.3,44.0,-44.0,19.99,44.0,0.0
2024-06-28T01:00,4.1,0.9,95,11.4,40.0,0.0,1003.5,0.0,0.0,6.3,44.0,-44.0,19.99,44.0,0.0
2024-06-28T02:00,4.0,0.6,95,12.9,41.0,0.0,1002.9,0.0,0.0,6.4,44.1,-44.1,19.99,44.1,0.0
2024-06-28T03:00,3.7,0.4,99,12.8,41.4,0.0,1002.5,0.0,0.0,6.4,44.1,-44.1,19.99,44.1,0.0
2024-06-28T04:00,3.7,0.4,98,12.7,41.4,0.0,1002.2,0.0,0.0,6.4,44.1,-44.1,19.99,44.1,0.0
2024-06-28T05:00,3.6,0.3,98,12.2,41.0,0.0,1001.9,0.0,0.0,6.4,44.1,-44.1,19.99,44.1,0.0
2024-06-28T06:00,3.7,0.2,97,13.2,39.2,0.0,1001.9,0.0,0.0,6.4,44.1,-44.1,19.99,44.1,0.0
2024-06-28T07:00,3.6,0.1,98,13.4,41.0,0.0,1002.0,0.0,0.0,6.4,44.1,-44.1,19.99,44.1,0.0
2024-06-28T08:00,3.8,0.0,94,14.9,42.5,0.0,1002.1,0.0,0.0,6.5,44.2,-44.2,19.99,44.2,0.0
2024-06-28T09:00,3.8,0.2,94,14.1,41.4,0.0,1002.2,0.0,0.0,6.4,44.1,-44.1,19.99,44.1,0.0
2024-06-28T10:00,4.3,0.0,85,16.9,46.4,38.0,1002.5,1.9,0.0,6.4,44.1,-42.2,19.99,42.2,4.3
2024-06-28T11:00,4.5,0.1,84,17.9,48.2,85.0,1002.8,4.1,0.0,6.4,44.1,-40.0,19.99,40.0,9.3
2024-06-28T12:00,4.5,0.2,81,17.0,46.8,82.0,1003.2,4.0,0.0,6.4,44.1,-40.1,19.99,40.1,9.1
2024-06-28T13:00,4.6,0.6,82,14.7,41.0,75.0,1003.8,3.7,0.0,6.3,44.0,-40.3,19.99,40.3,8.4
2024-06-28T14:00,4.6,0.8,81,13.6,38.5,122.0,1004.0,5.9,0.0,6.3,44.0,-38.1,19.99,38.1,13.4
2024-06-28T15:00,4.7,1.0,80,12.8,35.3,98.0,1004.3,4.8,0.0,6.3,44.0,-39.2,19.99,39.2,10.9
2024-06-28T16:00,4.7,1.1,80,12.5,33.1,111.0,1004.8,5.4,0.0,6.3,44.0,-38.6,19.99,38.6,12.3
2024-06-28T17:00,4.8,1.1,80,12.4,32.4,144.0,1005.3,7.0,0.0,6.3,44.0,-37.0,19.99,37.0,15.9
2024-06-28T18:00,4.7,1.2,81,11.6,31.7,133.0,1005.7,6.4,0.0,6.3,44.0,-37.6,19.99,37.6,14.5
2024-06-28T19:00,4.5,1.1,82,10.7,30.2,106.0,1006.0,5.1,0.0,6.3,44.0,-38.9,19.99,38.9,11.6
2024-06-28T20:00,4.3,1.0,82,9.7,28.4,46.0,1006.4,2.3,0.0,6.3,44.0,-41.7,19.99,41.7,5.2
2024-06-28T21:00,4.2,1.0,81,8.7,26.6,36.0,1007.0,1.8,22.0,6.3,44.0,-20.2,19.99,20.2,54.1
2024-06-28T22:00,4.0,0.9,81,8.3,24.5,37.0,1007.5,1.8,18.7,6.3,44.0,-23.5,19.99,23.5,46.6
2024-06-28T23:00,3.9,0.9,81,7.3,23.4,53.0,1007.7,2.6,11.8,6.3,44.0,-29.6,19.99,29.6,32.7
2024-06-29T00:00,3.9,1.0,81,6.9,22.0,66.0,1008.1,3.2,9.5,6.3,44.0,-31.3,19.99,31.3,28.9
2024-06-29T01:00,4.2,1.4,79,5.6,19.4,62.0,1008.3,3.0,3.9,6.2,43.9,-37.0,19.99,37.0,15.7
2024-06-29T02:00,4.3,1.7,78,4.0,18.7,75.0,1008.4,3.7,0.5,6.2,43.9,-39.7,19.99,39.7,9.6
2024-06-29T03:00,4.6,2.0,77,4.1,16.2,119.0,1008.4,5.8,0.6,6.1,43.8,-37.4,19.99,37.4,14.6
2024-06-29T04:00,5.0,2.5,77,4.2,15.8,69.0,1008.5,3.4,0.7,6.1,43.8,-39.7,19.99,39.7,9.4
2024-06-29T05:00,5.4,2.8,75,4.6,15.8,43.0,1008.4,2.1,1.3,6.0,43.7,-40.3,19.99,40.3,7.8
2024-06-29T06:00,6.3,3.8,73,5.3,17.6,249.0,1008.4,11.8,3.0,6.0,43.7,-28.9,19.99,28.9,33.9
2024-06-29T07:00,7.2,4.5,72,6.8,20.2,354.0,1008.4,16.6,9.0,5.9,43.6,-18.0,19.99,18.0,58.7
2024-06-29T08:00,7.6,4.6,71,9.1,24.8,413.0,1008.4,19.2,25.5,5.9,43.6,1.1,20.25,0.0,100.0
2024-06-29T09:00,7.4,4.2,74,10.5,28.4,448.0,1008.8,20.7,0.0,5.9,43.6,-22.9,19.99,21.9,47.5
2024-06-29T10:00,7.0,4.1,77,9.5,28.4,495.0,1009.1,22.8,0.0,5.9,43.6,-20.8,19.99,20.8,52.3
2024-06-29T11:00,7.1,4.5,79,8.4,27.4,502.0,1009.1,23.1,19.5,5.9,43.6,-1.0,19.99,1.0,97.7
2024-06-29T12:00,7.2,4.5,81,9.1,25.6,483.0,1009.1,22.3,25.5,5.9,43.6,4.2,20.99,0.0,100.0
2024-06-29T13:00,7.9,5.4,76,8.0,25.2,475.0,1008.7,21.8,16.5,5.8,43.5,-5.2,19.95,1.2,88.1
2024-06-29T14:00,8.0,5.6,76,7.2,23.4,449.0,1008.6,20.7,11.2,5.8,43.5,-11.6,19.95,11.6,73.3
2024-06-29T15:00,8.2,5.7,76,7.2,22.0,417.0,1008.4,19.3,11.2,5.8,43.5,-13.0,19.95,13.0,70.1
2024-06-29T16:00,8.4,5.9,74,7.6,22.0,370.0,1008.4,17.2,13.7,5.7,43.4,-12.5,19.95,12.5,71.2
2024-06-29T17:00,8.2,5.6,73,7.6,22.3,319.0,1008.1,14.9,13.7,5.8,43.5,-14.9,19.95,14.9,65.7
2024-06-29T18:00,8.0,5.4,73,7.2,21.6,269.0,1008.1,12.7,11.2,5.8,43.5,-19.6,19.95,19.6,54.9
2024-06-29T19:00,7.7,5.3,76,6.9,20.5,222.0,1008.2,10.5,9.5,5.8,43.5,-23.5,19.95,23.5,46.0
2024-06-29T20:00,7.5,5.1,80,7.2,20.5,181.0,1008.0,8.6,11.2,5.8,43.5,-23.7,19.95,23.7,45.5
2024-06-29T21:00,7.4,5.4,83,5.4,20.2,147.0,1007.8,7.0,3.3,5.8,43.5,-33.2,19.95,33.2,23.7
2024-06-29T22:00,7.6,5.8,85,4.4,16.9,122.0,1007.5,5.9,1.0,5.8,43.5,-36.6,19.95,36.6,15.9
2024-06-29T23:00,7.5,5.5,87,5.8,17.3,113.0,1007.4,5.4,4.6,5.8,43.5,-33.5,19.95,33.5,23.0
2024-06-30T00:00,7.1,5.3,90,5.1,17.3,105.0,1007.3,5.1,2.4,5.9,43.6,-36.1,19.95,36.1,17.2
2024-06-30T01:00,6.8,4.7,95,7.6,20.2,80.0,1007.4,3.9,13.7,5.9,43.6,-26.0,19.95,26.0,40.4
2024-06-30T02:00,6.3,4.3,94,6.2,20.5,51.0,1007.3,2.5,6.2,6.0,43.7,-35.0,19.95,35.0,19.9
2024-06-30T03:00,7.0,5.1,88,4.6,19.1,38.0,1007.0,1.8,1.3,5.9,43.6,-40.5,19.95,40.5,7.1
2024-06-30T04:00,7.8,6.0,82,4.4,16.9,156.0,1006.5,7.4,1.0,5.8,43.5,-35.1,19.95,35.1,19.3
2024-06-30T05:00,8.1,6.0,82,6.4,19.4,225.0,1006.6,10.6,7.0,5.8,43.5,-25.9,19.95,25.9,40.5
2024-06-30T06:00,8.3,6.3,84,6.5,20.5,298.0,1006.7,14.0,7.5,5.7,43.4,-21.9,19.95,21.9,49.5
2024-06-30T07:00,8.8,6.9,83,6.8,20.5,316.0,1006.5,14.8,9.0,5.7,43.4,-19.6,19.95,19.6,54.8
2024-06-30T08:00,9.2,7.0,83,8.8,23.8,359.0,1006.7,16.7,22.8,5.7,43.4,-3.9,19.95,3.9,91.0
2024-06-30T09:00,9.3,7.2,84,9.3,25.6,384.0,1006.8,17.8,27.4,5.7,43.4,1.8,20.38,0.0,100.0
2024-06-30T10:00,9.2,7.0,84,9.3,25.6,401.0,1007.2,18.5,27.4,5.7,43.4,2.5,20.97,0.0,100.0
2024-06-30T11:00,9.1,6.8,81,9.2,25.9,441.0,1007.6,20.3,26.4,5.7,43.4,3.3,21.75,0.0,100.0
2024-06-30T12:00,9.3,7.0,78,8.6,25.2,438.0,1007.5,20.1,21.1,5.7,43.4,-2.2,21.17,0.0,94.9
2024-06-30T13:00,10.4,8.0,69,8.0,23.0,476.0,1007.3,21.7,16.5,5.5,43.2,-5.0,19.94,0.3,88.5
2024-06-30T14:00,10.3,8.0,70,7.6,22.7,450.0,1007.3,20.6,13.7,5.5,43.2,-8.9,19.94,8.9,79.4
2024-06-30T15:00,10.3,8.1,70,6.8,21.6,403.0,1007.3,18.5,9.0,5.5,43.2,-15.7,19.94,15.7,63.7
2024-06-30T16:00,10.2,8.1,72,6.8,19.4,371.0,1007.5,17.1,9.0,5.5,43.2,-17.1,19.94,17.1,60.4
2024-06-30T17:00,10.1,8.2,73,5.5,18.7,307.0,1007.0,14.3,3.6,5.5,43.2,-25.3,19.94,25.3,41.4
2024-06-30T18:00,10.2,8.3,73,5.5,16.2,267.0,1006.7,12.5,3.6,5.5,43.2,-27.1,19.94,27.1,37.3
2024-06-30T19:00,9.9,8.0,75,6.3,16.2,223.0,1006.9,10.5,6.6,5.6,43.3,-26.2,19.94,26.2,39.5
2024-06-30T20:00,9.2,7.2,78,6.4,16.6,177.0,1007.1,8.4,7.0,5.6,43.3,-27.9,19.94,27.9,35.6
2024-06-30T21:00,8.6,6.7,79,5.6,16.6,144.0,1007.3,6.9,3.9,5.7,43.4,-32.6,19.94,32.6,24.9
2024-06-30T22:00,7.8,5.6,82,6.9,16.9,113.0,1007.6,5.4,9.5,5.8,43.5,-28.6,19.94,28.6,34.3
2024-06-30T23:00,6.8,4.6,85,6.5,17.3,98.0,1007.8,4.7,7.5,5.9,43.6,-31.4,19.94,31.4,28.0
2024-07-01T00:00,6.7,4.7,86,4.7,15.8,84.0,1007.8,4.1,1.5,5.9,43.6,-38.0,19.94,38.0,12.8
2024-07-01T01:00,7.4,5.6,86,4.1,10.8,100.0,1007.6,4.8,0.6,5.8,43.5,-38.1,19.94,38.1,12.4
2024-07-01T02:00,7.2,5.3,88,5.4,13.3,81.0,1007.6,3.9,3.3,5.9,43.6,-36.4,19.94,36.4,16.5
2024-07-01T03:00,6.6,4.5,91,7.1,17.3,73.0,1007.7,3.5,10.6,6.0,43.7,-29.6,19.94,29.6,32.3
2024-07-01T04:00,6.4,4.1,92,7.8,19.1,90.0,1007.8,4.4,15.1,6.0,43.7,-24.2,19.94,24.2,44.6
2024-07-01T05:00,5.8,3.5,94,7.1,19.1,1.0,1007.7,0.0,10.6,6.0,43.7,-33.1,19.94,33.1,24.3
2024-07-01T06:00,6.1,4.2,93,4.7,17.3,17.0,1007.1,0.8,1.5,6.0,43.7,-41.4,19.94,41.4,5.3
2024-07-01T07:00,6.2,3.9,94,7.6,18.7,2.0,1007.2,0.1,13.7,6.0,43.7,-29.9,19.94,29.9,31.6
2024-07-01T08:00,6.0,3.8,94,7.4,18.4,0.0,1007.3,0.0,12.4,6.0,43.7,-31.3,19.94,31.3,28.4
2024-07-01T09:00,5.9,3.8,94,6.6,18.0,1.0,1007.3,0.0,8.0,6.0,43.7,-35.7,19.94,35.7,18.3
2024-07-01T10:00,6.0,3.7,94,7.1,16.9,0.0,1007.3,0.0,10.6,6.0,43.7,-33.1,19.94,33.1,24.3
2024-07-01T11:00,5.7,3.2,94,8.8,21.2,2.0,1007.4,0.1,22.8,6.1,43.8,-20.9,19.94,20.9,52.3
2024-07-01T12:00,5.2,3.1,95,5.9,21.2,0.0,1007.3,0.0,5.0,6.1,43.8,-38.8,19.94,38.8,11.4
2024-07-01T13:00,7.1,5.1,94,7.8,18.4,0.0,1006.9,0.0,15.1,5.9,43.6,-28.5,19.94,28.5,34.6
2024-07-01T14:00,7.7,5.7,91,7.3,18.7,33.0,1006.5,1.6,11.8,5.8,43.5,-30.1,19.94,30.1,30.8
2024-07-01T15:00,7.9,5.9,90,7.6,19.8,45.0,1006.4,2.2,13.7,5.8,43.5,-27.6,19.94,27.6,36.6
2024-07-01T16:00,7.8,5.9,90,6.3,19.4,12.0,1006.0,0.6,6.6,5.8,43.5,-36.3,19.94,36.3,16.6
2024-07-01T17:00,8.2,6.4,88,6.2,15.8,28.0,1005.6,1.4,6.2,5.7,43.4,-35.8,19.94,35.8,17.5
2024-07-01T18:00,8.3,6.4,89,6.8,16.6,38.0,1005.4,1.8,9.0,5.7,43.4,-32.6,19.94,32.6,24.9
2024-07-01T19:00,8.4,6.5,89,6.9,15.8,39.0,1005.4,1.9,9.5,5.7,43.4,-32.0,19.94,32.0,26.3
2024-07-01T20:00,8.2,6.4,90,6.6,16.2,25.0,1005.3,1.2,8.0,5.8,43.5,-34.3,19.94,34.3,21.1
2024-07-01T21:00,8.2,6.7,91,5.1,15.5,32.0,1005.2,1.5,2.4,5.7,43.4,-39.5,19.94,39.5,9.0
2024-07-01T22:00,8.6,7.2,90,4.7,15.1,5.0,1005.1,0.2,1.5,5.7,43.4,-41.7,19.94,41.7,3.9
2024-07-01T23:00,8.5,7.2,90,4.1,15.5,15.0,1004.9,0.7,0.6,5.7,43.4,-42.1,19.94,42.1,3.0
2024-07-02T00:00,8.5,7.1,85,3.3,15.1,54.0,1004.8,2.6,0.0,5.7,43.4,-40.8,19.94,40.8,6.0
2024-07-02T01:00,8.5,7.0,80,2.6,15.1,116.0,1004.9,5.5,0.0,5.7,43.4,-37.9,19.94,37.9,12.7
2024-07-02T02:00,8.7,7.1,76,2.7,14.4,138.0,1005.0,6.6,0.0,5.6,43.3,-36.7,19.94,36.7,15.2
2024-07-02T03:00,9.2,7.3,71,4.4,16.6,172.0,1004.5,8.2,1.0,5.6,43.3,-34.1,19.94,34.1,21.2
2024-07-02T04:00,9.8,7.7,67,5.2,18.7,217.0,1004.3,10.2,2.7,5.6,43.3,-30.4,19.94,30.4,29.8
2024-07-02T05:00,10.2,8.2,66,4.9,18.7,265.0,1004.3,12.4,2.0,5.5,43.2,-28.8,19.94,28.8,33.3
2024-07-02T06:00,10.8,8.9,66,4.3,17.6,314.0,1004.0,14.6,0.9,5.4,43.1,-27.6,19.94,27.6,36.0
2024-07-02T07:00,11.4,9.5,65,4.7,16.9,367.0,1004.1,16.9,1.5,5.4,43.1,-24.7,19.94,24.7,42.7
2024-07-02T08:00,12.0,10.2,64,4.2,16.6,415.0,1004.2,18.9,0.7,5.3,43.0,-23.4,19.94,23.4,45.6
2024-07-02T09:00,12.5,11.0,63,3.1,15.8,455.0,1004.3,20.6,0.0,5.2,42.9,-22.3,19.94,22.3,48.0
2024-07-02T10:00,12.9,11.5,63,2.9,13.7,473.0,1004.4,21.3,0.0,5.2,42.9,-21.6,19.94,21.6,49.7
2024-07-02T11:00,13.3,11.7,63,5.3,16.2,491.0,1004.0,22.1,3.0,5.2,42.9,-17.8,19.94,17.8,58.5
2024-07-02T12:00,13.4,11.7,66,7.2,19.8,461.0,1004.0,20.8,11.2,5.2,42.9,-10.9,19.94,10.9,74.6
2024-07-02T13:00,14.1,12.5,65,7.1,19.1,387.0,1003.6,17.6,10.6,5.1,42.8,-14.6,19.94,14.6,65.9
2024-07-02T14:00,13.5,11.6,72,10.7,26.6,237.0,1003.7,11.0,42.6,5.2,42.9,10.7,22.48,0.0,100.0
2024-07-02T15:00,12.7,11.0,80,10.7,28.4,265.0,1003.6,12.3,0.0,5.3,43.0,-30.7,19.88,20.8,28.6
2024-07-02T16:00,12.7,11.2,78,8.4,27.0,255.0,1003.6,11.8,19.5,5.2,42.9,-11.6,19.88,11.6,73.0
2024-07-02T17:00,12.7,11.3,76,7.2,22.7,217.0,1003.3,10.1,11.2,5.2,42.9,-21.6,19.88,21.6,49.7
2024-07-02T18:00,12.6,11.3,76,6.8,20.5,237.0,1003.1,11.0,9.0,5.2,42.9,-22.9,19.88,22.9,46.6
2024-07-02T19:00,12.5,11.2,79,7.2,20.9,170.0,1003.1,8.0,11.2,5.3,43.0,-23.8,19.88,23.8,44.7
2024-07-02T20:00,12.3,11.3,83,6.1,20.5,106.0,1003.0,5.0,5.8,5.3,43.0,-32.2,19.88,32.2,25.1
2024-07-02T21:00,12.1,11.5,85,3.6,18.7,93.0,1003.1,4.4,0.2,5.3,43.0,-38.4,19.88,38.4,10.7
2024-07-02T22:00,11.8,11.4,86,2.1,13.0,75.0,1003.0,3.6,0.0,5.3,43.0,-39.4,19.88,39.4,8.4
2024-07-02T23:00,11.6,11.1,84,2.3,9.7,19.0,1002.9,0.9,0.0,5.3,43.0,-42.1,19.88,42.1,2.1
2024-07-03T00:00,11.2,10.6,84,1.5,9.4,18.0,1003.0,0.9,0.0,5.3,43.0,-42.1,19.88,42.1,2.1
2024-07-03T01:00,10.8,9.2,72,4.9,15.5,49.0,1003.0,2.3,2.0,5.4,43.1,-38.8,19.88,38.8,10.0
2024-07-03T02:00,10.7,8.9,68,4.5,14.4,50.0,1003.1,2.4,1.2,5.4,43.1,-39.5,19.88,39.5,8.4
2024-07-03T03:00,10.7,8.9,66,4.0,14.4,29.0,1003.0,1.4,0.5,5.4,43.1,-41.2,19.88,41.2,4.4
2024-07-03T04:00,10.8,9.4,66,1.1,14.0,30.0,1002.9,1.4,0.0,5.4,43.1,-41.7,19.88,41.7,3.2
2024-07-03T05:00,11.0,9.6,69,1.8,11.2,41.0,1002.7,2.0,0.0,5.4,43.1,-41.1,19.88,41.1,4.6
2024-07-03T06:00,10.9,9.3,73,4.2,13.7,12.0,1002.8,0.6,0.7,5.4,43.1,-41.8,19.88,41.8,3.0
2024-07-03T07:00,10.8,8.8,75,7.5,18.4,28.0,1002.7,1.3,13.1,5.5,43.2,-28.8,19.88,28.8,33.3
2024-07-03T08:00,11.0,9.0,77,8.7,22.3,193.0,1003.0,9.1,22.0,5.5,43.2,-12.1,19.88,12.1,72.0
2024-07-03T09:00,11.2,9.3,79,9.0,23.8,242.0,1002.9,11.3,24.6,5.4,43.1,-7.2,19.88,7.2,83.3
2024-07-03T10:00,11.1,9.2,79,9.0,24.5,237.0,1003.0,11.1,24.6,5.4,43.1,-7.4,19.88,7.4,82.8
2024-07-03T11:00,11.1,9.3,80,8.5,24.1,187.0,1003.0,8.8,20.3,5.4,43.1,-14.0,19.88,14.0,67.5
2024-07-03T12:00,10.5,8.7,81,7.9,23.0,42.0,1003.1,2.0,15.7,5.5,43.2,-25.5,19.88,25.5,41.0
2024-07-03T13:00,11.6,9.9,81,8.7,23.8,66.0,1002.5,3.1,22.0,5.4,43.1,-18.0,19.88,18.0,58.2
2024-07-03T14:00,11.1,9.6,83,7.4,22.3,3.0,1002.5,0.1,12.4,5.4,43.1,-30.6,19.88,30.6,29.0
2024-07-03T15:00,10.5,9.1,84,6.2,19.8,0.0,1002.7,0.0,6.2,5.5,43.2,-37.0,19.88,37.0,14.4
2024-07-03T16:00,10.0,8.6,84,5.2,17.3,0.0,1002.7,0.0,2.7,5.5,43.2,-40.5,19.88,40.5,6.2
2024-07-03T17:00,10.7,9.3,79,5.0,16.2,86.0,1002.6,4.1,2.2,5.4,43.1,-36.8,19.88,36.8,14.6
2024-07-03T18:00,10.8,9.2,80,6.1,17.6,224.0,1002.4,10.5,5.8,5.4,43.1,-26.8,19.88,26.8,37.8
2024-07-03T19:00,10.4,8.8,82,6.3,18.4,197.0,1002.2,9.3,6.6,5.5,43.2,-27.3,19.88,27.3,36.8
2024-07-03T20:00,10.1,8.6,84,5.6,18.4,157.0,1002.2,7.4,3.9,5.5,43.2,-31.9,19.88,31.9,26.2
2024-07-03T21:00,9.9,8.5,84,5.4,18.4,119.0,1002.0,5.7,3.3,5.5,43.2,-34.2,19.88,34.2,20.8
2024-07-03T22:00,9.9,8.4,84,5.2,18.0,105.0,1001.8,5.0,2.7,5.5,43.2,-35.5,19.88,35.5,17.8
2024-07-03T23:00,9.8,8.2,83,5.9,19.4,86.0,1001.7,4.1,5.0,5.6,43.3,-34.2,19.88,34.2,21.0
2024-07-04T00:00,9.4,7.8,84,6.1,20.2,11.0,1001.5,0.5,5.8,5.6,43.3,-37.0,19.88,37.0,14.5
2024-07-04T01:00,9.6,8.0,87,6.5,20.2,35.0,1001.2,1.7,7.5,5.6,43.3,-34.1,19.88,34.1,21.2
2024-07-04T02:00,9.6,8.1,87,6.5,19.4,7.0,1001.2,0.3,7.5,5.6,43.3,-35.5,19.88,35.5,18.0
2024-07-04T03:00,9.0,7.8,89,3.8,19.1,6.0,1001.2,0.3,0.3,5.6,43.3,-42.7,19.88,42.7,1.4
2024-07-04T04:00,8.4,6.5,87,7.2,19.1,4.0,1001.2,0.2,11.2,5.7,43.4,-32.0,19.88,32.0,26.3
2024-07-04T05:00,7.1,3.9,79,11.6,30.6,4.0,1001.6,0.2,0.0,6.0,43.7,-43.5,19.88,43.5,0.5
2024-07-04T06:00,5.9,2.4,78,11.9,32.4,1.0,1002.2,0.0,0.0,6.1,43.8,-43.8,19.88,43.8,0.0
2024-07-04T07:00,5.5,2.2,78,11.0,32.4,0.0,1002.4,0.0,0.0,6.2,43.9,-43.9,19.88,43.9,0.0
2024-07-04T08:00,6.2,3.0,75,10.1,30.2,70.0,1002.4,3.4,0.0,6.1,43.8,-40.4,19.88,40.4,7.8
2024-07-04T09:00,6.7,3.8,73,8.2,28.4,158.0,1002.7,7.6,0.0,6.0,43.7,-36.1,19.88,36.1,17.4
2024-07-04T10:00,7.3,4.6,71,6.3,23.8,199.0,1002.9,9.5,6.6,5.9,43.6,-27.5,19.88,27.5,36.9
2024-07-04T11:00,7.5,5.1,70,4.3,19.8,109.0,1002.8,5.2,0.9,5.8,43.5,-37.4,19.88,37.4,14.0
2024-07-04T12:00,7.3,5.2,71,3.1,15.8,82.0,1003.1,4.0,0.0,5.8,43.5,-39.5,19.88,39.5,9.2
2024-07-04T13:00,6.4,3.4,71,7.6,24.8,34.0,1003.1,1.7,13.7,6.0,43.7,-28.3,19.88,28.3,35.2
2024-07-04T14:00,6.2,3.6,72,5.1,20.2,17.0,1003.2,0.8,2.4,6.0,43.7,-40.5,19.88,40.5,7.3
2024-07-04T15:00,6.2,3.4,77,7.6,17.3,8.0,1003.2,0.4,13.7,6.0,43.7,-29.6,19.88,29.6,32.3
2024-07-04T16:00,6.0,3.0,81,9.9,23.0,11.0,1003.4,0.5,33.4,6.1,43.8,-9.9,19.88,9.9,77.4
2024-07-04T17:00,5.7,2.7,84,10.5,25.6,6.0,1003.4,0.3,40.2,6.1,43.8,-3.3,19.88,3.3,92.5
2024-07-04T18:00,5.4,2.1,85,11.7,29.2,4.0,1003.5,0.2,0.0,6.2,43.9,-43.7,19.88,43.7,0.5
2024-07-04T19:00,4.8,1.6,89,11.8,29.5,0.0,1003.8,0.0,0.0,6.3,44.0,-44.0,19.88,44.0,0.0
2024-07-04T20:00,4.4,1.2,93,11.2,29.5,0.0,1004.1,0.0,0.0,6.3,44.0,-44.0,19.88,44.0,0.0
2024-07-04T21:00,4.2,1.0,93,10.7,29.2,0.0,1004.2,0.0,0.0,6.3,44.0,-44.0,19.88,44.0,0.0
2024-07-04T22:00,4.0,1.0,93,9.7,27.7,0.0,1004.4,0.0,31.3,6.3,44.0,-12.7,19.88,12.7,71.1
2024-07-04T23:00,3.8,0.9,94,8.7,24.8,0.0,1004.6,0.0,22.0,6.3,44.0,-22.0,19.88,22.0,50.0
2024-07-05T00:00,3.6,0.8,96,8.4,22.3,0.0,1004.5,0.0,19.5,6.3,44.0,-24.5,19.88,24.5,44.3
2024-07-05T01:00,4.3,1.3,93,10.0,26.3,0.0,1004.4,0.0,34.5,6.3,44.0,-9.5,19.88,9.5,78.4
2024-07-05T02:00,4.3,1.4,90,8.7,24.8,19.0,1004.2,0.9,22.0,6.3,44.0,-21.1,19.88,21.1,52.0
2024-07-05T03:00,4.3,1.5,89,7.6,22.7,21.0,1004.1,1.0,13.7,6.2,43.9,-29.2,19.88,29.2,33.5
2024-07-05T04:00,4.5,1.7,87,8.1,21.6,27.0,1003.9,1.3,17.2,6.2,43.9,-25.4,19.88,25.4,42.1
2024-07-05T05:00,4.7,1.6,86,9.9,26.6,61.0,1003.5,3.0,33.4,6.2,43.9,-7.5,19.88,7.5,82.9
2024-07-05T06:00,4.6,1.4,89,10.9,28.8,6.0,1003.3,0.3,0.0,6.3,44.0,-43.7,19.88,43.7,0.7
2024-07-05T07:00,4.5,1.4,94,11.2,30.2,0.0,1002.9,0.0,0.0,6.3,44.0,-44.0,19.88,44.0,0.0
2024-07-05T08:00,4.7,1.5,96,12.2,32.8,0.0,1002.2,0.0,0.0,6.3,44.0,-44.0,19.88,44.0,0.0
2024-07-05T09:00,5.4,2.1,94,13.4,35.3,0.0,1001.7,0.0,0.0,6.2,43.9,-43.9,19.88,43.9,0.0
2024-07-05T10:00,5.5,2.3,94,13.3,39.2,0.0,1001.7,0.0,0.0,6.2,43.9,-43.9,19.88,43.9,0.0
2024-07-05T11:00,4.5,1.7,99,9.8,36.0,0.0,1001.6,0.0,0.0,6.3,44.0,-44.0,19.88,44.0,0.0
2024-07-05T12:00,4.0,1.3,99,8.9,28.1,0.0,1001.6,0.0,0.0,6.3,44.0,-44.0,19.88,44.0,0.0
2024-07-05T13:00,4.0,1.0,97,10.2,28.4,0.0,1001.1,0.0,0.0,6.3,44.0,-44.0,19.88,44.0,0.0
2024-07-05T14:00,4.0,1.1,97,9.3,27.0,0.0,1000.9,0.0,27.4,6.3,44.0,-16.6,19.88,16.6,62.3
2024-07-05T15:00,4.1,1.4,95,7.6,23.8,0.0,1000.7,0.0,13.7,6.3,44.0,-30.3,19.88,30.3,31.1
2024-07-05T16:00,4.4,1.9,93,6.3,19.8,0.0,1000.4,0.0,6.6,6.2,43.9,-37.3,19.88,37.3,15.0
2024-07-05T17:00,4.6,2.3,92,4.8,16.2,2.0,1000.2,0.1,1.7,6.1,43.8,-42.0,19.88,42.0,4.1
2024-07-05T18:00,4.9,2.8,88,4.0,13.7,7.0,1000.1,0.3,0.5,6.1,43.8,-43.0,19.88,43.0,1.8
2024-07-05T19:00,5.0,2.9,86,3.2,12.2,8.0,1000.0,0.4,0.0,6.1,43.8,-43.4,19.88,43.4,0.9
2024-07-05T20:00,4.9,2.8,86,3.3,10.4,5.0,1000.1,0.2,0.0,6.1,43.8,-43.6,19.88,43.6,0.5
2024-07-05T21:00,4.8,2.6,87,4.3,11.5,15.0,1000.2,0.7,0.9,6.1,43.8,-42.2,19.88,42.2,3.7
2024-07-05T22:00,4.8,2.5,88,4.8,12.6,7.0,1000.2,0.3,1.7,6.1,43.8,-41.8,19.88,41.8,4.6
2024-07-05T23:00,4.7,2.5,88,4.5,12.6,1.0,1000.1,0.0,1.2,6.1,43.8,-42.6,19.88,42.6,2.7
2024-07-06T00:00,4.7,2.6,88,3.3,11.2,1.0,1000.2,0.0,0.0,6.1,43.8,-43.8,19.88,43.8,0.0
2024-07-06T01:00,4.5,2.3,89,4.2,10.8,2.0,1000.6,0.1,0.7,6.1,43.8,-43.0,19.88,43.0,1.8
2024-07-06T02:00,4.7,2.3,88,5.1,13.7,6.0,1000.5,0.3,2.4,6.1,43.8,-41.1,19.88,41.1,6.2
2024-07-06T03:00,4.7,2.3,86,5.2,14.4,5.0,1000.3,0.2,2.7,6.1,43.8,-40.9,19.88,40.9,6.6
2024-07-06T04:00,4.8,2.3,85,5.6,16.2,9.0,1000.5,0.4,3.9,6.1,43.8,-39.5,19.88,39.5,9.8
2024-07-06T05:00,4.9,2.5,85,4.8,16.2,6.0,1000.4,0.3,1.7,6.1,43.8,-41.8,19.88,41.8,4.6
2024-07-06T06:00,5.0,2.6,84,4.9,14.0,0.0,1000.4,0.0,2.0,6.1,43.8,-41.8,19.88,41.8,4.6
2024-07-06T07:00,5.2,2.7,83,5.3,15.8,1.0,1000.4,0.0,3.0,6.1,43.8,-40.8,19.88,40.8,6.8
2024-07-06T08:00,5.5,3.2,81,4.5,15.8,2.0,1000.5,0.1,1.2,6.0,43.7,-42.4,19.88,42.4,3.0
2024-07-06T09:00,6.0,3.8,78,3.4,14.4,43.0,1000.4,2.1,0.1,5.9,43.6,-41.4,19.88,41.4,5.0
2024-07-06T10:00,6.5,4.3,74,3.2,12.2,108.0,1000.5,5.2,0.0,5.9,43.6,-38.4,19.88,38.4,11.9
2024-07-06T11:00,6.7,4.3,73,4.6,14.0,91.0,1000.2,4.4,1.3,5.9,43.6,-37.9,19.88,37.9,13.1
2024-07-06T12:00,7.0,4.6,72,4.6,14.4,87.0,1000.1,4.2,1.3,5.9,43.6,-38.1,19.88,38.1,12.6
2024-07-06T13:00,7.5,5.0,69,5.2,17.3,128.0,1000.1,6.1,2.7,5.8,43.5,-34.7,19.88,34.7,20.2
2024-07-06T14:00,7.6,5.0,68,5.2,16.9,135.0,999.9,6.5,2.7,5.8,43.5,-34.3,19.88,34.3,21.1
2024-07-06T15:00,7.8,5.0,66,7.3,20.2,112.0,1000.0,5.4,11.8,5.8,43.5,-26.3,19.88,26.3,39.5
2024-07-06T16:00,7.8,4.7,65,8.1,21.2,117.0,1000.1,5.6,17.2,5.8,43.5,-20.7,19.88,20.7,52.4
2024-07-06T17:00,7.7,4.6,65,8.7,21.6,102.0,1000.0,4.9,22.0,5.8,43.5,-16.6,19.88,16.6,61.8
2024-07-06T18:00,7.5,4.2,66,9.6,24.5,115.0,999.8,5.5,30.3,5.9,43.6,-7.8,19.88,7.8,82.1
2024-07-06T19:00,7.2,4.0,68,9.4,24.8,124.0,999.8,6.0,28.3,5.9,43.6,-9.3,19.88,9.3,78.7
2024-07-06T20:00,7.0,3.9,68,8.6,23.8,137.0,999.9,6.6,21.1,5.9,43.6,-15.9,19.88,15.9,63.5
2024-07-06T21:00,6.6,3.6,69,7.2,22.7,132.0,999.9,6.3,11.2,6.0,43.7,-26.2,19.88,26.2,40.0
2024-07-06T22:00,6.2,3.4,71,6.3,19.4,117.0,999.6,5.6,6.6,6.0,43.7,-31.5,19.88,31.5,27.9
2024-07-06T23:00,6.1,3.3,70,5.9,18.0,99.0,999.6,4.8,5.0,6.0,43.7,-33.9,19.88,33.9,22.4
2024-07-07T00:00,5.8,3.0,71,6.2,16.6,104.0,999.2,5.0,6.2,6.0,43.7,-32.5,19.88,32.5,25.6
2024-07-07T01:00,5.8,2.9,69,6.1,17.3,112.0,999.5,5.4,5.8,6.0,43.7,-32.5,19.88,32.5,25.6
2024-07-07T02:00,5.7,2.6,68,6.6,18.7,58.0,998.9,2.8,8.0,6.0,43.7,-32.9,19.88,32.9,24.7
2024-07-07T03:00,5.8,2.6,66,7.4,20.2,126.0,998.4,6.1,12.4,6.0,43.7,-25.2,19.88,25.2,42.3
2024-07-07T04:00,5.9,2.8,67,6.9,20.9,30.0,997.8,1.5,9.5,6.0,43.7,-32.7,19.88,32.7,25.2
2024-07-07T05:00,6.1,3.1,67,6.5,20.5,6.0,997.0,0.3,7.5,6.0,43.7,-35.9,19.88,35.9,17.8
2024-07-07T06:00,6.2,3.2,67,6.9,22.0,4.0,996.6,0.2,9.5,6.0,43.7,-34.0,19.88,34.0,22.2
2024-07-07T07:00,6.3,3.3,68,7.1,22.7,16.0,995.9,0.8,10.6,6.0,43.7,-32.3,19.88,32.3,26.1
2024-07-07T08:00,6.8,3.6,66,8.3,25.9,3.0,995.1,0.1,18.7,5.9,43.6,-24.8,19.88,24.8,43.1
2024-07-07T09:00,7.0,3.8,63,8.0,27.0,1.0,994.6,0.0,16.5,5.9,43.6,-27.1,19.88,27.1,37.8
2024-07-07T10:00,6.9,3.7,65,7.9,27.7,2.0,993.9,0.1,15.7,5.9,43.6,-27.8,19.88,27.8,36.2
2024-07-07T11:00,6.2,3.6,73,5.4,28.1,0.0,993.2,0.0,0.0,6.0,43.7,-43.7,19.88,43.7,0.0
2024-07-07T12:00,5.8,2.8,80,8.8,31.3,0.0,992.0,0.0,0.0,6.1,43.8,-43.8,19.88,43.8,0.0
2024-07-07T13:00,6.0,2.9,81,10.1,36.4,0.0,990.0,0.0,0.0,6.1,43.8,-43.8,19.88,43.8,0.0
2024-07-07T14:00,6.2,3.7,84,7.3,35.6,3.0,989.3,0.1,0.0,6.0,43.7,-43.6,19.88,43.6,0.2
2024-07-07T15:00,6.0,3.6,88,7.3,27.0,0.0,988.3,0.0,11.8,6.0,43.7,-31.9,19.88,31.9,27.0
2024-07-07T16:00,5.6,3.0,86,7.0,23.8,1.0,987.4,0.0,10.1,6.1,43.8,-33.7,19.88,33.7,23.1
2024-07-07T17:00,5.2,2.8,85,5.5,25.9,0.0,986.2,0.0,3.6,6.1,43.8,-40.2,19.88,40.2,8.2
2024-07-07T18:00,5.1,3.0,86,3.6,18.4,0.0,985.5,0.0,0.2,6.1,43.8,-43.6,19.88,43.6,0.5
2024-07-07T19:00,4.9,2.7,88,4.5,13.7,0.0,984.7,0.0,1.2,6.1,43.8,-42.6,19.88,42.6,2.7
2024-07-07T20:00,4.9,2.7,88,4.3,11.9,0.0,983.8,0.0,0.9,6.1,43.8,-42.9,19.88,42.9,2.1
2024-07-07T21:00,4.5,2.3,93,4.4,11.9,0.0,983.4,0.0,1.0,6.1,43.8,-42.8,19.88,42.8,2.3
2024-07-07T22:00,4.4,2.5,93,2.3,11.5,0.0,983.0,0.0,0.0,6.1,43.8,-43.8,19.88,43.8,0.0
2024-07-07T23:00,4.5,2.5,93,3.4,14.0,0.0,982.6,0.0,0.1,6.1,43.8,-43.7,19.88,43.7,0.2
2024-07-08T00:00,5.1,2.7,91,6.5,16.9,0.0,982.2,0.0,7.5,6.1,43.8,-36.3,19.88,36.3,17.1
2024-07-08T01:00,4.5,2.1,94,5.8,16.2,0.0,982.1,0.0,4.6,6.2,43.9,-39.3,19.88,39.3,10.5
2024-07-08T02:00,3.9,1.7,98,4.3,15.5,0.0,982.0,0.0,0.9,6.2,43.9,-43.0,19.88,43.0,2.1
2024-07-08T03:00,3.5,1.2,100,5.4,16.2,0.0,981.7,0.0,3.3,6.3,44.0,-40.7,19.88,40.7,7.5
2024-07-08T04:00,3.7,1.1,98,7.0,19.1,0.0,981.7,0.0,10.1,6.3,44.0,-33.9,19.88,33.9,23.0
2024-07-08T05:00,4.8,2.2,90,7.3,21.6,0.0,981.4,0.0,11.8,6.2,43.9,-32.1,19.88,32.1,26.9
2024-07-08T06:00,5.2,2.6,86,6.9,21.6,2.0,981.5,0.1,9.5,6.1,43.8,-34.2,19.88,34.2,21.9
2024-07-08T07:00,5.2,2.6,88,6.9,22.7,0.0,981.6,0.0,9.5,6.1,43.8,-34.3,19.88,34.3,21.7
2024-07-08T08:00,5.0,2.2,88,8.6,26.6,0.0,981.6,0.0,21.1,6.2,43.9,-22.8,19.88,22.8,48.1
2024-07-08T09:00,5.8,2.6,82,10.9,32.4,12.0,981.4,0.6,0.0,6.1,43.8,-43.2,19.88,43.2,1.4
2024-07-08T10:00,6.0,2.8,80,11.1,33.8,4.0,981.2,0.2,0.0,6.1,43.8,-43.6,19.88,43.6,0.5
2024-07-08T11:00,5.9,2.5,80,12.5,37.8,3.0,981.1,0.1,0.0,6.1,43.8,-43.7,19.88,43.7,0.2
2024-07-08T12:00,5.8,2.1,81,13.9,40.3,7.0,980.9,0.3,0.0,6.2,43.9,-43.6,19.88,43.6,0.7
2024-07-08T13:00,5.7,1.9,78,14.6,42.5,68.0,981.3,3.3,0.0,6.2,43.9,-40.6,19.88,40.6,7.5
2024-07-08T14:00,5.8,2.1,79,13.5,42.1,139.0,981.5,6.7,0.0,6.2,43.9,-37.2,19.88,37.2,15.3
2024-07-08T15:00,5.6,1.9,78,13.5,39.2,67.0,982.0,3.3,0.0,6.2,43.9,-40.6,19.88,40.6,7.5
2024-07-08T16:00,4.9,1.4,81,11.8,38.5,1.0,982.2,0.0,0.0,6.2,43.9,-43.9,19.88,43.9,0.0
2024-07-08T17:00,4.7,1.1,83,12.1,36.4,1.0,982.4,0.0,0.0,6.3,44.0,-44.0,19.88,44.0,0.0
2024-07-08T18:00,4.5,1.1,83,11.1,36.7,1.0,982.6,0.0,0.0,6.3,44.0,-44.0,19.88,44.0,0.0
2024-07-08T19:00,4.4,1.0,84,11.2,34.9,0.0,982.8,0.0,0.0,6.3,44.0,-44.0,19.88,44.0,0.0
2024-07-08T20:00,4.2,0.8,85,11.5,34.6,0.0,983.2,0.0,0.0,6.3,44.0,-44.0,19.88,44.0,0.0
2024-07-08T21:00,4.1,0.8,85,10.6,34.6,0.0,983.4,0.0,0.0,6.3,44.0,-44.0,19.88,44.0,0.0
2024-07-08T22:00,4.0,1.2,86,7.2,31.0,0.0,983.7,0.0,0.0,6.3,44.0,-44.0,19.88,44.0,0.0
2024-07-08T23:00,3.9,1.4,86,5.1,22.3,0.0,984.1,0.0,2.4,6.2,43.9,-41.5,19.88,41.5,5.5
2024-07-09T00:00,3.8,1.5,88,3.1,15.1,0.0,984.4,0.0,0.0,6.2,43.9,-43.9,19.88,43.9,0.0
2024-07-09T01:00,4.0,1.8,88,3.6,14.4,0.0,984.4,0.0,0.2,6.2,43.9,-43.7,19.88,43.7,0.5
2024-07-09T02:00,4.0,1.9,88,2.6,10.1,0.0,984.7,0.0,0.0,6.2,43.9,-43.9,19.88,43.9,0.0
2024-07-09T03:00,4.2,2.3,87,1.1,7.6,0.0,985.1,0.0,0.0,6.1,43.8,-43.8,19.88,43.8,0.0
2024-07-09T04:00,4.4,2.1,87,3.8,10.1,0.0,985.6,0.0,0.3,6.1,43.8,-43.5,19.88,43.5,0.7
2024-07-09T05:00,4.3,1.7,90,6.6,16.9,1.0,986.1,0.0,8.0,6.2,43.9,-35.9,19.88,35.9,18.2
2024-07-09T06:00,4.4,1.5,91,9.2,23.0,9.0,986.7,0.4,26.4,6.3,44.0,-17.2,19.88,17.2,60.9
2024-07-09T07:00,4.4,1.3,92,10.6,27.4,9.0,987.4,0.4,41.4,6.3,44.0,-2.2,19.88,2.2,95.0
2024-07-09T08:00,4.8,1.7,88,10.5,29.2,13.0,988.3,0.6,0.0,6.2,43.9,-43.3,19.88,43.3,1.4
2024-07-09T09:00,5.1,1.9,87,10.9,29.2,1.0,988.8,0.0,0.0,6.2,43.9,-43.9,19.88,43.9,0.0
2024-07-09T10:00,5.5,1.9,87,14.1,35.3,4.0,989.3,0.2,0.0,6.2,43.9,-43.7,19.88,43.7,0.5
2024-07-09T11:00,5.5,2.0,90,14.4,40.7,5.0,989.7,0.2,0.0,6.2,43.9,-43.7,19.88,43.7,0.5
2024-07-09T12:00,5.4,1.8,90,15.0,42.1,10.0,990.3,0.5,0.0,6.3,44.0,-43.5,19.88,43.5,1.1
2024-07-09T13:00,5.1,1.3,90,16.2,45.7,3.0,990.8,0.1,0.0,6.3,44.0,-43.9,19.88,43.9,0.2
2024-07-09T14:00,4.5,0.4,89,17.0,48.2,5.0,991.5,0.2,0.0,6.4,44.1,-43.9,19.88,43.9,0.5
2024-07-09T15:00,4.5,0.2,88,18.4,51.5,7.0,992.4,0.3,0.0,6.4,44.1,-43.8,19.88,43.8,0.7
2024-07-09T16:00,4.4,0.2,92,18.4,50.8,6.0,993.2,0.3,0.0,6.5,44.2,-43.9,19.88,43.9,0.7
2024-07-09T17:00,4.3,0.3,94,16.9,48.2,4.0,993.9,0.2,0.0,6.4,44.1,-43.9,19.88,43.9,0.5
2024-07-09T18:00,4.2,0.5,95,15.1,45.7,11.0,994.9,0.5,0.0,6.4,44.1,-43.6,19.88,43.6,1.1
2024-07-09T19:00,4.0,0.3,96,15.1,43.2,2.0,995.8,0.1,0.0,6.4,44.1,-44.0,19.88,44.0,0.2
2024-07-09T20:00,3.8,0.2,95,14.0,42.5,1.0,996.8,0.0,0.0,6.4,44.1,-44.1,19.88,44.1,0.0
2024-07-09T21:00,3.8,0.1,95,14.0,40.7,1.0,997.6,0.0,0.0,6.4,44.1,-44.1,19.88,44.1,0.0
2024-07-09T22:00,3.7,0.3,97,13.0,40.7,6.0,998.3,0.3,0.0,6.4,44.1,-43.8,19.88,43.8,0.7
2024-07-09T23:00,3.8,0.5,97,12.0,37.8,11.0,999.1,0.5,0.0,6.4,44.1,-43.6,19.88,43.6,1.1
2024-07-10T00:00,3.8,0.6,97,11.7,35.3,1.0,999.8,0.0,0.0,6.4,44.1,-44.1,19.88,44.1,0.0
2024-07-10T01:00,3.9,0.7,96,11.4,32.8,1.0,1000.8,0.0,0.0,6.4,44.1,-44.1,19.88,44.1,0.0
2024-07-10T02:00,4.0,0.8,95,11.4,33.5,4.0,1001.7,0.2,0.0,6.4,44.1,-43.9,19.88,43.9,0.5
2024-07-10T03:00,4.1,0.9,95,11.4,33.5,4.0,1002.4,0.2,0.0,6.3,44.0,-43.8,19.88,43.8,0.5
2024-07-10T04:00,4.3,1.2,94,11.3,32.8,33.0,1003.1,1.6,0.0,6.3,44.0,-42.4,19.88,42.4,3.6
2024-07-10T05:00,4.6,1.6,93,10.8,32.0,50.0,1003.8,2.4,0.0,6.3,44.0,-41.6,19.88,41.6,5.5
2024-07-10T06:00,5.3,2.3,91,10.3,30.2,63.0,1004.7,3.1,0.0,6.2,43.9,-40.8,19.88,40.8,7.1
2024-07-10T07:00,6.0,3.3,89,9.7,28.4,65.0,1005.3,3.2,0.0,6.1,43.8,-40.6,19.88,40.6,7.3
2024-07-10T08:00,6.3,3.8,87,8.1,26.6,0.0,1005.9,0.0,17.2,6.0,43.7,-26.5,19.88,26.5,39.4
2024-07-10T09:00,7.0,4.6,84,8.1,23.8,27.0,1006.3,1.3,17.2,5.9,43.6,-25.1,19.88,25.1,42.4
2024-07-10T10:00,8.3,5.8,83,9.5,27.0,245.0,1006.8,11.6,29.3,5.8,43.5,-2.6,19.88,2.6,94.0
2024-07-10T11:00,8.5,6.0,84,9.7,28.1,166.0,1007.1,7.9,0.0,5.8,43.5,-35.6,19.88,35.6,18.2
2024-07-10T12:00,8.7,6.5,83,8.8,27.7,117.0,1007.3,5.6,22.8,5.7,43.4,-15.0,19.88,15.0,65.4
2024-07-10T13:00,10.0,7.7,78,9.1,29.9,284.0,1007.5,13.3,0.0,5.6,43.3,-30.0,19.88,30.0,30.7
2024-07-10T14:00,10.0,7.9,76,7.7,26.6,314.0,1007.7,14.6,14.4,5.6,43.3,-14.3,19.88,14.3,67.0
2024-07-10T15:00,9.6,7.5,77,7.4,24.1,263.0,1008.0,12.3,12.4,5.6,43.3,-18.6,19.88,18.6,57.0
2024-07-10T16:00,9.4,7.2,77,7.6,23.8,180.0,1008.2,8.5,13.7,5.6,43.3,-21.1,19.88,21.1,51.3
2024-07-10T17:00,9.1,6.7,78,8.5,25.2,132.0,1008.4,6.3,20.3,5.7,43.4,-16.8,19.88,16.8,61.3
2024-07-10T18:00,8.5,5.9,79,10.3,29.2,91.0,1008.8,4.4,0.0,5.8,43.5,-39.1,19.88,39.1,10.1
2024-07-10T19:00,7.5,4.6,84,11.5,33.8,23.0,1009.3,1.1,0.0,5.9,43.6,-42.5,19.88,42.5,2.5
2024-07-10T20:00,7.0,4.3,87,10.5,32.8,1.0,1009.4,0.0,0.0,6.0,43.7,-43.7,19.88,43.7,0.0
2024-07-10T21:00,7.1,4.4,88,10.7,30.6,3.0,1009.1,0.1,0.0,6.0,43.7,-43.6,19.88,43.6,0.2
2024-07-10T22:00,7.3,4.8,87,9.0,30.6,0.0,1009.1,0.0,0.0,5.9,43.6,-43.6,19.88,43.6,0.0
2024-07-10T23:00,7.3,5.0,88,8.7,28.8,0.0,1009.1,0.0,0.0,5.9,43.6,-43.6,19.88,43.6,0.0
2024-07-11T00:00,7.5,5.2,90,9.0,29.9,0.0,1009.2,0.0,0.0,5.9,43.6,-43.6,19.88,43.6,0.0
2024-07-11T01:00,7.6,5.5,90,8.3,29.5,0.0,1009.3,0.0,0.0,5.9,43.6,-43.6,19.88,43.6,0.0
2024-07-11T02:00,7.8,5.8,91,7.6,27.7,0.0,1009.5,0.0,13.7,5.8,43.5,-29.8,19.88,29.8,31.5
2024-07-11T03:00,8.1,6.1,90,7.9,26.3,0.0,1009.7,0.0,15.7,5.8,43.5,-27.8,19.88,27.8,36.1
2024-07-11T04:00,8.3,6.4,90,7.9,26.3,0.0,1009.6,0.0,15.7,5.8,43.5,-27.8,19.88,27.8,36.1
2024-07-11T05:00,8.4,6.6,91,7.2,26.3,0.0,1009.8,0.0,11.2,5.7,43.4,-32.2,19.88,32.2,25.8
2024-07-11T06:00,8.6,6.9,91,6.5,25.2,0.0,1010.0,0.0,7.5,5.7,43.4,-35.9,19.88,35.9,17.3
2024-07-11T07:00,8.7,7.0,89,7.1,23.8,0.0,1010.3,0.0,10.6,5.7,43.4,-32.8,19.88,32.8,24.4
2024-07-11T08:00,8.8,6.9,88,7.6,23.8,0.0,1010.7,0.0,13.7,5.7,43.4,-29.7,19.88,29.7,31.6
2024-07-11T09:00,9.2,7.3,86,7.6,23.8,1.0,1010.7,0.0,13.7,5.7,43.4,-29.7,19.88,29.7,31.6
2024-07-11T10:00,10.0,8.2,84,8.0,23.0,33.0,1010.7,1.6,16.5,5.6,43.3,-25.2,19.88,25.2,41.8
2024-07-11T11:00,10.4,8.9,83,6.5,22.0,26.0,1010.6,1.2,7.5,5.5,43.2,-34.5,19.88,34.5,20.1
2024-07-11T12:00,10.5,9.4,83,4.1,18.7,29.0,1010.5,1.4,0.6,5.5,43.2,-41.2,19.88,41.2,4.6
2024-07-11T13:00,10.9,9.4,81,6.4,19.1,36.0,1010.7,1.7,7.0,5.4,43.1,-34.4,19.88,34.4,20.2
2024-07-11T14:00,10.8,9.7,81,3.3,17.6,31.0,1010.7,1.5,0.0,5.4,43.1,-41.6,19.88,41.6,3.5
2024-07-11T15:00,10.3,9.3,82,2.3,12.6,0.0,1010.7,0.0,0.0,5.5,43.2,-43.2,19.88,43.2,0.0
2024-07-11T16:00,10.2,9.3,82,1.8,10.8,0.0,1010.5,0.0,0.0,5.5,43.2,-43.2,19.88,43.2,0.0
2024-07-11T17:00,10.1,9.0,83,2.9,13.7,0.0,1010.2,0.0,0.0,5.5,43.2,-43.2,19.88,43.2,0.0
2024-07-11T18:00,9.8,8.5,85,4.1,15.8,0.0,1010.2,0.0,0.6,5.5,43.2,-42.6,19.88,42.6,1.4
2024-07-11T19:00,9.6,8.2,85,5.1,18.0,0.0,1010.1,0.0,2.4,5.6,43.3,-40.9,19.88,40.9,5.5
2024-07-11T20:00,9.6,7.8,81,6.5,21.6,0.0,1010.1,0.0,7.5,5.6,43.3,-35.8,19.88,35.8,17.3
2024-07-11T21:00,9.6,7.4,79,8.5,26.3,0.0,1009.8,0.0,20.3,5.6,43.3,-23.0,19.88,23.0,46.9
2024-07-11T22:00,9.3,7.2,80,8.3,26.6,0.0,1009.6,0.0,18.7,5.7,43.4,-24.7,19.88,24.7,43.1
2024-07-11T23:00,8.9,6.9,83,7.3,25.9,0.0,1009.5,0.0,11.8,5.7,43.4,-31.6,19.88,31.6,27.2
2024-07-12T00:00,8.6,6.7,85,6.5,23.0,0.0,1009.6,0.0,7.5,5.7,43.4,-35.9,19.88,35.9,17.3
2024-07-12T01:00,7.9,6.1,86,5.4,22.0,1.0,1009.3,0.0,3.3,5.8,43.5,-40.2,19.88,40.2,7.6
2024-07-12T02:00,8.0,6.2,85,5.4,18.7,5.0,1009.1,0.2,3.3,5.8,43.5,-40.0,19.88,40.0,8.0
2024-07-12T03:00,8.2,6.3,85,5.8,19.4,1.0,1008.8,0.0,4.6,5.7,43.4,-38.8,19.88,38.8,10.6
2024-07-12T04:00,8.3,6.4,84,6.3,20.2,0.0,1008.5,0.0,6.6,5.7,43.4,-36.8,19.88,36.8,15.2
2024-07-12T05:00,8.4,6.4,83,6.3,21.2,2.0,1008.2,0.1,6.6,5.7,43.4,-36.7,19.88,36.7,15.4
2024-07-12T06:00,8.6,6.2,80,8.2,23.4,1.0,1007.6,0.0,17.9,5.7,43.4,-25.5,19.88,25.5,41.2
2024-07-12T07:00,8.8,6.2,79,10.0,28.8,3.0,1007.1,0.1,0.0,5.7,43.4,-43.3,19.88,43.3,0.2
2024-07-12T08:00,8.8,6.2,81,10.7,33.5,9.0,1006.8,0.4,0.0,5.7,43.4,-43.0,19.88,43.0,0.9
2024-07-12T09:00,8.7,6.0,83,11.6,33.8,3.0,1006.3,0.1,0.0,5.8,43.5,-43.4,19.88,43.4,0.2
2024-07-12T10:00,8.9,5.8,82,14.5,40.3,4.0,1005.4,0.2,0.0,5.8,43.5,-43.3,19.88,43.3,0.5
2024-07-12T11:00,8.5,5.3,83,14.5,45.4,5.0,1004.4,0.2,0.0,5.8,43.5,-43.3,19.88,43.3,0.5
2024-07-12T12:00,8.7,5.2,80,16.7,52.2,6.0,1003.5,0.3,0.0,5.9,43.6,-43.3,19.88,43.3,0.7
2024-07-12T13:00,8.0,4.2,81,18.1,56.5,15.0,1003.2,0.7,0.0,6.0,43.7,-43.0,19.88,43.0,1.6
2024-07-12T14:00,7.1,3.0,83,19.4,59.4,0.0,1002.7,0.0,0.0,6.1,43.8,-43.8,19.88,43.8,0.0
2024-07-12T15:00,7.2,2.9,83,20.5,60.1,5.0,1002.2,0.2,0.0,6.1,43.8,-43.6,19.88,43.6,0.5
2024-07-12T16:00,7.1,2.8,82,20.3,61.6,3.0,1001.6,0.1,0.0,6.1,43.8,-43.7,19.88,43.7,0.2
2024-07-12T17:00,6.6,2.2,81,19.5,60.1,0.0,1001.0,0.0,0.0,6.2,43.9,-43.9,19.88,43.9,0.0
2024-07-12T18:00,6.2,2.2,84,17.1,56.5,0.0,1000.8,0.0,0.0,6.2,43.9,-43.9,19.88,43.9,0.0
2024-07-12T19:00,6.0,2.8,85,11.5,52.2,19.0,1000.3,0.9,0.0,6.1,43.8,-42.9,19.88,42.9,2.1
2024-07-12T20:00,6.1,3.0,86,11.5,42.1,12.0,1000.3,0.6,0.0,6.1,43.8,-43.2,19.88,43.2,1.4
2024-07-12T21:00,5.9,3.0,87,10.0,39.2,3.0,1000.0,0.1,0.0,6.1,43.8,-43.7,19.88,43.7,0.2
2024-07-12T22:00,5.5,2.7,88,9.4,34.2,0.0,1000.0,0.0,0.0,6.1,43.8,-43.8,19.88,43.8,0.0
2024-07-12T23:00,5.3,2.5,87,8.6,31.0,0.0,999.9,0.0,0.0,6.1,43.8,-43.8,19.88,43.8,0.0
2024-07-13T00:00,5.1,2.3,87,8.1,28.4,0.0,1000.1,0.0,0.0,6.1,43.8,-43.8,19.88,43.8,0.0
2024-07-13T01:00,4.9,2.3,86,6.8,22.0,0.0,1000.1,0.0,9.0,6.1,43.8,-34.8,19.88,34.8,20.5
2024-07-13T02:00,4.8,2.2,86,6.4,18.4,0.0,1000.2,0.0,7.0,6.1,43.8,-36.8,19.88,36.8,16.0
2024-07-13T03:00,4.8,2.2,86,6.9,18.4,0.0,1000.2,0.0,9.5,6.2,43.9,-34.4,19.88,34.4,21.6
2024-07-13T04:00,5.1,2.6,85,5.8,17.6,0.0,1000.1,0.0,4.6,6.1,43.8,-39.2,19.88,39.2,10.5
2024-07-13T05:00,5.5,2.9,86,7.1,15.8,1.0,999.9,0.0,10.6,6.1,43.8,-33.2,19.88,33.2,24.2
2024-07-13T06:00,5.6,2.8,89,9.6,22.3,0.0,1000.1,0.0,30.3,6.1,43.8,-13.5,19.88,13.5,69.2
2024-07-13T07:00,5.4,2.5,92,10.1,25.2,0.0,1000.5,0.0,35.6,6.2,43.9,-8.3,19.88,8.3,81.1
2024-07-13T08:00,5.5,2.8,92,9.5,24.8,2.0,1000.6,0.1,29.3,6.1,43.8,-14.4,19.88,14.4,67.1
2024-07-13T09:00,5.8,2.9,90,10.6,27.7,0.0,1000.9,0.0,41.4,6.1,43.8,-2.4,19.88,2.4,94.5
2024-07-13T10:00,6.3,3.3,91,12.4,31.7,4.0,1001.1,0.2,0.0,6.1,43.8,-43.6,19.88,43.6,0.5
2024-07-13T11:00,6.6,3.4,95,15.0,37.1,22.0,1001.0,1.1,0.0,6.1,43.8,-42.7,19.88,42.7,2.5
2024-07-13T12:00,6.4,3.4,97,13.7,38.5,43.0,1001.6,2.1,0.0,6.1,43.8,-41.7,19.88,41.7,4.8
2024-07-13T13:00,6.5,3.9,99,11.6,33.1,2.0,1001.2,0.1,0.0,6.0,43.7,-43.6,19.88,43.6,0.2
2024-07-13T14:00,6.5,4.0,98,11.2,33.5,3.0,1001.5,0.1,0.0,6.0,43.7,-43.6,19.88,43.6,0.2
2024-07-13T15:00,6.4,4.0,98,9.8,32.0,0.0,1001.4,0.0,0.0,6.0,43.7,-43.7,19.88,43.7,0.0
2024-07-13T16:00,6.4,4.0,98,10.4,29.2,3.0,1001.6,0.1,0.0,6.0,43.7,-43.6,19.88,43.6,0.2
2024-07-13T17:00,6.3,4.0,98,9.1,29.2,2.0,1001.3,0.1,0.0,6.0,43.7,-43.6,19.88,43.6,0.2
2024-07-13T18:00,6.4,4.1,96,8.6,25.6,6.0,1001.0,0.3,21.1,6.0,43.7,-22.3,19.88,22.3,49.0
2024-07-13T19:00,6.4,4.3,93,7.2,24.5,1.0,1000.8,0.0,11.2,6.0,43.7,-32.5,19.88,32.5,25.6
2024-07-13T20:00,6.4,4.2,90,7.3,22.3,1.0,1000.5,0.0,11.8,6.0,43.7,-31.9,19.88,31.9,27.0
2024-07-13T21:00,6.3,4.2,90,6.3,20.5,0.0,1000.1,0.0,6.6,6.0,43.7,-37.1,19.88,37.1,15.1
2024-07-13T22:00,6.2,4.2,88,4.9,18.4,0.0,999.8,0.0,2.0,6.0,43.7,-41.7,19.88,41.7,4.6
2024-07-13T23:00,6.1,4.3,87,2.8,14.8,0.0,999.1,0.0,0.0,5.9,43.6,-43.6,19.88,43.6,0.0
2024-07-14T00:00,6.1,4.1,87,3.8,12.6,0.0,998.8,0.0,0.3,5.9,43.6,-43.3,19.88,43.3,0.7
2024-07-14T01:00,4.9,3.0,91,2.9,10.8,0.0,998.8,0.0,0.0,6.1,43.8,-43.8,19.88,43.8,0.0
2024-07-14T02:00,5.1,3.1,89,3.4,10.8,3.0,998.7,0.1,0.1,6.0,43.7,-43.5,19.88,43.5,0.5
2024-07-14T03:00,5.1,3.2,90,3.4,11.9,0.0,998.5,0.0,0.1,6.0,43.7,-43.6,19.88,43.6,0.2
2024-07-14T04:00,5.1,3.4,90,1.6,11.5,0.0,997.8,0.0,0.0,6.0,43.7,-43.7,19.88,43.7,0.0
2024-07-14T05:00,5.7,3.8,88,3.1,11.2,5.0,997.5,0.2,0.0,6.0,43.7,-43.5,19.88,43.5,0.5
2024-07-14T06:00,5.8,3.8,88,3.8,11.5,0.0,997.2,0.0,0.3,6.0,43.7,-43.4,19.88,43.4,0.7
2024-07-14T07:00,6.0,3.8,88,5.8,15.5,0.0,997.0,0.0,4.6,6.0,43.7,-39.1,19.88,39.1,10.5
2024-07-14T08:00,6.0,3.9,89,5.4,16.2,0.0,997.1,0.0,3.3,6.0,43.7,-40.4,19.88,40.4,7.6
2024-07-14T09:00,6.1,4.0,89,5.1,15.5,1.0,997.2,0.0,2.4,6.0,43.7,-41.3,19.88,41.3,5.5
2024-07-14T10:00,6.1,3.9,90,6.2,16.9,1.0,997.3,0.0,6.2,6.0,43.7,-37.5,19.88,37.5,14.2
2024-07-14T11:00,6.0,3.7,91,6.6,19.1,1.0,997.7,0.0,8.0,6.0,43.7,-35.7,19.88,35.7,18.3
2024-07-14T12:00,6.0,3.6,90,7.6,21.6,1.0,998.0,0.0,13.7,6.0,43.7,-30.0,19.88,30.0,31.4
2024-07-14T13:00,6.3,3.8,91,8.8,24.8,1.0,998.4,0.0,22.8,6.0,43.7,-20.9,19.88,20.9,52.2
2024-07-14T14:00,6.5,4.0,92,9.8,25.9,2.0,998.7,0.1,32.4,6.0,43.7,-11.2,19.88,11.2,74.4
2024-07-14T15:00,6.6,4.0,93,9.9,26.3,5.0,999.2,0.2,33.4,6.0,43.7,-10.1,19.88,10.1,76.9
2024-07-14T16:00,6.3,3.8,95,10.0,27.4,7.0,1000.0,0.3,34.5,6.0,43.7,-8.9,19.88,8.9,79.6
2024-07-14T17:00,6.0,3.5,96,9.9,27.7,0.0,1000.7,0.0,33.4,6.1,43.8,-10.4,19.88,10.4,76.3
2024-07-14T18:00,5.7,3.2,97,9.4,28.1,1.0,1001.2,0.0,0.0,6.1,43.8,-43.8,19.88,43.8,0.0
2024-07-14T19:00,5.5,2.9,98,9.6,28.1,0.0,1001.8,0.0,0.0,6.1,43.8,-43.8,19.88,43.8,0.0
2024-07-14T20:00,5.4,2.9,98,9.2,28.8,0.0,1002.5,0.0,0.0,6.1,43.8,-43.8,19.88,43.8,0.0
2024-07-14T21:00,5.4,2.9,98,9.2,29.2,1.0,1003.1,0.0,0.0,6.1,43.8,-43.8,19.88,43.8,0.0
2024-07-14T22:00,5.4,2.9,97,9.0,28.4,1.0,1003.6,0.0,0.0,6.1,43.8,-43.8,19.88,43.8,0.0
2024-07-14T23:00,5.4,2.8,98,9.4,27.7,0.0,1004.2,0.0,28.3,6.1,43.8,-15.5,19.88,15.5,64.6
2024-07-15T00:00,5.3,2.8,98,9.1,28.4,0.0,1004.9,0.0,0.0,6.1,43.8,-43.8,19.88,43.8,0.0
2024-07-15T01:00,5.0,2.5,98,9.0,28.1,0.0,1005.6,0.0,0.0,6.2,43.9,-43.9,19.88,43.9,0.0
2024-07-15T02:00,5.0,2.4,99,9.3,28.4,1.0,1006.1,0.0,0.0,6.2,43.9,-43.9,19.88,43.9,0.0
2024-07-15T03:00,5.2,2.6,97,9.2,28.4,0.0,1006.6,0.0,0.0,6.2,43.9,-43.9,19.88,43.9,0.0
2024-07-15T04:00,5.3,2.7,95,9.0,27.7,4.0,1006.8,0.2,24.6,6.1,43.8,-19.0,19.88,19.0,56.6
2024-07-15T05:00,5.4,2.8,93,8.7,27.4,4.0,1007.1,0.2,22.0,6.1,43.8,-21.6,19.88,21.6,50.7
2024-07-15T06:00,5.6,2.9,91,9.0,26.6,1.0,1007.4,0.0,24.6,6.1,43.8,-19.2,19.88,19.2,56.2
2024-07-15T07:00,6.0,3.5,90,8.2,26.3,9.0,1007.4,0.4,17.9,6.0,43.7,-25.4,19.88,25.4,41.9
2024-07-15T08:00,6.4,3.8,88,8.8,25.6,8.0,1007.6,0.4,22.8,6.0,43.7,-20.5,19.88,20.5,53.1
2024-07-15T09:00,6.4,3.8,88,9.3,27.0,6.0,1007.7,0.3,27.4,6.0,43.7,-16.0,19.88,16.0,63.4
2024-07-15T10:00,6.5,3.7,88,10.1,29.9,8.0,1007.8,0.4,0.0,6.0,43.7,-43.3,19.88,43.3,0.9
2024-07-15T11:00,6.5,3.6,88,11.1,31.7,17.0,1007.7,0.8,0.0,6.0,43.7,-42.9,19.88,42.9,1.8
2024-07-15T12:00,6.6,3.9,88,10.0,31.3,13.0,1007.6,0.6,0.0,6.0,43.7,-43.1,19.88,43.1,1.4
2024-07-15T13:00,7.0,4.6,88,8.7,27.4,7.0,1007.6,0.3,22.0,5.9,43.6,-21.3,19.88,21.3,51.1
2024-07-15T14:00,7.2,4.9,88,7.6,25.9,2.0,1007.7,0.1,13.7,5.9,43.6,-29.8,19.88,29.8,31.7
2024-07-15T15:00,7.4,5.1,87,7.9,24.8,0.0,1007.7,0.0,15.7,5.9,43.6,-27.9,19.88,27.9,36.0
2024-07-15T16:00,7.5,5.3,87,7.9,24.8,8.0,1007.7,0.4,15.7,5.9,43.6,-27.5,19.88,27.5,36.9
2024-07-15T17:00,7.6,5.3,89,8.6,25.2,2.0,1007.4,0.1,21.1,5.9,43.6,-22.4,19.88,22.4,48.6
2024-07-15T18:00,7.7,5.6,91,7.6,25.2,0.0,1007.6,0.0,13.7,5.8,43.5,-29.8,19.88,29.8,31.5
2024-07-15T19:00,7.6,5.8,93,6.3,23.4,0.0,1007.9,0.0,6.6,5.8,43.5,-36.9,19.88,36.9,15.2
2024-07-15T20:00,7.5,5.7,95,6.7,21.6,2.0,1008.1,0.1,8.5,5.8,43.5,-34.9,19.88,34.9,19.8
2024-07-15T21:00,7.2,5.4,97,7.1,22.0,1.0,1008.5,0.0,10.6,5.9,43.6,-33.0,19.88,33.0,24.3
2024-07-15T22:00,6.8,4.9,99,7.6,23.4,1.0,1008.6,0.0,13.7,5.9,43.6,-29.9,19.88,29.9,31.4
2024-07-15T23:00,6.6,4.5,98,7.8,24.1,6.0,1008.8,0.3,15.1,6.0,43.7,-28.3,19.88,28.3,35.2
2024-07-16T00:00,6.2,4.0,97,8.4,25.9,1.0,1009.0,0.0,19.5,6.0,43.7,-24.2,19.88,24.2,44.6
2024-07-16T01:00,6.0,3.6,97,9.0,27.4,0.0,1009.2,0.0,24.6,6.1,43.8,-19.2,19.88,19.2,56.2
2024-07-16T02:00,5.7,3.3,94,8.3,27.7,0.0,1009.5,0.0,18.7,6.1,43.8,-25.1,19.88,25.1,42.7
2024-07-16T03:00,5.5,3.0,94,8.6,27.4,6.0,1009.7,0.3,21.1,6.1,43.8,-22.4,19.88,22.4,48.9
2024-07-16T04:00,5.4,2.8,94,8.9,28.1,8.0,1009.9,0.4,0.0,6.1,43.8,-43.4,19.88,43.4,0.9
2024-07-16T05:00,5.5,2.9,94,8.9,28.1,18.0,1010.4,0.9,0.0,6.1,43.8,-42.9,19.88,42.9,2.1
2024-07-16T06:00,5.7,3.2,94,8.6,28.4,26.0,1010.6,1.3,0.0,6.1,43.8,-42.5,19.88,42.5,3.0
2024-07-16T07:00,6.1,3.5,89,9.3,27.0,54.0,1010.8,2.6,27.4,6.1,43.8,-13.8,19.88,13.8,68.5
2024-07-16T08:00,6.7,4.1,87,9.1,27.0,118.0,1011.1,5.7,25.5,6.0,43.7,-12.5,19.88,12.5,71.4
2024-07-16T09:00,7.2,4.5,85,9.7,28.1,212.0,1011.6,10.1,0.0,5.9,43.6,-33.5,19.88,33.5,23.2
2024-07-16T10:00,7.3,4.6,86,10.1,28.8,237.0,1011.9,11.2,0.0,5.9,43.6,-32.4,19.88,32.4,25.7
2024-07-16T11:00,7.3,4.7,87,10.1,29.2,239.0,1012.4,11.3,0.0,5.9,43.6,-32.3,19.88,32.3,25.9
2024-07-16T12:00,7.0,4.5,88,9.0,28.8,163.0,1012.8,7.8,0.0,5.9,43.6,-35.8,19.88,35.8,17.9
2024-07-16T13:00,7.6,5.1,85,8.8,27.0,197.0,1012.8,9.4,22.8,5.9,43.6,-11.4,19.88,11.4,73.9
2024-07-16T14:00,7.4,5.0,86,8.8,25.9,210.0,1013.1,10.0,22.8,5.9,43.6,-10.8,19.88,10.8,75.2
2024-07-16T15:00,7.2,4.7,86,8.8,25.9,246.0,1013.6,11.6,22.8,5.9,43.6,-9.2,19.88,9.2,78.9
2024-07-16T16:00,6.9,4.6,86,7.4,25.6,214.0,1013.8,10.2,12.4,5.9,43.6,-21.0,19.88,21.0,51.8
2024-07-16T17:00,6.9,4.7,85,6.6,23.0,219.0,1014.0,10.4,8.0,5.9,43.6,-25.2,19.88,25.2,42.2
2024-07-16T18:00,6.9,4.7,86,6.2,20.9,190.0,1014.2,9.1,6.2,5.9,43.6,-28.3,19.88,28.3,35.1
2024-07-16T19:00,6.8,4.7,86,5.6,19.8,155.0,1014.4,7.4,3.9,5.9,43.6,-32.3,19.88,32.3,25.9
2024-07-16T20:00,6.9,4.8,86,5.7,18.4,123.0,1014.7,5.9,4.2,5.9,43.6,-33.5,19.88,33.5,23.2
2024-07-16T21:00,7.0,5.0,85,5.6,18.4,100.0,1015.1,4.8,3.9,5.9,43.6,-34.9,19.88,34.9,20.0
2024-07-16T22:00,7.1,4.9,85,6.3,19.4,89.0,1015.2,4.3,6.6,5.9,43.6,-32.7,19.88,32.7,25.0
2024-07-16T23:00,7.0,4.8,85,5.9,19.4,76.0,1015.4,3.7,5.0,5.9,43.6,-34.9,19.88,34.9,20.0
2024-07-17T00:00,7.0,4.8,84,5.9,19.1,81.0,1015.3,3.9,5.0,5.9,43.6,-34.7,19.88,34.7,20.4
2024-07-17T01:00,7.4,5.2,84,6.2,18.7,91.0,1015.9,4.4,6.2,5.8,43.5,-32.9,19.88,32.9,24.4
2024-07-17T02:00,7.5,5.4,85,5.9,18.7,114.0,1016.2,5.5,5.0,5.8,43.5,-33.0,19.88,33.0,24.1
2024-07-17T03:00,7.7,5.7,85,5.9,19.1,144.0,1016.3,6.9,5.0,5.8,43.5,-31.6,19.88,31.6,27.4
2024-07-17T04:00,7.9,6.0,86,6.1,19.4,183.0,1016.1,8.7,5.8,5.8,43.5,-29.0,19.88,29.0,33.3
2024-07-17T05:00,8.2,6.2,85,6.1,19.4,221.0,1016.1,10.5,5.8,5.7,43.4,-27.1,19.88,27.1,37.6
2024-07-17T06:00,8.6,6.6,83,6.8,20.5,260.0,1016.0,12.2,9.0,5.7,43.4,-22.2,19.88,22.2,48.8
2024-07-17T07:00,8.9,6.9,83,7.2,22.0,320.0,1016.1,14.9,11.2,5.7,43.4,-17.3,19.88,17.3,60.1
2024-07-17T08:00,9.3,7.3,83,7.6,23.0,370.0,1016.4,17.1,13.7,5.6,43.3,-12.5,19.88,12.5,71.1
2024-07-17T09:00,9.6,7.6,82,7.9,24.1,410.0,1016.6,18.9,15.7,5.6,43.3,-8.7,19.88,8.7,79.9
2024-07-17T10:00,10.0,8.1,81,8.3,24.5,435.0,1016.7,19.9,18.7,5.6,43.3,-4.7,19.88,4.7,89.1
2024-07-17T11:00,10.4,8.5,81,8.3,24.8,450.0,1016.7,20.6,18.7,5.5,43.2,-3.9,19.88,3.9,91.0
2024-07-17T12:00,10.7,8.7,80,8.6,25.2,460.0,1016.7,21.0,21.1,5.5,43.2,-1.1,19.88,1.1,97.5
2024-07-17T13:00,10.5,8.3,68,6.8,23.0,447.0,1017.4,20.4,9.0,5.5,43.2,-13.8,19.88,13.8,68.1
2024-07-17T14:00,11.0,8.9,66,6.2,22.0,425.0,1017.2,19.4,6.2,5.4,43.1,-17.5,19.88,17.5,59.4
2024-07-17T15:00,11.6,9.4,62,6.5,20.9,388.0,1017.0,17.8,7.5,5.4,43.1,-17.8,19.88,17.8,58.7
2024-07-17T16:00,11.8,9.6,63,6.8,22.0,340.0,1016.9,15.7,9.0,5.3,43.0,-18.3,19.88,18.3,57.4
2024-07-17T17:00,11.6,9.6,68,6.9,22.3,288.0,1016.9,13.4,9.5,5.4,43.1,-20.2,19.88,20.2,53.1
2024-07-17T18:00,11.3,9.5,73,7.0,22.7,236.0,1016.8,11.0,10.1,5.4,43.1,-22.0,19.88,22.0,49.0
2024-07-17T19:00,11.2,9.5,76,6.5,22.3,190.0,1016.8,8.9,7.5,5.4,43.1,-26.7,19.88,26.7,38.1
2024-07-17T20:00,11.1,9.5,77,6.3,22.0,149.0,1016.9,7.0,6.6,5.4,43.1,-29.5,19.88,29.5,31.6
2024-07-17T21:00,11.0,9.5,80,6.1,21.6,118.0,1016.9,5.6,5.8,5.4,43.1,-31.7,19.88,31.7,26.5
2024-07-17T22:00,10.6,9.3,84,5.6,20.9,96.0,1016.9,4.6,3.9,5.5,43.2,-34.7,19.88,34.7,19.7
2024-07-17T23:00,10.3,9.0,86,5.2,19.4,84.0,1016.9,4.0,2.7,5.5,43.2,-36.5,19.88,36.5,15.5
2024-07-18T00:00,10.0,8.8,87,4.7,18.0,84.0,1016.9,4.0,1.5,5.5,43.2,-37.7,19.88,37.7,12.7
2024-07-18T01:00,9.8,8.8,90,4.3,16.2,93.0,1017.0,4.4,0.9,5.5,43.2,-37.9,19.88,37.9,12.3
2024-07-18T02:00,9.8,8.7,89,4.5,16.6,112.0,1016.9,5.3,1.2,5.5,43.2,-36.7,19.88,36.7,15.0
2024-07-18T03:00,10.0,8.9,87,4.4,16.9,139.0,1016.7,6.6,1.0,5.5,43.2,-35.6,19.88,35.6,17.6
2024-07-18T04:00,10.5,9.2,81,4.4,16.9,176.0,1016.5,8.3,1.0,5.5,43.2,-33.9,19.88,33.9,21.5
2024-07-18T05:00,11.0,9.5,74,4.7,17.3,227.0,1016.2,10.6,1.5,5.4,43.1,-31.0,19.88,31.0,28.1
2024-07-18T06:00,11.4,9.7,69,5.4,17.6,274.0,1016.0,12.7,3.3,5.4,43.1,-27.1,19.88,27.1,37.1
2024-07-18T07:00,11.8,10.0,68,5.4,18.0,329.0,1015.9,15.2,3.3,5.3,43.0,-24.5,19.88,24.5,43.0
2024-07-18T08:00,12.1,10.5,68,5.4,17.6,377.0,1016.0,17.3,3.3,5.3,43.0,-22.4,19.88,22.4,47.9
2024-07-18T09:00,12.2,10.6,71,5.9,18.4,417.0,1016.0,19.0,5.0,5.3,43.0,-19.0,19.88,19.0,55.8
2024-07-18T10:00,12.2,10.8,75,5.9,18.7,443.0,1016.0,20.1,5.0,5.3,43.0,-17.9,19.88,17.9,58.4
2024-07-18T11:00,12.0,10.8,79,5.6,18.4,455.0,1015.9,20.7,3.9,5.3,43.0,-18.4,19.88,18.4,57.2
2024-07-18T12:00,11.8,10.8,84,5.4,18.7,452.0,1015.8,20.5,3.3,5.3,43.0,-19.2,19.88,19.2,55.3
2024-07-18T13:00,12.6,11.5,81,6.6,19.8,442.0,1015.6,20.0,8.0,5.2,42.9,-14.9,19.88,14.9,65.3
2024-07-18T14:00,11.6,10.5,88,7.3,22.0,413.0,1015.8,18.9,11.8,5.4,43.1,-12.4,19.88,12.4,71.2
2024-07-18T15:00,11.3,10.4,91,6.2,21.6,376.0,1015.6,17.3,6.2,5.4,43.1,-19.6,19.88,19.6,54.5
2024-07-18T16:00,11.1,10.0,91,7.2,21.2,323.0,1015.5,14.9,11.2,5.4,43.1,-17.0,19.88,17.0,60.6
2024-07-18T17:00,10.4,9.0,90,7.7,22.3,264.0,1015.5,12.3,14.4,5.5,43.2,-16.5,19.88,16.5,61.8
2024-07-18T18:00,9.8,8.3,90,7.1,22.0,168.0,1015.3,8.0,10.6,5.6,43.3,-24.7,19.88,24.7,43.0
2024-07-18T19:00,9.5,8.1,91,6.0,21.2,108.0,1015.2,5.2,5.4,5.6,43.3,-32.7,19.88,32.7,24.5
2024-07-18T20:00,9.2,7.8,91,5.9,19.1,78.0,1015.2,3.7,5.0,5.6,43.3,-34.6,19.88,34.6,20.1
2024-07-18T21:00,8.8,7.2,92,6.8,19.4,73.0,1015.2,3.5,9.0,5.7,43.4,-30.9,19.88,30.9,28.8
2024-07-18T22:00,8.3,6.6,93,6.7,19.8,55.0,1015.1,2.7,8.5,5.7,43.4,-32.2,19.88,32.2,25.8
2024-07-18T23:00,8.0,6.2,92,6.9,19.8,46.0,1014.9,2.2,9.5,5.8,43.5,-31.8,19.88,31.8,26.9
2024-07-19T00:00,7.7,5.8,91,6.9,19.8,34.0,1014.7,1.6,9.5,5.8,43.5,-32.4,19.88,32.4,25.5
2024-07-19T01:00,7.7,5.9,91,6.2,19.4,22.0,1014.3,1.1,6.2,5.8,43.5,-36.2,19.88,36.2,16.8
2024-07-19T02:00,7.7,5.7,89,6.6,20.2,33.0,1014.2,1.6,8.0,5.8,43.5,-33.9,19.88,33.9,22.1
2024-07-19T03:00,7.6,5.7,88,6.1,20.2,42.0,1013.8,2.0,5.8,5.8,43.5,-35.7,19.88,35.7,17.9
2024-07-19T04:00,7.7,5.8,88,5.8,19.8,62.0,1013.4,3.0,4.6,5.8,43.5,-35.9,19.88,35.9,17.5
2024-07-19T05:00,7.7,5.7,88,6.9,21.2,85.0,1013.0,4.1,9.5,5.8,43.5,-29.9,19.88,29.9,31.3
2024-07-19T06:00,7.8,5.7,89,8.2,23.4,133.0,1012.7,6.4,17.9,5.8,43.5,-19.2,19.88,19.2,55.9
2024-07-19T07:00,7.9,5.7,88,8.7,24.5,157.0,1012.7,7.5,22.0,5.8,43.5,-14.0,19.88,14.0,67.8
2024-07-19T08:00,8.3,6.0,86,9.7,26.3,192.0,1012.6,9.1,31.3,5.8,43.5,-3.1,19.88,3.1,92.9
2024-07-19T09:00,8.4,5.8,86,10.9,29.2,169.0,1012.5,8.0,0.0,5.8,43.5,-35.5,19.88,35.5,18.4
2024-07-19T10:00,8.6,6.4,84,8.7,29.2,102.0,1012.3,4.9,0.0,5.7,43.4,-38.5,19.88,38.5,11.3
2024-07-19T11:00,9.2,7.1,82,8.3,25.6,167.0,1011.6,7.9,18.7,5.7,43.4,-16.8,19.88,16.8,61.3
2024-07-19T12:00,9.3,6.7,82,11.3,29.5,234.0,1011.6,11.0,0.0,5.7,43.4,-32.4,19.88,32.4,25.3
2024-07-19T13:00,10.3,7.9,83,12.0,33.1,219.0,1011.2,10.3,0.0,5.6,43.3,-33.0,19.88,33.0,23.8
2024-07-19T14:00,10.3,8.2,81,9.8,32.4,138.0,1010.9,6.5,0.0,5.6,43.3,-36.8,19.88,36.8,15.0
2024-07-19T15:00,9.8,7.3,82,11.9,31.7,131.0,1010.9,6.2,0.0,5.6,43.3,-37.1,19.88,37.1,14.3
2024-07-19T16:00,9.2,6.6,83,11.9,32.0,141.0,1011.3,6.7,0.0,5.7,43.4,-36.7,19.88,36.7,15.4
2024-07-19T17:00,8.5,6.0,83,10.1,31.3,96.0,1011.6,4.6,0.0,5.8,43.5,-38.9,19.88,38.9,10.6
2024-07-19T18:00,8.2,6.1,82,6.8,26.6,104.0,1011.7,5.0,9.0,5.8,43.5,-29.5,19.88,29.5,32.2
2024-07-19T19:00,8.0,6.1,82,4.8,19.1,111.0,1011.8,5.3,1.7,5.7,43.4,-36.4,19.88,36.4,16.1
2024-07-19T20:00,7.7,5.8,83,4.7,14.4,105.0,1012.0,5.0,1.5,5.8,43.5,-37.0,19.88,37.0,14.9
2024-07-19T21:00,7.6,6.0,83,2.9,13.7,95.0,1012.2,4.6,0.0,5.8,43.5,-38.9,19.88,38.9,10.6
2024-07-19T22:00,8.0,6.3,82,3.1,11.2,80.0,1012.3,3.8,0.0,5.7,43.4,-39.6,19.88,39.6,8.8
2024-07-19T23:00,8.3,6.6,82,3.7,11.5,63.0,1012.5,3.0,0.2,5.7,43.4,-40.2,19.88,40.2,7.4
2024-07-20T00:00,8.1,6.4,84,4.5,13.0,73.0,1012.5,3.5,1.2,5.7,43.4,-38.7,19.88,38.7,10.8
2024-07-20T01:00,8.1,6.5,85,4.2,12.6,85.0,1012.7,4.1,0.7,5.7,43.4,-38.6,19.88,38.6,11.1
2024-07-20T02:00,8.4,6.8,84,4.2,13.7,107.0,1012.7,5.1,0.7,5.7,43.4,-37.6,19.88,37.6,13.4
2024-07-20T03:00,8.9,7.3,83,4.6,15.8,136.0,1012.6,6.5,1.3,5.6,43.3,-35.5,19.88,35.5,18.0
2024-07-20T04:00,9.7,8.2,81,4.3,16.2,177.0,1012.4,8.4,0.9,5.5,43.2,-33.9,19.88,33.9,21.5
2024-07-20T05:00,10.4,9.1,77,2.9,15.5,223.0,1012.3,10.5,0.0,5.5,43.2,-32.7,19.88,32.7,24.3
2024-07-20T06:00,10.9,9.8,73,1.1,12.2,270.0,1012.1,12.6,0.0,5.4,43.1,-30.5,19.88,30.5,29.2
2024-07-20T07:00,11.4,10.4,70,0.5,9.4,319.0,1012.3,14.7,0.0,5.3,43.0,-28.3,19.88,28.3,34.2
2024-07-20T08:00,11.8,10.5,67,2.2,10.4,320.0,1012.3,14.8,0.0,5.3,43.0,-28.2,19.88,28.2,34.4
2024-07-20T09:00,12.0,10.4,68,4.7,13.7,305.0,1012.4,14.1,1.5,5.3,43.0,-27.4,19.88,27.4,36.3
2024-07-20T10:00,12.0,10.4,72,6.4,16.9,234.0,1012.3,10.9,7.0,5.3,43.0,-25.1,19.88,25.1,41.6
2024-07-20T11:00,12.0,10.6,78,6.7,19.1,220.0,1012.1,10.3,8.5,5.3,43.0,-24.2,19.88,24.2,43.7
2024-07-20T12:00,12.3,11.0,77,6.2,18.0,224.0,1011.8,10.4,6.2,5.3,43.0,-26.4,19.88,26.4,38.6
2024-07-20T13:00,12.5,10.8,74,8.4,21.2,190.0,1012.0,8.9,19.5,5.3,43.0,-14.6,19.88,14.6,66.0
2024-07-20T14:00,11.9,10.1,79,9.1,22.7,146.0,1011.9,6.9,25.5,5.4,43.1,-10.7,19.88,10.7,75.2
2024-07-20T15:00,11.1,9.5,85,8.3,23.0,165.0,1011.8,7.8,18.7,5.4,43.1,-16.6,19.88,16.6,61.5
2024-07-20T16:00,10.7,9.4,89,7.2,20.5,44.0,1011.6,2.1,11.2,5.5,43.2,-29.9,19.88,29.9,30.8
2024-07-20T17:00,10.2,9.0,91,6.5,18.0,28.0,1011.3,1.3,7.5,5.5,43.2,-34.4,19.88,34.4,20.4
2024-07-20T18:00,10.0,8.9,90,5.5,17.3,32.0,1011.3,1.5,3.6,5.5,43.2,-38.1,19.88,38.1,11.8
2024-07-20T19:00,9.9,8.8,90,5.2,15.1,40.0,1011.0,1.9,2.7,5.5,43.2,-38.6,19.88,38.6,10.6
2024-07-20T20:00,9.5,8.1,91,5.9,15.1,14.0,1011.1,0.7,5.0,5.6,43.3,-37.6,19.88,37.6,13.2
2024-07-20T21:00,8.8,7.1,92,7.0,17.3,6.0,1011.2,0.3,10.1,5.7,43.4,-33.0,19.88,33.0,24.0
2024-07-20T22:00,8.0,6.2,94,7.5,18.0,0.0,1011.2,0.0,13.1,5.8,43.5,-30.4,19.88,30.4,30.1
2024-07-20T23:00,7.3,5.3,96,7.8,18.4,0.0,1011.0,0.0,15.1,5.9,43.6,-28.5,19.88,28.5,34.6
2024-07-21T00:00,6.8,4.8,98,7.9,18.0,0.0,1010.9,0.0,15.7,5.9,43.6,-27.9,19.88,27.9,36.0
2024-07-21T01:00,7.5,5.8,95,5.8,16.9,0.0,1010.8,0.0,4.6,5.8,43.5,-38.9,19.88,38.9,10.6
2024-07-21T02:00,7.5,6.2,94,3.7,14.0,1.0,1010.6,0.0,0.2,5.8,43.5,-43.3,19.88,43.3,0.5
2024-07-21T03:00,7.8,6.6,92,2.3,10.1,4.0,1010.3,0.2,0.0,5.7,43.4,-43.2,19.88,43.2,0.5
2024-07-21T04:00,8.1,6.8,87,2.7,10.4,8.0,1010.0,0.4,0.0,5.7,43.4,-43.0,19.88,43.0,0.9
2024-07-21T05:00,8.5,6.8,82,4.4,13.3,8.0,1009.7,0.4,1.0,5.7,43.4,-42.0,19.88,42.0,3.2
2024-07-21T06:00,8.7,6.9,80,4.8,15.5,10.0,1009.3,0.5,1.7,5.7,43.4,-41.2,19.88,41.2,5.1
2024-07-21T07:00,9.0,7.1,80,5.9,17.6,3.0,1009.2,0.1,5.0,5.7,43.4,-38.3,19.88,38.3,11.8
2024-07-21T08:00,9.2,7.2,82,7.4,20.9,22.0,1009.2,1.1,12.4,5.7,43.4,-29.9,19.88,29.9,31.1
2024-07-21T09:00,9.2,7.0,82,8.4,22.7,25.0,1009.2,1.2,19.5,5.7,43.4,-22.7,19.88,22.7,47.7
2024-07-21T10:00,9.2,7.1,84,8.7,24.1,38.0,1009.2,1.8,22.0,5.7,43.4,-19.6,19.88,19.6,54.8
2024-07-21T11:00,9.4,7.7,85,6.4,24.1,33.0,1009.1,1.6,7.0,5.6,43.3,-34.7,19.88,34.7,19.9
2024-07-21T12:00,9.4,8.0,87,5.0,20.2,13.0,1008.9,0.6,2.2,5.6,43.3,-40.5,19.88,40.5,6.5
2024-07-21T13:00,10.2,8.9,83,4.9,18.0,51.0,1008.6,2.4,2.0,5.5,43.2,-38.8,19.88,38.8,10.2
2024-07-21T14:00,9.6,8.4,87,4.3,17.6,0.0,1008.5,0.0,0.9,5.6,43.3,-42.4,19.88,42.4,2.1
2024-07-21T15:00,9.6,8.6,88,2.3,15.5,0.0,1008.1,0.0,0.0,5.5,43.2,-43.2,19.88,43.2,0.0
2024-07-21T16:00,10.1,9.1,86,3.1,13.7,0.0,1007.9,0.0,0.0,5.5,43.2,-43.2,19.88,43.2,0.0
2024-07-21T17:00,10.3,9.2,87,4.3,14.8,1.0,1007.6,0.0,0.9,5.5,43.2,-42.3,19.88,42.3,2.1
2024-07-21T18:00,10.3,9.3,87,4.0,14.8,0.0,1007.6,0.0,0.5,5.5,43.2,-42.7,19.88,42.7,1.2
2024-07-21T19:00,10.1,9.2,89,3.6,14.0,0.0,1007.6,0.0,0.2,5.5,43.2,-43.0,19.88,43.0,0.5
2024-07-21T20:00,10.1,9.2,90,3.3,12.6,0.0,1007.5,0.0,0.0,5.5,43.2,-43.2,19.88,43.2,0.0
2024-07-21T21:00,10.2,9.5,89,2.6,11.9,0.0,1007.7,0.0,0.0,5.5,43.2,-43.2,19.88,43.2,0.0
2024-07-21T22:00,10.3,9.4,89,3.4,12.2,0.0,1007.7,0.0,0.1,5.5,43.2,-43.1,19.88,43.1,0.2
2024-07-21T23:00,10.2,9.2,90,4.7,14.0,0.0,1007.7,0.0,1.5,5.5,43.2,-41.7,19.88,41.7,3.5
2024-07-22T00:00,9.9,8.8,91,5.5,15.8,0.0,1007.8,0.0,3.6,5.5,43.2,-39.6,19.88,39.6,8.3
2024-07-22T01:00,10.0,9.1,93,3.9,14.8,2.0,1008.0,0.1,0.4,5.5,43.2,-42.7,19.88,42.7,1.2
2024-07-22T02:00,9.8,8.9,95,4.5,15.1,0.0,1008.3,0.0,1.2,5.5,43.2,-42.0,19.88,42.0,2.8
2024-07-22T03:00,9.7,8.7,96,5.3,16.9,0.0,1008.6,0.0,3.0,5.6,43.3,-40.3,19.88,40.3,6.9
2024-07-22T04:00,9.8,8.8,96,5.8,18.0,0.0,1008.7,0.0,4.6,5.6,43.3,-38.7,19.88,38.7,10.6
2024-07-22T05:00,10.2,9.0,94,6.6,20.5,5.0,1008.9,0.2,8.0,5.5,43.2,-35.0,19.88,35.0,19.0
2024-07-22T06:00,10.3,9.2,94,6.7,20.9,7.0,1009.0,0.3,8.5,5.5,43.2,-34.4,19.88,34.4,20.4
2024-07-22T07:00,10.7,9.8,93,5.6,20.9,0.0,1009.1,0.0,3.9,5.5,43.2,-39.3,19.88,39.3,9.0
2024-07-22T08:00,11.4,10.3,90,7.2,22.7,47.0,1009.5,2.2,11.2,5.4,43.1,-29.7,19.88,29.7,31.1
2024-07-22T09:00,11.1,10.2,91,6.5,23.0,3.0,1009.8,0.1,7.5,5.4,43.1,-35.5,19.88,35.5,17.6
2024-07-22T10:00,11.4,10.4,91,6.6,22.0,6.0,1010.4,0.3,8.0,5.4,43.1,-34.8,19.88,34.8,19.3
2024-07-22T11:00,11.7,10.9,90,5.9,21.2,38.0,1010.6,1.8,5.0,5.3,43.0,-36.2,19.88,36.2,15.8
2024-07-22T12:00,11.8,11.2,90,4.7,19.4,2.0,1010.8,0.1,1.5,5.3,43.0,-41.4,19.88,41.4,3.7
2024-07-22T13:00,13.5,13.2,85,3.9,18.4,44.0,1010.9,2.1,0.4,5.1,42.8,-40.3,19.88,40.3,5.8
2024-07-22T14:00,14.2,13.9,82,4.4,15.5,8.0,1010.9,0.4,1.0,5.0,42.7,-41.3,19.88,41.3,3.3
2024-07-22T15:00,13.7,13.7,86,3.7,15.8,27.0,1011.0,1.3,0.2,5.1,42.8,-41.3,19.88,41.3,3.5
2024-07-22T16:00,14.0,14.3,86,1.1,13.7,0.0,1010.9,0.0,0.0,5.0,42.7,-42.7,19.88,42.7,0.0
2024-07-22T17:00,14.5,14.9,86,2.2,11.9,133.0,1010.8,6.2,0.0,5.0,42.7,-36.5,19.88,36.5,14.5
2024-07-22T18:00,14.5,15.0,87,2.2,12.2,94.0,1010.9,4.4,0.0,5.0,42.7,-38.3,19.88,38.3,10.3
2024-07-22T19:00,14.6,15.2,88,1.6,11.5,30.0,1011.0,1.4,0.0,5.0,42.7,-41.3,19.88,41.3,3.3
2024-07-22T20:00,14.7,15.3,90,2.5,9.4,18.0,1011.1,0.9,0.0,5.0,42.7,-41.8,19.88,41.8,2.1
2024-07-22T21:00,15.0,15.3,89,4.5,11.5,57.0,1011.0,2.7,1.2,5.0,42.7,-38.8,19.88,38.8,9.1
2024-07-22T22:00,15.2,15.5,87,5.0,13.3,34.0,1010.8,1.6,2.2,4.9,42.6,-38.8,19.88,38.8,8.9
2024-07-22T23:00,15.1,15.4,87,4.8,14.4,18.0,1010.5,0.8,1.7,4.9,42.6,-40.1,19.88,40.1,5.9
2024-07-23T00:00,15.0,15.3,88,4.6,14.8,11.0,1010.4,0.5,1.3,5.0,42.7,-40.9,19.88,40.9,4.2
2024-07-23T01:00,14.8,14.9,88,5.4,15.1,15.0,1010.5,0.7,3.3,5.0,42.7,-38.7,19.88,38.7,9.4
2024-07-23T02:00,15.3,15.3,85,5.9,16.9,14.0,1010.0,0.7,5.0,4.9,42.6,-36.9,19.88,36.9,13.4
2024-07-23T03:00,15.7,15.9,84,4.7,16.6,7.0,1009.9,0.3,1.5,4.9,42.6,-40.8,19.88,40.8,4.2
2024-07-23T04:00,16.1,16.2,83,6.3,19.8,17.0,1009.6,0.8,6.6,4.8,42.5,-35.1,19.88,35.1,17.4
2024-07-23T05:00,16.2,16.0,81,8.3,24.1,0.0,1009.1,0.0,18.7,4.8,42.5,-23.8,19.88,23.8,44.0
2024-07-23T06:00,16.9,16.9,79,7.6,25.2,63.0,1008.7,2.9,13.7,4.7,42.4,-25.8,19.88,25.8,39.2
2024-07-23T07:00,18.2,18.7,76,5.8,24.5,260.0,1008.7,11.8,4.6,4.6,42.3,-25.9,19.88,25.9,38.8
2024-07-23T08:00,18.8,19.6,75,4.6,21.6,298.0,1008.3,13.4,1.3,4.5,42.2,-27.5,19.88,27.5,34.8
2024-07-23T09:00,19.0,19.7,73,4.6,19.4,359.0,1008.3,16.0,1.3,4.5,42.2,-24.9,19.88,24.9,41.0
2024-07-23T10:00,18.9,19.2,72,6.6,21.6,375.0,1008.3,16.7,8.0,4.5,42.2,-17.5,19.88,17.5,58.5
2024-07-23T11:00,17.6,17.2,76,10.0,25.9,298.0,1008.7,13.5,34.5,4.7,42.4,5.6,21.21,0.0,100.0
2024-07-23T12:00,16.0,16.1,82,6.5,25.9,280.0,1008.8,12.8,7.5,4.8,42.5,-22.2,19.94,17.4,47.7
2024-07-23T13:00,17.3,17.9,82,5.2,24.5,324.0,1007.8,14.6,2.7,4.7,42.4,-25.1,19.94,25.1,40.8
2024-07-23T14:00,15.9,16.1,89,7.6,24.5,302.0,1008.2,13.8,13.7,4.9,42.6,-15.1,19.94,15.1,64.6
2024-07-23T15:00,14.9,15.3,91,5.6,22.7,188.0,1008.5,8.7,3.9,5.0,42.7,-30.1,19.94,30.1,29.5
2024-07-23T16:00,13.8,13.8,94,6.9,18.4,175.0,1008.8,8.2,9.5,5.1,42.8,-25.1,19.94,25.1,41.4
2024-07-23T17:00,12.6,12.2,95,6.2,18.4,56.0,1009.1,2.7,6.2,5.2,42.9,-34.0,19.94,34.0,20.7
2024-07-23T18:00,11.9,11.5,95,5.1,15.8,1.0,1009.0,0.0,2.4,5.3,43.0,-40.6,19.94,40.6,5.6
2024-07-23T19:00,11.5,11.1,96,4.6,14.0,0.0,1008.8,0.0,1.3,5.3,43.0,-41.7,19.94,41.7,3.0
2024-07-23T20:00,11.7,11.5,95,4.0,12.6,0.0,1008.5,0.0,0.5,5.3,43.0,-42.5,19.94,42.5,1.2
2024-07-23T21:00,12.4,12.2,92,3.7,11.5,0.0,1008.3,0.0,0.2,5.2,42.9,-42.7,19.94,42.7,0.5
2024-07-23T22:00,12.6,12.6,90,2.4,11.5,0.0,1008.1,0.0,0.0,5.2,42.9,-42.9,19.94,42.9,0.0
2024-07-23T23:00,12.8,12.9,91,2.1,11.5,0.0,1007.8,0.0,0.0,5.2,42.9,-42.9,19.94,42.9,0.0
2024-07-24T00:00,12.6,12.6,93,3.1,13.0,2.0,1007.5,0.1,0.0,5.2,42.9,-42.8,19.94,42.8,0.2
2024-07-24T01:00,12.9,12.9,92,3.4,14.4,0.0,1007.1,0.0,0.1,5.2,42.9,-42.8,19.94,42.8,0.2
2024-07-24T02:00,13.5,13.5,87,3.6,16.6,34.0,1006.5,1.6,0.2,5.1,42.8,-41.0,19.94,41.0,4.2
2024-07-24T03:00,12.7,12.1,92,7.2,19.8,29.0,1006.8,1.4,11.2,5.2,42.9,-30.3,19.94,30.3,29.4
2024-07-24T04:00,12.0,11.9,95,2.9,19.1,0.0,1006.7,0.0,0.0,5.3,43.0,-43.0,19.94,43.0,0.0
2024-07-24T05:00,12.3,12.3,93,3.0,23.4,0.0,1006.4,0.0,0.0,5.2,42.9,-42.9,19.94,42.9,0.0
2024-07-24T06:00,12.5,12.4,94,3.6,26.3,0.0,1005.8,0.0,0.2,5.2,42.9,-42.7,19.94,42.7,0.5
2024-07-24T07:00,13.0,13.2,91,2.2,15.1,0.0,1005.2,0.0,0.0,5.2,42.9,-42.9,19.94,42.9,0.0
2024-07-24T08:00,13.6,13.5,90,4.9,26.6,24.0,1005.1,1.1,2.0,5.1,42.8,-39.7,19.94,39.7,7.2
2024-07-24T09:00,12.2,11.6,96,7.6,21.6,0.0,1005.2,0.0,13.7,5.3,43.0,-29.3,19.94,29.3,31.9
2024-07-24T10:00,11.7,11.3,96,5.8,34.2,0.0,1005.6,0.0,0.0,5.3,43.0,-43.0,19.94,43.0,0.0
2024-07-24T11:00,11.5,10.7,95,6.8,17.6,0.0,1005.5,0.0,9.0,5.4,43.1,-34.1,19.94,34.1,20.9
2024-07-24T12:00,10.9,10.0,95,7.1,20.9,0.0,1005.7,0.0,10.6,5.4,43.1,-32.5,19.94,32.5,24.6
2024-07-24T13:00,11.5,10.9,94,6.0,22.3,0.0,1005.4,0.0,5.4,5.4,43.1,-37.7,19.94,37.7,12.5
2024-07-24T14:00,11.4,10.5,95,7.4,19.4,0.0,1005.5,0.0,12.4,5.4,43.1,-30.7,19.94,30.7,28.8
2024-07-24T15:00,11.1,9.9,93,8.2,22.0,0.0,1005.8,0.0,17.9,5.4,43.1,-25.2,19.94,25.2,41.5
2024-07-24T16:00,10.5,9.0,93,8.9,24.5,0.0,1006.1,0.0,23.7,5.5,43.2,-19.5,19.94,19.5,54.9
2024-07-24T17:00,9.4,7.8,95,9.1,25.6,3.0,1006.6,0.1,25.5,5.7,43.4,-17.8,19.94,17.8,59.0
2024-07-24T18:00,8.6,6.6,96,9.9,27.4,7.0,1006.9,0.3,33.4,5.8,43.5,-9.8,19.94,9.8,77.5
2024-07-24T19:00,7.9,5.9,97,9.4,27.4,4.0,1007.4,0.2,28.3,5.8,43.5,-15.0,19.94,15.0,65.5
2024-07-24T20:00,7.8,6.1,97,7.6,26.3,0.0,1007.8,0.0,13.7,5.8,43.5,-29.8,19.94,29.8,31.5
2024-07-24T21:00,8.1,6.5,96,6.6,22.3,0.0,1007.9,0.0,8.0,5.8,43.5,-35.5,19.94,35.5,18.4
2024-07-24T22:00,8.4,6.6,92,6.9,20.9,0.0,1008.1,0.0,9.5,5.7,43.4,-33.9,19.94,33.9,21.9
2024-07-24T23:00,8.6,7.0,87,5.5,21.6,0.0,1008.1,0.0,3.6,5.7,43.4,-39.8,19.94,39.8,8.3
2024-07-25T00:00,8.9,7.4,85,4.3,19.4,2.0,1008.0,0.1,0.9,5.6,43.3,-42.3,19.94,42.3,2.3
2024-07-25T01:00,9.1,7.3,87,6.9,21.6,0.0,1008.3,0.0,9.5,5.7,43.4,-33.9,19.94,33.9,21.9
2024-07-25T02:00,9.2,7.5,87,7.3,24.8,0.0,1008.4,0.0,11.8,5.6,43.3,-31.5,19.94,31.5,27.3
2024-07-25T03:00,9.2,7.5,90,7.4,25.6,0.0,1008.5,0.0,12.4,5.7,43.4,-31.0,19.94,31.0,28.6
2024-07-25T04:00,9.3,7.6,90,7.8,24.8,0.0,1008.6,0.0,15.1,5.6,43.3,-28.2,19.94,28.2,34.9
2024-07-25T05:00,9.6,7.8,88,8.0,25.6,0.0,1008.8,0.0,16.5,5.6,43.3,-26.8,19.94,26.8,38.1
2024-07-25T06:00,9.9,8.3,86,6.9,24.5,0.0,1008.9,0.0,9.5,5.6,43.3,-33.8,19.94,33.8,21.9
2024-07-25T07:00,10.2,8.3,85,9.0,26.6,1.0,1009.0,0.0,24.6,5.6,43.3,-18.7,19.94,18.7,56.8
2024-07-25T08:00,10.3,8.5,84,8.7,27.7,0.0,1009.2,0.0,22.0,5.5,43.2,-21.2,19.94,21.2,50.9
2024-07-25T09:00,10.3,8.5,85,8.7,28.4,0.0,1009.7,0.0,0.0,5.5,43.2,-43.2,19.94,43.2,0.0
2024-07-25T10:00,10.3,8.1,83,10.3,32.8,1.0,1010.1,0.0,0.0,5.6,43.3,-43.3,19.94,43.3,0.0
2024-07-25T11:00,9.9,8.0,90,10.5,32.4,29.0,1010.6,1.4,0.0,5.6,43.3,-41.9,19.94,41.9,3.2
2024-07-25T12:00,9.9,7.9,88,10.8,29.9,26.0,1010.6,1.2,0.0,5.6,43.3,-42.1,19.94,42.1,2.8
2024-07-25T13:00,9.6,7.3,86,11.7,32.8,5.0,1011.4,0.2,0.0,5.7,43.4,-43.2,19.94,43.2,0.5
2024-07-25T14:00,9.6,7.2,85,11.4,33.5,3.0,1011.5,0.1,0.0,5.7,43.4,-43.3,19.94,43.3,0.2
2024-07-25T15:00,9.9,7.5,83,11.7,32.8,17.0,1011.5,0.8,0.0,5.6,43.3,-42.5,19.94,42.5,1.8
2024-07-25T16:00,10.3,8.5,81,7.7,31.3,0.0,1011.2,0.0,0.0,5.5,43.2,-43.2,19.94,43.2,0.0
2024-07-25T17:00,10.4,8.6,83,7.9,23.0,2.0,1011.2,0.1,15.7,5.5,43.2,-27.4,19.94,27.4,36.6
2024-07-25T18:00,10.3,8.7,85,7.3,24.1,0.0,1011.2,0.0,11.8,5.5,43.2,-31.4,19.94,31.4,27.3
2024-07-25T19:00,10.3,8.8,87,7.4,24.1,3.0,1011.3,0.1,12.4,5.5,43.2,-30.7,19.94,30.7,28.9
2024-07-25T20:00,10.5,8.5,81,9.3,27.0,1.0,1011.5,0.0,27.4,5.5,43.2,-15.8,19.94,15.8,63.4
2024-07-25T21:00,10.4,8.6,83,8.1,27.4,1.0,1011.5,0.0,17.2,5.5,43.2,-26.0,19.94,26.0,39.8
2024-07-25T22:00,10.2,8.6,86,7.5,26.3,0.0,1011.6,0.0,13.1,5.5,43.2,-30.1,19.94,30.1,30.3
2024-07-25T23:00,10.1,8.6,85,6.6,24.1,0.0,1011.8,0.0,8.0,5.5,43.2,-35.2,19.94,35.2,18.5
2024-07-26T00:00,10.0,8.5,87,6.8,23.4,0.0,1011.7,0.0,9.0,5.5,43.2,-34.2,19.94,34.2,20.8
2024-07-26T01:00,10.0,8.5,88,7.0,24.8,0.0,1012.1,0.0,10.1,5.6,43.3,-33.2,19.94,33.2,23.3
2024-07-26T02:00,10.1,8.4,87,8.0,25.2,0.0,1011.9,0.0,16.5,5.6,43.3,-26.8,19.94,26.8,38.1
2024-07-26T03:00,10.0,8.4,86,7.1,24.8,0.0,1011.8,0.0,10.6,5.6,43.3,-32.7,19.94,32.7,24.5
2024-07-26T04:00,10.2,8.4,84,8.0,23.0,0.0,1011.9,0.0,16.5,5.5,43.2,-26.7,19.94,26.7,38.2
2024-07-26T05:00,10.3,8.7,83,7.0,22.7,12.0,1011.8,0.6,10.1,5.5,43.2,-32.5,19.94,32.5,24.8
2024-07-26T06:00,10.5,9.0,82,5.8,20.5,1.0,1011.9,0.0,4.6,5.5,43.2,-38.6,19.94,38.6,10.6
2024-07-26T07:00,10.8,9.3,80,5.9,17.3,3.0,1011.8,0.1,5.0,5.4,43.1,-38.0,19.94,38.0,11.8
2024-07-26T08:00,10.8,9.5,80,4.7,16.2,3.0,1011.7,0.1,1.5,5.4,43.1,-41.5,19.94,41.5,3.7
2024-07-26T09:00,10.9,9.8,80,3.9,14.0,15.0,1011.7,0.7,0.4,5.4,43.1,-42.0,19.94,42.0,2.6
2024-07-26T10:00,11.3,10.3,78,2.9,12.6,14.0,1011.7,0.7,0.0,5.4,43.1,-42.4,19.94,42.4,1.6
2024-07-26T11:00,11.4,10.5,79,2.7,10.8,0.0,1011.5,0.0,0.0,5.3,43.0,-43.0,19.94,43.0,0.0
2024-07-26T12:00,11.6,10.8,82,3.8,11.9,24.0,1011.3,1.1,0.3,5.3,43.0,-41.6,19.94,41.6,3.3
2024-07-26T13:00,12.0,11.1,82,4.5,13.3,66.0,1011.4,3.1,1.2,5.3,43.0,-38.7,19.94,38.7,10.0
2024-07-26T14:00,11.8,10.9,85,5.6,14.8,30.0,1011.2,1.4,3.9,5.3,43.0,-37.7,19.94,37.7,12.3
2024-07-26T15:00,11.8,10.7,85,6.5,15.5,3.0,1011.1,0.1,7.5,5.3,43.0,-35.4,19.94,35.4,17.7
2024-07-26T16:00,11.8,10.9,85,5.7,15.5,45.0,1010.8,2.1,4.2,5.3,43.0,-36.7,19.94,36.7,14.7
2024-07-26T17:00,11.9,10.9,86,6.0,14.8,48.0,1010.2,2.3,5.4,5.3,43.0,-35.3,19.94,35.3,17.9
2024-07-26T18:00,11.9,11.0,87,5.6,15.1,101.0,1009.7,4.8,3.9,5.3,43.0,-34.3,19.94,34.3,20.2
2024-07-26T19:00,12.0,11.2,87,5.4,14.0,94.0,1009.4,4.5,3.3,5.3,43.0,-35.2,19.94,35.2,18.1
2024-07-26T20:00,11.6,11.0,90,4.7,13.3,100.0,1009.3,4.7,1.5,5.3,43.0,-36.8,19.94,36.8,14.4
2024-07-26T21:00,11.3,10.8,92,3.9,11.2,69.0,1009.2,3.3,0.4,5.4,43.1,-39.4,19.94,39.4,8.6
2024-07-26T22:00,11.2,10.6,92,3.7,9.0,38.0,1009.0,1.8,0.2,5.4,43.1,-41.1,19.94,41.1,4.6
2024-07-26T23:00,11.3,10.6,89,4.0,8.6,33.0,1008.4,1.6,0.5,5.4,43.1,-41.0,19.94,41.0,4.9
2024-07-27T00:00,11.0,10.2,90,4.3,9.7,48.0,1008.1,2.3,0.9,5.4,43.1,-39.9,19.94,39.9,7.4
2024-07-27T01:00,11.4,10.6,85,3.9,9.7,63.0,1007.8,3.0,0.4,5.4,43.1,-39.7,19.94,39.7,7.9
2024-07-27T02:00,11.7,10.9,81,3.1,10.1,62.0,1007.6,2.9,0.0,5.3,43.0,-40.1,19.94,40.1,6.7
2024-07-27T03:00,12.1,11.2,77,3.1,11.2,76.0,1007.2,3.6,0.0,5.3,43.0,-39.4,19.94,39.4,8.4
2024-07-27T04:00,12.5,11.5,74,3.6,12.6,107.0,1006.7,5.0,0.2,5.2,42.9,-37.7,19.94,37.7,12.1
2024-07-27T05:00,12.9,11.7,73,5.2,16.2,163.0,1006.3,7.6,2.7,5.2,42.9,-32.6,19.94,32.6,24.0
2024-07-27T06:00,13.2,12.0,73,5.8,17.3,80.0,1005.8,3.8,4.6,5.2,42.9,-34.5,19.94,34.5,19.6
2024-07-27T07:00,13.6,12.6,75,5.6,16.9,58.0,1005.6,2.7,3.9,5.1,42.8,-36.2,19.94,36.2,15.4
2024-07-27T08:00,14.3,13.7,76,4.8,16.9,279.0,1005.1,12.8,1.7,5.0,42.7,-28.2,19.94,28.2,34.0
2024-07-27T09:00,14.6,14.0,78,5.5,17.3,155.0,1005.4,7.2,3.6,5.0,42.7,-31.9,19.94,31.9,25.3
2024-07-27T10:00,14.3,13.8,80,5.1,18.4,5.0,1005.3,0.2,2.4,5.0,42.7,-40.1,19.94,40.1,6.1
2024-07-27T11:00,14.6,14.2,81,5.9,17.6,63.0,1005.5,3.0,5.0,5.0,42.7,-34.7,19.94,34.7,18.7
2024-07-27T12:00,14.7,14.4,80,5.1,18.0,19.0,1005.2,0.9,2.4,5.0,42.7,-39.4,19.94,39.4,7.7
2024-07-27T13:00,16.1,16.1,78,5.4,21.2,224.0,1005.1,10.3,3.3,4.8,42.5,-28.9,19.94,28.9,32.0
2024-07-27T14:00,16.2,16.2,78,5.0,16.2,149.0,1005.1,6.9,2.2,4.8,42.5,-33.4,19.94,33.4,21.4
2024-07-27T15:00,15.6,15.4,81,6.8,15.8,56.0,1005.3,2.6,9.0,4.9,42.6,-31.0,19.94,31.0,27.2
2024-07-27T16:00,15.1,14.6,83,8.7,19.4,54.0,1005.8,2.5,22.0,5.0,42.7,-18.2,19.94,18.2,57.4
2024-07-27T17:00,14.3,13.9,84,6.8,19.4,2.0,1006.1,0.1,9.0,5.0,42.7,-33.6,19.94,33.6,21.3
2024-07-27T18:00,14.1,13.7,85,6.2,15.8,1.0,1006.2,0.0,6.2,5.1,42.8,-36.6,19.94,36.6,14.5
2024-07-27T19:00,14.0,13.8,87,5.4,14.4,1.0,1006.6,0.0,3.3,5.1,42.8,-39.5,19.94,39.5,7.7
2024-07-27T20:00,13.6,13.3,89,5.6,13.7,1.0,1007.0,0.0,3.9,5.1,42.8,-38.9,19.94,38.9,9.1
2024-07-27T21:00,12.8,12.4,92,6.1,15.8,0.0,1007.4,0.0,5.8,5.2,42.9,-37.1,19.94,37.1,13.5
2024-07-27T22:00,12.1,11.8,93,4.0,15.5,0.0,1007.9,0.0,0.5,5.3,43.0,-42.5,19.94,42.5,1.2
2024-07-27T23:00,12.2,12.3,92,1.1,10.4,0.0,1007.8,0.0,0.0,5.2,42.9,-42.9,19.94,42.9,0.0
2024-07-28T00:00,12.3,12.3,93,2.4,8.6,0.0,1008.3,0.0,0.0,5.2,42.9,-42.9,19.94,42.9,0.0
2024-07-28T01:00,12.1,12.3,92,0.5,8.6,0.0,1008.9,0.0,0.0,5.2,42.9,-42.9,19.94,42.9,0.0
2024-07-28T02:00,12.3,12.5,92,0.8,7.6,0.0,1009.3,0.0,0.0,5.2,42.9,-42.9,19.94,42.9,0.0
2024-07-28T03:00,12.3,12.6,93,1.3,7.9,0.0,1009.4,0.0,0.0,5.2,42.9,-42.9,19.94,42.9,0.0
2024-07-28T04:00,12.5,12.7,94,1.8,8.3,2.0,1009.8,0.1,0.0,5.2,42.9,-42.8,19.94,42.8,0.2
2024-07-28T05:00,12.8,13.1,93,2.3,8.6,2.0,1009.9,0.1,0.0,5.2,42.9,-42.8,19.94,42.8,0.2
2024-07-28T06:00,13.5,13.9,90,1.5,9.0,10.0,1009.9,0.5,0.0,5.1,42.8,-42.3,19.94,42.3,1.2
2024-07-28T07:00,14.5,14.9,84,0.8,8.3,50.0,1009.9,2.4,0.0,5.0,42.7,-40.3,19.94,40.3,5.6
2024-07-28T08:00,15.0,15.3,83,2.2,9.4,119.0,1009.9,5.6,0.0,4.9,42.6,-37.0,19.94,37.0,13.1
2024-07-28T09:00,15.6,16.1,83,2.4,11.2,143.0,1010.0,6.6,0.0,4.9,42.6,-36.0,19.94,36.0,15.5
2024-07-28T10:00,16.2,17.0,84,2.1,11.2,181.0,1009.9,8.4,0.0,4.8,42.5,-34.1,19.94,34.1,19.8
2024-07-28T11:00,16.6,17.4,85,3.5,13.0,300.0,1009.8,13.6,0.1,4.8,42.5,-28.8,19.94,28.8,32.2
2024-07-28T12:00,16.9,17.8,85,4.1,13.7,303.0,1009.7,13.7,0.6,4.7,42.4,-28.1,19.94,28.1,33.7
2024-07-28T13:00,17.0,17.7,80,2.9,12.2,295.0,1009.4,13.4,0.0,4.7,42.4,-29.0,19.94,29.0,31.6
2024-07-28T14:00,17.0,17.8,81,2.9,12.6,289.0,1009.5,13.1,0.0,4.7,42.4,-29.3,19.94,29.3,30.9
2024-07-28T15:00,17.2,18.2,83,2.9,12.2,256.0,1009.4,11.7,0.0,4.7,42.4,-30.7,19.94,30.7,27.6
2024-07-28T16:00,17.8,18.9,78,1.3,11.5,246.0,1009.2,11.2,0.0,4.6,42.3,-31.1,19.94,31.1,26.5
2024-07-28T17:00,17.6,18.4,78,3.1,12.2,180.0,1009.0,8.3,0.0,4.7,42.4,-34.1,19.94,34.1,19.6
2024-07-28T18:00,17.1,17.6,80,4.8,15.1,124.0,1009.0,5.7,1.7,4.7,42.4,-35.0,19.94,35.0,17.5
2024-07-28T19:00,16.4,16.8,83,5.0,16.6,79.0,1008.9,3.7,2.2,4.8,42.5,-36.6,19.94,36.6,13.9
2024-07-28T20:00,15.6,15.7,84,5.8,18.0,82.0,1008.9,3.8,4.6,4.9,42.6,-34.2,19.94,34.2,19.7
2024-07-28T21:00,14.6,14.6,87,5.4,18.0,49.0,1009.2,2.3,3.3,5.0,42.7,-37.1,19.94,37.1,13.1
2024-07-28T22:00,13.9,13.7,88,5.5,17.6,13.0,1009.3,0.6,3.6,5.1,42.8,-38.6,19.94,38.6,9.8
2024-07-28T23:00,13.4,13.5,89,3.4,27.4,1.0,1009.3,0.0,0.1,5.1,42.8,-42.7,19.94,42.7,0.2
2024-07-29T00:00,13.3,13.3,89,3.7,16.2,0.0,1009.3,0.0,0.2,5.1,42.8,-42.6,19.94,42.6,0.5
2024-07-29T01:00,12.9,12.6,89,4.0,17.6,0.0,1009.8,0.0,0.5,5.2,42.9,-42.4,19.94,42.4,1.2
2024-07-29T02:00,12.6,12.2,91,4.9,16.6,0.0,1010.2,0.0,2.0,5.2,42.9,-40.9,19.94,40.9,4.7
2024-07-29T03:00,11.9,11.5,94,5.4,18.4,0.0,1010.5,0.0,3.3,5.3,43.0,-39.7,19.94,39.7,7.7
2024-07-29T04:00,12.0,12.0,92,1.8,16.6,0.0,1010.8,0.0,0.0,5.3,43.0,-43.0,19.94,43.0,0.0
2024-07-29T05:00,11.7,11.5,93,3.3,11.5,0.0,1011.0,0.0,0.0,5.3,43.0,-43.0,19.94,43.0,0.0
2024-07-29T06:00,11.1,10.7,95,4.0,12.2,0.0,1010.9,0.0,0.5,5.4,43.1,-42.6,19.94,42.6,1.2
2024-07-29T07:00,10.9,10.5,95,3.2,11.5,0.0,1011.2,0.0,0.0,5.4,43.1,-43.1,19.94,43.1,0.0
2024-07-29T08:00,10.9,10.6,94,2.9,11.9,0.0,1011.7,0.0,0.0,5.4,43.1,-43.1,19.94,43.1,0.0
2024-07-29T09:00,11.1,10.4,95,5.4,15.5,6.0,1012.1,0.3,3.3,5.4,43.1,-39.5,19.94,39.5,8.4
2024-07-29T10:00,11.0,10.0,95,7.2,18.7,14.0,1012.5,0.7,11.2,5.4,43.1,-31.2,19.94,31.2,27.6
2024-07-29T11:00,10.8,9.9,96,6.5,19.1,16.0,1012.7,0.8,7.5,5.5,43.2,-34.9,19.94,34.9,19.2
2024-07-29T12:00,10.7,10.0,96,5.4,17.3,4.0,1013.0,0.2,3.3,5.4,43.1,-39.6,19.94,39.6,8.1
2024-07-29T13:00,12.4,11.6,87,6.1,18.0,165.0,1013.6,7.7,5.8,5.3,43.0,-29.5,19.94,29.5,31.4
2024-07-29T14:00,12.0,10.8,86,7.9,20.5,22.0,1013.9,1.1,15.7,5.3,43.0,-26.2,19.94,26.2,39.1
2024-07-29T15:00,11.7,10.5,86,7.6,21.2,14.0,1014.2,0.7,13.7,5.4,43.1,-28.7,19.94,28.7,33.4
2024-07-29T16:00,11.6,10.5,86,6.6,19.4,27.0,1014.3,1.3,8.0,5.4,43.1,-33.8,19.94,33.8,21.6
2024-07-29T17:00,11.3,10.3,87,5.4,17.3,4.0,1014.5,0.2,3.3,5.4,43.1,-39.6,19.94,39.6,8.1
2024-07-29T18:00,11.0,9.9,87,5.4,15.5,0.0,1014.7,0.0,3.3,5.4,43.1,-39.8,19.94,39.8,7.7
2024-07-29T19:00,10.5,9.4,91,5.8,15.8,2.0,1015.0,0.1,4.6,5.5,43.2,-38.5,19.94,38.5,10.9
2024-07-29T20:00,10.0,8.9,94,6.2,16.2,0.0,1015.1,0.0,6.2,5.5,43.2,-37.0,19.94,37.0,14.4
2024-07-29T21:00,9.8,8.6,94,6.5,16.6,2.0,1015.5,0.1,7.5,5.6,43.3,-35.7,19.94,35.7,17.6
2024-07-29T22:00,9.6,8.4,93,5.4,16.6,0.0,1015.7,0.0,3.3,5.6,43.3,-40.0,19.94,40.0,7.6
2024-07-29T23:00,9.5,8.4,93,4.7,14.0,0.0,1015.6,0.0,1.5,5.6,43.3,-41.8,19.94,41.8,3.5
2024-07-30T00:00,9.6,8.5,91,4.0,12.2,0.0,1015.7,0.0,0.5,5.6,43.3,-42.8,19.94,42.8,1.2
2024-07-30T01:00,9.6,8.8,90,2.5,9.0,0.0,1016.4,0.0,0.0,5.5,43.2,-43.2,19.94,43.2,0.0
2024-07-30T02:00,9.6,8.3,87,4.7,12.2,3.0,1016.6,0.1,1.5,5.6,43.3,-41.7,19.94,41.7,3.7
2024-07-30T03:00,9.7,8.3,86,5.2,13.7,14.0,1016.7,0.7,2.7,5.6,43.3,-39.9,19.94,39.9,7.9
2024-07-30T04:00,9.8,8.3,85,5.6,14.4,3.0,1016.8,0.1,3.9,5.6,43.3,-39.3,19.94,39.3,9.2
2024-07-30T05:00,9.8,8.4,84,5.2,14.4,4.0,1016.9,0.2,2.7,5.6,43.3,-40.4,19.94,40.4,6.7
2024-07-30T06:00,9.9,8.5,84,4.9,13.7,3.0,1017.0,0.1,2.0,5.5,43.2,-41.1,19.94,41.1,4.9
2024-07-30T07:00,9.9,8.5,86,5.5,14.8,25.0,1017.0,1.2,3.6,5.5,43.2,-38.4,19.94,38.4,11.1
2024-07-30T08:00,9.9,8.8,86,4.0,14.8,10.0,1017.1,0.5,0.5,5.5,43.2,-42.2,19.94,42.2,2.3
2024-07-30T09:00,10.3,9.5,84,1.9,11.9,5.0,1017.2,0.2,0.0,5.5,43.2,-43.0,19.94,43.0,0.5
2024-07-30T10:00,10.8,9.9,82,2.9,11.5,20.0,1017.4,1.0,0.0,5.4,43.1,-42.1,19.94,42.1,2.3
2024-07-30T11:00,11.0,10.0,82,4.0,13.3,16.0,1017.7,0.8,0.5,5.4,43.1,-41.8,19.94,41.8,3.0
2024-07-30T12:00,11.1,10.1,83,4.2,13.7,10.0,1017.8,0.5,0.7,5.4,43.1,-41.9,19.94,41.9,2.8
2024-07-30T13:00,10.7,9.5,85,5.0,13.7,11.0,1018.3,0.5,2.2,5.4,43.1,-40.4,19.94,40.4,6.3
2024-07-30T14:00,10.7,9.5,85,5.6,15.5,1.0,1018.6,0.0,3.9,5.5,43.2,-39.3,19.94,39.3,9.0
2024-07-30T15:00,10.7,9.5,84,5.1,15.1,15.0,1018.8,0.7,2.4,5.4,43.1,-40.0,19.94,40.0,7.2
2024-07-30T16:00,10.8,9.8,84,3.9,13.7,0.0,1018.9,0.0,0.4,5.4,43.1,-42.7,19.94,42.7,0.9
2024-07-30T17:00,10.8,9.9,85,3.7,11.2,6.0,1018.9,0.3,0.2,5.4,43.1,-42.6,19.94,42.6,1.2
2024-07-30T18:00,10.8,10.0,85,2.9,10.4,8.0,1018.9,0.4,0.0,5.4,43.1,-42.7,19.94,42.7,0.9
2024-07-30T19:00,11.1,10.3,84,2.5,9.0,8.0,1019.1,0.4,0.0,5.4,43.1,-42.7,19.94,42.7,0.9
2024-07-30T20:00,11.1,10.4,84,2.7,8.6,10.0,1019.4,0.5,0.0,5.4,43.1,-42.6,19.94,42.6,1.2
2024-07-30T21:00,10.8,10.1,87,2.9,9.0,8.0,1019.7,0.4,0.0,5.4,43.1,-42.7,19.94,42.7,0.9
2024-07-30T22:00,10.8,10.4,89,1.1,8.6,4.0,1019.9,0.2,0.0,5.4,43.1,-42.9,19.94,42.9,0.5
2024-07-30T23:00,11.0,10.7,88,0.5,6.5,4.0,1020.2,0.2,0.0,5.4,43.1,-42.9,19.94,42.9,0.5
2024-07-31T00:00,11.0,10.5,88,1.8,6.1,7.0,1020.3,0.3,0.0,5.4,43.1,-42.8,19.94,42.8,0.7
2024-07-31T01:00,10.5,10.0,88,1.0,5.4,47.0,1021.0,2.2,0.0,5.4,43.1,-40.9,19.94,40.9,5.1
2024-07-31T02:00,10.7,10.3,87,0.0,4.7,63.0,1021.3,3.0,0.0,5.4,43.1,-40.1,19.94,40.1,7.0
2024-07-31T03:00,11.0,10.4,85,1.6,6.1,88.0,1021.4,4.2,0.0,5.4,43.1,-38.9,19.94,38.9,9.7
2024-07-31T04:00,11.0,10.3,87,3.2,9.0,109.0,1021.6,5.2,0.0,5.4,43.1,-37.9,19.94,37.9,12.1
2024-07-31T05:00,11.2,10.4,87,4.0,11.5,175.0,1021.6,8.2,0.5,5.4,43.1,-34.4,19.94,34.4,20.2
2024-07-31T06:00,11.5,10.6,85,4.7,13.7,204.0,1021.6,9.6,1.5,5.4,43.1,-32.0,19.94,32.0,25.8
2024-07-31T07:00,11.9,11.1,83,4.0,13.7,252.0,1021.6,11.7,0.5,5.3,43.0,-30.8,19.94,30.8,28.4
2024-07-31T08:00,12.4,11.5,82,5.0,14.4,300.0,1021.6,13.8,2.2,5.3,43.0,-27.0,19.94,27.0,37.2
2024-07-31T09:00,13.0,12.4,83,4.7,14.8,336.0,1021.7,15.4,1.5,5.2,42.9,-26.0,19.94,26.0,39.4
2024-07-31T10:00,13.4,13.0,85,5.4,16.2,323.0,1021.6,14.8,3.3,5.1,42.8,-24.7,19.94,24.7,42.3
2024-07-31T11:00,13.8,13.6,87,5.5,15.8,271.0,1021.5,12.5,3.6,5.1,42.8,-26.7,19.94,26.7,37.6
2024-07-31T12:00,13.7,13.3,90,7.1,18.4,316.0,1021.5,14.5,10.6,5.1,42.8,-17.7,19.94,17.7,58.6
2024-07-31T13:00,14.0,13.8,91,7.3,19.4,326.0,1021.5,14.9,11.8,5.1,42.8,-16.1,19.94,16.1,62.4
2024-07-31T14:00,13.5,12.7,85,8.0,20.2,147.0,1021.7,6.9,16.5,5.2,42.9,-19.5,19.94,19.5,54.5
2024-07-31T15:00,12.9,12.0,81,6.0,19.8,52.0,1021.8,2.5,5.4,5.2,42.9,-35.0,19.94,35.0,18.4
2024-07-31T16:00,12.8,12.2,82,3.7,15.5,44.0,1021.7,2.1,0.2,5.2,42.9,-40.6,19.94,40.6,5.4
2024-07-31T17:00,12.9,12.3,81,3.8,11.9,108.0,1021.3,5.1,0.3,5.2,42.9,-37.5,19.94,37.5,12.6
2024-07-31T18:00,12.4,11.9,84,3.6,11.5,58.0,1021.0,2.8,0.2,5.2,42.9,-39.9,19.94,39.9,7.0
2024-07-31T19:00,12.1,11.7,88,3.8,10.4,37.0,1020.8,1.8,0.3,5.3,43.0,-40.9,19.94,40.9,4.9
2024-07-31T20:00,11.4,10.9,93,4.1,10.8,25.0,1020.7,1.2,0.6,5.4,43.1,-41.3,19.94,41.3,4.2
2024-07-31T21:00,10.9,10.6,95,3.1,9.7,22.0,1020.8,1.1,0.0,5.4,43.1,-42.0,19.94,42.0,2.6
2024-07-31T22:00,10.8,10.3,95,3.4,8.6,9.0,1020.7,0.4,0.1,5.4,43.1,-42.6,19.94,42.6,1.2
2024-07-31T23:00,10.3,9.6,96,4.7,10.8,7.0,1020.7,0.3,1.5,5.5,43.2,-41.4,19.94,41.4,4.2
2024-08-01T00:00,10.1,9.3,96,4.2,11.5,1.0,1020.7,0.0,0.7,5.5,43.2,-42.5,19.94,42.5,1.6
2024-08-01T01:00,10.5,9.9,96,4.2,9.7,11.0,1020.7,0.5,0.7,5.5,43.2,-42.0,19.94,42.0,2.8
2024-08-01T02:00,10.5,9.6,94,5.5,13.3,14.0,1020.7,0.7,3.6,5.5,43.2,-38.9,19.94,38.9,10.0
2024-08-01T03:00,10.5,9.8,94,4.4,13.3,2.0,1020.3,0.1,1.0,5.5,43.2,-42.1,19.94,42.1,2.5
2024-08-01T04:00,10.6,10.0,95,4.0,11.2,4.0,1019.9,0.2,0.5,5.4,43.1,-42.4,19.94,42.4,1.6
2024-08-01T05:00,10.8,10.3,96,4.5,12.2,51.0,1019.4,2.4,1.2,5.4,43.1,-39.5,19.94,39.5,8.4
2024-08-01T06:00,11.2,10.5,95,5.4,13.7,128.0,1019.2,6.1,3.3,5.4,43.1,-33.7,19.94,33.7,21.8
2024-08-01T07:00,11.4,11.0,96,5.0,14.4,169.0,1018.9,8.0,2.2,5.4,43.1,-32.9,19.94,32.9,23.7
2024-08-01T08:00,12.2,11.9,92,4.7,14.4,221.0,1018.6,10.3,1.5,5.3,43.0,-31.2,19.94,31.2,27.4
2024-08-01T09:00,12.8,12.5,91,5.4,15.1,200.0,1018.4,9.3,3.3,5.2,42.9,-30.3,19.94,30.3,29.4
2024-08-01T10:00,13.4,13.3,91,5.0,15.5,271.0,1018.2,12.5,2.2,5.1,42.8,-28.1,19.94,28.1,34.3
2024-08-01T11:00,13.8,13.8,92,5.9,15.8,226.0,1018.3,10.5,5.0,5.1,42.8,-27.3,19.94,27.3,36.2
2024-08-01T12:00,13.9,13.9,94,7.0,17.6,241.0,1018.0,11.1,10.1,5.1,42.8,-21.6,19.94,21.6,49.5
2024-08-01T13:00,15.0,15.2,89,6.1,16.9,315.0,1017.9,14.4,5.8,5.0,42.7,-22.5,19.94,22.5,47.3
2024-08-01T14:00,14.5,14.6,93,7.3,19.1,276.0,1017.8,12.7,11.8,5.0,42.7,-18.2,19.94,18.2,57.4
2024-08-01T15:00,14.4,14.6,93,6.2,18.7,277.0,1017.5,12.7,6.2,5.0,42.7,-23.8,19.94,23.8,44.3
2024-08-01T16:00,14.6,14.8,91,5.8,16.6,205.0,1017.3,9.5,4.6,5.0,42.7,-28.6,19.94,28.6,33.0
2024-08-01T17:00,14.8,15.0,89,5.2,15.1,165.0,1017.0,7.7,2.7,5.0,42.7,-32.3,19.94,32.3,24.4
2024-08-01T18:00,15.0,15.2,87,5.0,14.0,136.0,1016.8,6.3,2.2,5.0,42.7,-34.2,19.94,34.2,19.9
2024-08-01T19:00,15.1,15.5,88,3.8,13.0,104.0,1017.0,4.9,0.3,4.9,42.6,-37.4,19.94,37.4,12.2
2024-08-01T20:00,14.7,15.3,89,2.9,10.1,72.0,1017.2,3.4,0.0,5.0,42.7,-39.3,19.94,39.3,8.0
2024-08-01T21:00,14.4,15.2,91,1.6,7.6,39.0,1017.3,1.8,0.0,5.0,42.7,-40.9,19.94,40.9,4.2
2024-08-01T22:00,14.1,14.5,92,3.6,8.6,20.0,1017.4,0.9,0.2,5.0,42.7,-41.6,19.94,41.6,2.6
2024-08-01T23:00,13.5,13.6,94,4.7,10.8,4.0,1017.6,0.2,1.5,5.1,42.8,-41.1,19.94,41.1,4.0
2024-08-02T00:00,12.9,12.7,94,6.1,13.7,21.0,1017.8,1.0,5.8,5.2,42.9,-36.1,19.94,36.1,15.9
2024-08-02T01:00,12.4,12.7,98,2.6,11.2,6.0,1017.9,0.3,0.0,5.2,42.9,-42.6,19.94,42.6,0.7
2024-08-02T02:00,12.5,12.8,98,2.9,9.0,16.0,1018.0,0.8,0.0,5.2,42.9,-42.1,19.94,42.1,1.9
2024-08-02T03:00,12.6,12.7,96,3.9,10.8,30.0,1018.0,1.4,0.4,5.2,42.9,-41.1,19.94,41.1,4.2
2024-08-02T04:00,12.5,12.7,96,2.8,10.8,44.0,1018.2,2.1,0.0,5.2,42.9,-40.8,19.94,40.8,4.9
2024-08-02T05:00,12.7,13.2,96,1.1,10.1,55.0,1018.2,2.6,0.0,5.2,42.9,-40.3,19.94,40.3,6.1
2024-08-02T06:00,13.1,13.7,95,0.7,8.3,96.0,1018.1,4.5,0.0,5.1,42.8,-38.3,19.94,38.3,10.5
2024-08-02T07:00,13.2,13.8,99,2.8,11.2,198.0,1018.1,9.2,0.0,5.1,42.8,-33.6,19.94,33.6,21.5
2024-08-02T08:00,13.9,14.3,94,3.6,12.6,270.0,1018.5,12.4,0.2,5.1,42.8,-30.2,19.94,30.2,29.4
2024-08-02T09:00,14.2,14.7,94,4.0,13.7,276.0,1018.7,12.7,0.5,5.0,42.7,-29.5,19.94,29.5,30.9
2024-08-02T10:00,14.3,14.8,94,4.1,14.0,241.0,1018.9,11.1,0.6,5.0,42.7,-31.0,19.94,31.0,27.4
2024-08-02T11:00,14.6,15.1,94,4.4,14.0,196.0,1019.2,9.1,1.0,5.0,42.7,-32.6,19.94,32.6,23.7
2024-08-02T12:00,14.8,15.4,94,4.4,14.4,205.0,1019.3,9.5,1.0,5.0,42.7,-32.2,19.94,32.2,24.6
2024-08-02T13:00,15.5,15.7,86,6.1,22.0,285.0,1019.4,13.0,5.8,4.9,42.6,-23.8,19.94,23.8,44.1
2024-08-02T14:00,16.1,16.3,82,5.3,17.3,286.0,1019.4,13.0,3.0,4.8,42.5,-26.5,19.94,26.5,37.6
2024-08-02T15:00,15.8,15.9,81,5.3,15.5,210.0,1019.3,9.7,3.0,4.9,42.6,-29.9,19.94,29.9,29.8
2024-08-02T16:00,15.7,15.8,79,4.2,15.1,155.0,1019.1,7.2,0.7,4.9,42.6,-34.7,19.94,34.7,18.5
2024-08-02T17:00,15.7,15.8,78,3.7,12.2,123.0,1019.0,5.7,0.2,4.9,42.6,-36.7,19.94,36.7,13.8
2024-08-02T18:00,15.4,15.5,80,3.7,10.8,55.0,1018.9,2.6,0.2,4.9,42.6,-39.8,19.94,39.8,6.6
2024-08-02T19:00,15.3,15.5,81,3.3,9.7,64.0,1018.9,3.0,0.0,4.9,42.6,-39.6,19.94,39.6,7.0
2024-08-02T20:00,15.4,15.8,83,2.3,9.0,48.0,1018.9,2.3,0.0,4.9,42.6,-40.3,19.94,40.3,5.4
2024-08-02T21:00,14.8,15.1,86,3.1,7.2,26.0,1019.2,1.2,0.0,5.0,42.7,-41.5,19.94,41.5,2.8
2024-08-02T22:00,13.9,13.9,88,4.3,10.1,21.0,1019.3,1.0,0.9,5.1,42.8,-40.9,19.94,40.9,4.4
2024-08-02T23:00,13.1,12.8,90,5.5,13.0,14.0,1019.6,0.7,3.6,5.2,42.9,-38.6,19.94,38.6,10.0
2024-08-03T00:00,12.5,12.1,91,5.0,13.7,6.0,1019.5,0.3,2.2,5.2,42.9,-40.4,19.94,40.4,5.8
2024-08-03T01:00,13.8,13.6,83,3.6,11.2,0.0,1019.6,0.0,0.2,5.1,42.8,-42.6,19.94,42.6,0.5
2024-08-03T02:00,14.0,13.9,83,3.4,10.4,0.0,1019.5,0.0,0.1,5.1,42.8,-42.7,19.94,42.7,0.2
2024-08-03T03:00,14.1,14.4,84,1.3,9.7,0.0,1018.9,0.0,0.0,5.0,42.7,-42.7,19.94,42.7,0.0
2024-08-03T04:00,14.0,14.4,87,1.1,7.2,0.0,1018.5,0.0,0.0,5.0,42.7,-42.7,19.94,42.7,0.0
2024-08-03T05:00,14.2,14.7,90,2.3,9.0,97.0,1018.2,4.6,0.0,5.0,42.7,-38.1,19.94,38.1,10.8
2024-08-03T06:00,13.8,13.8,92,5.7,15.1,155.0,1018.4,7.2,4.2,5.1,42.8,-31.4,19.94,31.4,26.6
2024-08-03T07:00,13.8,13.9,92,5.1,15.1,74.0,1018.3,3.5,2.4,5.1,42.8,-36.9,19.94,36.9,13.8
2024-08-03T08:00,13.9,13.9,89,4.9,14.0,0.0,1018.4,0.0,2.0,5.1,42.8,-40.8,19.94,40.8,4.7
2024-08-03T09:00,14.3,14.4,87,3.7,13.7,0.0,1018.2,0.0,0.2,5.0,42.7,-42.5,19.94,42.5,0.5
2024-08-03T10:00,15.0,15.2,84,3.3,13.3,6.0,1017.9,0.3,0.0,4.9,42.6,-42.3,19.94,42.3,0.7
2024-08-03T11:00,15.3,15.4,83,4.7,15.8,0.0,1017.6,0.0,1.5,4.9,42.6,-41.1,19.94,41.1,3.5
2024-08-03T12:00,15.1,15.0,85,5.9,17.6,8.0,1017.5,0.4,5.0,4.9,42.6,-37.2,19.94,37.2,12.7
2024-08-03T13:00,16.7,16.9,81,6.5,18.7,181.0,1016.4,8.3,7.5,4.8,42.5,-26.7,19.94,26.7,37.2
2024-08-03T14:00,15.0,14.5,85,8.8,23.8,154.0,1016.7,7.2,22.8,5.0,42.7,-12.7,19.94,12.7,70.3
2024-08-03T15:00,13.5,13.4,88,4.1,23.4,0.0,1016.6,0.0,0.6,5.1,42.8,-42.2,19.94,42.2,1.4
2024-08-03T16:00,13.9,14.1,89,2.9,15.8,2.0,1016.0,0.1,0.0,5.1,42.8,-42.7,19.94,42.7,0.2
2024-08-03T17:00,13.8,13.8,90,4.3,14.8,0.0,1015.7,0.0,0.9,5.1,42.8,-41.9,19.94,41.9,2.1
2024-08-03T18:00,13.2,13.2,92,4.4,14.8,0.0,1015.6,0.0,1.0,5.2,42.9,-41.9,19.94,41.9,2.3
2024-08-03T19:00,12.9,12.7,92,4.4,14.0,0.0,1015.5,0.0,1.0,5.2,42.9,-41.9,19.94,41.9,2.3
2024-08-03T20:00,12.6,12.5,92,4.0,13.7,1.0,1015.4,0.0,0.5,5.2,42.9,-42.4,19.94,42.4,1.2
2024-08-03T21:00,12.4,12.2,93,4.0,13.7,0.0,1015.5,0.0,0.5,5.2,42.9,-42.4,19.94,42.4,1.2
2024-08-03T22:00,12.0,11.8,94,4.0,14.0,0.0,1015.6,0.0,0.5,5.3,43.0,-42.5,19.94,42.5,1.2
2024-08-03T23:00,11.8,11.7,95,3.2,14.0,0.0,1015.4,0.0,0.0,5.3,43.0,-43.0,19.94,43.0,0.0
2024-08-04T00:00,11.8,11.7,95,2.9,13.7,0.0,1015.1,0.0,0.0,5.3,43.0,-43.0,19.94,43.0,0.0
2024-08-04T01:00,11.5,11.5,96,2.2,13.7,0.0,1015.2,0.0,0.0,5.3,43.0,-43.0,19.94,43.0,0.0
2024-08-04T02:00,11.6,11.4,96,3.3,15.1,0.0,1014.9,0.0,0.0,5.3,43.0,-43.0,19.94,43.0,0.0
2024-08-04T03:00,11.8,11.6,96,3.4,15.5,0.0,1014.6,0.0,0.1,5.3,43.0,-42.9,19.94,42.9,0.2
2024-08-04T04:00,12.0,11.8,95,4.0,15.5,0.0,1014.3,0.0,0.5,5.3,43.0,-42.5,19.94,42.5,1.2
2024-08-04T05:00,12.3,11.9,91,4.4,15.8,0.0,1014.1,0.0,1.0,5.3,43.0,-42.0,19.94,42.0,2.3
2024-08-04T06:00,12.6,12.1,88,5.1,16.6,36.0,1014.0,1.7,2.4,5.2,42.9,-38.8,19.94,38.8,9.6
2024-08-04T07:00,12.9,12.3,86,5.8,18.0,108.0,1013.9,5.1,4.6,5.2,42.9,-33.2,19.94,33.2,22.6
2024-08-04T08:00,13.1,12.5,86,5.9,18.4,178.0,1014.0,8.3,5.0,5.2,42.9,-29.6,19.94,29.6,31.0
2024-08-04T09:00,13.4,12.8,85,6.2,18.7,199.0,1013.9,9.3,6.2,5.1,42.8,-27.3,19.94,27.3,36.2
2024-08-04T10:00,13.8,13.3,84,5.9,19.1,262.0,1013.7,12.1,5.0,5.1,42.8,-25.7,19.94,25.7,40.0
2024-08-04T11:00,14.1,13.6,84,6.2,19.8,258.0,1013.7,11.9,6.2,5.1,42.8,-24.7,19.94,24.7,42.3
2024-08-04T12:00,13.9,13.5,87,6.6,20.5,245.0,1013.8,11.3,8.0,5.1,42.8,-23.5,19.94,23.5,45.1
2024-08-04T13:00,14.4,14.5,91,6.1,18.7,177.0,1013.4,8.2,5.8,5.0,42.7,-28.7,19.94,28.7,32.8
2024-08-04T14:00,14.1,14.1,92,6.6,18.7,136.0,1013.2,6.4,8.0,5.1,42.8,-28.4,19.94,28.4,33.6
2024-08-04T15:00,13.7,13.8,95,6.1,18.7,121.0,1013.1,5.7,5.8,5.1,42.8,-31.3,19.94,31.3,26.9
2024-08-04T16:00,13.6,13.8,95,5.0,16.9,85.0,1012.9,4.0,2.2,5.1,42.8,-36.6,19.94,36.6,14.5
2024-08-04T17:00,13.6,13.9,95,4.2,14.8,104.0,1012.6,4.9,0.7,5.1,42.8,-37.2,19.94,37.2,13.1
2024-08-04T18:00,13.5,13.8,96,4.2,13.7,87.0,1012.4,4.1,0.7,5.1,42.8,-38.0,19.94,38.0,11.2
2024-08-04T19:00,13.1,13.3,96,4.5,12.6,53.0,1012.5,2.5,1.2,5.2,42.9,-39.2,19.94,39.2,8.6
2024-08-04T20:00,12.4,12.3,97,5.0,13.0,31.0,1012.8,1.5,2.2,5.3,43.0,-39.3,19.94,39.3,8.6
2024-08-04T21:00,11.8,11.6,97,4.6,13.3,8.0,1013.0,0.4,1.3,5.3,43.0,-41.3,19.94,41.3,4.0
2024-08-04T22:00,11.3,11.0,97,4.1,12.6,4.0,1013.1,0.2,0.6,5.4,43.1,-42.3,19.94,42.3,1.9
2024-08-04T23:00,10.9,10.5,96,3.9,11.5,4.0,1013.3,0.2,0.4,5.4,43.1,-42.5,19.94,42.5,1.4
2024-08-05T00:00,10.6,10.1,95,3.5,11.2,5.0,1013.3,0.2,0.1,5.4,43.1,-42.8,19.94,42.8,0.7
2024-08-05T01:00,11.0,10.6,94,3.6,10.4,8.0,1013.1,0.4,0.2,5.4,43.1,-42.5,19.94,42.5,1.4
2024-08-05T02:00,10.9,10.4,94,3.8,10.4,9.0,1013.1,0.4,0.3,5.4,43.1,-42.4,19.94,42.4,1.6
2024-08-05T03:00,10.7,10.3,95,3.4,10.8,13.0,1013.0,0.6,0.1,5.4,43.1,-42.4,19.94,42.4,1.6
2024-08-05T04:00,10.6,10.2,97,3.2,9.7,25.0,1012.9,1.2,0.0,5.4,43.1,-41.9,19.94,41.9,2.8
2024-08-05T05:00,10.6,10.3,97,3.2,10.1,38.0,1012.8,1.8,0.0,5.4,43.1,-41.3,19.94,41.3,4.2
2024-08-05T06:00,10.8,10.4,98,3.5,10.4,38.0,1012.7,1.8,0.1,5.4,43.1,-41.2,19.94,41.2,4.4
2024-08-05T07:00,11.0,10.6,98,4.6,12.6,48.0,1012.8,2.3,1.3,5.4,43.1,-39.5,19.94,39.5,8.4
2024-08-05T08:00,11.2,10.7,98,5.4,14.0,65.0,1012.8,3.1,3.3,5.4,43.1,-36.7,19.94,36.7,14.8
2024-08-05T09:00,11.1,10.4,97,6.8,16.6,60.0,1013.2,2.9,9.0,5.4,43.1,-31.2,19.94,31.2,27.6
2024-08-05T10:00,10.7,9.6,96,7.8,18.4,42.0,1013.5,2.0,15.1,5.5,43.2,-26.1,19.94,26.1,39.6
2024-08-05T11:00,10.2,9.1,95,7.2,18.7,50.0,1013.7,2.4,11.2,5.5,43.2,-29.6,19.94,29.6,31.5
2024-08-05T12:00,10.2,9.0,94,6.6,17.6,67.0,1013.7,3.2,8.0,5.5,43.2,-32.0,19.94,32.0,25.9
2024-08-05T13:00,10.5,9.6,93,5.5,16.9,9.0,1013.4,0.4,3.6,5.5,43.2,-39.2,19.94,39.2,9.3
2024-08-05T14:00,10.7,9.9,93,4.9,14.4,0.0,1013.2,0.0,2.0,5.4,43.1,-41.1,19.94,41.1,4.6
2024-08-05T15:00,10.6,9.6,93,6.6,16.6,0.0,1012.9,0.0,8.0,5.5,43.2,-35.2,19.94,35.2,18.5
2024-08-05T16:00,10.2,9.1,93,6.5,17.3,1.0,1013.0,0.0,7.5,5.5,43.2,-35.7,19.94,35.7,17.4
2024-08-05T17:00,9.7,8.5,93,6.6,17.6,4.0,1013.1,0.2,8.0,5.6,43.3,-35.1,19.94,35.1,18.9
2024-08-05T18:00,9.1,7.6,93,7.1,18.7,1.0,1012.8,0.0,10.6,5.7,43.4,-32.8,19.94,32.8,24.4
2024-08-05T19:00,8.8,7.2,93,7.3,18.7,0.0,1012.8,0.0,11.8,5.7,43.4,-31.6,19.94,31.6,27.2
2024-08-05T20:00,8.6,6.9,93,7.3,18.7,0.0,1012.9,0.0,11.8,5.7,43.4,-31.6,19.94,31.6,27.2
2024-08-05T21:00,8.4,6.8,94,6.3,18.4,1.0,1013.0,0.0,6.6,5.7,43.4,-36.8,19.94,36.8,15.2
2024-08-05T22:00,8.3,6.8,93,5.6,17.3,1.0,1013.0,0.0,3.9,5.7,43.4,-39.5,19.94,39.5,9.0
2024-08-05T23:00,8.4,6.9,92,5.6,16.6,0.0,1012.9,0.0,3.9,5.7,43.4,-39.5,19.94,39.5,9.0
2024-08-06T00:00,8.4,7.0,92,5.1,16.6,0.0,1012.7,0.0,2.4,5.7,43.4,-41.0,19.94,41.0,5.5
2024-08-06T01:00,8.4,7.0,93,5.1,17.6,0.0,1012.3,0.0,2.4,5.7,43.4,-41.0,19.94,41.0,5.5
2024-08-06T02:00,8.4,6.9,93,5.8,19.4,1.0,1012.2,0.0,4.6,5.7,43.4,-38.8,19.94,38.8,10.6
2024-08-06T03:00,8.7,7.2,90,5.8,19.4,3.0,1011.8,0.1,4.6,5.7,43.4,-38.7,19.94,38.7,10.8
2024-08-06T04:00,9.2,7.7,87,5.1,19.1,8.0,1011.8,0.4,2.4,5.6,43.3,-40.5,19.94,40.5,6.5
2024-08-06T05:00,9.5,8.0,87,5.6,18.4,2.0,1011.5,0.1,3.9,5.6,43.3,-39.3,19.94,39.3,9.2
2024-08-06T06:00,9.7,8.3,87,6.2,19.4,9.0,1011.1,0.4,6.2,5.6,43.3,-36.7,19.94,36.7,15.2
2024-08-06T07:00,10.1,8.7,87,6.0,19.8,8.0,1010.9,0.4,5.4,5.5,43.2,-37.4,19.94,37.4,13.4
2024-08-06T08:00,10.3,9.0,87,6.1,19.8,15.0,1011.0,0.7,5.8,5.5,43.2,-36.7,19.94,36.7,15.0
2024-08-06T09:00,10.6,9.3,87,6.5,20.2,32.0,1011.0,1.5,7.5,5.5,43.2,-34.2,19.94,34.2,20.8
2024-08-06T10:00,10.7,9.4,88,6.6,20.9,34.0,1011.0,1.6,8.0,5.5,43.2,-33.6,19.94,33.6,22.2
2024-08-06T11:00,10.8,9.5,87,6.9,22.0,37.0,1011.2,1.8,9.5,5.5,43.2,-31.9,19.94,31.9,26.2
2024-08-06T12:00,10.8,9.5,88,7.0,22.0,6.0,1011.0,0.3,10.1,5.5,43.2,-32.8,19.94,32.8,24.1
2024-08-06T13:00,11.6,10.4,87,7.6,23.0,10.0,1011.3,0.5,13.7,5.4,43.1,-28.9,19.94,28.9,32.9
2024-08-06T14:00,11.7,10.5,88,8.3,24.5,25.0,1011.2,1.2,18.7,5.4,43.1,-23.2,19.94,23.2,46.2
2024-08-06T15:00,11.6,10.3,89,9.0,26.6,30.0,1011.1,1.4,24.6,5.4,43.1,-17.1,19.94,17.1,60.3
2024-08-06T16:00,11.2,10.0,91,7.9,27.0,4.0,1011.1,0.2,15.7,5.4,43.1,-27.2,19.94,27.2,36.9
2024-08-06T17:00,11.0,10.0,92,6.9,25.9,0.0,1010.9,0.0,9.5,5.4,43.1,-33.6,19.94,33.6,22.0
2024-08-06T18:00,11.0,9.7,91,8.3,25.6,3.0,1011.0,0.1,18.7,5.5,43.2,-24.4,19.94,24.4,43.5
2024-08-06T19:00,10.7,9.6,92,7.3,25.9,2.0,1011.0,0.1,11.8,5.5,43.2,-31.3,19.94,31.3,27.5
2024-08-06T20:00,10.6,9.5,92,6.6,23.4,0.0,1011.0,0.0,8.0,5.5,43.2,-35.2,19.94,35.2,18.5
2024-08-06T21:00,10.5,9.4,92,6.2,21.6,1.0,1011.2,0.0,6.2,5.5,43.2,-37.0,19.94,37.0,14.4
2024-08-06T22:00,10.3,9.3,92,5.4,20.2,0.0,1011.1,0.0,3.3,5.5,43.2,-39.9,19.94,39.9,7.6
2024-08-06T23:00,10.2,9.3,93,4.3,18.4,0.0,1010.7,0.0,0.9,5.5,43.2,-42.3,19.94,42.3,2.1
2024-08-07T00:00,10.2,9.4,93,3.6,16.6,0.0,1010.5,0.0,0.2,5.5,43.2,-43.0,19.94,43.0,0.5
2024-08-07T01:00,11.4,11.0,89,2.1,15.5,0.0,1009.9,0.0,0.0,5.3,43.0,-43.0,19.94,43.0,0.0
2024-08-07T02:00,11.6,11.0,88,3.6,18.4,0.0,1009.6,0.0,0.2,5.3,43.0,-42.8,19.94,42.8,0.5
2024-08-07T03:00,11.6,11.1,88,3.4,28.1,0.0,1009.3,0.0,0.0,5.3,43.0,-43.0,19.94,43.0,0.0
2024-08-07T04:00,12.2,11.5,86,4.7,22.0,0.0,1008.7,0.0,1.5,5.3,43.0,-41.5,19.94,41.5,3.5
2024-08-07T05:00,12.7,12.1,85,4.5,21.6,3.0,1008.3,0.1,1.2,5.2,42.9,-41.6,19.94,41.6,3.0
2024-08-07T06:00,13.0,12.3,86,6.7,28.1,0.0,1007.9,0.0,0.0,5.2,42.9,-42.9,19.94,42.9,0.0
2024-08-07T07:00,12.9,12.3,87,5.9,27.7,5.0,1007.8,0.2,5.0,5.2,42.9,-37.7,19.94,37.7,12.1
2024-08-07T08:00,12.8,12.1,89,7.4,26.3,0.0,1007.7,0.0,12.4,5.2,42.9,-30.5,19.94,30.5,28.9
2024-08-07T09:00,13.0,12.2,89,7.9,29.2,0.0,1007.9,0.0,0.0,5.2,42.9,-42.9,19.94,42.9,0.0
2024-08-07T10:00,12.5,12.0,91,6.3,27.4,0.0,1008.1,0.0,6.6,5.3,43.0,-36.4,19.94,36.4,15.3
2024-08-07T11:00,12.9,12.4,89,6.4,26.6,1.0,1008.1,0.0,7.0,5.2,42.9,-35.9,19.94,35.9,16.3
2024-08-07T12:00,13.2,12.7,88,5.8,25.6,0.0,1008.0,0.0,4.6,5.2,42.9,-38.3,19.94,38.3,10.7
2024-08-07T13:00,13.7,13.4,88,6.2,24.8,0.0,1007.8,0.0,6.2,5.1,42.8,-36.6,19.94,36.6,14.5
2024-08-07T14:00,13.7,13.6,89,5.4,24.1,0.0,1007.6,0.0,3.3,5.1,42.8,-39.5,19.94,39.5,7.7
2024-08-07T15:00,13.7,13.4,89,5.8,23.0,0.0,1007.4,0.0,4.6,5.1,42.8,-38.2,19.94,38.2,10.7
2024-08-07T16:00,13.7,13.6,90,5.2,23.0,0.0,1007.2,0.0,2.7,5.1,42.8,-40.1,19.94,40.1,6.3
2024-08-07T17:00,13.8,14.0,89,3.8,22.7,0.0,1007.1,0.0,0.3,5.1,42.8,-42.5,19.94,42.5,0.7
2024-08-07T18:00,14.2,14.2,88,4.7,22.3,1.0,1006.8,0.0,1.5,5.0,42.7,-41.2,19.94,41.2,3.5
2024-08-07T19:00,14.8,14.9,85,5.0,23.8,17.0,1006.6,0.8,2.2,5.0,42.7,-39.7,19.94,39.7,7.0
2024-08-07T20:00,15.2,14.8,82,7.6,28.1,0.0,1006.3,0.0,0.0,4.9,42.6,-42.6,19.94,42.6,0.0
2024-08-07T21:00,15.0,14.3,80,8.9,30.6,2.0,1006.3,0.1,0.0,5.0,42.7,-42.6,19.94,42.6,0.2
2024-08-07T22:00,14.3,13.5,82,8.3,31.0,5.0,1006.1,0.2,0.0,5.1,42.8,-42.6,19.94,42.6,0.5
2024-08-07T23:00,14.6,13.5,80,10.1,33.1,0.0,1005.9,0.0,0.0,5.0,42.7,-42.7,19.94,42.7,0.0
2024-08-08T00:00,14.5,13.3,80,10.1,35.3,3.0,1005.5,0.1,0.0,5.0,42.7,-42.6,19.94,42.6,0.2
2024-08-08T01:00,15.2,14.2,77,9.4,35.6,4.0,1005.3,0.2,0.0,5.0,42.7,-42.5,19.94,42.5,0.5
2024-08-08T02:00,15.2,14.6,80,7.9,33.1,2.0,1005.0,0.1,0.0,4.9,42.6,-42.5,19.94,42.5,0.2
2024-08-08T03:00,15.2,14.7,79,7.2,29.9,0.0,1004.8,0.0,0.0,4.9,42.6,-42.6,19.94,42.6,0.0
2024-08-08T04:00,15.9,15.4,75,6.9,27.7,5.0,1004.8,0.2,9.5,4.9,42.6,-32.9,19.94,32.9,22.8
2024-08-08T05:00,16.2,15.7,72,5.8,26.6,55.0,1004.9,2.6,4.6,4.8,42.5,-35.3,19.94,35.3,16.9
2024-08-08T06:00,16.4,16.0,70,4.9,25.2,48.0,1004.8,2.2,2.0,4.8,42.5,-38.3,19.94,38.3,9.9
2024-08-08T07:00,16.8,16.5,69,4.3,23.0,94.0,1004.6,4.4,0.9,4.7,42.4,-37.1,19.94,37.1,12.5
2024-08-08T08:00,17.1,17.0,69,3.6,22.0,162.0,1004.8,7.5,0.2,4.7,42.4,-34.7,19.94,34.7,18.2
2024-08-08T09:00,17.3,17.5,69,2.6,20.2,219.0,1004.5,10.0,0.0,4.7,42.4,-32.4,19.94,32.4,23.6
2024-08-08T10:00,17.6,18.0,69,1.3,18.4,236.0,1004.3,10.8,0.0,4.7,42.4,-31.6,19.94,31.6,25.5
2024-08-08T11:00,17.8,18.3,70,1.4,16.6,238.0,1004.1,10.8,0.0,4.6,42.3,-31.5,19.94,31.5,25.5
2024-08-08T12:00,18.3,18.7,68,2.5,17.6,313.0,1003.7,14.1,0.0,4.6,42.3,-28.2,19.94,28.2,33.3
2024-08-08T13:00,18.7,19.7,72,1.0,15.1,344.0,1003.7,15.4,0.0,4.5,42.2,-26.8,19.94,26.8,36.5
2024-08-08T14:00,19.7,20.1,65,4.0,18.7,323.0,1003.1,14.5,0.5,4.5,42.2,-27.2,19.94,27.2,35.5
2024-08-08T15:00,19.7,19.7,61,4.6,20.2,289.0,1002.8,13.0,1.3,4.5,42.2,-27.9,19.94,27.9,33.9
2024-08-08T16:00,19.3,19.3,61,3.4,19.4,247.0,1002.6,11.2,0.1,4.5,42.2,-30.9,19.94,30.9,26.8
2024-08-08T17:00,18.9,19.2,63,1.5,16.6,194.0,1002.4,8.8,0.0,4.5,42.2,-33.4,19.94,33.4,20.9
2024-08-08T18:00,18.8,19.5,70,2.3,12.6,148.0,1002.2,6.8,0.0,4.5,42.2,-35.4,19.94,35.4,16.1
2024-08-08T19:00,18.7,19.6,73,2.6,11.2,104.0,1001.9,4.8,0.0,4.5,42.2,-37.4,19.94,37.4,11.4
2024-08-08T20:00,18.3,19.8,81,1.6,10.1,68.0,1001.6,3.2,0.0,4.6,42.3,-39.1,19.94,39.1,7.6
2024-08-08T21:00,18.4,19.5,76,1.3,9.7,42.0,1001.4,2.0,0.0,4.6,42.3,-40.3,19.94,40.3,4.7
2024-08-08T22:00,17.8,18.7,76,1.8,10.4,25.0,1000.9,1.2,0.0,4.6,42.3,-41.1,19.94,41.1,2.8
2024-08-08T23:00,17.3,17.7,74,3.2,12.2,17.0,1000.5,0.8,0.0,4.7,42.4,-41.6,19.94,41.6,1.9
2024-08-09T00:00,15.7,15.7,78,4.0,12.6,18.0,1000.4,0.8,0.5,4.9,42.6,-41.3,19.94,41.3,3.1
2024-08-09T01:00,14.3,14.3,86,4.3,15.1,27.0,1000.4,1.3,0.9,5.0,42.7,-40.5,19.94,40.5,5.2
2024-08-09T02:00,14.4,14.6,88,4.1,13.7,40.0,1000.3,1.9,0.6,5.0,42.7,-40.2,19.94,40.2,5.9
2024-08-09T03:00,15.3,15.5,84,4.2,12.6,67.0,1000.0,3.1,0.7,4.9,42.6,-38.8,19.94,38.8,8.9
2024-08-09T04:00,15.9,16.1,81,4.3,13.0,103.0,1000.0,4.8,0.9,4.8,42.5,-36.8,19.94,36.8,13.4
2024-08-09T05:00,16.6,16.6,74,3.6,13.3,146.0,1000.1,6.8,0.2,4.8,42.5,-35.5,19.94,35.5,16.5
2024-08-09T06:00,17.4,17.7,68,1.5,13.0,194.0,999.9,8.9,0.0,4.7,42.4,-33.5,19.94,33.5,21.0
2024-08-09T07:00,18.3,18.7,66,1.1,10.8,240.0,999.7,10.9,0.0,4.6,42.3,-31.4,19.94,31.4,25.8
2024-08-09T08:00,19.3,19.6,60,1.3,11.2,268.0,999.5,12.1,0.0,4.5,42.2,-30.1,19.94,30.1,28.7
2024-08-09T09:00,20.2,20.3,56,1.8,13.0,300.0,999.5,13.4,0.0,4.5,42.2,-28.8,19.94,28.8,31.8
2024-08-09T10:00,20.6,20.5,55,3.6,14.8,342.0,999.4,15.2,0.2,4.5,42.2,-26.8,19.94,26.8,36.5
2024-08-09T11:00,20.4,20.7,61,3.2,15.1,346.0,999.2,15.4,0.0,4.5,42.2,-26.8,19.94,26.8,36.5
2024-08-09T12:00,20.4,21.3,66,2.0,14.0,343.0,999.0,15.3,0.0,4.5,42.2,-26.9,19.94,26.9,36.3
2024-08-09T13:00,20.7,21.7,70,5.1,18.7,245.0,999.0,11.0,2.4,4.5,42.2,-28.8,19.94,28.8,31.8
2024-08-09T14:00,20.2,20.7,68,5.2,19.8,156.0,999.1,7.1,2.7,4.5,42.2,-32.4,19.94,32.4,23.2
2024-08-09T15:00,20.3,21.2,68,3.1,14.4,206.0,998.9,9.3,0.0,4.5,42.2,-32.9,19.94,32.9,22.0
2024-08-09T16:00,20.9,21.6,59,0.7,11.5,193.0,998.5,8.7,0.0,4.5,42.2,-33.5,19.94,33.5,20.6
2024-08-09T17:00,21.0,20.9,54,3.5,14.0,46.0,998.4,2.1,0.1,4.5,42.2,-40.0,19.94,40.0,5.2
2024-08-09T18:00,20.9,20.7,55,4.9,17.6,123.0,998.0,5.6,2.0,4.5,42.2,-34.6,19.94,34.6,18.0
2024-08-09T19:00,20.2,20.2,63,6.4,20.9,89.0,998.0,4.1,7.0,4.5,42.2,-31.1,19.94,31.1,26.3
2024-08-09T20:00,19.2,19.1,68,7.5,23.4,49.0,997.9,2.3,13.1,4.5,42.2,-26.8,19.94,26.8,36.5
2024-08-09T21:00,18.0,17.9,73,7.9,24.5,2.0,998.1,0.1,15.7,4.6,42.3,-26.5,19.94,26.5,37.4
2024-08-09T22:00,16.7,17.0,80,5.6,24.1,2.0,998.2,0.1,3.9,4.8,42.5,-38.5,19.94,38.5,9.4
2024-08-09T23:00,15.8,15.7,80,6.3,20.9,0.0,998.3,0.0,6.6,4.9,42.6,-36.0,19.94,36.0,15.5
2024-08-10T00:00,15.3,15.3,83,5.1,19.4,0.0,998.7,0.0,2.4,4.9,42.6,-40.2,19.94,40.2,5.6
2024-08-10T01:00,14.8,14.4,84,6.8,19.1,11.0,999.2,0.5,9.0,5.0,42.7,-33.2,19.94,33.2,22.2
2024-08-10T02:00,14.3,13.9,85,6.6,19.1,27.0,1000.3,1.3,8.0,5.0,42.7,-33.4,19.94,33.4,21.8
2024-08-10T03:00,14.3,13.7,82,6.8,20.9,6.0,1001.0,0.3,9.0,5.0,42.7,-33.4,19.94,33.4,21.8
2024-08-10T04:00,13.7,13.2,87,6.6,20.9,0.0,1001.9,0.0,8.0,5.1,42.8,-34.8,19.94,34.8,18.7
2024-08-10T05:00,13.3,13.0,89,5.4,18.7,1.0,1002.7,0.0,3.3,5.2,42.9,-39.6,19.94,39.6,7.7
2024-08-10T06:00,13.1,13.1,91,4.1,16.6,64.0,1003.0,3.0,0.6,5.2,42.9,-39.3,19.94,39.3,8.4
2024-08-10T07:00,12.6,12.2,95,6.5,17.6,107.0,1003.5,5.0,7.5,5.2,42.9,-30.4,19.94,30.4,29.1
2024-08-10T08:00,12.2,12.0,98,5.7,18.0,99.0,1004.0,4.7,4.2,5.3,43.0,-34.1,19.94,34.1,20.7
2024-08-10T09:00,12.5,12.4,97,5.2,15.8,117.0,1004.3,5.5,2.7,5.2,42.9,-34.7,19.94,34.7,19.1
2024-08-10T10:00,12.8,12.9,96,4.1,15.5,83.0,1004.8,3.9,0.6,5.2,42.9,-38.4,19.94,38.4,10.5
2024-08-10T11:00,13.7,13.9,90,3.4,13.0,140.0,1004.7,6.6,0.1,5.1,42.8,-36.1,19.94,36.1,15.7
2024-08-10T12:00,14.1,13.8,88,6.6,15.8,163.0,1004.4,7.6,8.0,5.1,42.8,-27.2,19.94,27.2,36.4
2024-08-10T13:00,15.1,15.1,82,5.0,14.0,213.0,1004.5,9.8,2.2,4.9,42.6,-30.6,19.94,30.6,28.2
2024-08-10T14:00,15.4,15.4,83,5.6,15.5,223.0,1004.4,10.3,3.9,4.9,42.6,-28.4,19.94,28.4,33.3
2024-08-10T15:00,15.7,15.8,84,6.2,16.9,200.0,1004.2,9.2,6.2,4.9,42.6,-27.2,19.94,27.2,36.2
2024-08-10T16:00,16.2,16.5,84,5.6,17.6,153.0,1004.2,7.1,3.9,4.8,42.5,-31.5,19.94,31.5,25.9
2024-08-10T17:00,16.3,16.9,83,4.1,17.3,132.0,1004.2,6.1,0.6,4.8,42.5,-35.8,19.94,35.8,15.8
2024-08-10T18:00,16.2,16.7,83,4.2,16.6,65.0,1004.1,3.0,0.7,4.8,42.5,-38.8,19.94,38.8,8.7
2024-08-10T19:00,16.5,16.4,77,6.5,22.3,4.0,1004.0,0.2,7.5,4.8,42.5,-34.8,19.94,34.8,18.1
2024-08-10T20:00,16.3,15.3,72,9.6,29.9,4.0,1004.0,0.2,0.0,4.8,42.5,-42.3,19.94,42.3,0.5
2024-08-10T21:00,15.9,14.5,70,11.3,33.1,1.0,1003.8,0.0,0.0,4.9,42.6,-42.6,19.94,42.6,0.0
2024-08-10T22:00,15.5,13.8,70,11.8,34.9,1.0,1003.9,0.0,0.0,4.9,42.6,-42.6,19.94,42.6,0.0
2024-08-10T23:00,15.2,13.4,70,11.8,34.9,1.0,1004.0,0.0,0.0,5.0,42.7,-42.7,19.94,42.7,0.0
2024-08-11T00:00,14.5,12.8,73,11.7,34.9,9.0,1004.2,0.4,0.0,5.1,42.8,-42.4,19.94,42.4,0.9
2024-08-11T01:00,14.6,12.8,73,12.3,39.2,19.0,1004.5,0.9,0.0,5.0,42.7,-41.8,19.94,41.8,2.1
2024-08-11T02:00,14.5,12.8,73,11.6,38.2,33.0,1004.6,1.6,0.0,5.1,42.8,-41.2,19.94,41.2,3.7
2024-08-11T03:00,14.7,13.0,72,11.3,38.2,60.0,1004.6,2.8,0.0,5.0,42.7,-39.9,19.94,39.9,6.6
2024-08-11T04:00,15.1,13.4,70,11.8,38.9,90.0,1004.7,4.2,0.0,5.0,42.7,-38.5,19.94,38.5,9.8
2024-08-11T05:00,15.4,13.5,70,12.5,40.7,136.0,1004.5,6.3,0.0,5.0,42.7,-36.4,19.94,36.4,14.8
2024-08-11T06:00,15.4,13.4,70,14.3,43.9,190.0,1004.6,8.8,0.0,5.0,42.7,-33.9,19.94,33.9,20.6
2024-08-11T07:00,15.8,14.0,71,14.2,44.3,235.0,1004.6,10.8,0.0,4.9,42.6,-31.8,19.94,31.8,25.4
2024-08-11T08:00,16.5,15.0,71,13.2,42.8,280.0,1004.7,12.8,0.0,4.8,42.5,-29.7,19.94,29.7,30.1
2024-08-11T09:00,17.3,16.2,69,11.2,40.7,317.0,1004.7,14.3,0.0,4.7,42.4,-28.1,19.94,28.1,33.7
2024-08-11T10:00,18.0,16.9,67,11.2,36.4,343.0,1004.5,15.4,0.0,4.6,42.3,-26.9,19.94,26.9,36.4
2024-08-11T11:00,18.1,16.8,66,12.0,36.7,364.0,1004.6,16.3,0.0,4.6,42.3,-26.0,19.94,26.0,38.5
2024-08-11T12:00,17.7,16.4,68,12.5,37.8,368.0,1004.7,16.5,0.0,4.7,42.4,-25.9,19.94,25.9,38.9
2024-08-11T13:00,17.9,16.5,68,14.0,42.1,352.0,1004.4,15.8,0.0,4.6,42.3,-26.5,19.94,26.5,37.4
2024-08-11T14:00,17.4,15.8,68,14.7,44.6,323.0,1004.3,14.6,0.0,4.7,42.4,-27.8,19.94,27.8,34.4
2024-08-11T15:00,16.8,15.1,70,14.8,45.7,284.0,1004.2,12.9,0.0,4.8,42.5,-29.6,19.94,29.6,30.4
2024-08-11T16:00,16.3,14.6,72,14.3,45.7,238.0,1004.4,10.9,0.0,4.8,42.5,-31.6,19.94,31.6,25.6
2024-08-11T17:00,15.9,14.2,74,14.5,45.7,180.0,1004.6,8.3,0.0,4.9,42.6,-34.3,19.94,34.3,19.5
2024-08-11T18:00,15.8,14.0,72,14.3,46.8,105.0,1004.3,4.9,0.0,4.9,42.6,-37.7,19.94,37.7,11.5
2024-08-11T19:00,15.8,14.5,71,10.5,46.1,82.0,1004.2,3.8,0.0,4.9,42.6,-38.8,19.94,38.8,8.9
2024-08-11T20:00,14.8,13.4,76,11.3,38.2,46.0,1004.1,2.2,0.0,5.0,42.7,-40.5,19.94,40.5,5.2
2024-08-11T21:00,13.6,11.8,82,13.8,41.4,28.0,1004.3,1.3,0.0,5.2,42.9,-41.6,19.94,41.6,3.0
2024-08-11T22:00,12.8,10.9,85,14.2,43.6,20.0,1004.2,1.0,0.0,5.3,43.0,-42.0,19.94,42.0,2.3
2024-08-11T23:00,12.5,10.6,86,14.2,44.3,12.0,1004.1,0.6,0.0,5.3,43.0,-42.4,19.94,42.4,1.4
2024-08-12T00:00,12.4,10.4,86,14.5,44.6,9.0,1004.0,0.4,0.0,5.3,43.0,-42.6,19.94,42.6,0.9
2024-08-12T01:00,13.0,11.0,86,14.8,48.2,12.0,1003.9,0.6,0.0,5.3,43.0,-42.4,19.94,42.4,1.4
2024-08-12T02:00,13.0,11.1,86,14.3,45.4,15.0,1004.1,0.7,0.0,5.3,43.0,-42.3,19.94,42.3,1.6
2024-08-12T03:00,12.7,11.2,89,12.6,43.9,25.0,1004.3,1.2,0.0,5.3,43.0,-41.8,19.94,41.8,2.8
2024-08-12T04:00,13.2,11.7,86,13.0,41.4,42.0,1004.4,2.0,0.0,5.2,42.9,-40.9,19.94,40.9,4.7
2024-08-12T05:00,13.6,12.3,89,12.7,41.4,69.0,1004.6,3.3,0.0,5.2,42.9,-39.6,19.94,39.6,7.7
2024-08-12T06:00,14.4,13.1,86,12.8,42.5,90.0,1004.9,4.2,0.0,5.1,42.8,-38.6,19.94,38.6,9.8
2024-08-12T07:00,15.5,14.3,80,12.6,42.5,163.0,1004.8,7.6,0.0,4.9,42.6,-35.0,19.94,35.0,17.8
2024-08-12T08:00,17.0,15.8,72,12.0,42.5,269.0,1004.8,12.2,0.0,4.7,42.4,-30.2,19.94,30.2,28.8
2024-08-12T09:00,17.9,16.5,65,12.1,41.8,321.0,1004.6,14.5,0.0,4.6,42.3,-27.8,19.94,27.8,34.3
2024-08-12T10:00,18.2,16.6,60,12.2,42.1,346.0,1004.5,15.5,0.0,4.6,42.3,-26.8,19.94,26.8,36.6
2024-08-12T11:00,18.4,16.6,59,12.4,41.8,364.0,1004.5,16.3,0.0,4.6,42.3,-26.0,19.94,26.0,38.5
2024-08-12T12:00,18.3,16.7,59,11.8,41.8,357.0,1004.3,16.0,0.0,4.6,42.3,-26.3,19.94,26.3,37.8
2024-08-12T13:00,18.5,16.4,61,16.1,47.5,335.0,1004.0,15.0,0.0,4.6,42.3,-27.3,19.94,27.3,35.5
2024-08-12T14:00,17.2,15.1,69,17.3,50.4,324.0,1003.8,14.6,0.0,4.7,42.4,-27.8,19.94,27.8,34.4
2024-08-12T15:00,16.2,14.4,74,16.5,50.8,286.0,1003.5,13.0,0.0,4.9,42.6,-29.6,19.94,29.6,30.5
2024-08-12T16:00,15.5,13.9,79,14.8,50.0,193.0,1003.3,8.9,0.0,4.9,42.6,-33.7,19.94,33.7,20.9
2024-08-12T17:00,14.7,13.2,82,13.5,47.2,102.0,1003.0,4.8,0.0,5.0,42.7,-37.9,19.94,37.9,11.2
2024-08-12T18:00,14.1,12.7,83,12.3,44.3,26.0,1002.8,1.2,0.0,5.1,42.8,-41.6,19.94,41.6,2.8
2024-08-12T19:00,13.5,12.6,85,8.0,39.2,1.0,1002.9,0.0,0.0,5.2,42.9,-42.9,19.94,42.9,0.0
2024-08-12T20:00,13.0,12.2,85,7.5,32.4,0.0,1003.0,0.0,0.0,5.2,42.9,-42.9,19.94,42.9,0.0
2024-08-12T21:00,12.9,12.5,87,5.2,31.3,0.0,1003.1,0.0,0.0,5.2,42.9,-42.9,19.94,42.9,0.0
2024-08-12T22:00,12.6,12.0,90,5.9,21.2,0.0,1002.9,0.0,5.0,5.2,42.9,-37.9,19.94,37.9,11.7
2024-08-12T23:00,11.7,11.0,95,7.3,20.9,0.0,1003.4,0.0,11.8,5.4,43.1,-31.3,19.94,31.3,27.4
2024-08-13T00:00,11.0,10.2,97,7.3,20.9,0.0,1003.7,0.0,11.8,5.4,43.1,-31.3,19.94,31.3,27.4
2024-08-13T01:00,11.1,10.3,94,6.1,19.1,0.0,1003.9,0.0,5.8,5.4,43.1,-37.3,19.94,37.3,13.5
2024-08-13T02:00,10.3,9.2,96,7.2,19.4,0.0,1004.3,0.0,11.2,5.5,43.2,-32.0,19.94,32.0,25.9
2024-08-13T03:00,9.3,8.0,99,7.4,20.9,0.0,1004.3,0.0,12.4,5.6,43.3,-30.9,19.94,30.9,28.6
2024-08-13T04:00,8.7,7.0,98,8.8,23.8,1.0,1004.7,0.0,22.8,5.7,43.4,-20.6,19.94,20.6,52.5
2024-08-13T05:00,8.2,6.5,98,8.1,24.5,0.0,1005.1,0.0,17.2,5.8,43.5,-26.3,19.94,26.3,39.5
2024-08-13T06:00,8.1,6.3,97,8.6,25.6,4.0,1005.4,0.2,21.1,5.8,43.5,-22.2,19.94,22.2,49.0
2024-08-13T07:00,8.0,6.0,93,8.7,26.3,0.0,1005.8,0.0,22.0,5.8,43.5,-21.5,19.94,21.5,50.6
2024-08-13T08:00,8.3,5.9,87,9.7,28.1,4.0,1006.0,0.2,0.0,5.8,43.5,-43.3,19.94,43.3,0.5
2024-08-13T09:00,8.5,5.8,86,12.7,32.8,3.0,1006.1,0.1,0.0,5.8,43.5,-43.4,19.94,43.4,0.2
2024-08-13T10:00,8.8,5.7,85,15.3,39.6,9.0,1006.5,0.4,0.0,5.8,43.5,-43.1,19.94,43.1,0.9
2024-08-13T11:00,9.1,5.8,82,16.8,45.4,18.0,1006.5,0.9,0.0,5.8,43.5,-42.6,19.94,42.6,2.1
2024-08-13T12:00,9.3,5.8,81,18.2,49.7,11.0,1006.5,0.5,0.0,5.8,43.5,-43.0,19.94,43.0,1.1
2024-08-13T13:00,9.4,6.0,84,17.6,49.3,22.0,1006.6,1.1,0.0,5.8,43.5,-42.4,19.94,42.4,2.5
2024-08-13T14:00,9.3,5.8,84,18.1,50.4,5.0,1006.7,0.2,0.0,5.8,43.5,-43.3,19.94,43.3,0.5
2024-08-13T15:00,8.9,5.4,85,18.6,52.6,1.0,1006.9,0.0,0.0,5.9,43.6,-43.6,19.94,43.6,0.0
2024-08-13T16:00,8.8,5.3,86,18.6,52.2,0.0,1007.1,0.0,0.0,5.9,43.6,-43.6,19.94,43.6,0.0
2024-08-13T17:00,8.7,5.3,87,18.0,51.8,0.0,1007.5,0.0,0.0,5.9,43.6,-43.6,19.94,43.6,0.0
2024-08-13T18:00,8.9,5.3,85,18.2,52.2,2.0,1007.3,0.1,0.0,5.8,43.5,-43.4,19.94,43.4,0.2
2024-08-13T19:00,9.0,5.7,87,17.8,51.5,0.0,1007.5,0.0,0.0,5.8,43.5,-43.5,19.94,43.5,0.0
2024-08-13T20:00,9.1,6.0,88,16.0,51.1,0.0,1007.9,0.0,0.0,5.8,43.5,-43.5,19.94,43.5,0.0
2024-08-13T21:00,9.1,6.5,89,13.3,47.9,0.0,1008.1,0.0,0.0,5.7,43.4,-43.4,19.94,43.4,0.0
2024-08-13T22:00,9.1,6.8,89,11.5,41.4,0.0,1008.0,0.0,0.0,5.7,43.4,-43.4,19.94,43.4,0.0
2024-08-13T23:00,9.2,7.6,91,7.6,34.9,0.0,1008.0,0.0,0.0,5.7,43.4,-43.4,19.94,43.4,0.0
2024-08-14T00:00,9.1,7.7,94,6.8,29.2,0.0,1008.1,0.0,0.0,5.7,43.4,-43.4,19.94,43.4,0.0
2024-08-14T01:00,8.8,7.2,94,7.2,28.8,0.0,1008.6,0.0,0.0,5.7,43.4,-43.4,19.94,43.4,0.0
2024-08-14T02:00,8.9,7.5,96,6.5,27.0,0.0,1008.6,0.0,7.5,5.7,43.4,-35.9,19.94,35.9,17.3
2024-08-14T03:00,9.0,7.6,96,6.8,26.3,0.0,1008.3,0.0,9.0,5.7,43.4,-34.4,19.94,34.4,20.7
2024-08-14T04:00,9.2,7.7,95,7.2,27.0,0.0,1008.1,0.0,11.2,5.6,43.3,-32.1,19.94,32.1,25.9
2024-08-14T05:00,9.7,8.0,91,8.3,27.7,0.0,1007.9,0.0,18.7,5.6,43.3,-24.6,19.94,24.6,43.2
2024-08-14T06:00,9.8,8.1,92,9.3,28.1,0.0,1007.5,0.0,0.0,5.6,43.3,-43.3,19.94,43.3,0.0
2024-08-14T07:00,10.4,8.6,88,9.7,28.8,15.0,1007.3,0.7,0.0,5.5,43.2,-42.5,19.94,42.5,1.6
2024-08-14T08:00,10.5,8.7,84,9.2,27.0,0.0,1007.2,0.0,26.4,5.5,43.2,-16.8,19.94,16.8,61.1
2024-08-14T09:00,11.0,9.2,83,8.9,26.6,0.0,1007.1,0.0,23.7,5.5,43.2,-19.5,19.94,19.5,54.9
2024-08-14T10:00,11.6,9.6,79,10.7,29.9,1.0,1006.6,0.0,0.0,5.4,43.1,-43.1,19.94,43.1,0.0
2024-08-14T11:00,11.9,9.9,77,10.7,33.1,0.0,1006.2,0.0,0.0,5.4,43.1,-43.1,19.94,43.1,0.0
2024-08-14T12:00,12.7,10.6,75,11.6,35.6,0.0,1005.5,0.0,0.0,5.3,43.0,-43.0,19.94,43.0,0.0
2024-08-14T13:00,12.3,10.5,78,9.9,35.3,0.0,1005.4,0.0,0.0,5.3,43.0,-43.0,19.94,43.0,0.0
2024-08-14T14:00,12.5,11.0,80,9.0,34.2,0.0,1005.5,0.0,0.0,5.3,43.0,-43.0,19.94,43.0,0.0
2024-08-14T15:00,12.6,11.4,82,7.9,32.0,0.0,1005.2,0.0,0.0,5.3,43.0,-43.0,19.94,43.0,0.0
2024-08-14T16:00,13.1,12.0,81,7.6,27.0,9.0,1004.9,0.4,13.7,5.2,42.9,-28.8,19.94,28.8,32.9
2024-08-14T17:00,13.2,12.3,81,6.6,25.2,2.0,1004.4,0.1,8.0,5.2,42.9,-34.8,19.94,34.8,18.9
2024-08-14T18:00,13.1,12.3,82,6.1,22.3,1.0,1004.0,0.0,5.8,5.2,42.9,-37.1,19.94,37.1,13.5
2024-08-14T19:00,13.0,12.2,83,6.2,22.3,2.0,1003.6,0.1,6.2,5.2,42.9,-36.6,19.94,36.6,14.7
2024-08-14T20:00,12.7,11.5,84,8.2,23.8,1.0,1003.4,0.0,17.9,5.2,42.9,-25.0,19.94,25.0,41.7
2024-08-14T21:00,12.1,10.8,86,8.9,26.6,0.0,1003.0,0.0,23.7,5.3,43.0,-19.3,19.94,19.3,55.1
2024-08-14T22:00,11.6,10.0,87,10.5,29.9,0.0,1002.6,0.0,0.0,5.4,43.1,-43.1,19.94,43.1,0.0
2024-08-14T23:00,11.4,9.8,87,10.0,30.6,0.0,1002.1,0.0,0.0,5.4,43.1,-43.1,19.94,43.1,0.0
2024-08-15T00:00,11.1,9.2,87,11.7,31.0,0.0,1001.5,0.0,0.0,5.5,43.2,-43.2,19.94,43.2,0.0
2024-08-15T01:00,10.8,8.8,88,12.0,32.4,0.0,1001.8,0.0,0.0,5.5,43.2,-43.2,19.94,43.2,0.0
2024-08-15T02:00,11.2,9.2,88,12.5,33.5,1.0,1001.4,0.0,0.0,5.5,43.2,-43.2,19.94,43.2,0.0
2024-08-15T03:00,11.3,9.4,89,12.7,34.9,0.0,1000.7,0.0,0.0,5.5,43.2,-43.2,19.94,43.2,0.0
2024-08-15T04:00,12.0,10.3,88,12.2,37.8,8.0,1000.3,0.4,0.0,5.4,43.1,-42.7,19.94,42.7,0.9
2024-08-15T05:00,12.5,11.3,87,9.7,39.6,2.0,1000.2,0.1,0.0,5.3,43.0,-42.9,19.94,42.9,0.2
2024-08-15T06:00,13.5,12.3,85,10.7,37.8,58.0,999.9,2.7,0.0,5.2,42.9,-40.2,19.94,40.2,6.3
2024-08-15T07:00,14.3,13.4,84,10.2,40.0,27.0,999.6,1.3,0.0,5.1,42.8,-41.5,19.94,41.5,3.0
2024-08-15T08:00,15.4,14.8,81,9.2,38.9,73.0,999.6,3.4,0.0,4.9,42.6,-39.2,19.94,39.2,8.0
2024-08-15T09:00,16.4,16.2,77,6.7,34.6,39.0,999.9,1.8,0.0,4.8,42.5,-40.7,19.94,40.7,4.2
2024-08-15T10:00,16.6,16.7,78,5.7,27.0,136.0,1000.3,6.3,4.2,4.8,42.5,-32.0,19.94,32.0,24.7
2024-08-15T11:00,16.6,16.1,78,9.3,28.4,118.0,1000.6,5.5,0.0,4.8,42.5,-37.0,19.94,37.0,12.9
2024-08-15T12:00,16.4,15.7,77,10.0,29.9,24.0,1000.7,1.1,0.0,4.8,42.5,-41.4,19.94,41.4,2.6
2024-08-15T13:00,14.6,14.0,83,8.1,29.2,0.0,1001.5,0.0,0.0,5.0,42.7,-42.7,19.94,42.7,0.0
2024-08-15T14:00,14.7,13.4,78,11.2,32.0,3.0,1001.9,0.1,0.0,5.0,42.7,-42.6,19.94,42.6,0.2
2024-08-15T15:00,14.5,13.1,78,10.8,33.8,7.0,1001.9,0.3,0.0,5.1,42.8,-42.5,19.94,42.5,0.7
2024-08-15T16:00,13.4,12.9,83,4.8,29.2,0.0,1001.9,0.0,0.0,5.1,42.8,-42.8,19.94,42.8,0.0
2024-08-15T17:00,12.7,12.3,88,4.1,13.7,0.0,1002.1,0.0,0.6,5.2,42.9,-42.3,19.94,42.3,1.4
2024-08-15T18:00,12.3,12.0,91,4.3,10.8,0.0,1002.0,0.0,0.9,5.3,43.0,-42.1,19.94,42.1,2.1
2024-08-15T19:00,12.1,11.8,94,4.7,10.4,0.0,1002.0,0.0,1.5,5.3,43.0,-41.5,19.94,41.5,3.5
2024-08-15T20:00,11.8,11.5,95,4.2,10.4,0.0,1002.2,0.0,0.7,5.3,43.0,-42.3,19.94,42.3,1.6
2024-08-15T21:00,11.4,11.1,97,4.7,9.7,0.0,1002.2,0.0,1.5,5.4,43.1,-41.6,19.94,41.6,3.5
2024-08-15T22:00,11.0,10.4,98,5.7,12.2,0.0,1002.2,0.0,4.2,5.4,43.1,-38.9,19.94,38.9,9.7
2024-08-15T23:00,10.7,10.2,98,4.6,12.2,0.0,1002.2,0.0,1.3,5.4,43.1,-41.8,19.94,41.8,3.0
2024-08-16T00:00,10.7,10.4,97,2.9,10.1,0.0,1002.0,0.0,0.0,5.4,43.1,-43.1,19.94,43.1,0.0
2024-08-16T01:00,10.7,10.3,95,2.7,9.4,0.0,1001.9,0.0,0.0,5.4,43.1,-43.1,19.94,43.1,0.0
2024-08-16T02:00,11.0,10.7,94,2.8,7.6,0.0,1001.6,0.0,0.0,5.4,43.1,-43.1,19.94,43.1,0.0
2024-08-16T03:00,11.2,10.9,94,3.1,9.4,0.0,1001.2,0.0,0.0,5.4,43.1,-43.1,19.94,43.1,0.0
2024-08-16T04:00,11.4,11.0,94,4.1,11.2,0.0,1000.9,0.0,0.6,5.4,43.1,-42.5,19.94,42.5,1.4
2024-08-16T05:00,11.6,11.2,94,4.7,12.6,4.0,1000.4,0.2,1.5,5.3,43.0,-41.3,19.94,41.3,4.0
2024-08-16T06:00,12.3,11.7,90,5.4,15.5,1.0,999.9,0.0,3.3,5.3,43.0,-39.7,19.94,39.7,7.7
2024-08-16T07:00,12.6,12.0,88,6.2,17.3,4.0,999.5,0.2,6.2,5.2,42.9,-36.5,19.94,36.5,14.9
2024-08-16T08:00,13.6,12.7,82,7.8,23.0,60.0,999.1,2.8,15.1,5.1,42.8,-24.9,19.94,24.9,41.8
2024-08-16T09:00,14.1,13.2,76,5.9,23.0,62.0,999.0,2.9,5.0,5.1,42.8,-34.9,19.94,34.9,18.5
2024-08-16T10:00,14.7,13.4,70,7.8,22.0,175.0,998.4,8.1,15.1,5.0,42.7,-19.5,19.94,19.5,54.3
2024-08-16T11:00,14.9,13.4,69,9.4,25.2,146.0,997.8,6.8,28.3,5.0,42.7,-7.6,19.94,7.6,82.2
2024-08-16T12:00,14.8,13.0,70,11.3,29.9,92.0,997.2,4.3,0.0,5.0,42.7,-38.4,19.94,38.4,10.1
2024-08-16T13:00,14.5,13.0,75,10.9,29.2,78.0,997.0,3.7,0.0,5.1,42.8,-39.1,19.94,39.1,8.6
2024-08-16T14:00,13.8,12.4,79,10.5,29.5,24.0,996.6,1.1,0.0,5.1,42.8,-41.7,19.94,41.7,2.6
2024-08-16T15:00,13.2,11.7,83,11.3,31.7,120.0,996.2,5.6,0.0,5.2,42.9,-37.3,19.94,37.3,13.1
2024-08-16T16:00,12.3,10.6,86,12.0,34.9,54.0,995.5,2.6,0.0,5.3,43.0,-40.4,19.94,40.4,6.0
2024-08-16T17:00,11.5,9.8,88,11.6,36.0,12.0,995.3,0.6,0.0,5.4,43.1,-42.5,19.94,42.5,1.4
2024-08-16T18:00,11.0,9.1,89,12.0,37.1,0.0,994.6,0.0,0.0,5.5,43.2,-43.2,19.94,43.2,0.0
2024-08-16T19:00,10.7,8.7,89,11.9,39.6,0.0,993.8,0.0,0.0,5.5,43.2,-43.2,19.94,43.2,0.0
2024-08-16T20:00,10.6,8.4,87,12.3,40.0,0.0,993.3,0.0,0.0,5.5,43.2,-43.2,19.94,43.2,0.0
2024-08-16T21:00,11.1,8.9,85,13.0,42.1,0.0,993.0,0.0,0.0,5.5,43.2,-43.2,19.94,43.2,0.0
2024-08-16T22:00,11.3,9.0,84,14.0,43.9,0.0,992.2,0.0,0.0,5.5,43.2,-43.2,19.94,43.2,0.0
2024-08-16T23:00,11.2,8.9,86,14.1,45.7,0.0,991.8,0.0,0.0,5.5,43.2,-43.2,19.94,43.2,0.0
2024-08-17T00:00,11.1,8.8,87,14.1,45.7,0.0,991.4,0.0,0.0,5.5,43.2,-43.2,19.94,43.2,0.0
2024-08-17T01:00,11.9,9.3,86,16.9,54.0,0.0,990.4,0.0,0.0,5.4,43.1,-43.1,19.94,43.1,0.0
2024-08-17T02:00,12.1,9.6,86,16.7,55.1,0.0,990.3,0.0,0.0,5.4,43.1,-43.1,19.94,43.1,0.0
2024-08-17T03:00,12.3,10.0,86,16.7,54.7,0.0,990.0,0.0,0.0,5.4,43.1,-43.1,19.94,43.1,0.0
2024-08-17T04:00,12.5,10.0,85,16.9,53.6,0.0,989.6,0.0,0.0,5.4,43.1,-43.1,19.94,43.1,0.0
2024-08-17T05:00,12.3,9.7,85,17.2,54.0,0.0,989.5,0.0,0.0,5.4,43.1,-43.1,19.94,43.1,0.0
2024-08-17T06:00,12.7,10.3,84,16.6,52.9,0.0,989.4,0.0,0.0,5.3,43.0,-43.0,19.94,43.0,0.0
2024-08-17T07:00,12.7,10.5,86,16.0,50.0,0.0,989.3,0.0,0.0,5.3,43.0,-43.0,19.94,43.0,0.0
2024-08-17T08:00,12.8,10.9,83,13.5,47.9,0.0,989.3,0.0,0.0,5.3,43.0,-43.0,19.94,43.0,0.0
2024-08-17T09:00,13.2,11.8,83,10.2,41.0,0.0,989.9,0.0,0.0,5.2,42.9,-42.9,19.94,42.9,0.0
2024-08-17T10:00,13.2,12.3,84,7.4,32.4,0.0,990.4,0.0,0.0,5.2,42.9,-42.9,19.94,42.9,0.0
2024-08-17T11:00,13.1,12.6,85,4.3,25.6,0.0,990.8,0.0,0.9,5.2,42.9,-42.0,19.94,42.0,2.1
2024-08-17T12:00,13.2,12.6,84,5.9,15.8,0.0,991.3,0.0,5.0,5.2,42.9,-37.9,19.94,37.9,11.7
2024-08-17T13:00,13.0,12.6,91,5.6,18.7,0.0,991.5,0.0,3.9,5.2,42.9,-39.0,19.94,39.0,9.1
2024-08-17T14:00,12.3,11.9,92,4.7,14.0,0.0,991.9,0.0,1.5,5.3,43.0,-41.5,19.94,41.5,3.5
2024-08-17T15:00,11.8,11.5,94,4.1,11.5,0.0,992.3,0.0,0.6,5.3,43.0,-42.4,19.94,42.4,1.4
2024-08-17T16:00,11.4,11.0,95,4.6,11.9,0.0,992.8,0.0,1.3,5.4,43.1,-41.8,19.94,41.8,3.0
2024-08-17T17:00,11.3,10.7,94,5.1,14.0,0.0,993.5,0.0,2.4,5.4,43.1,-40.7,19.94,40.7,5.6
2024-08-17T18:00,11.1,10.4,93,4.9,14.4,0.0,993.9,0.0,2.0,5.4,43.1,-41.1,19.94,41.1,4.6
2024-08-17T19:00,10.8,10.0,93,5.1,15.5,0.0,994.4,0.0,2.4,5.4,43.1,-40.7,19.94,40.7,5.6
2024-08-17T20:00,10.5,9.8,93,4.1,14.8,3.0,995.1,0.1,0.6,5.5,43.2,-42.5,19.94,42.5,1.6
2024-08-17T21:00,10.4,9.7,90,3.3,12.2,2.0,995.5,0.1,0.0,5.5,43.2,-43.1,19.94,43.1,0.2
2024-08-17T22:00,10.0,9.2,89,3.1,10.4,3.0,996.1,0.1,0.0,5.5,43.2,-43.1,19.94,43.1,0.2
2024-08-17T23:00,9.5,8.4,88,3.8,11.9,3.0,996.5,0.1,0.3,5.6,43.3,-42.9,19.94,42.9,0.9
2024-08-18T00:00,8.7,7.3,89,4.6,13.3,2.0,996.7,0.1,1.3,5.7,43.4,-42.0,19.94,42.0,3.2
2024-08-18T01:00,7.7,5.9,95,7.0,18.0,3.0,997.0,0.1,10.1,5.8,43.5,-33.3,19.94,33.3,23.4
2024-08-18T02:00,7.2,5.3,99,7.9,19.8,4.0,997.2,0.2,15.7,5.9,43.6,-27.7,19.94,27.7,36.5
2024-08-18T03:00,7.0,5.0,99,8.4,22.0,4.0,997.2,0.2,19.5,5.9,43.6,-23.9,19.94,23.9,45.2
2024-08-18T04:00,9.1,7.5,93,7.7,23.4,0.0,997.6,0.0,14.4,5.7,43.4,-29.0,19.94,29.0,33.2
2024-08-18T05:00,11.4,10.1,81,6.2,23.4,10.0,997.9,0.5,6.2,5.4,43.1,-36.4,19.94,36.4,15.5
2024-08-18T06:00,13.0,11.8,78,6.5,22.0,75.0,998.1,3.5,7.5,5.2,42.9,-31.9,19.94,31.9,25.6
2024-08-18T07:00,13.7,12.4,76,8.6,26.3,40.0,998.3,1.9,21.1,5.1,42.8,-19.8,19.94,19.8,53.7
2024-08-18T08:00,14.2,12.9,75,8.7,26.6,32.0,998.5,1.5,22.0,5.1,42.8,-19.3,19.94,19.3,54.9
2024-08-18T09:00,14.5,13.0,74,10.2,29.5,147.0,998.8,6.9,0.0,5.0,42.7,-35.8,19.94,35.8,16.2
2024-08-18T10:00,14.3,12.9,74,9.4,29.5,159.0,999.2,7.4,0.0,5.1,42.8,-35.4,19.94,35.4,17.3
2024-08-18T11:00,14.2,12.9,72,8.2,27.4,76.0,999.6,3.6,17.9,5.1,42.8,-21.3,19.94,21.3,50.2
2024-08-18T12:00,14.6,13.2,68,7.6,24.1,154.0,999.5,7.2,13.7,5.0,42.7,-21.8,19.94,21.8,48.9
2024-08-18T13:00,14.3,13.0,72,8.0,23.4,210.0,999.9,9.7,16.5,5.1,42.8,-16.6,19.94,16.6,61.2
2024-08-18T14:00,14.4,13.1,71,7.7,23.4,225.0,1000.0,10.4,14.4,5.0,42.7,-17.9,19.94,17.9,58.1
2024-08-18T15:00,14.4,13.2,70,6.3,22.7,177.0,999.9,8.2,6.6,5.0,42.7,-27.9,19.94,27.9,34.7
2024-08-18T16:00,14.3,13.3,68,4.0,19.1,157.0,999.8,7.3,0.5,5.0,42.7,-34.9,19.94,34.9,18.3
2024-08-18T17:00,14.1,13.0,68,4.7,14.8,134.0,999.7,6.3,1.5,5.1,42.8,-35.0,19.94,35.0,18.2
2024-08-18T18:00,13.6,12.5,73,5.4,17.3,103.0,999.7,4.8,3.3,5.1,42.8,-34.7,19.94,34.7,18.9
2024-08-18T19:00,12.9,11.8,79,6.9,19.4,58.0,999.8,2.7,9.5,5.2,42.9,-30.7,19.94,30.7,28.4
2024-08-18T20:00,11.9,10.7,84,7.5,21.2,24.0,1000.1,1.1,13.1,5.3,43.0,-28.8,19.94,28.8,33.0
2024-08-18T21:00,11.4,10.2,86,7.4,21.6,2.0,1000.2,0.1,12.4,5.4,43.1,-30.6,19.94,30.6,29.0
2024-08-18T22:00,10.5,9.1,90,7.7,22.7,3.0,1000.0,0.1,14.4,5.5,43.2,-28.7,19.94,28.7,33.6
2024-08-18T23:00,10.4,8.8,91,9.7,25.9,1.0,1000.1,0.0,31.3,5.5,43.2,-11.9,19.94,11.9,72.5
2024-08-19T00:00,9.9,8.0,92,11.0,29.2,0.0,999.7,0.0,0.0,5.6,43.3,-43.3,19.94,43.3,0.0
2024-08-19T01:00,10.1,8.2,94,11.5,32.8,0.0,999.7,0.0,0.0,5.6,43.3,-43.3,19.94,43.3,0.0
2024-08-19T02:00,10.1,8.3,94,11.2,33.8,1.0,999.7,0.0,0.0,5.6,43.3,-43.3,19.94,43.3,0.0
2024-08-19T03:00,10.2,8.3,94,11.2,34.9,4.0,999.6,0.2,0.0,5.6,43.3,-43.1,19.94,43.1,0.5
2024-08-19T04:00,10.8,9.1,92,11.2,36.4,4.0,999.5,0.2,0.0,5.5,43.2,-43.0,19.94,43.0,0.5
2024-08-19T05:00,11.2,9.7,90,10.2,36.7,4.0,999.4,0.2,0.0,5.4,43.1,-42.9,19.94,42.9,0.5
2024-08-19T06:00,11.2,9.6,90,10.4,34.2,1.0,999.3,0.0,0.0,5.5,43.2,-43.2,19.94,43.2,0.0
2024-08-19T07:00,11.2,9.5,88,10.3,33.8,1.0,999.4,0.0,0.0,5.4,43.1,-43.1,19.94,43.1,0.0
2024-08-19T08:00,11.2,9.6,88,9.8,33.5,0.0,999.5,0.0,0.0,5.4,43.1,-43.1,19.94,43.1,0.0
2024-08-19T09:00,11.6,9.9,85,10.6,32.8,20.0,999.4,1.0,0.0,5.4,43.1,-42.1,19.94,42.1,2.3
2024-08-19T10:00,12.4,10.5,81,11.6,35.6,64.0,999.2,3.0,0.0,5.3,43.0,-40.0,19.94,40.0,7.0
2024-08-19T11:00,12.5,10.4,81,12.8,38.5,96.0,999.2,4.5,0.0,5.3,43.0,-38.5,19.94,38.5,10.5
2024-08-19T12:00,12.1,9.7,82,15.2,45.4,91.0,999.0,4.3,0.0,5.4,43.1,-38.8,19.94,38.8,10.0
2024-08-19T13:00,11.4,8.7,82,16.0,47.5,14.0,998.9,0.7,0.0,5.5,43.2,-42.5,19.94,42.5,1.6
2024-08-19T14:00,11.9,8.8,79,19.0,53.3,56.0,998.6,2.7,0.0,5.5,43.2,-40.5,19.94,40.5,6.2
2024-08-19T15:00,11.8,9.0,80,16.5,53.3,8.0,998.4,0.4,0.0,5.4,43.1,-42.7,19.94,42.7,0.9
2024-08-19T16:00,11.5,8.9,81,15.0,49.7,4.0,998.2,0.2,0.0,5.5,43.2,-43.0,19.94,43.0,0.5
2024-08-19T17:00,11.4,8.8,81,15.2,50.4,3.0,998.0,0.1,0.0,5.5,43.2,-43.1,19.94,43.1,0.2
2024-08-19T18:00,10.8,8.2,82,14.5,50.4,0.0,998.1,0.0,0.0,5.5,43.2,-43.2,19.94,43.2,0.0
2024-08-19T19:00,10.2,7.1,82,16.6,53.6,0.0,998.0,0.0,0.0,5.7,43.4,-43.4,19.94,43.4,0.0
2024-08-19T20:00,9.7,6.6,84,16.6,51.8,0.0,998.2,0.0,0.0,5.7,43.4,-43.4,19.94,43.4,0.0
2024-08-19T21:00,9.3,6.1,85,16.3,50.8,0.0,998.3,0.0,0.0,5.8,43.5,-43.5,19.94,43.5,0.0
2024-08-19T22:00,9.1,5.8,86,16.7,50.0,0.0,998.4,0.0,0.0,5.8,43.5,-43.5,19.94,43.5,0.0
2024-08-19T23:00,8.8,5.5,86,16.9,51.1,0.0,998.2,0.0,0.0,5.8,43.5,-43.5,19.94,43.5,0.0
2024-08-20T00:00,8.8,5.6,86,16.8,52.2,0.0,997.9,0.0,0.0,5.8,43.5,-43.5,19.94,43.5,0.0
2024-08-20T01:00,9.1,6.0,86,16.1,54.4,0.0,998.2,0.0,0.0,5.8,43.5,-43.5,19.94,43.5,0.0
2024-08-20T02:00,9.0,6.0,86,15.1,53.3,0.0,998.4,0.0,0.0,5.8,43.5,-43.5,19.94,43.5,0.0
2024-08-20T03:00,9.1,6.1,88,15.3,52.6,1.0,998.3,0.0,0.0,5.8,43.5,-43.5,19.94,43.5,0.0
2024-08-20T04:00,9.7,7.0,86,14.7,51.8,1.0,998.3,0.0,0.0,5.7,43.4,-43.4,19.94,43.4,0.0
2024-08-20T05:00,10.2,7.5,85,14.3,48.6,4.0,998.4,0.2,0.0,5.6,43.3,-43.1,19.94,43.1,0.5
2024-08-20T06:00,10.3,7.7,85,13.9,46.4,4.0,998.4,0.2,0.0,5.6,43.3,-43.1,19.94,43.1,0.5
2024-08-20T07:00,10.5,8.1,85,12.7,44.6,1.0,998.5,0.0,0.0,5.6,43.3,-43.3,19.94,43.3,0.0
2024-08-20T08:00,10.5,8.2,85,12.9,41.4,0.0,998.5,0.0,0.0,5.6,43.3,-43.3,19.94,43.3,0.0
2024-08-20T09:00,11.1,8.7,83,13.6,43.2,10.0,998.7,0.5,0.0,5.5,43.2,-42.7,19.94,42.7,1.2
2024-08-20T10:00,11.6,9.5,81,12.3,42.5,32.0,998.9,1.5,0.0,5.4,43.1,-41.6,19.94,41.6,3.5
2024-08-20T11:00,11.1,9.3,82,9.3,38.5,0.0,999.3,0.0,0.0,5.5,43.2,-43.2,19.94,43.2,0.0
2024-08-20T12:00,10.7,9.4,86,6.4,30.2,0.0,999.7,0.0,0.0,5.5,43.2,-43.2,19.94,43.2,0.0
2024-08-20T13:00,11.8,10.4,76,5.9,19.4,4.0,999.4,0.2,5.0,5.3,43.0,-37.8,19.94,37.8,12.1
2024-08-20T14:00,12.1,10.7,74,5.6,18.0,4.0,999.6,0.2,3.9,5.3,43.0,-38.9,19.94,38.9,9.5
2024-08-20T15:00,11.9,10.3,76,7.1,20.5,7.0,999.7,0.3,10.6,5.3,43.0,-32.1,19.94,32.1,25.3
2024-08-20T16:00,11.9,10.5,77,6.7,21.6,75.0,999.9,3.6,8.5,5.3,43.0,-30.9,19.94,30.9,28.1
2024-08-20T17:00,12.1,10.5,74,6.5,19.8,118.0,999.9,5.6,7.5,5.3,43.0,-29.9,19.94,29.9,30.5
2024-08-20T18:00,11.9,10.5,76,5.8,20.9,79.0,1000.0,3.7,4.6,5.3,43.0,-34.7,19.94,34.7,19.3
2024-08-20T19:00,11.1,9.7,81,6.4,20.2,42.0,1000.0,2.0,7.0,5.4,43.1,-34.1,19.94,34.1,20.9
2024-08-20T20:00,10.0,8.5,85,6.6,21.2,22.0,1000.2,1.1,8.0,5.5,43.2,-34.1,19.94,34.1,21.1
2024-08-20T21:00,8.8,7.0,88,7.0,21.6,9.0,1000.5,0.4,10.1,5.7,43.4,-32.9,19.94,32.9,24.2
2024-08-20T22:00,8.2,6.2,90,8.2,24.1,2.0,1000.5,0.1,17.9,5.8,43.5,-25.5,19.94,25.5,41.4
2024-08-20T23:00,7.9,5.7,93,9.7,27.4,0.0,1000.5,0.0,31.3,5.8,43.5,-12.2,19.94,12.2,72.0
2024-08-21T00:00,7.5,5.1,95,11.2,31.0,0.0,1000.2,0.0,0.0,5.9,43.6,-43.6,19.94,43.6,0.0
2024-08-21T01:00,7.6,5.4,97,10.5,33.8,0.0,1000.0,0.0,0.0,5.9,43.6,-43.6,19.94,43.6,0.0
2024-08-21T02:00,8.4,6.5,97,9.3,33.1,0.0,999.7,0.0,0.0,5.8,43.5,-43.5,19.94,43.5,0.0
2024-08-21T03:00,9.0,7.3,95,8.7,32.0,0.0,999.2,0.0,0.0,5.7,43.4,-43.4,19.94,43.4,0.0
2024-08-21T04:00,9.5,7.7,90,8.8,32.8,0.0,998.7,0.0,0.0,5.6,43.3,-43.3,19.94,43.3,0.0
2024-08-21T05:00,9.7,7.4,87,11.2,36.4,0.0,998.0,0.0,0.0,5.6,43.3,-43.3,19.94,43.3,0.0
2024-08-21T06:00,9.8,7.5,86,11.6,37.4,0.0,997.4,0.0,0.0,5.6,43.3,-43.3,19.94,43.3,0.0
2024-08-21T07:00,9.8,7.5,87,11.8,37.4,0.0,997.2,0.0,0.0,5.6,43.3,-43.3,19.94,43.3,0.0
2024-08-21T08:00,10.6,8.7,87,10.8,36.7,4.0,997.0,0.2,0.0,5.5,43.2,-43.0,19.94,43.0,0.5
2024-08-21T09:00,11.2,9.5,87,10.2,34.6,2.0,997.0,0.1,0.0,5.4,43.1,-43.0,19.94,43.0,0.2
2024-08-21T10:00,11.5,9.8,86,10.0,35.3,0.0,996.8,0.0,0.0,5.4,43.1,-43.1,19.94,43.1,0.0
2024-08-21T11:00,12.4,10.6,82,11.7,37.8,5.0,996.8,0.2,0.0,5.3,43.0,-42.8,19.94,42.8,0.5
2024-08-21T12:00,12.7,10.9,80,11.4,37.4,0.0,996.6,0.0,0.0,5.3,43.0,-43.0,19.94,43.0,0.0
2024-08-21T13:00,12.0,10.5,83,9.2,33.5,0.0,996.3,0.0,0.0,5.3,43.0,-43.0,19.94,43.0,0.0
2024-08-21T14:00,13.0,11.4,79,10.5,36.4,36.0,995.7,1.7,0.0,5.2,42.9,-41.2,19.94,41.2,4.0
2024-08-21T15:00,13.0,11.1,80,12.0,39.6,13.0,995.0,0.6,0.0,5.2,42.9,-42.3,19.94,42.3,1.4
2024-08-21T16:00,12.4,10.6,84,12.2,43.6,11.0,994.3,0.5,0.0,5.3,43.0,-42.5,19.94,42.5,1.2
2024-08-21T17:00,11.8,10.3,87,10.5,45.4,0.0,993.4,0.0,0.0,5.4,43.1,-43.1,19.94,43.1,0.0
2024-08-21T18:00,11.3,9.8,90,10.4,42.5,0.0,993.0,0.0,0.0,5.4,43.1,-43.1,19.94,43.1,0.0
2024-08-21T19:00,11.5,9.5,87,12.8,45.0,0.0,992.6,0.0,0.0,5.4,43.1,-43.1,19.94,43.1,0.0
2024-08-21T20:00,10.9,8.5,87,14.5,48.6,0.0,992.3,0.0,0.0,5.5,43.2,-43.2,19.94,43.2,0.0
2024-08-21T21:00,10.6,8.3,89,13.9,49.7,0.0,990.9,0.0,0.0,5.6,43.3,-43.3,19.94,43.3,0.0
2024-08-21T22:00,10.5,8.1,88,14.2,52.2,0.0,989.9,0.0,0.0,5.6,43.3,-43.3,19.94,43.3,0.0
2024-08-21T23:00,10.7,8.5,87,13.0,50.8,0.0,989.8,0.0,0.0,5.5,43.2,-43.2,19.94,43.2,0.0
2024-08-22T00:00,10.9,8.6,87,13.6,46.8,0.0,989.5,0.0,0.0,5.5,43.2,-43.2,19.94,43.2,0.0
2024-08-22T01:00,10.7,8.6,88,12.0,45.0,0.0,989.3,0.0,0.0,5.5,43.2,-43.2,19.94,43.2,0.0
2024-08-22T02:00,10.3,8.5,90,9.9,40.0,0.0,989.4,0.0,0.0,5.6,43.3,-43.3,19.94,43.3,0.0
2024-08-22T03:00,9.9,8.3,92,9.0,33.5,0.0,989.2,0.0,0.0,5.6,43.3,-43.3,19.94,43.3,0.0
2024-08-22T04:00,9.9,8.0,92,10.5,34.2,14.0,988.9,0.7,0.0,5.6,43.3,-42.6,19.94,42.6,1.6
2024-08-22T05:00,10.7,8.5,88,13.0,39.2,18.0,988.9,0.9,0.0,5.5,43.2,-42.3,19.94,42.3,2.1
2024-08-22T06:00,11.3,9.3,87,12.6,40.7,21.0,988.4,1.0,0.0,5.5,43.2,-42.2,19.94,42.2,2.3
2024-08-22T07:00,11.7,9.7,86,12.8,40.7,9.0,988.0,0.4,0.0,5.4,43.1,-42.7,19.94,42.7,0.9
2024-08-22T08:00,11.8,10.2,86,10.4,40.0,1.0,988.1,0.0,0.0,5.4,43.1,-43.1,19.94,43.1,0.0
2024-08-22T09:00,11.8,10.2,86,10.5,35.3,0.0,988.2,0.0,0.0,5.4,43.1,-43.1,19.94,43.1,0.0
2024-08-22T10:00,12.4,10.5,81,12.0,37.8,20.0,988.2,1.0,0.0,5.3,43.0,-42.0,19.94,42.0,2.3
2024-08-22T11:00,12.5,10.2,78,13.7,41.8,56.0,988.5,2.7,0.0,5.3,43.0,-40.3,19.94,40.3,6.3
2024-08-22T12:00,12.0,9.9,83,12.6,42.1,2.0,988.8,0.1,0.0,5.4,43.1,-43.0,19.94,43.0,0.2
2024-08-22T13:00,11.6,8.9,80,15.6,44.3,28.0,988.6,1.3,0.0,5.5,43.2,-41.9,19.94,41.9,3.0
2024-08-22T14:00,11.0,8.6,84,14.1,45.0,24.0,989.1,1.1,0.0,5.5,43.2,-42.1,19.94,42.1,2.5
2024-08-22T15:00,10.6,8.6,87,11.2,41.8,0.0,989.5,0.0,0.0,5.5,43.2,-43.2,19.94,43.2,0.0
2024-08-22T16:00,10.3,8.5,89,9.8,34.9,0.0,989.8,0.0,0.0,5.6,43.3,-43.3,19.94,43.3,0.0
2024-08-22T17:00,10.3,8.6,89,9.0,31.3,0.0,990.1,0.0,0.0,5.5,43.2,-43.2,19.94,43.2,0.0
2024-08-22T18:00,10.1,8.6,89,7.6,29.9,0.0,990.6,0.0,0.0,5.5,43.2,-43.2,19.94,43.2,0.0
2024-08-22T19:00,10.0,8.4,89,8.0,28.8,0.0,991.2,0.0,0.0,5.6,43.3,-43.3,19.94,43.3,0.0
2024-08-22T20:00,9.8,8.3,90,7.3,28.8,0.0,991.9,0.0,0.0,5.6,43.3,-43.3,19.94,43.3,0.0
2024-08-22T21:00,9.6,8.3,92,6.3,27.7,0.0,992.5,0.0,6.6,5.6,43.3,-36.7,19.94,36.7,15.2
2024-08-22T22:00,9.5,8.3,93,5.5,24.8,0.0,993.0,0.0,3.6,5.6,43.3,-39.7,19.94,39.7,8.3
2024-08-22T23:00,9.5,8.3,93,5.3,23.0,0.0,993.2,0.0,3.0,5.6,43.3,-40.3,19.94,40.3,6.9
2024-08-23T00:00,9.4,8.2,93,5.2,21.6,0.0,993.6,0.0,2.7,5.6,43.3,-40.6,19.94,40.6,6.2
2024-08-23T01:00,9.2,8.0,93,4.7,20.5,0.0,993.3,0.0,1.5,5.6,43.3,-41.8,19.94,41.8,3.5
2024-08-23T02:00,9.1,7.9,94,4.6,18.0,0.0,993.7,0.0,1.3,5.6,43.3,-42.0,19.94,42.0,3.0
2024-08-23T03:00,9.0,8.0,94,4.1,16.6,0.0,994.2,0.0,0.6,5.6,43.3,-42.7,19.94,42.7,1.4
2024-08-23T04:00,9.0,8.0,93,3.7,13.7,0.0,994.9,0.0,0.2,5.6,43.3,-43.1,19.94,43.1,0.5
2024-08-23T05:00,9.1,7.8,92,4.8,13.3,0.0,995.4,0.0,1.7,5.6,43.3,-41.6,19.94,41.6,3.9
2024-08-23T06:00,9.2,7.8,90,5.2,14.4,2.0,995.6,0.1,2.7,5.6,43.3,-40.5,19.94,40.5,6.5
2024-08-23T07:00,9.5,8.2,86,3.9,13.7,0.0,995.9,0.0,0.4,5.6,43.3,-42.9,19.94,42.9,0.9
2024-08-23T08:00,9.7,8.4,84,3.7,10.4,0.0,995.9,0.0,0.2,5.5,43.2,-43.0,19.94,43.0,0.5
2024-08-23T09:00,9.8,8.2,84,5.9,14.8,10.0,996.0,0.5,5.0,5.6,43.3,-37.8,19.94,37.8,12.7
2024-08-23T10:00,10.0,8.7,82,4.4,14.8,48.0,996.1,2.3,1.0,5.5,43.2,-39.9,19.94,39.9,7.6
2024-08-23T11:00,10.5,9.2,80,4.6,12.6,63.0,996.2,3.0,1.3,5.5,43.2,-38.9,19.94,38.9,10.0
2024-08-23T12:00,10.6,9.1,82,6.3,15.1,50.0,996.2,2.4,6.6,5.5,43.2,-34.2,19.94,34.2,20.8
2024-08-23T13:00,11.0,9.6,80,5.7,14.8,65.0,996.2,3.1,4.2,5.4,43.1,-35.8,19.94,35.8,16.9
2024-08-23T14:00,11.3,9.7,78,6.9,17.3,76.0,996.1,3.6,9.5,5.4,43.1,-30.0,19.94,30.0,30.4
2024-08-23T15:00,11.4,9.8,78,6.8,18.0,40.0,995.9,1.9,9.0,5.4,43.1,-32.2,19.94,32.2,25.3
2024-08-23T16:00,11.4,9.8,77,7.3,20.2,34.0,996.1,1.6,11.8,5.4,43.1,-29.7,19.94,29.7,31.1
2024-08-23T17:00,11.2,9.1,77,9.4,25.6,28.0,996.5,1.3,28.3,5.4,43.1,-13.5,19.94,13.5,68.7
2024-08-23T18:00,10.0,7.8,82,10.5,28.1,13.0,996.8,0.6,0.0,5.6,43.3,-42.7,19.94,42.7,1.4
2024-08-23T19:00,8.8,6.6,88,9.4,28.4,0.0,997.0,0.0,0.0,5.7,43.4,-43.4,19.94,43.4,0.0
2024-08-23T20:00,8.3,6.1,89,9.6,28.8,0.0,997.4,0.0,0.0,5.8,43.5,-43.5,19.94,43.5,0.0
2024-08-23T21:00,7.9,5.7,90,9.2,29.2,0.0,997.5,0.0,0.0,5.8,43.5,-43.5,19.94,43.5,0.0
2024-08-23T22:00,7.6,5.4,91,8.8,27.7,0.0,997.6,0.0,22.8,5.9,43.6,-20.8,19.94,20.8,52.3
2024-08-23T23:00,7.3,4.9,92,9.8,29.2,0.0,997.8,0.0,0.0,5.9,43.6,-43.6,19.94,43.6,0.0
2024-08-24T00:00,7.0,4.4,92,10.9,32.4,0.0,997.8,0.0,0.0,6.0,43.7,-43.7,19.94,43.7,0.0
2024-08-24T01:00,7.4,4.7,91,11.5,33.8,0.0,997.5,0.0,0.0,5.9,43.6,-43.6,19.94,43.6,0.0
2024-08-24T02:00,6.9,4.1,93,11.9,35.3,0.0,997.3,0.0,0.0,6.0,43.7,-43.7,19.94,43.7,0.0
2024-08-24T03:00,6.7,3.8,93,12.6,37.4,0.0,997.5,0.0,0.0,6.0,43.7,-43.7,19.94,43.7,0.0
2024-08-24T04:00,6.8,4.0,91,12.3,37.8,0.0,997.9,0.0,0.0,6.0,43.7,-43.7,19.94,43.7,0.0
2024-08-24T05:00,6.9,4.0,91,12.9,37.1,12.0,998.1,0.6,0.0,6.0,43.7,-43.1,19.94,43.1,1.4
2024-08-24T06:00,7.1,4.2,90,12.3,36.7,7.0,997.7,0.3,0.0,6.0,43.7,-43.4,19.94,43.4,0.7
2024-08-24T07:00,7.0,4.3,89,10.3,34.6,0.0,997.9,0.0,0.0,6.0,43.7,-43.7,19.94,43.7,0.0
2024-08-24T08:00,7.9,5.2,87,11.2,32.0,45.0,998.2,2.2,0.0,5.9,43.6,-41.4,19.94,41.4,5.0
2024-08-24T09:00,8.9,6.4,84,10.9,32.0,182.0,998.2,8.6,0.0,5.7,43.4,-34.8,19.94,34.8,19.8
2024-08-24T10:00,9.4,7.1,82,9.6,31.0,201.0,998.2,9.5,0.0,5.7,43.4,-33.9,19.94,33.9,21.9
2024-08-24T11:00,10.0,8.0,81,8.2,27.4,283.0,998.3,13.2,17.9,5.6,43.3,-12.2,19.94,12.2,71.8
2024-08-24T12:00,10.1,8.2,81,8.0,24.5,174.0,998.1,8.2,16.5,5.6,43.3,-18.6,19.94,18.6,57.0
2024-08-24T13:00,10.3,8.1,79,9.5,27.0,202.0,997.4,9.5,29.3,5.5,43.2,-4.4,19.94,4.4,89.8
2024-08-24T14:00,10.2,8.1,79,9.4,28.1,232.0,997.3,10.9,0.0,5.6,43.3,-32.4,19.94,32.4,25.2
2024-08-24T15:00,9.8,7.6,80,9.7,28.1,204.0,997.3,9.6,0.0,5.6,43.3,-33.7,19.94,33.7,22.2
2024-08-24T16:00,9.3,7.0,81,9.6,28.4,153.0,997.3,7.3,0.0,5.7,43.4,-36.1,19.94,36.1,16.8
2024-08-24T17:00,8.8,6.4,82,9.1,28.8,94.0,997.3,4.5,0.0,5.7,43.4,-38.9,19.94,38.9,10.4
2024-08-24T18:00,8.4,6.0,83,9.2,28.1,32.0,997.5,1.5,0.0,5.8,43.5,-42.0,19.94,42.0,3.4
2024-08-24T19:00,7.9,5.4,85,9.7,28.8,3.0,997.2,0.1,0.0,5.8,43.5,-43.4,19.94,43.4,0.2
2024-08-24T20:00,7.4,4.9,88,9.8,30.2,4.0,997.0,0.2,0.0,5.9,43.6,-43.4,19.94,43.4,0.5
2024-08-24T21:00,7.1,4.7,90,9.2,29.5,1.0,996.9,0.0,0.0,5.9,43.6,-43.6,19.94,43.6,0.0
2024-08-24T22:00,7.3,4.9,90,8.8,27.7,0.0,996.5,0.0,22.8,5.9,43.6,-20.8,19.94,20.8,52.3
2024-08-24T23:00,7.4,5.2,90,8.4,25.9,0.0,996.2,0.0,19.5,5.9,43.6,-24.1,19.94,24.1,44.7
2024-08-25T00:00,7.5,5.4,90,7.6,25.6,0.0,995.7,0.0,13.7,5.9,43.6,-29.9,19.94,29.9,31.4
2024-08-25T01:00,8.1,6.0,91,8.3,29.2,0.0,994.7,0.0,0.0,5.8,43.5,-43.5,19.94,43.5,0.0
2024-08-25T02:00,8.2,6.1,90,8.7,29.5,0.0,994.1,0.0,0.0,5.8,43.5,-43.5,19.94,43.5,0.0
2024-08-25T03:00,8.4,6.3,91,9.0,32.0,1.0,993.8,0.0,0.0,5.8,43.5,-43.5,19.94,43.5,0.0
2024-08-25T04:00,8.5,6.4,91,9.8,34.9,1.0,993.3,0.0,0.0,5.8,43.5,-43.5,19.94,43.5,0.0
2024-08-25T05:00,8.9,6.6,88,10.9,36.7,2.0,992.9,0.1,0.0,5.7,43.4,-43.3,19.94,43.3,0.2
2024-08-25T06:00,8.7,6.4,88,10.5,36.7,2.0,992.3,0.1,0.0,5.8,43.5,-43.4,19.94,43.4,0.2
2024-08-25T07:00,9.0,6.4,87,12.3,38.9,10.0,991.8,0.5,0.0,5.7,43.4,-42.9,19.94,42.9,1.2
2024-08-25T08:00,9.3,6.6,88,14.1,41.8,15.0,991.3,0.7,0.0,5.7,43.4,-42.7,19.94,42.7,1.6
2024-08-25T09:00,9.6,7.0,88,13.4,42.8,20.0,990.7,1.0,0.0,5.7,43.4,-42.4,19.94,42.4,2.3
2024-08-25T10:00,9.8,7.4,87,12.1,42.1,8.0,990.2,0.4,0.0,5.6,43.3,-42.9,19.94,42.9,0.9
2024-08-25T11:00,10.2,7.9,85,11.8,41.4,40.0,989.5,1.9,0.0,5.6,43.3,-41.4,19.94,41.4,4.4
2024-08-25T12:00,10.1,7.8,84,11.4,41.0,23.0,989.0,1.1,0.0,5.6,43.3,-42.2,19.94,42.2,2.5
2024-08-25T13:00,9.4,6.7,86,13.8,43.6,8.0,988.6,0.4,0.0,5.7,43.4,-43.0,19.94,43.0,0.9
2024-08-25T14:00,9.1,6.2,86,14.4,45.0,6.0,988.0,0.3,0.0,5.8,43.5,-43.2,19.94,43.2,0.7
2024-08-25T15:00,8.8,5.9,86,13.8,44.3,5.0,987.4,0.2,0.0,5.8,43.5,-43.3,19.94,43.3,0.5
2024-08-25T16:00,9.0,6.1,86,14.3,44.6,6.0,986.8,0.3,0.0,5.8,43.5,-43.2,19.94,43.2,0.7
2024-08-25T17:00,9.6,7.0,85,12.7,46.4,0.0,986.6,0.0,0.0,5.7,43.4,-43.4,19.94,43.4,0.0
2024-08-25T18:00,9.8,7.7,85,9.7,42.8,0.0,986.8,0.0,0.0,5.6,43.3,-43.3,19.94,43.3,0.0
2024-08-25T19:00,9.6,7.8,86,8.2,33.8,0.0,986.9,0.0,0.0,5.6,43.3,-43.3,19.94,43.3,0.0
2024-08-25T20:00,9.3,7.4,87,8.2,26.3,0.0,987.2,0.0,17.9,5.7,43.4,-25.5,19.94,25.5,41.2
2024-08-25T21:00,8.9,6.7,88,9.7,27.0,0.0,987.6,0.0,31.3,5.7,43.4,-12.1,19.94,12.1,72.1
2024-08-25T22:00,8.5,6.4,90,8.9,26.6,0.0,987.3,0.0,23.7,5.8,43.5,-19.8,19.94,19.8,54.5
2024-08-25T23:00,8.1,6.0,91,8.5,24.1,0.0,987.2,0.0,20.3,5.8,43.5,-23.2,19.94,23.2,46.7
2024-08-26T00:00,6.8,4.5,93,9.1,23.4,0.0,986.9,0.0,25.5,6.0,43.7,-18.2,19.94,18.2,58.4
2024-08-26T01:00,6.9,4.7,92,7.7,23.4,0.0,986.6,0.0,14.4,5.9,43.6,-29.2,19.94,29.2,33.0
2024-08-26T02:00,5.5,3.2,95,7.6,21.2,1.0,986.6,0.0,13.7,6.1,43.8,-30.1,19.94,30.1,31.3
2024-08-26T03:00,6.1,3.7,95,8.7,21.6,9.0,986.7,0.4,22.0,6.0,43.7,-21.3,19.94,21.3,51.3
2024-08-26T04:00,6.7,4.4,96,8.9,22.3,10.0,986.7,0.5,23.7,6.0,43.7,-19.5,19.94,19.5,55.4
2024-08-26T05:00,7.3,5.2,96,8.7,22.3,27.0,986.6,1.3,22.0,5.9,43.6,-20.3,19.94,20.3,53.4
2024-08-26T06:00,8.2,6.3,95,8.9,23.4,41.0,986.8,2.0,23.7,5.8,43.5,-17.8,19.94,17.8,59.1
2024-08-26T07:00,8.8,7.1,94,8.2,23.0,54.0,986.8,2.6,17.9,5.7,43.4,-22.9,19.94,22.9,47.2
2024-08-26T08:00,10.0,8.5,85,6.0,22.3,144.0,986.7,6.8,5.4,5.5,43.2,-31.0,19.94,31.0,28.2
2024-08-26T09:00,10.9,9.5,78,4.4,17.6,229.0,986.7,10.7,1.0,5.4,43.1,-31.4,19.94,31.4,27.1
2024-08-26T10:00,11.4,10.1,74,3.9,14.4,206.0,986.6,9.6,0.4,5.4,43.1,-33.1,19.94,33.1,23.2
2024-08-26T11:00,11.8,10.6,71,2.6,13.3,212.0,986.6,9.9,0.0,5.3,43.0,-33.1,19.94,33.1,23.0
2024-08-26T12:00,11.8,10.5,70,2.6,10.4,209.0,986.4,9.8,0.0,5.3,43.0,-33.2,19.94,33.2,22.8
2024-08-26T13:00,11.7,10.4,72,3.2,9.7,59.0,986.0,2.8,0.0,5.3,43.0,-40.2,19.94,40.2,6.5
2024-08-26T14:00,11.3,10.0,76,4.7,11.9,19.0,985.9,0.9,1.5,5.4,43.1,-40.7,19.94,40.7,5.6
2024-08-26T15:00,11.1,9.8,84,5.9,14.8,57.0,986.0,2.7,5.0,5.4,43.1,-35.4,19.94,35.4,17.9
2024-08-26T16:00,10.7,9.5,88,5.7,14.8,56.0,986.0,2.7,4.2,5.5,43.2,-36.3,19.94,36.3,16.0
2024-08-26T17:00,10.2,9.1,92,5.4,14.0,37.0,986.0,1.8,3.3,5.5,43.2,-38.1,19.94,38.1,11.8
2024-08-26T18:00,9.8,8.8,93,4.7,13.0,33.0,985.9,1.6,1.5,5.5,43.2,-40.1,19.94,40.1,7.2
2024-08-26T19:00,9.6,8.7,94,4.4,11.5,12.0,985.7,0.6,1.0,5.6,43.3,-41.7,19.94,41.7,3.7
2024-08-26T20:00,9.2,8.4,96,3.2,10.4,4.0,985.7,0.2,0.0,5.6,43.3,-43.1,19.94,43.1,0.5
2024-08-26T21:00,8.9,8.2,97,1.9,8.6,0.0,985.6,0.0,0.0,5.6,43.3,-43.3,19.94,43.3,0.0
2024-08-26T22:00,7.9,6.9,100,2.9,7.6,0.0,985.6,0.0,0.0,5.7,43.4,-43.4,19.94,43.4,0.0
2024-08-26T23:00,7.6,6.5,99,3.4,9.4,0.0,985.5,0.0,0.1,5.8,43.5,-43.4,19.94,43.4,0.2
2024-08-27T00:00,7.4,6.1,99,3.6,11.2,0.0,985.2,0.0,0.2,5.8,43.5,-43.3,19.94,43.3,0.5
2024-08-27T01:00,8.6,7.1,95,6.5,18.7,0.0,984.5,0.0,7.5,5.7,43.4,-35.9,19.94,35.9,17.3
2024-08-27T02:00,8.8,7.0,93,8.4,22.7,0.0,984.2,0.0,19.5,5.7,43.4,-23.9,19.94,23.9,44.9
2024-08-27T03:00,8.5,6.6,95,8.7,24.5,0.0,984.2,0.0,22.0,5.8,43.5,-21.5,19.94,21.5,50.6
2024-08-27T04:00,8.3,6.5,97,9.1,27.7,0.0,983.9,0.0,25.5,5.8,43.5,-18.0,19.94,18.0,58.6
2024-08-27T05:00,8.3,6.6,98,8.5,29.9,0.0,983.7,0.0,0.0,5.8,43.5,-43.5,19.94,43.5,0.0
2024-08-27T06:00,8.4,6.5,97,9.1,32.0,0.0,983.3,0.0,0.0,5.8,43.5,-43.5,19.94,43.5,0.0
2024-08-27T07:00,8.2,6.2,96,10.1,33.8,0.0,983.2,0.0,0.0,5.8,43.5,-43.5,19.94,43.5,0.0
2024-08-27T08:00,7.5,5.0,96,11.4,35.6,0.0,983.6,0.0,0.0,5.9,43.6,-43.6,19.94,43.6,0.0
2024-08-27T09:00,6.1,2.8,95,14.9,42.5,0.0,983.8,0.0,0.0,6.2,43.9,-43.9,19.94,43.9,0.0
2024-08-27T10:00,4.7,1.3,93,13.7,42.8,0.0,984.4,0.0,0.0,6.3,44.0,-44.0,19.94,44.0,0.0
2024-08-27T11:00,4.5,1.4,93,11.0,36.4,2.0,984.8,0.1,0.0,6.3,44.0,-43.9,19.94,43.9,0.2
2024-08-27T12:00,4.8,1.9,90,9.4,29.9,11.0,985.1,0.5,0.0,6.2,43.9,-43.4,19.94,43.4,1.1
2024-08-27T13:00,5.1,2.3,89,9.4,28.4,1.0,984.9,0.0,0.0,6.2,43.9,-43.9,19.94,43.9,0.0
2024-08-27T14:00,5.3,2.0,88,12.4,34.2,1.0,985.5,0.0,0.0,6.2,43.9,-43.9,19.94,43.9,0.0
2024-08-27T15:00,5.2,1.8,86,12.8,35.6,5.0,986.0,0.2,0.0,6.2,43.9,-43.7,19.94,43.7,0.5
2024-08-27T16:00,4.9,1.3,86,13.5,38.5,15.0,986.6,0.7,0.0,6.3,44.0,-43.3,19.94,43.3,1.6
2024-08-27T17:00,4.4,0.7,86,13.6,38.9,0.0,987.4,0.0,0.0,6.3,44.0,-44.0,19.94,44.0,0.0
2024-08-27T18:00,4.2,0.5,85,12.6,38.2,4.0,988.0,0.2,0.0,6.4,44.1,-43.9,19.94,43.9,0.5
2024-08-27T19:00,4.0,0.3,86,12.6,37.1,2.0,988.9,0.1,0.0,6.4,44.1,-44.0,19.94,44.0,0.2
2024-08-27T20:00,3.6,-0.0,87,12.4,38.9,1.0,989.8,0.0,0.0,6.4,44.1,-44.1,19.94,44.1,0.0
2024-08-27T21:00,3.4,-0.4,89,13.6,41.0,0.0,990.7,0.0,0.0,6.5,44.2,-44.2,19.94,44.2,0.0
2024-08-27T22:00,3.3,-0.6,91,14.3,43.2,0.0,991.5,0.0,0.0,6.5,44.2,-44.2,19.94,44.2,0.0
2024-08-27T23:00,3.1,-0.8,91,14.3,43.9,0.0,992.5,0.0,0.0,6.5,44.2,-44.2,19.94,44.2,0.0
2024-08-28T00:00,3.0,-0.7,91,13.2,43.2,0.0,993.5,0.0,0.0,6.5,44.2,-44.2,19.94,44.2,0.0
2024-08-28T01:00,3.2,-0.3,93,11.8,37.4,0.0,994.1,0.0,0.0,6.5,44.2,-44.2,19.94,44.2,0.0
2024-08-28T02:00,3.3,-0.1,92,11.9,37.4,0.0,994.9,0.0,0.0,6.4,44.1,-44.1,19.94,44.1,0.0
2024-08-28T03:00,3.7,0.4,92,10.9,37.4,1.0,995.7,0.0,0.0,6.4,44.1,-44.1,19.94,44.1,0.0
2024-08-28T04:00,3.9,0.6,91,11.3,36.0,14.0,996.7,0.7,0.0,6.4,44.1,-43.4,19.94,43.4,1.6
2024-08-28T05:00,4.2,0.9,91,10.9,35.3,27.0,997.4,1.3,0.0,6.3,44.0,-42.7,19.94,42.7,3.0
2024-08-28T06:00,4.5,1.2,90,11.2,32.8,41.0,998.1,2.0,0.0,6.3,44.0,-42.0,19.94,42.0,4.5
2024-08-28T07:00,4.6,1.5,90,10.5,31.3,66.0,998.7,3.2,0.0,6.3,44.0,-40.8,19.94,40.8,7.3
2024-08-28T08:00,4.8,1.6,90,11.4,29.2,86.0,999.5,4.2,0.0,6.3,44.0,-39.8,19.94,39.8,9.5
2024-08-28T09:00,4.9,1.7,90,11.5,29.2,89.0,1000.3,4.3,0.0,6.2,43.9,-39.6,19.94,39.6,9.8
2024-08-28T10:00,4.9,1.9,89,10.5,29.5,83.0,1001.0,4.0,0.0,6.2,43.9,-39.9,19.94,39.9,9.1
2024-08-28T11:00,5.1,2.1,87,9.9,27.4,90.0,1001.7,4.4,33.4,6.2,43.9,-6.1,19.94,6.1,86.1
2024-08-28T12:00,5.4,2.3,86,10.4,28.1,111.0,1002.3,5.4,0.0,6.2,43.9,-38.5,19.94,38.5,12.3
2024-08-28T13:00,6.7,3.7,80,9.7,27.0,258.0,1003.1,12.2,31.3,6.0,43.7,-0.2,19.94,0.2,99.5
2024-08-28T14:00,6.6,3.6,78,9.4,27.4,229.0,1003.6,10.9,28.3,6.0,43.7,-4.5,19.94,4.5,89.7
2024-08-28T15:00,6.4,3.4,77,9.4,27.0,198.0,1004.2,9.5,28.3,6.0,43.7,-5.9,19.94,5.9,86.5
2024-08-28T16:00,6.2,3.4,79,8.6,26.3,149.0,1004.9,7.2,21.1,6.0,43.7,-15.4,19.94,15.4,64.8
2024-08-28T17:00,6.0,3.4,79,6.6,23.0,106.0,1005.4,5.1,8.0,6.0,43.7,-30.6,19.94,30.6,30.0
2024-08-28T18:00,5.8,3.6,82,4.2,18.0,62.0,1005.8,3.0,0.7,6.0,43.7,-40.0,19.94,40.0,8.5
2024-08-28T19:00,4.8,2.8,88,3.1,11.5,28.0,1006.4,1.4,0.0,6.1,43.8,-42.4,19.94,42.4,3.2
2024-08-28T20:00,4.4,2.1,87,3.9,8.3,8.0,1007.0,0.4,0.4,6.1,43.8,-43.0,19.94,43.0,1.8
2024-08-28T21:00,3.6,1.1,88,4.3,10.1,0.0,1007.4,0.0,0.9,6.2,43.9,-43.0,19.94,43.0,2.1
2024-08-28T22:00,2.5,-0.2,90,5.1,12.2,0.0,1007.8,0.0,2.4,6.4,44.1,-41.7,19.94,41.7,5.4
2024-08-28T23:00,1.7,-1.2,91,5.8,14.0,0.0,1008.2,0.0,4.6,6.5,44.2,-39.6,19.94,39.6,10.4
2024-08-29T00:00,1.2,-1.9,92,6.9,16.6,0.0,1008.7,0.0,9.5,6.6,44.3,-34.8,19.94,34.8,21.4
2024-08-29T01:00,1.7,-1.1,95,6.4,18.0,0.0,1009.1,0.0,7.0,6.5,44.2,-37.2,19.94,37.2,15.8
2024-08-29T02:00,2.4,-0.2,99,6.5,18.4,0.0,1009.4,0.0,7.5,6.4,44.1,-36.6,19.94,36.6,17.0
2024-08-29T03:00,2.7,-0.0,100,7.1,20.5,2.0,1009.4,0.1,10.6,6.4,44.1,-33.4,19.94,33.4,24.3
2024-08-29T04:00,3.4,0.9,99,6.2,20.5,2.0,1009.3,0.1,6.2,6.3,44.0,-37.7,19.94,37.7,14.3
2024-08-29T05:00,4.1,2.0,99,4.9,19.8,1.0,1009.6,0.0,2.0,6.2,43.9,-41.9,19.94,41.9,4.6
2024-08-29T06:00,4.9,2.5,90,6.2,22.7,0.0,1009.6,0.0,6.2,6.1,43.8,-37.6,19.94,37.6,14.2
2024-08-29T07:00,5.3,2.7,86,6.9,23.4,2.0,1009.4,0.1,9.5,6.1,43.8,-34.2,19.94,34.2,21.9
2024-08-29T08:00,5.3,2.6,88,8.2,25.2,0.0,1009.0,0.0,17.9,6.1,43.8,-25.9,19.94,25.9,40.9
2024-08-29T09:00,5.6,2.8,87,9.3,29.5,4.0,1008.7,0.2,0.0,6.1,43.8,-43.6,19.94,43.6,0.5
2024-08-29T10:00,5.9,2.9,86,10.7,33.1,11.0,1008.3,0.5,0.0,6.1,43.8,-43.3,19.94,43.3,1.1
2024-08-29T11:00,6.9,3.7,85,13.0,37.1,13.0,1007.8,0.6,0.0,6.0,43.7,-43.1,19.94,43.1,1.4
2024-08-29T12:00,7.0,3.9,85,13.0,42.1,0.0,1007.3,0.0,0.0,6.0,43.7,-43.7,19.94,43.7,0.0
2024-08-29T13:00,7.6,4.4,85,13.7,48.2,0.0,1006.7,0.0,0.0,5.9,43.6,-43.6,19.94,43.6,0.0
2024-08-29T14:00,8.0,5.3,86,11.2,46.1,0.0,1006.3,0.0,0.0,5.9,43.6,-43.6,19.94,43.6,0.0
2024-08-29T15:00,8.4,6.2,89,9.7,39.6,0.0,1005.9,0.0,0.0,5.8,43.5,-43.5,19.94,43.5,0.0
2024-08-29T16:00,8.4,6.2,92,9.7,35.6,1.0,1005.6,0.0,0.0,5.8,43.5,-43.5,19.94,43.5,0.0
2024-08-29T17:00,8.5,6.1,91,11.5,39.2,0.0,1005.1,0.0,0.0,5.8,43.5,-43.5,19.94,43.5,0.0
2024-08-29T18:00,8.7,6.0,89,12.9,42.8,0.0,1004.8,0.0,0.0,5.8,43.5,-43.5,19.94,43.5,0.0
2024-08-29T19:00,8.7,6.2,88,12.1,43.2,0.0,1004.6,0.0,0.0,5.8,43.5,-43.5,19.94,43.5,0.0
2024-08-29T20:00,8.6,6.1,89,11.8,40.3,0.0,1004.5,0.0,0.0,5.8,43.5,-43.5,19.94,43.5,0.0
2024-08-29T21:00,8.6,6.2,90,11.4,39.6,0.0,1004.2,0.0,0.0,5.8,43.5,-43.5,19.94,43.5,0.0
2024-08-29T22:00,8.7,6.4,90,11.5,40.0,0.0,1003.8,0.0,0.0,5.8,43.5,-43.5,19.94,43.5,0.0
2024-08-29T23:00,9.1,6.5,89,13.0,43.2,0.0,1003.5,0.0,0.0,5.7,43.4,-43.4,19.94,43.4,0.0
2024-08-30T00:00,9.3,6.7,88,13.5,43.9,0.0,1003.1,0.0,0.0,5.7,43.4,-43.4,19.94,43.4,0.0
2024-08-30T01:00,9.5,7.0,86,13.0,44.6,0.0,1003.3,0.0,0.0,5.7,43.4,-43.4,19.94,43.4,0.0
2024-08-30T02:00,9.4,7.1,87,11.3,40.3,0.0,1003.2,0.0,0.0,5.7,43.4,-43.4,19.94,43.4,0.0
2024-08-30T03:00,9.5,7.3,86,10.7,35.6,0.0,1002.7,0.0,0.0,5.7,43.4,-43.4,19.94,43.4,0.0
2024-08-30T04:00,9.2,7.3,88,8.4,34.6,0.0,1002.5,0.0,0.0,5.7,43.4,-43.4,19.94,43.4,0.0
2024-08-30T05:00,8.7,7.2,90,5.8,29.5,0.0,1002.2,0.0,0.0,5.7,43.4,-43.4,19.94,43.4,0.0
2024-08-30T06:00,8.9,7.3,90,6.8,24.1,0.0,1001.8,0.0,9.0,5.7,43.4,-34.4,19.94,34.4,20.7
2024-08-30T07:00,9.3,7.8,89,6.5,27.0,6.0,1001.4,0.3,7.5,5.6,43.3,-35.5,19.94,35.5,18.0
2024-08-30T08:00,10.0,8.3,86,7.8,29.5,12.0,1001.1,0.6,0.0,5.6,43.3,-42.7,19.94,42.7,1.4
2024-08-30T09:00,10.7,9.0,83,7.9,29.2,16.0,1001.4,0.8,0.0,5.5,43.2,-42.4,19.94,42.4,1.9
2024-08-30T10:00,11.2,9.4,81,9.0,32.8,3.0,1001.2,0.1,0.0,5.4,43.1,-43.0,19.94,43.0,0.2
2024-08-30T11:00,11.7,10.2,81,8.4,32.4,0.0,1001.3,0.0,0.0,5.4,43.1,-43.1,19.94,43.1,0.0
2024-08-30T12:00,12.2,10.9,83,7.6,28.4,3.0,1001.2,0.1,0.0,5.3,43.0,-42.9,19.94,42.9,0.2
2024-08-30T13:00,11.9,10.5,83,8.2,27.7,0.0,1001.2,0.0,17.9,5.3,43.0,-25.1,19.94,25.1,41.6
2024-08-30T14:00,12.8,11.7,83,7.7,25.9,16.0,1000.8,0.8,14.4,5.2,42.9,-27.7,19.94,27.7,35.4
2024-08-30T15:00,13.0,12.1,82,6.2,23.0,3.0,1000.3,0.1,6.2,5.2,42.9,-36.6,19.94,36.6,14.7
2024-08-30T16:00,12.9,12.2,83,5.2,19.1,4.0,1000.0,0.2,2.7,5.2,42.9,-40.0,19.94,40.0,6.8
2024-08-30T17:00,12.4,11.4,85,7.4,23.0,5.0,999.6,0.2,12.4,5.3,43.0,-30.4,19.94,30.4,29.3
2024-08-30T18:00,11.6,10.3,88,8.2,26.3,0.0,999.1,0.0,17.9,5.4,43.1,-25.2,19.94,25.2,41.5
2024-08-30T19:00,10.8,9.3,92,9.7,28.8,0.0,998.4,0.0,0.0,5.5,43.2,-43.2,19.94,43.2,0.0
2024-08-30T20:00,10.5,8.8,91,10.5,32.8,0.0,997.9,0.0,0.0,5.5,43.2,-43.2,19.94,43.2,0.0
2024-08-30T21:00,10.4,8.7,92,10.1,31.3,0.0,997.2,0.0,0.0,5.5,43.2,-43.2,19.94,43.2,0.0
2024-08-30T22:00,10.3,8.5,92,10.2,29.9,0.0,996.7,0.0,0.0,5.6,43.3,-43.3,19.94,43.3,0.0
2024-08-30T23:00,10.3,8.7,91,9.1,33.1,0.0,996.0,0.0,0.0,5.5,43.2,-43.2,19.94,43.2,0.0
2024-08-31T00:00,10.0,8.7,92,7.3,31.3,0.0,995.7,0.0,0.0,5.6,43.3,-43.3,19.94,43.3,0.0
2024-08-31T01:00,10.2,8.8,91,7.9,29.9,0.0,996.0,0.0,0.0,5.5,43.2,-43.2,19.94,43.2,0.0
2024-08-31T02:00,10.1,8.7,92,7.4,29.5,0.0,996.2,0.0,0.0,5.5,43.2,-43.2,19.94,43.2,0.0
2024-08-31T03:00,10.0,8.7,94,6.7,27.0,0.0,996.3,0.0,8.5,5.5,43.2,-34.7,19.94,34.7,19.7
2024-08-31T04:00,9.7,8.5,94,6.2,24.5,0.0,996.6,0.0,6.2,5.6,43.3,-37.1,19.94,37.1,14.3
2024-08-31T05:00,9.6,8.5,95,5.5,22.7,0.0,996.4,0.0,3.6,5.6,43.3,-39.7,19.94,39.7,8.3
2024-08-31T06:00,9.7,8.3,93,7.0,25.9,2.0,996.4,0.1,10.1,5.6,43.3,-33.1,19.94,33.1,23.6
2024-08-31T07:00,9.5,7.8,91,8.3,29.9,3.0,996.3,0.1,0.0,5.6,43.3,-43.2,19.94,43.2,0.2
2024-08-31T08:00,9.6,7.9,91,8.4,30.2,7.0,996.0,0.3,0.0,5.6,43.3,-43.0,19.94,43.0,0.7
2024-08-31T09:00,9.9,8.2,89,8.5,29.5,9.0,995.7,0.4,0.0,5.6,43.3,-42.9,19.94,42.9,0.9
2024-08-31T10:00,10.1,8.2,87,9.7,32.8,17.0,994.9,0.8,0.0,5.6,43.3,-42.5,19.94,42.5,1.8
2024-08-31T11:00,10.1,8.2,86,9.3,32.8,1.0,994.7,0.0,0.0,5.6,43.3,-43.3,19.94,43.3,0.0
2024-08-31T12:00,9.7,8.0,89,7.9,31.7,0.0,994.7,0.0,0.0,5.6,43.3,-43.3,19.94,43.3,0.0
2024-08-31T13:00,9.6,7.7,90,9.7,29.9,0.0,994.9,0.0,0.0,5.6,43.3,-43.3,19.94,43.3,0.0
2024-08-31T14:00,8.8,6.6,92,11.4,31.7,0.0,995.2,0.0,0.0,5.8,43.5,-43.5,19.94,43.5,0.0
2024-08-31T15:00,8.1,5.7,89,10.7,31.7,0.0,995.7,0.0,0.0,5.8,43.5,-43.5,19.94,43.5,0.0
2024-08-31T16:00,7.6,4.9,87,11.3,31.3,0.0,996.2,0.0,0.0,5.9,43.6,-43.6,19.94,43.6,0.0
2024-08-31T17:00,7.2,4.5,90,11.6,33.1,0.0,996.5,0.0,0.0,6.0,43.7,-43.7,19.94,43.7,0.0
2024-08-31T18:00,6.9,4.2,91,10.8,31.3,1.0,997.5,0.0,0.0,6.0,43.7,-43.7,19.94,43.7,0.0
2024-08-31T19:00,6.5,3.6,92,11.9,32.0,1.0,998.6,0.0,0.0,6.1,43.8,-43.8,19.94,43.8,0.0
2024-08-31T20:00,6.2,4.0,96,7.9,32.4,0.0,999.7,0.0,0.0,6.0,43.7,-43.7,19.94,43.7,0.0
2024-08-31T21:00,6.2,4.3,98,5.9,25.9,0.0,1000.4,0.0,5.0,6.0,43.7,-38.7,19.94,38.7,11.4
2024-08-31T22:00,6.3,4.2,99,7.9,24.1,0.0,1001.4,0.0,15.7,6.0,43.7,-28.0,19.94,28.0,35.9
2024-08-31T23:00,6.4,4.1,99,9.7,29.2,0.0,1003.0,0.0,0.0,6.0,43.7,-43.7,19.94,43.7,0.0
2024-09-01T00:00,6.1,3.5,98,10.3,29.5,0.0,1004.0,0.0,0.0,6.1,43.8,-43.8,19.94,43.8,0.0
2024-09-01T01:00,6.0,3.3,96,11.0,32.0,0.0,1005.1,0.0,0.0,6.1,43.8,-43.8,19.94,43.8,0.0
2024-09-01T02:00,5.4,2.7,96,10.2,31.7,0.0,1006.2,0.0,0.0,6.2,43.9,-43.9,19.94,43.9,0.0
2024-09-01T03:00,5.0,2.5,96,8.5,28.4,0.0,1007.1,0.0,0.0,6.2,43.9,-43.9,19.94,43.9,0.0
2024-09-01T04:00,4.9,2.3,95,7.9,23.8,1.0,1008.2,0.0,15.7,6.2,43.9,-28.2,19.94,28.2,35.8
2024-09-01T05:00,4.8,2.0,94,9.2,24.5,9.0,1009.1,0.4,26.4,6.2,43.9,-17.1,19.94,17.1,61.0
2024-09-01T06:00,4.9,1.9,90,10.3,28.4,21.0,1010.0,1.0,0.0,6.2,43.9,-42.9,19.94,42.9,2.3
2024-09-01T07:00,5.1,1.7,88,12.4,32.0,28.0,1010.5,1.4,0.0,6.2,43.9,-42.5,19.94,42.5,3.2
2024-09-01T08:00,5.2,1.8,88,12.4,32.4,23.0,1011.1,1.1,0.0,6.2,43.9,-42.8,19.94,42.8,2.5
2024-09-01T09:00,5.2,1.9,89,12.2,32.0,17.0,1011.6,0.8,0.0,6.2,43.9,-43.1,19.94,43.1,1.8
2024-09-01T10:00,5.3,2.2,88,11.0,31.3,8.0,1012.0,0.4,0.0,6.2,43.9,-43.5,19.94,43.5,0.9
2024-09-01T11:00,5.5,2.6,87,9.0,28.8,2.0,1012.3,0.1,0.0,6.1,43.8,-43.7,19.94,43.7,0.2
2024-09-01T12:00,5.9,3.2,83,7.9,23.8,3.0,1012.4,0.1,15.7,6.0,43.7,-27.9,19.94,27.9,36.2
2024-09-01T13:00,6.1,4.0,87,5.0,17.6,2.0,1012.4,0.1,2.2,6.0,43.7,-41.4,19.94,41.4,5.3
2024-09-01T14:00,6.4,4.5,84,3.6,16.6,4.0,1012.1,0.2,0.2,5.9,43.6,-43.2,19.94,43.2,0.9
2024-09-01T15:00,6.5,4.6,83,3.1,13.7,0.0,1012.0,0.0,0.0,5.9,43.6,-43.6,19.94,43.6,0.0
2024-09-01T16:00,6.4,4.4,83,4.1,13.0,0.0,1011.7,0.0,0.6,5.9,43.6,-43.0,19.94,43.0,1.4
2024-09-01T17:00,6.4,4.2,83,5.7,17.6,0.0,1011.2,0.0,4.2,5.9,43.6,-39.4,19.94,39.4,9.6
2024-09-01T18:00,6.4,4.2,83,5.1,18.0,0.0,1011.1,0.0,2.4,5.9,43.6,-41.2,19.94,41.2,5.5
2024-09-01T19:00,6.4,4.0,83,6.4,20.5,0.0,1010.6,0.0,7.0,6.0,43.7,-36.7,19.94,36.7,16.0
2024-09-01T20:00,6.5,3.9,82,7.8,25.6,0.0,1010.0,0.0,15.1,6.0,43.7,-28.6,19.94,28.6,34.6
2024-09-01T21:00,6.7,4.2,82,7.4,27.4,0.0,1009.9,0.0,12.4,5.9,43.6,-31.2,19.94,31.2,28.4
2024-09-01T22:00,7.0,4.6,85,7.9,29.9,0.0,1010.2,0.0,0.0,5.9,43.6,-43.6,19.94,43.6,0.0
2024-09-01T23:00,7.4,5.1,87,8.3,31.3,0.0,1010.4,0.0,0.0,5.9,43.6,-43.6,19.94,43.6,0.0
2024-09-02T00:00,7.5,5.2,89,8.6,32.4,0.0,1010.5,0.0,0.0,5.9,43.6,-43.6,19.94,43.6,0.0
2024-09-02T01:00,7.3,5.0,92,9.0,32.0,0.0,1010.9,0.0,0.0,5.9,43.6,-43.6,19.94,43.6,0.0
2024-09-02T02:00,7.4,5.2,94,9.0,33.5,0.0,1011.1,0.0,0.0,5.9,43.6,-43.6,19.94,43.6,0.0
2024-09-02T03:00,7.6,5.5,95,9.4,35.3,0.0,1011.1,0.0,0.0,5.9,43.6,-43.6,19.94,43.6,0.0
2024-09-02T04:00,8.0,5.9,95,9.7,37.8,0.0,1010.9,0.0,0.0,5.8,43.5,-43.5,19.94,43.5,0.0
2024-09-02T05:00,8.7,6.6,95,10.5,40.3,0.0,1011.0,0.0,0.0,5.8,43.5,-43.5,19.94,43.5,0.0
2024-09-02T06:00,9.0,6.9,96,11.5,44.6,0.0,1011.2,0.0,0.0,5.7,43.4,-43.4,19.94,43.4,0.0
2024-09-02T07:00,9.0,6.8,97,12.4,47.5,0.0,1011.7,0.0,0.0,5.7,43.4,-43.4,19.94,43.4,0.0
2024-09-02T08:00,9.2,6.9,96,13.5,48.2,0.0,1011.9,0.0,0.0,5.7,43.4,-43.4,19.94,43.4,0.0
2024-09-02T09:00,9.4,7.2,95,13.4,49.0,0.0,1012.2,0.0,0.0,5.7,43.4,-43.4,19.94,43.4,0.0
2024-09-02T10:00,9.7,7.4,95,13.7,50.0,4.0,1012.7,0.2,0.0,5.7,43.4,-43.2,19.94,43.2,0.5
2024-09-02T11:00,10.1,7.7,94,14.6,51.5,10.0,1013.2,0.5,0.0,5.6,43.3,-42.8,19.94,42.8,1.2
2024-09-02T12:00,10.0,7.7,95,14.8,51.1,0.0,1013.5,0.0,0.0,5.7,43.4,-43.4,19.94,43.4,0.0
2024-09-02T13:00,9.6,7.8,98,11.2,46.4,1.0,1014.5,0.0,0.0,5.7,43.4,-43.4,19.94,43.4,0.0
2024-09-02T14:00,9.3,7.4,99,11.5,42.8,0.0,1014.9,0.0,0.0,5.7,43.4,-43.4,19.94,43.4,0.0
2024-09-02T15:00,9.0,6.9,97,11.8,40.7,0.0,1015.4,0.0,0.0,5.7,43.4,-43.4,19.94,43.4,0.0
2024-09-02T16:00,8.7,6.7,96,10.5,40.0,0.0,1015.9,0.0,0.0,5.8,43.5,-43.5,19.94,43.5,0.0
2024-09-02T17:00,8.4,6.5,97,10.0,37.4,0.0,1016.3,0.0,0.0,5.8,43.5,-43.5,19.94,43.5,0.0
2024-09-02T18:00,8.3,6.4,96,9.2,35.6,0.0,1016.8,0.0,0.0,5.8,43.5,-43.5,19.94,43.5,0.0
2024-09-02T19:00,8.2,6.4,97,7.9,32.4,0.0,1017.3,0.0,0.0,5.8,43.5,-43.5,19.94,43.5,0.0
2024-09-02T20:00,8.1,6.2,96,8.4,30.2,0.0,1018.0,0.0,0.0,5.8,43.5,-43.5,19.94,43.5,0.0
2024-09-02T21:00,7.8,5.7,95,9.4,32.0,0.0,1018.4,0.0,0.0,5.8,43.5,-43.5,19.94,43.5,0.0
2024-09-02T22:00,7.7,5.7,96,8.7,32.4,0.0,1018.7,0.0,0.0,5.8,43.5,-43.5,19.94,43.5,0.0
2024-09-02T23:00,7.5,5.0,91,10.5,37.8,0.0,1019.3,0.0,0.0,5.9,43.6,-43.6,19.94,43.6,0.0
2024-09-03T00:00,7.5,5.4,90,7.6,36.0,0.0,1019.5,0.0,0.0,5.9,43.6,-43.6,19.94,43.6,0.0
2024-09-03T01:00,7.6,5.6,93,7.3,30.6,0.0,1019.5,0.0,0.0,5.8,43.5,-43.5,19.94,43.5,0.0
2024-09-03T02:00,7.4,5.6,96,6.4,30.2,0.0,1019.6,0.0,0.0,5.8,43.5,-43.5,19.94,43.5,0.0
2024-09-03T03:00,7.6,6.0,95,5.2,27.7,0.0,1019.6,0.0,2.7,5.8,43.5,-40.8,19.94,40.8,6.2
2024-09-03T04:00,7.7,6.2,95,5.0,24.8,0.0,1019.8,0.0,2.2,5.8,43.5,-41.3,19.94,41.3,5.1
2024-09-03T05:00,7.8,6.4,95,4.9,23.0,0.0,1020.1,0.0,2.0,5.8,43.5,-41.5,19.94,41.5,4.6
2024-09-03T06:00,7.9,6.5,95,4.5,22.3,0.0,1020.4,0.0,1.2,5.8,43.5,-42.3,19.94,42.3,2.8
2024-09-03T07:00,8.1,6.7,94,4.5,20.2,2.0,1020.1,0.1,1.2,5.7,43.4,-42.1,19.94,42.1,3.0
2024-09-03T08:00,8.2,6.6,93,5.8,20.2,0.0,1020.2,0.0,4.6,5.7,43.4,-38.8,19.94,38.8,10.6
2024-09-03T09:00,8.3,6.7,91,6.2,21.6,2.0,1020.2,0.1,6.2,5.7,43.4,-37.1,19.94,37.1,14.5
2024-09-03T10:00,8.7,7.1,88,5.5,20.5,4.0,1019.8,0.2,3.6,5.7,43.4,-39.6,19.94,39.6,8.8
2024-09-03T11:00,9.0,7.3,86,6.2,20.5,2.0,1019.7,0.1,6.2,5.7,43.4,-37.1,19.94,37.1,14.5
2024-09-03T12:00,9.1,7.2,86,7.5,23.0,2.0,1019.4,0.1,13.1,5.7,43.4,-30.2,19.94,30.2,30.4
2024-09-03T13:00,9.8,8.1,84,7.4,22.7,11.0,1018.8,0.5,12.4,5.6,43.3,-30.4,19.94,30.4,29.8
2024-09-03T14:00,9.8,8.3,84,6.0,22.7,5.0,1018.5,0.2,5.4,5.6,43.3,-37.7,19.94,37.7,12.9
2024-09-03T15:00,9.8,8.4,85,5.2,19.8,3.0,1018.1,0.1,2.7,5.6,43.3,-40.5,19.94,40.5,6.5
2024-09-03T16:00,9.7,8.3,87,5.2,17.6,2.0,1017.6,0.1,2.7,5.6,43.3,-40.5,19.94,40.5,6.5
2024-09-03T17:00,9.6,8.2,88,5.6,16.6,3.0,1016.9,0.1,3.9,5.6,43.3,-39.3,19.94,39.3,9.2
2024-09-03T18:00,9.5,8.2,90,5.1,15.8,3.0,1016.1,0.1,2.4,5.6,43.3,-40.8,19.94,40.8,5.8
2024-09-03T19:00,8.6,7.2,92,5.4,15.1,1.0,1015.3,0.0,3.3,5.7,43.4,-40.1,19.94,40.1,7.6
2024-09-03T20:00,8.1,6.5,93,6.2,16.6,0.0,1014.6,0.0,6.2,5.8,43.5,-37.3,19.94,37.3,14.3
2024-09-03T21:00,7.5,5.7,95,6.9,17.3,0.0,1013.7,0.0,9.5,5.8,43.5,-34.0,19.94,34.0,21.8
2024-09-03T22:00,5.8,3.5,99,8.4,19.4,0.0,1012.6,0.0,19.5,6.1,43.8,-24.3,19.94,24.3,44.5
2024-09-03T23:00,4.8,2.2,99,9.0,20.9,0.0,1011.4,0.0,24.6,6.2,43.9,-19.3,19.94,19.3,56.0
2024-09-04T00:00,3.6,0.8,100,9.0,20.9,0.0,1010.1,0.0,24.6,6.3,44.0,-19.4,19.94,19.4,55.9
2024-09-04T01:00,5.1,2.6,100,8.9,21.2,0.0,1009.2,0.0,23.7,6.2,43.9,-20.2,19.94,20.2,54.0
2024-09-04T02:00,5.3,2.9,99,8.2,20.9,0.0,1007.7,0.0,17.9,6.1,43.8,-25.9,19.94,25.9,40.9
2024-09-04T03:00,5.4,3.0,97,8.2,19.8,0.0,1006.4,0.0,17.9,6.1,43.8,-25.9,19.94,25.9,40.9
2024-09-04T04:00,5.5,3.1,96,7.6,19.1,1.0,1005.4,0.0,13.7,6.1,43.8,-30.1,19.94,30.1,31.3
2024-09-04T05:00,6.5,4.7,95,5.5,18.0,0.0,1004.3,0.0,3.6,5.9,43.6,-40.0,19.94,40.0,8.3
2024-09-04T06:00,7.3,5.8,94,4.3,13.7,0.0,1003.6,0.0,0.9,5.8,43.5,-42.6,19.94,42.6,2.1
2024-09-04T07:00,7.5,6.1,95,4.2,10.4,0.0,1002.7,0.0,0.7,5.8,43.5,-42.8,19.94,42.8,1.6
2024-09-04T08:00,7.6,6.3,96,3.9,10.1,0.0,1002.1,0.0,0.4,5.8,43.5,-43.1,19.94,43.1,0.9
2024-09-04T09:00,7.6,6.1,96,5.5,13.3,0.0,1001.7,0.0,3.6,5.8,43.5,-39.9,19.94,39.9,8.3
2024-09-04T10:00,7.6,5.9,98,6.6,16.9,4.0,1001.6,0.2,8.0,5.8,43.5,-35.3,19.94,35.3,18.9
2024-09-04T11:00,7.9,6.2,97,7.1,17.6,8.0,1001.5,0.4,10.6,5.8,43.5,-32.5,19.94,32.5,25.3
2024-09-04T12:00,8.5,6.9,94,7.4,19.8,5.0,1001.4,0.2,12.4,5.7,43.4,-30.8,19.94,30.8,29.0
2024-09-04T13:00,9.5,7.8,92,8.7,22.3,13.0,1001.3,0.6,22.0,5.6,43.3,-20.7,19.94,20.7,52.2
2024-09-04T14:00,9.3,7.5,93,9.2,25.9,33.0,1001.3,1.6,26.4,5.7,43.4,-15.4,19.94,15.4,64.5
2024-09-04T15:00,9.0,7.3,95,8.2,25.6,6.0,1001.3,0.3,17.9,5.7,43.4,-25.2,19.94,25.2,41.9
2024-09-04T16:00,9.1,7.6,94,6.8,23.8,2.0,1001.5,0.1,9.0,5.7,43.4,-34.3,19.94,34.3,21.0
2024-09-04T17:00,9.1,7.8,93,6.0,20.2,0.0,1001.3,0.0,5.4,5.6,43.3,-37.9,19.94,37.9,12.5
2024-09-04T18:00,9.0,7.8,94,5.5,17.3,0.0,1001.5,0.0,3.6,5.6,43.3,-39.7,19.94,39.7,8.3
2024-09-04T19:00,8.6,7.6,97,3.8,16.6,0.0,1001.6,0.0,0.3,5.7,43.4,-43.1,19.94,43.1,0.7
2024-09-04T20:00,8.4,7.4,98,3.8,14.0,0.0,1001.4,0.0,0.3,5.7,43.4,-43.1,19.94,43.1,0.7
2024-09-04T21:00,8.4,7.3,98,4.0,14.4,0.0,1001.1,0.0,0.5,5.7,43.4,-42.9,19.94,42.9,1.2
2024-09-04T22:00,8.3,7.1,96,4.4,14.8,0.0,1000.6,0.0,1.0,5.7,43.4,-42.4,19.94,42.4,2.3
2024-09-04T23:00,8.3,7.1,94,4.3,14.8,0.0,1000.3,0.0,0.9,5.7,43.4,-42.5,19.94,42.5,2.1
2024-09-05T00:00,8.3,6.9,93,4.5,16.6,0.0,1000.1,0.0,1.2,5.7,43.4,-42.2,19.94,42.2,2.8
2024-09-05T01:00,8.0,6.7,94,4.0,19.4,0.0,1000.0,0.0,0.5,5.7,43.4,-42.9,19.94,42.9,1.2
2024-09-05T02:00,7.9,6.6,95,4.5,17.6,0.0,1000.0,0.0,1.2,5.8,43.5,-42.3,19.94,42.3,2.8
2024-09-05T03:00,7.9,6.5,95,4.8,18.7,0.0,999.9,0.0,1.7,5.8,43.5,-41.8,19.94,41.8,3.9
2024-09-05T04:00,7.9,6.5,97,4.9,19.8,0.0,1000.3,0.0,2.0,5.8,43.5,-41.5,19.94,41.5,4.6
2024-09-05T05:00,7.9,6.4,98,6.0,20.9,0.0,1000.7,0.0,5.4,5.8,43.5,-38.1,19.94,38.1,12.4
2024-09-05T06:00,7.8,6.3,100,6.8,22.7,1.0,1000.9,0.0,9.0,5.8,43.5,-34.5,19.94,34.5,20.7
2024-09-05T07:00,7.8,6.3,99,6.6,22.7,1.0,1001.3,0.0,8.0,5.8,43.5,-35.5,19.94,35.5,18.4
2024-09-05T08:00,7.9,6.3,98,6.9,23.4,1.0,1001.9,0.0,9.5,5.8,43.5,-34.0,19.94,34.0,21.8
2024-09-05T09:00,8.0,6.4,98,6.8,23.0,0.0,1002.2,0.0,9.0,5.8,43.5,-34.5,19.94,34.5,20.7
2024-09-05T10:00,7.8,6.2,99,7.1,23.4,0.0,1002.7,0.0,10.6,5.8,43.5,-32.9,19.94,32.9,24.4
2024-09-05T11:00,7.7,6.0,98,7.7,23.0,1.0,1003.4,0.0,14.4,5.8,43.5,-29.1,19.94,29.1,33.1
2024-09-05T12:00,7.4,5.4,98,8.4,23.4,0.0,1003.9,0.0,19.5,5.9,43.6,-24.1,19.94,24.1,44.7
2024-09-05T13:00,7.4,5.6,96,7.4,20.9,0.0,1004.2,0.0,12.4,5.9,43.6,-31.2,19.94,31.2,28.4
2024-09-05T14:00,6.8,4.7,98,8.4,22.7,0.0,1004.8,0.0,19.5,6.0,43.7,-24.2,19.94,24.2,44.6
2024-09-05T15:00,6.0,3.8,98,8.2,22.7,0.0,1005.2,0.0,17.9,6.0,43.7,-25.8,19.94,25.8,41.0
2024-09-05T16:00,5.5,3.2,97,8.0,23.0,2.0,1005.8,0.1,16.5,6.1,43.8,-27.2,19.94,27.2,37.9
2024-09-05T17:00,5.3,2.8,92,7.7,22.3,3.0,1006.1,0.1,14.4,6.1,43.8,-29.3,19.94,29.3,33.1
2024-09-05T18:00,4.9,2.5,89,5.6,22.3,8.0,1005.6,0.4,3.9,6.1,43.8,-39.5,19.94,39.5,9.8
2024-09-05T19:00,4.5,2.0,89,6.3,18.0,2.0,1006.1,0.1,6.6,6.2,43.9,-37.2,19.94,37.2,15.3
2024-09-05T20:00,4.3,2.2,92,3.7,17.6,0.0,1006.0,0.0,0.2,6.1,43.8,-43.6,19.94,43.6,0.5
2024-09-05T21:00,4.7,2.4,89,4.5,13.3,0.0,1005.7,0.0,1.2,6.1,43.8,-42.6,19.94,42.6,2.7
2024-09-05T22:00,4.9,2.2,88,7.6,18.7,0.0,1004.5,0.0,13.7,6.2,43.9,-30.2,19.94,30.2,31.2
2024-09-05T23:00,5.0,2.3,88,7.4,21.2,0.0,1003.6,0.0,12.4,6.1,43.8,-31.4,19.94,31.4,28.3
2024-09-06T00:00,4.9,2.1,88,8.1,22.3,0.0,1001.7,0.0,17.2,6.2,43.9,-26.7,19.94,26.7,39.2
2024-09-06T01:00,4.8,2.0,88,8.0,25.9,0.0,1000.0,0.0,16.5,6.2,43.9,-27.4,19.94,27.4,37.6
2024-09-06T02:00,4.8,1.8,88,9.5,31.7,0.0,998.8,0.0,0.0,6.2,43.9,-43.9,19.94,43.9,0.0
2024-09-06T03:00,4.1,1.1,96,10.2,34.6,0.0,996.8,0.0,0.0,6.3,44.0,-44.0,19.94,44.0,0.0
2024-09-06T04:00,4.0,0.9,96,10.4,36.4,0.0,994.9,0.0,0.0,6.3,44.0,-44.0,19.94,44.0,0.0
2024-09-06T05:00,4.2,1.2,95,10.2,41.8,0.0,992.7,0.0,0.0,6.3,44.0,-44.0,19.94,44.0,0.0
2024-09-06T06:00,5.0,1.2,90,15.8,51.5,0.0,990.1,0.0,0.0,6.3,44.0,-44.0,19.94,44.0,0.0
2024-09-06T07:00,5.3,1.5,90,16.1,54.0,0.0,988.4,0.0,0.0,6.3,44.0,-44.0,19.94,44.0,0.0
2024-09-06T08:00,5.4,1.8,89,15.1,54.7,0.0,986.9,0.0,0.0,6.3,44.0,-44.0,19.94,44.0,0.0
2024-09-06T09:00,5.7,2.4,88,12.9,50.4,0.0,985.9,0.0,0.0,6.2,43.9,-43.9,19.94,43.9,0.0
2024-09-06T10:00,5.7,2.7,89,10.6,39.6,0.0,985.1,0.0,0.0,6.1,43.8,-43.8,19.94,43.8,0.0
2024-09-06T11:00,5.9,3.5,89,7.6,32.4,0.0,984.9,0.0,0.0,6.0,43.7,-43.7,19.94,43.7,0.0
2024-09-06T12:00,6.3,4.3,89,5.2,23.8,0.0,984.6,0.0,2.7,5.9,43.6,-40.9,19.94,40.9,6.2
2024-09-06T13:00,5.7,4.0,90,2.5,16.2,0.0,986.4,0.0,0.0,6.0,43.7,-43.7,19.94,43.7,0.0
2024-09-06T14:00,5.5,3.4,93,5.4,15.1,3.0,986.8,0.1,3.3,6.0,43.7,-40.3,19.94,40.3,7.8
2024-09-06T15:00,5.2,2.8,95,7.2,21.6,5.0,987.5,0.2,11.2,6.1,43.8,-32.4,19.94,32.4,26.0
2024-09-06T16:00,4.8,2.1,95,9.4,28.1,4.0,988.6,0.2,0.0,6.2,43.9,-43.7,19.94,43.7,0.5
2024-09-06T17:00,4.8,2.2,94,8.3,27.7,5.0,989.4,0.2,18.7,6.2,43.9,-25.0,19.94,25.0,43.1
2024-09-06T18:00,5.0,2.4,94,8.0,25.2,0.0,990.3,0.0,16.5,6.2,43.9,-27.4,19.94,27.4,37.6
2024-09-06T19:00,4.9,1.8,93,11.4,32.0,0.0,990.9,0.0,0.0,6.2,43.9,-43.9,19.94,43.9,0.0
2024-09-06T20:00,4.2,0.8,93,12.1,35.6,0.0,991.8,0.0,0.0,6.3,44.0,-44.0,19.94,44.0,0.0
2024-09-06T21:00,3.8,0.5,92,11.2,34.9,0.0,992.7,0.0,0.0,6.4,44.1,-44.1,19.94,44.1,0.0
2024-09-06T22:00,3.5,0.2,91,10.8,32.8,0.0,993.4,0.0,0.0,6.4,44.1,-44.1,19.94,44.1,0.0
2024-09-06T23:00,3.4,0.0,93,11.1,31.3,0.0,994.1,0.0,0.0,6.4,44.1,-44.1,19.94,44.1,0.0
2024-09-07T00:00,3.5,-0.1,93,12.5,35.3,0.0,994.8,0.0,0.0,6.4,44.1,-44.1,19.94,44.1,0.0
2024-09-07T01:00,3.5,0.3,93,9.9,28.1,0.0,995.1,0.0,0.0,6.4,44.1,-44.1,19.94,44.1,0.0
2024-09-07T02:00,3.7,0.3,90,11.5,32.0,0.0,995.8,0.0,0.0,6.4,44.1,-44.1,19.94,44.1,0.0
2024-09-07T03:00,3.5,-0.1,90,12.5,34.2,0.0,996.7,0.0,0.0,6.4,44.1,-44.1,19.94,44.1,0.0
2024-09-07T04:00,3.2,-0.4,87,12.0,34.2,0.0,997.6,0.0,0.0,6.5,44.2,-44.2,19.94,44.2,0.0
2024-09-07T05:00,3.1,-0.6,85,11.6,32.4,4.0,998.9,0.2,0.0,6.5,44.2,-44.0,19.94,44.0,0.5
2024-09-07T06:00,2.9,-0.8,82,10.8,30.6,15.0,1000.0,0.7,0.0,6.5,44.2,-43.5,19.94,43.5,1.6
2024-09-07T07:00,2.8,-0.7,80,9.0,27.4,19.0,1001.0,0.9,24.6,6.4,44.1,-18.6,19.94,18.6,57.8
2024-09-07T08:00,2.8,-0.6,79,8.4,24.1,32.0,1002.3,1.6,19.5,6.4,44.1,-23.0,19.94,23.0,47.8
2024-09-07T09:00,2.8,-0.7,79,8.9,23.4,35.0,1003.3,1.7,23.7,6.4,44.1,-18.7,19.94,18.7,57.6
2024-09-07T10:00,2.8,-0.7,78,8.7,23.8,35.0,1004.4,1.7,22.0,6.4,44.1,-20.4,19.94,20.4,53.7
2024-09-07T11:00,2.9,-0.6,76,8.9,24.1,84.0,1005.6,4.1,23.7,6.4,44.1,-16.3,19.94,16.3,63.0
2024-09-07T12:00,2.8,-0.6,76,8.0,24.1,102.0,1006.3,5.0,16.5,6.4,44.1,-22.6,19.94,22.6,48.8
2024-09-07T13:00,4.1,1.1,72,5.7,22.3,178.0,1006.3,8.6,4.2,6.2,43.9,-31.1,19.94,31.1,29.2
2024-09-07T14:00,4.0,1.1,72,4.9,15.8,133.0,1007.0,6.5,2.0,6.2,43.9,-35.4,19.94,35.4,19.4
2024-09-07T15:00,3.9,1.2,72,3.7,13.3,112.0,1007.4,5.4,0.2,6.2,43.9,-38.3,19.94,38.3,12.8
2024-09-07T16:00,3.7,0.8,73,4.4,12.2,24.0,1007.9,1.2,1.0,6.2,43.9,-41.7,19.94,41.7,5.0
2024-09-07T17:00,3.5,1.0,75,2.5,10.8,4.0,1007.9,0.2,0.0,6.2,43.9,-43.7,19.94,43.7,0.5
2024-09-07T18:00,3.3,1.1,81,1.1,6.5,0.0,1008.3,0.0,0.0,6.2,43.9,-43.9,19.94,43.9,0.0
2024-09-07T19:00,3.3,0.9,81,2.3,8.3,0.0,1008.4,0.0,0.0,6.2,43.9,-43.9,19.94,43.9,0.0
2024-09-07T20:00,3.3,0.6,82,4.3,13.0,0.0,1008.5,0.0,0.9,6.3,44.0,-43.1,19.94,43.1,2.0
2024-09-07T21:00,3.0,0.2,84,5.3,15.1,0.0,1008.5,0.0,3.0,6.3,44.0,-41.0,19.94,41.0,6.8
2024-09-07T22:00,2.8,0.0,82,4.7,16.2,0.0,1008.6,0.0,1.5,6.3,44.0,-42.5,19.94,42.5,3.4
2024-09-07T23:00,2.5,-0.3,82,4.3,13.7,0.0,1008.5,0.0,0.9,6.4,44.1,-43.2,19.94,43.2,2.0
2024-09-08T00:00,2.2,-0.3,83,2.7,11.5,0.0,1007.5,0.0,0.0,6.4,44.1,-44.1,19.94,44.1,0.0
2024-09-08T01:00,1.6,-1.1,90,4.2,12.2,0.0,1007.7,0.0,0.7,6.5,44.2,-43.5,19.94,43.5,1.6
2024-09-08T02:00,1.4,-1.2,91,4.1,12.2,0.0,1007.4,0.0,0.6,6.5,44.2,-43.6,19.94,43.6,1.4
2024-09-08T03:00,1.4,-1.3,91,4.6,11.9,0.0,1006.9,0.0,1.3,6.5,44.2,-42.9,19.94,42.9,2.9
2024-09-08T04:00,1.5,-1.2,90,4.3,11.9,0.0,1006.3,0.0,0.9,6.5,44.2,-43.3,19.94,43.3,2.0
2024-09-08T05:00,1.8,-0.9,89,4.3,11.2,0.0,1005.8,0.0,0.9,6.4,44.1,-43.2,19.94,43.2,2.0
2024-09-08T06:00,2.1,-0.6,86,4.4,12.6,10.0,1005.4,0.5,1.0,6.4,44.1,-42.6,19.94,42.6,3.4
2024-09-08T07:00,2.6,-0.0,84,4.0,12.2,24.0,1005.3,1.2,0.5,6.3,44.0,-42.3,19.94,42.3,3.9
2024-09-08T08:00,2.9,0.3,84,4.0,11.5,21.0,1005.2,1.0,0.5,6.3,44.0,-42.5,19.94,42.5,3.4
2024-09-08T09:00,3.1,0.5,85,4.6,12.2,25.0,1004.9,1.2,1.3,6.3,44.0,-41.5,19.94,41.5,5.7
2024-09-08T10:00,3.4,0.7,85,5.2,13.7,7.0,1004.6,0.3,2.7,6.3,44.0,-41.0,19.94,41.0,6.8
2024-09-08T11:00,3.7,1.1,84,5.2,13.7,14.0,1004.3,0.7,2.7,6.2,43.9,-40.5,19.94,40.5,7.7
2024-09-08T12:00,4.0,1.4,84,5.2,13.7,23.0,1004.0,1.1,2.7,6.2,43.9,-40.1,19.94,40.1,8.7
2024-09-08T13:00,3.7,1.2,84,4.3,15.5,4.0,1004.5,0.2,0.9,6.2,43.9,-42.8,19.94,42.8,2.5
2024-09-08T14:00,3.8,1.4,84,3.7,11.2,11.0,1004.5,0.5,0.2,6.2,43.9,-43.2,19.94,43.2,1.6
2024-09-08T15:00,3.7,1.1,85,5.3,12.6,21.0,1004.7,1.0,3.0,6.2,43.9,-39.9,19.94,39.9,9.1
2024-09-08T16:00,3.7,1.1,85,5.0,13.3,25.0,1004.8,1.2,2.2,6.2,43.9,-40.5,19.94,40.5,7.7
2024-09-08T17:00,3.4,0.8,85,4.1,13.0,11.0,1004.7,0.5,0.6,6.3,44.0,-42.9,19.94,42.9,2.5
2024-09-08T18:00,2.7,0.1,90,4.2,11.5,5.0,1005.0,0.2,0.7,6.3,44.0,-43.1,19.94,43.1,2.0
2024-09-08T19:00,2.2,-0.3,91,4.0,11.2,1.0,1005.2,0.0,0.5,6.4,44.1,-43.6,19.94,43.6,1.1
2024-09-08T20:00,1.7,-1.0,92,4.2,10.8,0.0,1005.5,0.0,0.7,6.4,44.1,-43.4,19.94,43.4,1.6
2024-09-08T21:00,1.6,-1.1,92,4.3,11.5,0.0,1005.4,0.0,0.9,6.5,44.2,-43.3,19.94,43.3,2.0
2024-09-08T22:00,1.3,-1.3,93,3.8,11.5,0.0,1005.4,0.0,0.3,6.5,44.2,-43.9,19.94,43.9,0.7
2024-09-08T23:00,1.1,-1.5,93,3.8,9.7,0.0,1005.4,0.0,0.3,6.5,44.2,-43.9,19.94,43.9,0.7
2024-09-09T00:00,0.7,-2.2,93,4.8,11.9,0.0,1005.1,0.0,1.7,6.6,44.3,-42.6,19.94,42.6,3.8
2024-09-09T01:00,-0.3,-3.5,93,6.4,15.1,0.0,1005.5,0.0,7.0,6.7,44.4,-37.4,19.94,37.4,15.8
2024-09-09T02:00,-0.8,-3.9,93,5.1,15.5,0.0,1005.3,0.0,2.4,6.8,44.5,-42.1,19.94,42.1,5.4
2024-09-09T03:00,-0.5,-3.4,94,4.4,12.2,0.0,1005.2,0.0,1.0,6.7,44.4,-43.4,19.94,43.4,2.3
2024-09-09T04:00,0.3,-2.8,93,5.9,14.0,0.0,1005.3,0.0,5.0,6.7,44.4,-39.4,19.94,39.4,11.3
2024-09-09T05:00,0.7,-2.2,92,5.0,14.4,0.0,1005.0,0.0,2.2,6.6,44.3,-42.1,19.94,42.1,5.0
2024-09-09T06:00,1.1,-1.9,89,5.7,15.5,2.0,1005.1,0.1,4.2,6.6,44.3,-40.0,19.94,40.0,9.7
2024-09-09T07:00,1.6,-1.3,87,5.2,16.2,20.0,1005.0,1.0,2.7,6.5,44.2,-40.5,19.94,40.5,8.4
2024-09-09T08:00,2.1,-0.9,85,6.4,16.6,46.0,1004.8,2.3,7.0,6.5,44.2,-34.9,19.94,34.9,21.0
2024-09-09T09:00,2.4,-0.6,85,5.9,17.3,26.0,1004.7,1.3,5.0,6.4,44.1,-37.8,19.94,37.8,14.3
2024-09-09T10:00,2.5,-0.6,85,7.2,18.7,9.0,1004.2,0.4,11.2,6.4,44.1,-32.5,19.94,32.5,26.3
2024-09-09T11:00,2.4,-0.7,86,7.7,19.4,7.0,1003.9,0.3,14.4,6.5,44.2,-29.5,19.94,29.5,33.3
2024-09-09T12:00,2.4,-0.9,86,8.1,22.3,3.0,1003.5,0.1,17.2,6.5,44.2,-26.9,19.94,26.9,39.1
2024-09-09T13:00,1.9,-1.4,85,7.9,23.0,1.0,1002.5,0.0,15.7,6.5,44.2,-28.5,19.94,28.5,35.5
2024-09-09T14:00,1.7,-1.8,83,8.6,24.1,0.0,1002.2,0.0,21.1,6.6,44.3,-23.2,19.94,23.2,47.6
2024-09-09T15:00,1.2,-2.3,83,8.6,24.8,0.0,1001.6,0.0,21.1,6.6,44.3,-23.2,19.94,23.2,47.6
2024-09-09T16:00,1.0,-2.6,81,8.1,24.1,0.0,1001.5,0.0,17.2,6.6,44.3,-27.1,19.94,27.1,38.8
2024-09-09T17:00,0.8,-2.7,80,7.6,23.4,0.0,1001.5,0.0,13.7,6.6,44.3,-30.6,19.94,30.6,30.9
2024-09-09T18:00,0.6,-2.9,80,7.1,22.3,0.0,1001.5,0.0,10.6,6.7,44.4,-33.8,19.94,33.8,23.9
2024-09-09T19:00,0.3,-3.1,82,6.4,21.2,0.0,1001.1,0.0,7.0,6.7,44.4,-37.4,19.94,37.4,15.8
2024-09-09T20:00,0.2,-3.1,83,5.6,19.4,0.0,1001.0,0.0,3.9,6.7,44.4,-40.5,19.94,40.5,8.8
2024-09-09T21:00,0.1,-3.1,83,5.6,17.6,0.0,1001.0,0.0,3.9,6.7,44.4,-40.5,19.94,40.5,8.8
2024-09-09T22:00,0.1,-3.0,84,5.1,17.3,0.0,1000.8,0.0,2.4,6.7,44.4,-42.0,19.94,42.0,5.4
2024-09-09T23:00,-0.5,-3.6,87,4.6,17.6,0.0,1000.8,0.0,1.3,6.7,44.4,-43.1,19.94,43.1,2.9
2024-09-10T00:00,-1.1,-4.2,88,4.6,16.9,0.0,1001.2,0.0,1.3,6.8,44.5,-43.2,19.94,43.2,2.9
2024-09-10T01:00,-1.0,-4.3,85,5.3,16.9,0.0,1001.4,0.0,3.0,6.8,44.5,-41.5,19.94,41.5,6.7
2024-09-10T02:00,-0.7,-4.1,84,5.7,18.4,0.0,1001.6,0.0,4.2,6.8,44.5,-40.3,19.94,40.3,9.4
2024-09-10T03:00,-0.9,-4.2,85,5.0,18.4,0.0,1002.2,0.0,2.2,6.8,44.5,-42.3,19.94,42.3,4.9
2024-09-10T04:00,-0.7,-3.9,85,4.7,16.2,0.0,1002.6,0.0,1.5,6.7,44.4,-42.9,19.94,42.9,3.4
2024-09-10T05:00,-0.2,-3.5,81,5.3,16.6,0.0,1002.9,0.0,3.0,6.7,44.4,-41.4,19.94,41.4,6.8
2024-09-10T06:00,0.2,-3.2,80,5.7,16.9,0.0,1003.4,0.0,4.2,6.7,44.4,-40.2,19.94,40.2,9.5
2024-09-10T07:00,0.5,-2.8,79,5.7,16.9,1.0,1003.7,0.0,4.2,6.6,44.3,-40.1,19.94,40.1,9.5
2024-09-10T08:00,0.8,-2.5,78,6.1,17.6,2.0,1004.0,0.1,5.8,6.6,44.3,-38.4,19.94,38.4,13.3
2024-09-10T09:00,1.0,-2.4,77,6.4,18.0,5.0,1004.2,0.2,7.0,6.6,44.3,-37.1,19.94,37.1,16.3
2024-09-10T10:00,1.2,-2.3,77,7.2,18.7,7.0,1004.6,0.3,11.2,6.6,44.3,-32.8,19.94,32.8,26.0
2024-09-10T11:00,1.4,-2.2,76,8.1,20.9,40.0,1004.6,2.0,17.2,6.6,44.3,-25.1,19.94,25.1,43.3
2024-09-10T12:00,1.5,-2.1,75,7.7,21.2,82.0,1005.3,4.0,14.4,6.6,44.3,-25.9,19.94,25.9,41.5
2024-09-10T13:00,1.8,-1.9,72,7.9,27.4,170.0,1005.6,8.3,15.7,6.5,44.2,-20.2,19.94,20.2,54.3
2024-09-10T14:00,1.6,-2.2,70,8.7,24.8,156.0,1006.0,7.6,22.0,6.6,44.3,-14.7,19.94,14.7,66.8
2024-09-10T15:00,1.2,-2.6,69,8.2,24.8,119.0,1006.4,5.8,17.9,6.6,44.3,-20.6,19.94,20.6,53.5
2024-09-10T16:00,0.5,-3.1,70,6.6,22.3,72.0,1007.0,3.6,8.0,6.7,44.4,-32.8,19.94,32.8,26.1
2024-09-10T17:00,-0.4,-4.1,75,6.8,20.9,33.0,1007.5,1.6,9.0,6.8,44.5,-33.9,19.94,33.9,23.8
2024-09-10T18:00,-1.5,-5.3,77,6.7,22.3,11.0,1007.8,0.6,8.5,6.9,44.6,-35.5,19.94,35.5,20.4
2024-09-10T19:00,-2.1,-5.8,78,6.0,22.3,0.0,1008.7,0.0,5.4,6.9,44.6,-39.2,19.94,39.2,12.1
2024-09-10T20:00,-2.0,-5.7,76,6.3,23.4,0.0,1008.8,0.0,6.6,6.9,44.6,-38.0,19.94,38.0,14.8
2024-09-10T21:00,-2.1,-5.8,77,6.2,23.8,0.0,1008.8,0.0,6.2,6.9,44.6,-38.4,19.94,38.4,13.9
2024-09-10T22:00,-2.4,-6.1,78,6.1,23.8,0.0,1008.8,0.0,5.8,7.0,44.7,-38.9,19.94,38.9,13.0
2024-09-10T23:00,-2.1,-5.8,78,6.1,24.1,0.0,1008.6,0.0,5.8,6.9,44.6,-38.8,19.94,38.8,13.0
2024-09-11T00:00,-1.8,-5.5,76,6.1,23.4,0.0,1008.5,0.0,5.8,6.9,44.6,-38.8,19.94,38.8,13.0
2024-09-11T01:00,-1.6,-5.4,74,6.2,25.2,0.0,1008.4,0.0,6.2,6.9,44.6,-38.4,19.94,38.4,13.9
2024-09-11T02:00,-1.5,-5.3,71,6.6,26.3,0.0,1008.3,0.0,8.0,6.9,44.6,-36.6,19.94,36.6,17.9
2024-09-11T03:00,-1.3,-5.3,69,7.3,29.5,0.0,1008.2,0.0,0.0,6.9,44.6,-44.6,19.94,44.6,0.0
2024-09-11T04:00,-1.3,-5.4,66,8.3,32.4,0.0,1008.6,0.0,0.0,6.9,44.6,-44.6,19.94,44.6,0.0
2024-09-11T05:00,-1.2,-5.7,63,10.8,38.2,0.0,1008.8,0.0,0.0,7.0,44.7,-44.7,19.94,44.7,0.0
2024-09-11T06:00,-1.4,-5.9,66,11.0,39.2,0.0,1009.4,0.0,0.0,7.0,44.7,-44.7,19.94,44.7,0.0
2024-09-11T07:00,-1.3,-5.9,67,11.6,39.2,1.0,1009.4,0.1,0.0,7.0,44.7,-44.6,19.94,44.6,0.2
2024-09-11T08:00,-0.9,-5.5,68,12.1,41.4,6.0,1009.4,0.3,0.0,7.0,44.7,-44.4,19.94,44.4,0.7
2024-09-11T09:00,-0.4,-5.4,67,14.7,48.2,32.0,1009.4,1.6,0.0,7.0,44.7,-43.1,19.94,43.1,3.6
2024-09-11T10:00,-0.3,-5.5,70,16.1,50.8,6.0,1009.8,0.3,0.0,7.0,44.7,-44.4,19.94,44.4,0.7
2024-09-11T11:00,-0.0,-5.7,72,20.1,59.8,9.0,1010.0,0.4,0.0,7.1,44.8,-44.4,19.94,44.4,0.9
2024-09-11T12:00,0.1,-5.7,74,21.4,64.4,5.0,1009.9,0.2,0.0,7.1,44.8,-44.6,19.94,44.6,0.4
2024-09-11T13:00,0.2,-5.9,76,24.2,66.6,0.0,1010.6,0.0,0.0,7.2,44.9,-44.9,19.94,44.9,0.0
2024-09-11T14:00,0.2,-5.4,78,20.8,67.7,0.0,1010.7,0.0,0.0,7.1,44.8,-44.8,19.94,44.8,0.0
2024-09-11T15:00,0.2,-5.3,77,19.7,63.0,1.0,1011.2,0.0,0.0,7.1,44.8,-44.8,19.94,44.8,0.0
2024-09-11T16:00,-0.1,-5.5,79,19.4,61.2,0.0,1011.6,0.0,0.0,7.1,44.8,-44.8,19.94,44.8,0.0
2024-09-11T17:00,-0.4,-5.6,81,18.5,60.5,1.0,1012.0,0.0,0.0,7.1,44.8,-44.8,19.94,44.8,0.0
2024-09-11T18:00,-0.6,-5.7,82,17.8,58.3,0.0,1012.4,0.0,0.0,7.1,44.8,-44.8,19.94,44.8,0.0
2024-09-11T19:00,-0.7,-5.6,80,15.6,56.2,0.0,1013.1,0.0,0.0,7.1,44.8,-44.8,19.94,44.8,0.0
2024-09-11T20:00,-0.8,-5.7,81,16.1,52.6,0.0,1013.6,0.0,0.0,7.1,44.8,-44.8,19.94,44.8,0.0
2024-09-11T21:00,-0.8,-5.6,82,15.2,52.2,0.0,1014.1,0.0,0.0,7.1,44.8,-44.8,19.94,44.8,0.0
2024-09-11T22:00,-0.7,-5.6,82,16.0,52.2,0.0,1014.4,0.0,0.0,7.1,44.8,-44.8,19.94,44.8,0.0
2024-09-11T23:00,-0.7,-5.8,83,17.0,53.6,0.0,1014.6,0.0,0.0,7.1,44.8,-44.8,19.94,44.8,0.0
2024-09-12T00:00,-0.6,-5.4,84,15.5,53.6,0.0,1014.8,0.0,0.0,7.0,44.7,-44.7,19.94,44.7,0.0
2024-09-12T01:00,-0.5,-5.6,87,18.0,56.2,0.0,1014.8,0.0,0.0,7.1,44.8,-44.8,19.94,44.8,0.0
2024-09-12T02:00,-0.4,-5.7,87,19.1,58.0,0.0,1014.9,0.0,0.0,7.1,44.8,-44.8,19.94,44.8,0.0
2024-09-12T03:00,-0.4,-5.6,88,18.9,58.7,0.0,1015.0,0.0,0.0,7.1,44.8,-44.8,19.94,44.8,0.0
2024-09-12T04:00,-0.3,-5.7,87,20.0,60.5,0.0,1015.1,0.0,0.0,7.1,44.8,-44.8,19.94,44.8,0.0
2024-09-12T05:00,-0.2,-5.4,87,18.9,61.2,0.0,1015.6,0.0,0.0,7.1,44.8,-44.8,19.94,44.8,0.0
2024-09-12T06:00,-0.1,-5.1,86,18.0,58.3,2.0,1016.1,0.1,0.0,7.0,44.7,-44.6,19.94,44.6,0.2
2024-09-12T07:00,0.0,-5.1,86,18.9,58.0,3.0,1016.1,0.1,0.0,7.1,44.8,-44.7,19.94,44.7,0.2
2024-09-12T08:00,0.2,-4.9,85,18.2,59.8,2.0,1016.3,0.1,0.0,7.0,44.7,-44.6,19.94,44.6,0.2
2024-09-12T09:00,0.4,-4.6,84,18.1,56.5,0.0,1016.7,0.0,0.0,7.0,44.7,-44.7,19.94,44.7,0.0
2024-09-12T10:00,0.7,-4.6,83,20.1,57.6,5.0,1016.6,0.2,0.0,7.0,44.7,-44.5,19.94,44.5,0.4
2024-09-12T11:00,0.8,-4.5,84,20.4,58.7,6.0,1016.2,0.3,0.0,7.0,44.7,-44.4,19.94,44.4,0.7
2024-09-12T12:00,1.1,-4.3,83,20.7,61.2,24.0,1015.8,1.2,0.0,7.0,44.7,-43.5,19.94,43.5,2.7
2024-09-12T13:00,1.4,-4.3,83,23.0,67.0,23.0,1014.8,1.1,0.0,7.0,44.7,-43.6,19.94,43.6,2.5
2024-09-12T14:00,1.3,-4.2,84,22.7,69.1,4.0,1014.3,0.2,0.0,7.0,44.7,-44.5,19.94,44.5,0.4
2024-09-12T15:00,1.2,-4.1,86,21.2,68.8,0.0,1013.8,0.0,0.0,7.0,44.7,-44.7,19.94,44.7,0.0
2024-09-12T16:00,1.1,-4.2,87,20.5,68.0,0.0,1013.5,0.0,0.0,7.0,44.7,-44.7,19.94,44.7,0.0
2024-09-12T17:00,0.9,-4.1,87,19.1,66.6,0.0,1013.0,0.0,0.0,6.9,44.6,-44.6,19.94,44.6,0.0
2024-09-12T18:00,0.9,-3.8,88,17.1,63.4,0.0,1012.8,0.0,0.0,6.9,44.6,-44.6,19.94,44.6,0.0
2024-09-12T19:00,1.1,-3.6,89,17.1,61.9,0.0,1012.1,0.0,0.0,6.9,44.6,-44.6,19.94,44.6,0.0
2024-09-12T20:00,1.6,-3.3,87,18.9,63.7,0.0,1011.9,0.0,0.0,6.8,44.5,-44.5,19.94,44.5,0.0
2024-09-12T21:00,2.1,-3.0,84,20.0,66.6,0.0,1011.2,0.0,0.0,6.8,44.5,-44.5,19.94,44.5,0.0
2024-09-12T22:00,2.3,-2.9,85,21.0,67.7,0.0,1010.0,0.0,0.0,6.8,44.5,-44.5,19.94,44.5,0.0
2024-09-12T23:00,2.6,-2.7,86,22.3,67.0,0.0,1009.3,0.0,0.0,6.8,44.5,-44.5,19.94,44.5,0.0
2024-09-13T00:00,2.9,-2.5,86,23.4,70.2,0.0,1008.2,0.0,0.0,6.8,44.5,-44.5,19.94,44.5,0.0
2024-09-13T01:00,2.7,-2.7,86,22.9,72.0,0.0,1007.9,0.0,0.0,6.8,44.5,-44.5,19.94,44.5,0.0
2024-09-13T02:00,2.7,-2.6,88,22.7,71.6,0.0,1006.6,0.0,0.0,6.8,44.5,-44.5,19.94,44.5,0.0
2024-09-13T03:00,3.4,-1.5,88,21.0,71.3,0.0,1006.1,0.0,0.0,6.6,44.3,-44.3,19.94,44.3,0.0
2024-09-13T04:00,3.9,-0.6,88,19.0,67.3,0.0,1005.7,0.0,0.0,6.5,44.2,-44.2,19.94,44.2,0.0
2024-09-13T05:00,4.6,0.1,87,19.5,68.8,1.0,1004.8,0.0,0.0,6.5,44.2,-44.2,19.94,44.2,0.0
2024-09-13T06:00,4.7,1.3,88,12.8,63.4,12.0,1005.5,0.6,0.0,6.3,44.0,-43.4,19.94,43.4,1.4
2024-09-13T07:00,5.4,2.0,89,13.4,45.0,27.0,1005.4,1.3,0.0,6.2,43.9,-42.6,19.94,42.6,3.0
2024-09-13T08:00,6.2,3.5,90,10.3,40.0,64.0,1005.6,3.1,0.0,6.1,43.8,-40.7,19.94,40.7,7.1
2024-09-13T09:00,7.1,4.6,89,9.2,32.0,72.0,1005.9,3.5,0.0,5.9,43.6,-40.1,19.94,40.1,8.0
2024-09-13T10:00,7.3,5.1,89,8.0,27.4,80.0,1005.9,3.9,16.5,5.9,43.6,-23.2,19.94,23.2,46.8
2024-09-13T11:00,7.9,5.9,89,7.7,22.7,81.0,1005.6,3.9,14.4,5.8,43.5,-25.2,19.94,25.2,42.1
2024-09-13T12:00,8.7,7.0,89,6.2,21.2,146.0,1005.4,7.0,6.2,5.7,43.4,-30.2,19.94,30.2,30.4
2024-09-13T13:00,9.3,7.6,84,5.6,19.8,165.0,1006.0,7.8,3.9,5.6,43.3,-31.6,19.94,31.6,27.0
2024-09-13T14:00,9.4,7.8,83,5.3,15.5,130.0,1005.8,6.2,3.0,5.6,43.3,-34.1,19.94,34.1,21.2
2024-09-13T15:00,9.1,7.5,86,5.4,14.8,81.0,1005.3,3.9,3.3,5.6,43.3,-36.1,19.94,36.1,16.6
2024-09-13T16:00,7.9,6.2,91,5.4,14.4,51.0,1005.0,2.5,3.3,5.8,43.5,-37.7,19.94,37.7,13.3
2024-09-13T17:00,5.9,3.9,95,5.8,13.7,21.0,1005.1,1.0,4.6,6.0,43.7,-38.1,19.94,38.1,12.8
2024-09-13T18:00,4.4,2.1,97,6.1,15.1,4.0,1004.8,0.2,5.8,6.2,43.9,-37.9,19.94,37.9,13.7
2024-09-13T19:00,4.2,1.5,97,8.7,19.4,0.0,1004.5,0.0,22.0,6.3,44.0,-22.0,19.94,22.0,50.0
2024-09-13T20:00,3.7,0.9,99,8.5,20.9,0.0,1004.4,0.0,20.3,6.3,44.0,-23.7,19.94,23.7,46.1
2024-09-13T21:00,2.6,-0.5,99,9.9,22.7,0.0,1004.1,0.0,33.4,6.5,44.2,-10.8,19.94,10.8,75.6
2024-09-13T22:00,2.1,-1.1,99,10.1,24.5,0.0,1003.7,0.0,35.6,6.6,44.3,-8.7,19.94,8.7,80.4
2024-09-13T23:00,2.8,-0.2,98,9.0,24.8,0.0,1003.7,0.0,24.6,6.4,44.1,-19.5,19.94,19.5,55.8
2024-09-14T00:00,2.3,-1.0,99,10.6,27.7,0.0,1003.2,0.0,41.4,6.5,44.2,-2.8,19.94,2.8,93.7
2024-09-14T01:00,3.9,0.7,95,11.2,33.5,0.0,1003.4,0.0,0.0,6.4,44.1,-44.1,19.94,44.1,0.0
2024-09-14T02:00,4.4,1.3,95,11.4,38.5,0.0,1003.1,0.0,0.0,6.3,44.0,-44.0,19.94,44.0,0.0
2024-09-14T03:00,4.3,0.8,97,13.7,45.7,0.0,1003.1,0.0,0.0,6.4,44.1,-44.1,19.94,44.1,0.0
2024-09-14T04:00,4.4,0.8,96,15.3,50.8,0.0,1002.8,0.0,0.0,6.4,44.1,-44.1,19.94,44.1,0.0
2024-09-14T05:00,4.9,1.0,93,16.9,54.4,1.0,1002.2,0.0,0.0,6.4,44.1,-44.1,19.94,44.1,0.0
2024-09-14T06:00,5.4,1.8,92,15.0,54.4,1.0,1001.8,0.0,0.0,6.3,44.0,-44.0,19.94,44.0,0.0
2024-09-14T07:00,5.8,2.5,91,13.4,51.1,3.0,1001.2,0.1,0.0,6.2,43.9,-43.8,19.94,43.8,0.2
2024-09-14T08:00,6.9,3.8,89,13.1,47.9,8.0,1001.0,0.4,0.0,6.0,43.7,-43.3,19.94,43.3,0.9
2024-09-14T09:00,8.1,5.3,87,12.7,46.8,4.0,1000.4,0.2,0.0,5.9,43.6,-43.4,19.94,43.4,0.5
2024-09-14T10:00,8.3,5.5,88,13.1,46.1,5.0,999.8,0.2,0.0,5.8,43.5,-43.3,19.94,43.3,0.5
2024-09-14T11:00,8.6,5.7,86,13.7,46.8,1.0,999.6,0.0,0.0,5.8,43.5,-43.5,19.94,43.5,0.0
2024-09-14T12:00,8.8,6.4,85,10.6,45.7,17.0,999.2,0.8,0.0,5.7,43.4,-42.6,19.94,42.6,1.8
2024-09-14T13:00,9.1,6.6,83,10.8,42.8,3.0,999.3,0.1,0.0,5.7,43.4,-43.3,19.94,43.3,0.2
2024-09-14T14:00,9.0,6.3,83,11.7,38.5,5.0,999.1,0.2,0.0,5.7,43.4,-43.2,19.94,43.2,0.5
2024-09-14T15:00,8.4,5.9,84,10.7,38.2,0.0,999.0,0.0,0.0,5.8,43.5,-43.5,19.94,43.5,0.0
2024-09-14T16:00,7.9,5.2,86,10.9,37.1,0.0,998.8,0.0,0.0,5.9,43.6,-43.6,19.94,43.6,0.0
2024-09-14T17:00,7.6,4.8,86,11.5,38.9,0.0,998.6,0.0,0.0,5.9,43.6,-43.6,19.94,43.6,0.0
2024-09-14T18:00,7.5,4.4,86,13.3,43.6,0.0,998.5,0.0,0.0,6.0,43.7,-43.7,19.94,43.7,0.0
2024-09-14T19:00,7.5,4.3,85,13.6,45.0,0.0,998.2,0.0,0.0,6.0,43.7,-43.7,19.94,43.7,0.0
2024-09-14T20:00,7.3,4.3,86,13.0,45.0,0.0,998.3,0.0,0.0,6.0,43.7,-43.7,19.94,43.7,0.0
2024-09-14T21:00,7.2,4.0,86,13.5,44.3,0.0,998.3,0.0,0.0,6.0,43.7,-43.7,19.94,43.7,0.0
2024-09-14T22:00,7.0,3.7,86,13.8,43.9,0.0,998.2,0.0,0.0,6.0,43.7,-43.7,19.94,43.7,0.0
2024-09-14T23:00,6.8,3.6,86,13.7,43.9,0.0,998.3,0.0,0.0,6.0,43.7,-43.7,19.94,43.7,0.0
2024-09-15T00:00,6.5,3.5,88,11.5,43.2,0.0,998.3,0.0,0.0,6.0,43.7,-43.7,19.94,43.7,0.0
2024-09-15T01:00,5.5,2.7,93,10.0,36.0,0.0,999.0,0.0,0.0,6.1,43.8,-43.8,19.94,43.8,0.0
2024-09-15T02:00,5.6,3.0,92,8.9,34.9,0.0,999.2,0.0,0.0,6.1,43.8,-43.8,19.94,43.8,0.0
2024-09-15T03:00,5.7,3.2,93,8.4,31.7,0.0,999.3,0.0,0.0,6.1,43.8,-43.8,19.94,43.8,0.0
2024-09-15T04:00,5.9,3.6,93,7.2,30.6,0.0,999.3,0.0,0.0,6.0,43.7,-43.7,19.94,43.7,0.0
2024-09-15T05:00,6.2,3.9,93,7.2,28.4,0.0,999.5,0.0,0.0,6.0,43.7,-43.7,19.94,43.7,0.0
2024-09-15T06:00,6.4,4.2,92,7.1,27.0,0.0,999.7,0.0,10.6,6.0,43.7,-33.1,19.94,33.1,24.3
2024-09-15T07:00,6.5,4.4,93,6.9,24.1,0.0,1000.4,0.0,9.5,6.0,43.7,-34.2,19.94,34.2,21.7
2024-09-15T08:00,6.6,4.5,96,7.7,21.2,0.0,1001.8,0.0,14.4,6.0,43.7,-29.3,19.94,29.3,33.0
2024-09-15T09:00,6.4,4.2,100,8.7,24.8,5.0,1003.4,0.2,22.0,6.0,43.7,-21.5,19.94,21.5,50.8
2024-09-15T10:00,5.9,3.5,99,9.4,28.8,9.0,1005.2,0.4,0.0,6.1,43.8,-43.4,19.94,43.4,0.9
2024-09-15T11:00,6.1,3.9,97,8.2,27.4,39.0,1006.2,1.9,17.9,6.0,43.7,-23.9,19.94,23.9,45.3
2024-09-15T12:00,6.6,4.2,92,8.9,25.6,50.0,1007.4,2.4,23.7,6.0,43.7,-17.6,19.94,17.6,59.7
2024-09-15T13:00,6.8,4.3,93,10.0,27.0,49.0,1008.4,2.4,34.5,6.0,43.7,-6.8,19.94,6.8,84.4
2024-09-15T14:00,6.1,3.8,98,8.8,27.0,34.0,1009.5,1.7,22.8,6.0,43.7,-19.2,19.94,19.2,56.1
2024-09-15T15:00,5.7,3.6,99,6.7,25.2,0.0,1010.2,0.0,8.5,6.0,43.7,-35.2,19.94,35.2,19.5
2024-09-15T16:00,5.6,3.5,98,6.4,21.2,0.0,1011.0,0.0,7.0,6.1,43.8,-36.8,19.94,36.8,16.0
2024-09-15T17:00,5.4,3.4,98,6.1,19.4,0.0,1011.7,0.0,5.8,6.1,43.8,-38.0,19.94,38.0,13.2
2024-09-15T18:00,5.5,3.5,96,4.8,18.0,0.0,1012.6,0.0,1.7,6.0,43.7,-42.0,19.94,42.0,3.9
2024-09-15T19:00,5.4,3.4,95,4.6,15.5,0.0,1013.3,0.0,1.3,6.0,43.7,-42.4,19.94,42.4,3.0
2024-09-15T20:00,5.2,3.3,96,3.8,13.3,0.0,1013.9,0.0,0.3,6.0,43.7,-43.4,19.94,43.4,0.7
2024-09-15T21:00,5.0,3.3,96,2.8,11.5,0.0,1014.4,0.0,0.0,6.0,43.7,-43.7,19.94,43.7,0.0
2024-09-15T22:00,4.9,3.3,97,1.8,9.4,0.0,1014.6,0.0,0.0,6.0,43.7,-43.7,19.94,43.7,0.0
2024-09-15T23:00,4.8,3.2,97,2.2,7.6,0.0,1014.8,0.0,0.0,6.1,43.8,-43.8,19.94,43.8,0.0
2024-09-16T00:00,4.9,3.1,95,3.0,9.0,0.0,1015.2,0.0,0.0,6.1,43.8,-43.8,19.94,43.8,0.0
2024-09-16T01:00,4.8,2.9,96,3.6,10.8,0.0,1015.8,0.0,0.2,6.1,43.8,-43.6,19.94,43.6,0.5
2024-09-16T02:00,4.9,3.0,95,3.6,11.2,0.0,1015.8,0.0,0.2,6.1,43.8,-43.6,19.94,43.6,0.5
2024-09-16T03:00,4.9,2.9,95,3.9,11.9,0.0,1015.8,0.0,0.4,6.1,43.8,-43.4,19.94,43.4,0.9
2024-09-16T04:00,4.9,3.0,94,3.8,11.9,0.0,1015.8,0.0,0.3,6.1,43.8,-43.5,19.94,43.5,0.7
2024-09-16T05:00,5.0,2.8,93,5.4,14.4,0.0,1015.8,0.0,3.3,6.1,43.8,-40.5,19.94,40.5,7.5
2024-09-16T06:00,5.1,2.8,92,6.2,16.6,0.0,1015.7,0.0,6.2,6.1,43.8,-37.6,19.94,37.6,14.2
2024-09-16T07:00,5.3,3.0,91,6.3,18.4,0.0,1015.6,0.0,6.6,6.1,43.8,-37.2,19.94,37.2,15.1
2024-09-16T08:00,5.6,3.2,90,6.9,21.2,0.0,1015.1,0.0,9.5,6.1,43.8,-34.3,19.94,34.3,21.7
2024-09-16T09:00,5.9,3.2,89,8.9,24.8,0.0,1014.5,0.0,23.7,6.1,43.8,-20.1,19.94,20.1,54.1
2024-09-16T10:00,6.1,3.3,87,9.4,27.0,0.0,1013.9,0.0,28.3,6.1,43.8,-15.5,19.94,15.5,64.6
2024-09-16T11:00,6.3,3.6,88,9.7,29.5,0.0,1013.4,0.0,0.0,6.0,43.7,-43.7,19.94,43.7,0.0
2024-09-16T12:00,6.3,3.5,88,10.2,31.3,0.0,1012.9,0.0,0.0,6.0,43.7,-43.7,19.94,43.7,0.0
2024-09-16T13:00,6.4,3.6,88,10.2,35.3,0.0,1013.2,0.0,0.0,6.0,43.7,-43.7,19.94,43.7,0.0
2024-09-16T14:00,6.4,3.6,87,10.2,36.0,0.0,1012.5,0.0,0.0,6.0,43.7,-43.7,19.94,43.7,0.0
2024-09-16T15:00,6.7,3.9,86,10.1,35.6,0.0,1011.7,0.0,0.0,6.0,43.7,-43.7,19.94,43.7,0.0
2024-09-16T16:00,6.7,3.6,86,12.8,42.1,0.0,1010.9,0.0,0.0,6.0,43.7,-43.7,19.94,43.7,0.0
2024-09-16T17:00,6.8,3.5,86,14.1,45.4,0.0,1009.9,0.0,0.0,6.1,43.8,-43.8,19.94,43.8,0.0
2024-09-16T18:00,6.8,3.5,87,14.1,45.7,0.0,1009.1,0.0,0.0,6.1,43.8,-43.8,19.94,43.8,0.0
2024-09-16T19:00,6.9,3.8,88,12.7,46.4,0.0,1008.6,0.0,0.0,6.0,43.7,-43.7,19.94,43.7,0.0
2024-09-16T20:00,6.5,3.8,89,10.0,43.2,0.0,1008.3,0.0,0.0,6.0,43.7,-43.7,19.94,43.7,0.0
2024-09-16T21:00,5.6,2.8,92,10.2,33.5,0.0,1008.0,0.0,0.0,6.1,43.8,-43.8,19.94,43.8,0.0
2024-09-16T22:00,5.3,2.4,93,10.4,29.9,0.0,1007.6,0.0,0.0,6.2,43.9,-43.9,19.94,43.9,0.0
2024-09-16T23:00,5.2,2.3,93,10.5,29.2,0.0,1006.9,0.0,0.0,6.2,43.9,-43.9,19.94,43.9,0.0
2024-09-17T00:00,5.4,2.6,93,10.2,29.2,0.0,1006.3,0.0,0.0,6.2,43.9,-43.9,19.94,43.9,0.0
2024-09-17T01:00,5.6,3.0,93,9.2,28.1,0.0,1006.6,0.0,0.0,6.1,43.8,-43.8,19.94,43.8,0.0
2024-09-17T02:00,6.0,3.4,92,9.2,27.7,0.0,1006.2,0.0,26.4,6.1,43.8,-17.4,19.94,17.4,60.3
2024-09-17T03:00,5.5,3.0,92,8.4,27.0,0.0,1005.8,0.0,19.5,6.1,43.8,-24.3,19.94,24.3,44.5
2024-09-17T04:00,4.4,1.6,96,9.4,23.8,0.0,1005.4,0.0,28.3,6.3,44.0,-15.7,19.94,15.7,64.3
2024-09-17T05:00,4.8,2.0,98,9.9,24.1,1.0,1004.9,0.0,33.4,6.2,43.9,-10.5,19.94,10.5,76.1
2024-09-17T06:00,4.7,2.0,100,10.0,24.5,5.0,1004.5,0.2,34.5,6.2,43.9,-9.2,19.94,9.2,79.0
2024-09-17T07:00,5.2,2.8,99,8.4,24.5,3.0,1004.7,0.1,19.5,6.1,43.8,-24.2,19.94,24.2,44.7
2024-09-17T08:00,6.0,3.9,99,7.4,22.0,4.0,1004.6,0.2,12.4,6.0,43.7,-31.1,19.94,31.1,28.8
2024-09-17T09:00,6.9,5.0,95,7.0,20.9,0.0,1004.5,0.0,10.1,5.9,43.6,-33.5,19.94,33.5,23.2
2024-09-17T10:00,7.5,5.5,92,7.3,20.5,0.0,1004.1,0.0,11.8,5.8,43.5,-31.7,19.94,31.7,27.1
2024-09-17T11:00,8.2,6.3,87,6.5,20.2,0.0,1004.1,0.0,7.5,5.8,43.5,-36.0,19.94,36.0,17.2
2024-09-17T12:00,8.2,6.4,88,6.1,18.0,0.0,1004.3,0.0,5.8,5.7,43.4,-37.6,19.94,37.6,13.4
2024-09-17T13:00,8.4,6.7,85,4.8,18.7,0.0,1004.7,0.0,1.7,5.7,43.4,-41.7,19.94,41.7,3.9
2024-09-17T14:00,8.2,6.4,86,5.5,14.4,0.0,1004.7,0.0,3.6,5.7,43.4,-39.8,19.94,39.8,8.3
2024-09-17T15:00,8.1,6.5,87,4.4,13.3,0.0,1004.7,0.0,1.0,5.7,43.4,-42.4,19.94,42.4,2.3
2024-09-17T16:00,7.4,5.9,92,3.8,10.4,0.0,1004.8,0.0,0.3,5.8,43.5,-43.2,19.94,43.2,0.7
2024-09-17T17:00,6.9,5.3,93,4.0,8.6,0.0,1004.8,0.0,0.5,5.9,43.6,-43.1,19.94,43.1,1.1
2024-09-17T18:00,6.7,5.0,94,4.2,9.4,0.0,1005.1,0.0,0.7,5.9,43.6,-42.9,19.94,42.9,1.6
2024-09-17T19:00,6.7,5.1,94,3.7,9.0,0.0,1005.3,0.0,0.2,5.9,43.6,-43.4,19.94,43.4,0.5
2024-09-17T20:00,6.7,5.1,94,4.0,9.0,0.0,1005.5,0.0,0.5,5.9,43.6,-43.1,19.94,43.1,1.1
2024-09-17T21:00,6.5,4.9,95,4.0,9.4,0.0,1005.6,0.0,0.5,5.9,43.6,-43.1,19.94,43.1,1.1
2024-09-17T22:00,6.4,4.9,95,3.2,9.4,0.0,1005.8,0.0,0.0,5.9,43.6,-43.6,19.94,43.6,0.0
2024-09-17T23:00,6.4,4.8,95,3.7,9.4,0.0,1005.9,0.0,0.2,5.9,43.6,-43.4,19.94,43.4,0.5
2024-09-18T00:00,6.4,4.8,95,3.5,9.7,0.0,1006.3,0.0,0.1,5.9,43.6,-43.5,19.94,43.5,0.2
2024-09-18T01:00,6.2,4.7,95,2.9,7.9,0.0,1006.8,0.0,0.0,5.9,43.6,-43.6,19.94,43.6,0.0
2024-09-18T02:00,6.3,4.8,94,2.5,7.2,0.0,1006.9,0.0,0.0,5.9,43.6,-43.6,19.94,43.6,0.0
2024-09-18T03:00,6.3,4.8,94,2.6,6.1,0.0,1007.1,0.0,0.0,5.9,43.6,-43.6,19.94,43.6,0.0
2024-09-18T04:00,6.1,4.6,95,2.8,6.5,0.0,1007.5,0.0,0.0,5.9,43.6,-43.6,19.94,43.6,0.0
2024-09-18T05:00,6.1,4.6,96,3.1,7.9,0.0,1007.8,0.0,0.0,5.9,43.6,-43.6,19.94,43.6,0.0
2024-09-18T06:00,6.1,4.6,96,3.1,8.6,0.0,1008.2,0.0,0.0,5.9,43.6,-43.6,19.94,43.6,0.0
2024-09-18T07:00,6.0,4.3,97,3.9,10.1,0.0,1008.7,0.0,0.4,6.0,43.7,-43.3,19.94,43.3,0.9
2024-09-18T08:00,5.9,4.3,98,3.8,10.4,0.0,1009.0,0.0,0.3,6.0,43.7,-43.4,19.94,43.4,0.7
2024-09-18T09:00,5.8,4.3,99,3.2,10.1,0.0,1009.1,0.0,0.0,6.0,43.7,-43.7,19.94,43.7,0.0
2024-09-18T10:00,5.8,4.2,99,4.1,10.1,1.0,1009.2,0.0,0.6,6.0,43.7,-43.1,19.94,43.1,1.4
2024-09-18T11:00,5.8,4.2,99,4.0,11.5,0.0,1009.2,0.0,0.5,6.0,43.7,-43.2,19.94,43.2,1.1
2024-09-18T12:00,5.7,4.1,99,3.8,10.8,1.0,1009.1,0.0,0.3,6.0,43.7,-43.4,19.94,43.4,0.7
2024-09-18T13:00,6.1,4.8,99,2.5,7.9,0.0,1009.0,0.0,0.0,5.9,43.6,-43.6,19.94,43.6,0.0
2024-09-18T14:00,6.1,4.5,99,4.2,9.4,2.0,1008.6,0.1,0.7,6.0,43.7,-42.9,19.94,42.9,1.8
2024-09-18T15:00,5.9,4.3,99,3.8,10.4,0.0,1008.3,0.0,0.3,6.0,43.7,-43.4,19.94,43.4,0.7
2024-09-18T16:00,5.8,4.1,99,4.6,12.6,0.0,1007.7,0.0,1.3,6.0,43.7,-42.4,19.94,42.4,3.0
2024-09-18T17:00,5.9,4.2,98,4.1,15.1,0.0,1006.9,0.0,0.6,6.0,43.7,-43.1,19.94,43.1,1.4
2024-09-18T18:00,5.9,4.2,98,4.5,17.3,0.0,1006.3,0.0,1.2,6.0,43.7,-42.5,19.94,42.5,2.7
2024-09-18T19:00,6.0,4.4,100,4.3,18.4,0.0,1006.2,0.0,0.9,6.0,43.7,-42.8,19.94,42.8,2.1
2024-09-18T20:00,6.0,4.1,98,5.4,20.9,0.0,1005.5,0.0,3.3,6.0,43.7,-40.4,19.94,40.4,7.6
2024-09-18T21:00,5.8,3.4,93,7.9,26.3,0.0,1004.7,0.0,15.7,6.1,43.8,-28.1,19.94,28.1,35.8
2024-09-18T22:00,5.2,2.8,93,7.6,27.4,0.0,1004.0,0.0,13.7,6.1,43.8,-30.1,19.94,30.1,31.3
2024-09-18T23:00,4.8,2.4,95,7.3,28.4,0.0,1003.5,0.0,0.0,6.2,43.9,-43.9,19.94,43.9,0.0
2024-09-19T00:00,4.7,2.1,94,7.9,31.0,0.0,1003.0,0.0,0.0,6.2,43.9,-43.9,19.94,43.9,0.0
2024-09-19T01:00,4.7,2.1,94,8.0,30.6,0.0,1002.4,0.0,0.0,6.2,43.9,-43.9,19.94,43.9,0.0
2024-09-19T02:00,4.7,1.9,94,9.1,34.6,0.0,1001.8,0.0,0.0,6.2,43.9,-43.9,19.94,43.9,0.0
2024-09-19T03:00,4.6,1.7,94,9.4,37.1,0.0,1001.2,0.0,0.0,6.2,43.9,-43.9,19.94,43.9,0.0
2024-09-19T04:00,4.4,1.5,93,9.4,38.5,0.0,1000.8,0.0,0.0,6.3,44.0,-44.0,19.94,44.0,0.0
2024-09-19T05:00,4.0,1.3,95,8.4,38.2,0.0,1000.2,0.0,0.0,6.3,44.0,-44.0,19.94,44.0,0.0
2024-09-19T06:00,3.8,0.9,96,9.4,37.1,0.0,999.9,0.0,0.0,6.3,44.0,-44.0,19.94,44.0,0.0
2024-09-19T07:00,3.8,0.9,95,9.1,37.4,0.0,999.5,0.0,0.0,6.3,44.0,-44.0,19.94,44.0,0.0
2024-09-19T08:00,4.0,0.9,93,10.2,37.8,0.0,999.2,0.0,0.0,6.3,44.0,-44.0,19.94,44.0,0.0
2024-09-19T09:00,4.4,1.1,89,11.0,40.7,0.0,999.1,0.0,0.0,6.3,44.0,-44.0,19.94,44.0,0.0
2024-09-19T10:00,4.6,1.2,89,12.6,43.9,0.0,998.7,0.0,0.0,6.3,44.0,-44.0,19.94,44.0,0.0
2024-09-19T11:00,4.7,1.2,88,13.5,46.4,0.0,998.6,0.0,0.0,6.3,44.0,-44.0,19.94,44.0,0.0
2024-09-19T12:00,4.5,1.0,88,12.8,47.2,0.0,998.5,0.0,0.0,6.3,44.0,-44.0,19.94,44.0,0.0
2024-09-19T13:00,4.6,1.3,88,11.4,44.6,0.0,999.3,0.0,0.0,6.3,44.0,-44.0,19.94,44.0,0.0
2024-09-19T14:00,4.2,0.9,91,11.3,43.6,0.0,999.7,0.0,0.0,6.3,44.0,-44.0,19.94,44.0,0.0
2024-09-19T15:00,3.9,0.3,89,13.2,47.5,0.0,1000.0,0.0,0.0,6.4,44.1,-44.1,19.94,44.1,0.0
2024-09-19T16:00,3.8,-0.2,86,15.0,52.6,0.0,1000.7,0.0,0.0,6.5,44.2,-44.2,19.94,44.2,0.0
2024-09-19T17:00,3.6,-0.3,86,14.2,52.6,0.0,1001.5,0.0,0.0,6.5,44.2,-44.2,19.94,44.2,0.0
2024-09-19T18:00,3.6,-0.5,86,15.3,51.8,0.0,1002.2,0.0,0.0,6.5,44.2,-44.2,19.94,44.2,0.0
2024-09-19T19:00,3.4,-0.6,88,15.1,51.5,0.0,1002.9,0.0,0.0,6.5,44.2,-44.2,19.94,44.2,0.0
2024-09-19T20:00,3.2,-0.8,87,14.8,51.5,0.0,1003.8,0.0,0.0,6.5,44.2,-44.2,19.94,44.2,0.0
2024-09-19T21:00,2.9,-1.1,88,14.6,49.7,0.0,1004.9,0.0,0.0,6.6,44.3,-44.3,19.94,44.3,0.0
2024-09-19T22:00,2.6,-1.3,90,14.0,48.2,0.0,1005.9,0.0,0.0,6.6,44.3,-44.3,19.94,44.3,0.0
2024-09-19T23:00,2.5,-1.6,89,14.1,46.8,0.0,1006.7,0.0,0.0,6.6,44.3,-44.3,19.94,44.3,0.0
2024-09-20T00:00,2.3,-1.8,86,14.0,47.5,0.0,1007.5,0.0,0.0,6.6,44.3,-44.3,19.94,44.3,0.0
2024-09-20T01:00,2.3,-1.6,85,12.2,43.6,0.0,1008.4,0.0,0.0,6.6,44.3,-44.3,19.94,44.3,0.0
2024-09-20T02:00,2.1,-1.7,86,11.6,42.5,0.0,1009.3,0.0,0.0,6.6,44.3,-44.3,19.94,44.3,0.0
2024-09-20T03:00,2.0,-1.8,86,11.6,40.7,0.0,1010.2,0.0,0.0,6.6,44.3,-44.3,19.94,44.3,0.0
2024-09-20T04:00,1.9,-1.9,86,11.2,40.3,0.0,1011.0,0.0,0.0,6.6,44.3,-44.3,19.94,44.3,0.0
2024-09-20T05:00,1.5,-2.5,86,12.1,40.0,0.0,1011.8,0.0,0.0,6.7,44.4,-44.4,19.94,44.4,0.0
2024-09-20T06:00,1.3,-2.9,83,12.6,40.7,1.0,1012.3,0.0,0.0,6.7,44.4,-44.4,19.94,44.4,0.0
2024-09-20T07:00,1.1,-2.8,82,10.3,40.3,2.0,1012.8,0.1,0.0,6.7,44.4,-44.3,19.94,44.3,0.2
2024-09-20T08:00,1.1,-2.9,82,11.0,36.0,11.0,1013.8,0.5,0.0,6.7,44.4,-43.9,19.94,43.9,1.1
2024-09-20T09:00,1.4,-2.8,79,12.2,37.4,48.0,1014.6,2.4,0.0,6.7,44.4,-42.0,19.94,42.0,5.4
2024-09-20T10:00,1.4,-2.8,78,12.2,36.0,30.0,1015.4,1.5,0.0,6.7,44.4,-42.9,19.94,42.9,3.4
2024-09-20T11:00,1.4,-2.8,77,12.1,35.6,32.0,1015.9,1.6,0.0,6.7,44.4,-42.8,19.94,42.8,3.6
2024-09-20T12:00,1.3,-3.0,76,12.5,35.6,22.0,1016.4,1.1,0.0,6.7,44.4,-43.3,19.94,43.3,2.5
2024-09-20T13:00,2.1,-1.8,74,10.1,34.9,57.0,1016.8,2.8,0.0,6.6,44.3,-41.5,19.94,41.5,6.3
2024-09-20T14:00,1.9,-2.0,75,10.3,32.4,44.0,1017.3,2.2,0.0,6.6,44.3,-42.1,19.94,42.1,5.0
2024-09-20T15:00,1.8,-2.3,75,11.1,33.5,12.0,1017.6,0.6,0.0,6.6,44.3,-43.7,19.94,43.7,1.4
2024-09-20T16:00,1.5,-2.3,78,9.6,33.5,6.0,1018.2,0.3,0.0,6.6,44.3,-44.0,19.94,44.0,0.7
2024-09-20T17:00,1.0,-2.6,80,7.9,29.9,3.0,1018.6,0.1,0.0,6.6,44.3,-44.2,19.94,44.2,0.2
2024-09-20T18:00,0.8,-2.6,82,6.9,26.3,0.0,1019.1,0.0,9.5,6.6,44.3,-34.8,19.94,34.8,21.4
2024-09-20T19:00,1.3,-1.8,80,5.2,23.4,0.0,1019.7,0.0,2.7,6.5,44.2,-41.5,19.94,41.5,6.1
2024-09-20T20:00,1.5,-1.6,80,4.8,19.4,0.0,1019.9,0.0,1.7,6.5,44.2,-42.5,19.94,42.5,3.8
2024-09-20T21:00,1.5,-1.7,80,6.2,19.4,0.0,1020.3,0.0,6.2,6.5,44.2,-38.0,19.94,38.0,14.0
2024-09-20T22:00,1.4,-1.8,81,6.2,19.4,0.0,1020.8,0.0,6.2,6.5,44.2,-38.0,19.94,38.0,14.0
2024-09-20T23:00,1.2,-1.9,82,4.9,18.4,0.0,1021.3,0.0,2.0,6.5,44.2,-42.2,19.94,42.2,4.5
2024-09-21T00:00,0.8,-2.3,83,4.6,16.2,0.0,1021.6,0.0,1.3,6.6,44.3,-43.0,19.94,43.0,2.9
2024-09-21T01:00,0.6,-2.4,85,4.2,14.0,0.0,1021.2,0.0,0.7,6.6,44.3,-43.6,19.94,43.6,1.6
2024-09-21T02:00,-0.3,-3.4,84,3.8,13.7,0.0,1021.5,0.0,0.3,6.7,44.4,-44.1,19.94,44.1,0.7
2024-09-21T03:00,-0.7,-3.7,86,3.6,13.7,0.0,1022.0,0.0,0.2,6.7,44.4,-44.2,19.94,44.2,0.5
2024-09-21T04:00,-1.3,-4.4,89,4.0,13.3,0.0,1022.2,0.0,0.5,6.8,44.5,-44.0,19.94,44.0,1.1
2024-09-21T05:00,-1.7,-5.0,88,4.8,13.7,0.0,1022.5,0.0,1.7,6.9,44.6,-42.9,19.94,42.9,3.8
2024-09-21T06:00,-1.2,-4.4,86,4.7,13.7,9.0,1022.9,0.5,1.5,6.8,44.5,-42.5,19.94,42.5,4.5
2024-09-21T07:00,-0.3,-3.4,82,3.5,12.6,10.0,1023.3,0.5,0.1,6.7,44.4,-43.8,19.94,43.8,1.4
2024-09-21T08:00,0.3,-2.8,76,3.3,11.2,7.0,1024.0,0.3,0.0,6.6,44.3,-44.0,19.94,44.0,0.7
2024-09-21T09:00,0.6,-2.6,73,4.1,12.2,8.0,1024.2,0.4,0.6,6.6,44.3,-43.3,19.94,43.3,2.3
2024-09-21T10:00,0.8,-2.6,71,5.0,14.0,44.0,1024.6,2.2,2.2,6.6,44.3,-39.9,19.94,39.9,9.9
2024-09-21T11:00,0.9,-2.7,70,6.6,18.4,56.0,1024.8,2.8,8.0,6.6,44.3,-33.5,19.94,33.5,24.4
2024-09-21T12:00,0.8,-2.9,69,6.9,18.4,52.0,1024.7,2.6,9.5,6.6,44.3,-32.2,19.94,32.2,27.3
2024-09-21T13:00,1.4,-1.9,68,4.1,13.3,15.0,1023.9,0.7,0.6,6.5,44.2,-42.9,19.94,42.9,2.9
2024-09-21T14:00,1.4,-2.0,67,4.7,12.6,18.0,1024.2,0.9,1.5,6.5,44.2,-41.8,19.94,41.8,5.4
2024-09-21T15:00,1.3,-2.2,65,5.4,13.7,7.0,1024.4,0.3,3.3,6.5,44.2,-40.6,19.94,40.6,8.1
2024-09-21T16:00,0.4,-2.9,75,4.7,13.7,14.0,1024.4,0.7,1.5,6.6,44.3,-42.1,19.94,42.1,5.0
2024-09-21T17:00,-1.1,-4.6,79,5.1,14.4,4.0,1024.8,0.2,2.4,6.8,44.5,-41.9,19.94,41.9,5.8
2024-09-21T18:00,-1.7,-5.4,81,6.3,17.6,0.0,1025.0,0.0,6.6,6.9,44.6,-38.0,19.94,38.0,14.8
2024-09-21T19:00,-1.9,-5.7,84,7.2,20.2,0.0,1025.2,0.0,11.2,6.9,44.6,-33.4,19.94,33.4,25.1
2024-09-21T20:00,-2.0,-5.8,86,7.5,20.9,0.0,1025.3,0.0,13.1,7.0,44.7,-31.6,19.94,31.6,29.3
2024-09-21T21:00,-2.3,-6.1,86,7.5,21.2,0.0,1025.3,0.0,13.1,7.0,44.7,-31.6,19.94,31.6,29.3
2024-09-21T22:00,-2.6,-6.4,85,7.3,20.9,0.0,1025.3,0.0,11.8,7.0,44.7,-32.9,19.94,32.9,26.4
2024-09-21T23:00,-2.9,-6.7,84,6.8,19.8,0.0,1025.2,0.0,9.0,7.1,44.8,-35.8,19.94,35.8,20.1
2024-09-22T00:00,-3.2,-6.9,84,6.5,18.7,0.0,1025.3,0.0,7.5,7.1,44.8,-37.3,19.94,37.3,16.7
2024-09-22T01:00,-3.9,-7.7,91,6.6,19.1,0.0,1024.5,0.0,8.0,7.2,44.9,-36.9,19.94,36.9,17.8
2024-09-22T02:00,-4.7,-8.5,95,6.9,19.1,0.0,1024.4,0.0,9.5,7.3,45.0,-35.5,19.94,35.5,21.1
2024-09-22T03:00,-5.0,-8.9,95,7.1,19.8,0.0,1024.6,0.0,10.6,7.3,45.0,-34.4,19.94,34.4,23.6
2024-09-22T04:00,-5.1,-9.0,94,7.0,20.2,0.0,1024.6,0.0,10.1,7.3,45.0,-34.9,19.94,34.9,22.4
2024-09-22T05:00,-5.1,-9.0,94,7.1,19.8,0.0,1024.5,0.0,10.6,7.3,45.0,-34.4,19.94,34.4,23.6
2024-09-22T06:00,-5.0,-8.8,94,6.6,19.8,5.0,1024.6,0.3,8.0,7.3,45.0,-36.7,19.94,36.7,18.4
2024-09-22T07:00,-4.4,-8.1,94,6.1,19.1,12.0,1024.7,0.6,5.8,7.2,44.9,-38.5,19.94,38.5,14.3
2024-09-22T08:00,-3.3,-6.8,89,5.6,17.6,28.0,1025.1,1.4,3.9,7.1,44.8,-39.5,19.94,39.5,11.8
2024-09-22T09:00,-1.8,-5.3,81,5.4,16.2,68.0,1025.2,3.4,3.3,6.9,44.6,-37.9,19.94,37.9,15.0
2024-09-22T10:00,-0.9,-4.5,75,6.1,15.8,122.0,1025.3,6.0,5.8,6.8,44.5,-32.7,19.94,32.7,26.5
2024-09-22T11:00,-0.6,-4.1,72,4.7,15.8,132.0,1025.0,6.5,1.5,6.7,44.4,-36.4,19.94,36.4,18.0
2024-09-22T12:00,-0.5,-3.9,71,3.8,13.0,127.0,1025.1,6.3,0.3,6.7,44.4,-37.8,19.94,37.8,14.9
2024-09-22T13:00,-0.5,-4.2,65,5.5,14.4,118.0,1025.2,5.8,3.6,6.7,44.4,-35.0,19.94,35.0,21.2
2024-09-22T14:00,-0.6,-4.3,66,5.2,14.4,91.0,1025.1,4.5,2.7,6.7,44.4,-37.2,19.94,37.2,16.2
2024-09-22T15:00,-0.9,-4.4,70,4.1,13.7,54.0,1025.2,2.7,0.6,6.7,44.4,-41.1,19.94,41.1,7.4
2024-09-22T16:00,-1.9,-5.1,79,3.4,11.2,22.0,1025.1,1.1,0.1,6.8,44.5,-43.3,19.94,43.3,2.7
2024-09-22T17:00,-2.2,-5.6,74,3.3,9.4,3.0,1025.2,0.2,0.0,6.9,44.6,-44.4,19.94,44.4,0.4
2024-09-22T18:00,-3.0,-6.4,78,3.6,10.1,0.0,1025.2,0.0,0.2,7.0,44.7,-44.5,19.94,44.5,0.4
2024-09-22T19:00,-3.5,-7.0,81,4.1,10.1,0.0,1025.3,0.0,0.6,7.0,44.7,-44.1,19.94,44.1,1.3
2024-09-22T20:00,-3.8,-7.5,81,4.8,11.5,0.0,1025.3,0.0,1.7,7.1,44.8,-43.1,19.94,43.1,3.8
2024-09-22T21:00,-3.8,-7.6,80,5.6,12.2,0.0,1025.4,0.0,3.9,7.1,44.8,-40.9,19.94,40.9,8.7
2024-09-22T22:00,-4.2,-7.9,81,5.4,12.2,0.0,1025.2,0.0,3.3,7.2,44.9,-41.6,19.94,41.6,7.3
2024-09-22T23:00,-4.4,-8.2,81,5.4,11.5,0.0,1024.9,0.0,3.3,7.2,44.9,-41.6,19.94,41.6,7.3
2024-09-23T00:00,-4.9,-8.7,83,5.4,11.2,0.0,1024.9,0.0,3.3,7.2,44.9,-41.6,19.94,41.6,7.3
2024-09-23T01:00,-3.7,-6.9,84,2.7,7.6,0.0,1024.6,0.0,0.0,7.0,44.7,-44.7,19.94,44.7,0.0
2024-09-23T02:00,-3.7,-7.0,83,2.4,5.8,0.0,1024.4,0.0,0.0,7.0,44.7,-44.7,19.94,44.7,0.0
2024-09-23T03:00,-3.6,-6.8,83,2.3,5.4,0.0,1024.2,0.0,0.0,7.0,44.7,-44.7,19.94,44.7,0.0
2024-09-23T04:00,-3.4,-6.6,77,1.8,5.4,0.0,1024.0,0.0,0.0,6.9,44.6,-44.6,19.94,44.6,0.0
2024-09-23T05:00,-3.2,-6.2,76,0.8,4.7,0.0,1023.9,0.0,0.0,6.9,44.6,-44.6,19.94,44.6,0.0
2024-09-23T06:00,-3.0,-6.0,76,0.8,4.0,6.0,1023.7,0.3,0.0,6.9,44.6,-44.3,19.94,44.3,0.7
2024-09-23T07:00,-2.5,-5.5,77,0.8,4.0,19.0,1023.7,1.0,0.0,6.8,44.5,-43.5,19.94,43.5,2.2
2024-09-23T08:00,-1.9,-4.9,80,1.8,6.1,39.0,1024.0,2.0,0.0,6.8,44.5,-42.5,19.94,42.5,4.5
2024-09-23T09:00,-1.6,-4.8,81,3.0,8.3,48.0,1024.0,2.4,0.0,6.8,44.5,-42.1,19.94,42.1,5.4
2024-09-23T10:00,-1.5,-4.5,81,2.5,8.3,51.0,1023.9,2.5,0.0,6.8,44.5,-42.0,19.94,42.0,5.6
2024-09-23T11:00,-1.3,-4.3,81,2.3,8.3,75.0,1023.7,3.7,0.0,6.7,44.4,-40.7,19.94,40.7,8.3
2024-09-23T12:00,-1.3,-4.3,82,2.4,7.9,58.0,1023.6,2.9,0.0,6.7,44.4,-41.5,19.94,41.5,6.5
2024-09-23T13:00,-1.2,-4.0,87,2.2,8.3,18.0,1023.3,0.9,0.0,6.7,44.4,-43.5,19.94,43.5,2.0
2024-09-23T14:00,-1.3,-4.1,87,1.5,7.6,18.0,1022.9,0.9,0.0,6.7,44.4,-43.5,19.94,43.5,2.0
2024-09-23T15:00,-1.4,-4.2,86,1.5,5.8,15.0,1022.8,0.8,0.0,6.7,44.4,-43.6,19.94,43.6,1.8
2024-09-23T16:00,-1.5,-4.3,85,1.1,5.0,8.0,1022.5,0.4,0.0,6.7,44.4,-44.0,19.94,44.0,0.9
2024-09-23T17:00,-1.9,-4.7,85,1.3,3.6,1.0,1022.3,0.1,0.0,6.8,44.5,-44.4,19.94,44.4,0.2
2024-09-23T18:00,-2.5,-5.5,88,2.6,6.1,0.0,1022.2,0.0,0.0,6.9,44.6,-44.6,19.94,44.6,0.0
2024-09-23T19:00,-3.1,-6.2,91,3.3,7.2,0.0,1022.3,0.0,0.0,7.0,44.7,-44.7,19.94,44.7,0.0
2024-09-23T20:00,-3.5,-6.9,91,4.1,8.3,0.0,1022.4,0.0,0.6,7.0,44.7,-44.1,19.94,44.1,1.3
2024-09-23T21:00,-3.9,-7.3,93,4.3,9.0,0.0,1022.5,0.0,0.9,7.1,44.8,-43.9,19.94,43.9,2.0
2024-09-23T22:00,-4.5,-8.1,94,5.1,10.8,0.0,1022.5,0.0,2.4,7.2,44.9,-42.5,19.94,42.5,5.3
2024-09-23T23:00,-4.6,-8.2,92,5.6,11.9,0.0,1022.4,0.0,3.9,7.2,44.9,-41.0,19.94,41.0,8.7
2024-09-24T00:00,-4.8,-8.5,93,5.6,12.2,0.0,1022.4,0.0,3.9,7.2,44.9,-41.0,19.94,41.0,8.7
2024-09-24T01:00,-4.8,-8.3,92,4.1,11.5,0.0,1022.2,0.0,0.6,7.2,44.9,-44.3,19.94,44.3,1.3
2024-09-24T02:00,-5.3,-8.9,93,4.8,10.1,0.0,1022.2,0.0,1.7,7.3,45.0,-43.3,19.94,43.3,3.8
2024-09-24T03:00,-5.3,-9.0,88,5.0,12.2,0.0,1022.0,0.0,2.2,7.3,45.0,-42.8,19.94,42.8,4.9
2024-09-24T04:00,-5.1,-8.8,85,4.7,12.2,0.0,1021.7,0.0,1.5,7.2,44.9,-43.4,19.94,43.4,3.3
2024-09-24T05:00,-5.1,-8.8,84,5.2,12.2,0.0,1021.6,0.0,2.7,7.3,45.0,-42.3,19.94,42.3,6.0
2024-09-24T06:00,-4.6,-8.4,80,5.1,12.2,4.0,1021.5,0.2,2.4,7.2,44.9,-42.3,19.94,42.3,5.8
2024-09-24T07:00,-3.7,-7.4,73,4.1,12.2,22.0,1021.4,1.1,0.6,7.1,44.8,-43.1,19.94,43.1,3.8
2024-09-24T08:00,-2.7,-6.2,67,3.4,10.4,52.0,1021.5,2.6,0.1,6.9,44.6,-41.9,19.94,41.9,6.1
2024-09-24T09:00,-1.7,-5.2,60,2.6,9.7,83.0,1021.5,4.1,0.0,6.8,44.5,-40.4,19.94,40.4,9.2
2024-09-24T10:00,-1.0,-4.3,56,0.8,8.3,108.0,1021.2,5.3,0.0,6.7,44.4,-39.1,19.94,39.1,11.9
2024-09-24T11:00,-0.6,-3.8,55,1.0,7.2,118.0,1020.7,5.8,0.0,6.6,44.3,-38.5,19.94,38.5,13.1
2024-09-24T12:00,-0.4,-3.7,57,1.5,7.9,112.0,1020.5,5.5,0.0,6.6,44.3,-38.8,19.94,38.8,12.4
2024-09-24T13:00,-0.2,-3.7,56,2.9,9.4,100.0,1020.1,4.9,0.0,6.6,44.3,-39.4,19.94,39.4,11.1
2024-09-24T14:00,-0.4,-3.8,62,2.6,9.7,74.0,1019.6,3.7,0.0,6.6,44.3,-40.6,19.94,40.6,8.4
2024-09-24T15:00,-0.5,-3.8,58,1.8,8.6,44.0,1018.9,2.2,0.0,6.6,44.3,-42.1,19.94,42.1,5.0
2024-09-24T16:00,-0.7,-4.1,60,2.0,8.3,17.0,1018.7,0.8,0.0,6.7,44.4,-43.6,19.94,43.6,1.8
2024-09-24T17:00,-1.3,-4.7,62,2.5,8.6,1.0,1018.1,0.1,0.0,6.7,44.4,-44.3,19.94,44.3,0.2
2024-09-24T18:00,-1.9,-5.4,64,3.6,10.8,0.0,1017.6,0.0,0.2,6.8,44.5,-44.3,19.94,44.3,0.4
2024-09-24T19:00,-2.0,-5.5,64,3.6,11.2,0.0,1017.2,0.0,0.2,6.8,44.5,-44.3,19.94,44.3,0.4
2024-09-24T20:00,-2.6,-6.3,67,3.9,10.1,0.0,1016.8,0.0,0.4,6.9,44.6,-44.2,19.94,44.2,0.9
2024-09-24T21:00,-2.6,-6.0,66,2.5,9.0,0.0,1016.6,0.0,0.0,6.9,44.6,-44.6,19.94,44.6,0.0
2024-09-24T22:00,-3.8,-7.5,72,4.2,8.3,0.0,1015.9,0.0,0.7,7.1,44.8,-44.1,19.94,44.1,1.6
2024-09-24T23:00,-3.8,-7.5,72,4.1,8.6,0.0,1015.2,0.0,0.6,7.1,44.8,-44.2,19.94,44.2,1.3
2024-09-25T00:00,-3.3,-6.8,70,3.3,7.2,0.0,1014.4,0.0,0.0,7.0,44.7,-44.7,19.94,44.7,0.0
2024-09-25T01:00,-3.6,-6.9,73,1.7,6.5,0.0,1013.8,0.0,0.0,7.0,44.7,-44.7,19.94,44.7,0.0
2024-09-25T02:00,-3.3,-6.6,74,1.7,5.4,0.0,1012.9,0.0,0.0,6.9,44.6,-44.6,19.94,44.6,0.0
2024-09-25T03:00,-3.5,-6.9,76,3.2,6.1,0.0,1012.1,0.0,0.0,7.0,44.7,-44.7,19.94,44.7,0.0
2024-09-25T04:00,-5.2,-8.8,82,4.1,7.9,0.0,1011.6,0.0,0.6,7.2,44.9,-44.3,19.94,44.3,1.3
2024-09-25T05:00,-6.0,-9.9,85,5.6,11.2,0.0,1011.0,0.0,3.9,7.4,45.1,-41.2,19.94,41.2,8.6
2024-09-25T06:00,-6.0,-9.9,86,6.1,13.0,3.0,1010.4,0.2,5.8,7.4,45.1,-39.1,19.94,39.1,13.3
2024-09-25T07:00,-6.0,-9.9,86,6.1,15.1,14.0,1010.0,0.7,5.8,7.4,45.1,-38.6,19.94,38.6,14.4
2024-09-25T08:00,-4.7,-8.5,85,6.0,16.6,34.0,1009.7,1.7,5.4,7.2,44.9,-37.8,19.94,37.8,15.8
2024-09-25T09:00,-3.1,-6.8,77,5.1,16.6,81.0,1009.4,4.1,2.4,7.0,44.7,-38.2,19.94,38.2,14.5
2024-09-25T10:00,-2.4,-6.3,71,6.5,19.1,97.0,1009.1,4.8,7.5,7.0,44.7,-32.4,19.94,32.4,27.5
2024-09-25T11:00,-2.5,-6.4,71,6.3,19.1,99.0,1008.6,4.9,6.6,7.0,44.7,-33.2,19.94,33.2,25.7
2024-09-25T12:00,-2.6,-6.6,71,6.7,18.4,105.0,1008.0,5.2,8.5,7.0,44.7,-31.0,19.94,31.0,30.6
2024-09-25T13:00,-2.1,-5.8,80,6.3,19.8,56.0,1007.0,2.8,6.6,6.9,44.6,-35.2,19.94,35.2,21.1
2024-09-25T14:00,-1.9,-5.6,80,6.5,21.6,7.0,1006.4,0.4,7.5,6.9,44.6,-36.7,19.94,36.7,17.7
2024-09-25T15:00,-1.6,-5.2,79,6.2,24.8,1.0,1005.8,0.1,6.2,6.9,44.6,-38.3,19.94,38.3,14.1
2024-09-25T16:00,-1.1,-5.1,78,8.7,31.3,0.0,1005.4,0.0,0.0,6.9,44.6,-44.6,19.94,44.6,0.0
2024-09-25T17:00,-0.8,-4.8,78,9.0,32.8,0.0,1004.7,0.0,0.0,6.9,44.6,-44.6,19.94,44.6,0.0
2024-09-25T18:00,-0.7,-4.5,79,8.3,32.8,0.0,1004.2,0.0,0.0,6.8,44.5,-44.5,19.94,44.5,0.0
2024-09-25T19:00,-0.8,-4.7,80,8.7,34.6,0.0,1003.8,0.0,0.0,6.9,44.6,-44.6,19.94,44.6,0.0
2024-09-25T20:00,-1.0,-5.0,81,9.3,35.3,0.0,1003.4,0.0,0.0,6.9,44.6,-44.6,19.94,44.6,0.0
2024-09-25T21:00,-0.9,-4.9,82,9.7,36.7,0.0,1003.0,0.0,0.0,6.9,44.6,-44.6,19.94,44.6,0.0
2024-09-25T22:00,-0.5,-4.6,81,10.5,38.9,0.0,1002.6,0.0,0.0,6.9,44.6,-44.6,19.94,44.6,0.0
2024-09-25T23:00,-0.3,-4.4,81,10.9,39.6,0.0,1001.9,0.0,0.0,6.9,44.6,-44.6,19.94,44.6,0.0
2024-09-26T00:00,-0.1,-4.3,82,11.5,41.4,0.0,1001.4,0.0,0.0,6.9,44.6,-44.6,19.94,44.6,0.0
2024-09-26T01:00,0.6,-3.8,84,14.1,49.7,0.0,1000.0,0.0,0.0,6.8,44.5,-44.5,19.94,44.5,0.0
2024-09-26T02:00,0.9,-3.3,86,13.2,49.7,0.0,999.4,0.0,0.0,6.8,44.5,-44.5,19.94,44.5,0.0
2024-09-26T03:00,1.3,-3.1,88,15.1,51.5,0.0,999.1,0.0,0.0,6.8,44.5,-44.5,19.94,44.5,0.0
2024-09-26T04:00,1.5,-3.1,87,16.9,56.5,0.0,999.1,0.0,0.0,6.8,44.5,-44.5,19.94,44.5,0.0
2024-09-26T05:00,1.4,-3.2,87,16.7,57.6,0.0,999.4,0.0,0.0,6.8,44.5,-44.5,19.94,44.5,0.0
2024-09-26T06:00,1.3,-3.3,87,16.5,57.2,0.0,999.7,0.0,0.0,6.8,44.5,-44.5,19.94,44.5,0.0
2024-09-26T07:00,1.3,-3.6,86,18.0,59.0,0.0,1000.0,0.0,0.0,6.9,44.6,-44.6,19.94,44.6,0.0
2024-09-26T08:00,1.2,-3.5,86,16.9,58.7,1.0,1000.5,0.0,0.0,6.8,44.5,-44.5,19.94,44.5,0.0
2024-09-26T09:00,1.1,-3.2,87,13.7,56.5,2.0,1000.7,0.1,0.0,6.8,44.5,-44.4,19.94,44.4,0.2
2024-09-26T10:00,1.0,-3.2,85,13.1,51.1,3.0,1000.8,0.1,0.0,6.8,44.5,-44.4,19.94,44.4,0.2
2024-09-26T11:00,0.8,-3.5,85,13.5,50.4,5.0,1001.0,0.2,0.0,6.8,44.5,-44.3,19.94,44.3,0.4
2024-09-26T12:00,0.7,-3.6,84,13.4,52.6,4.0,1001.2,0.2,0.0,6.8,44.5,-44.3,19.94,44.3,0.4
2024-09-26T13:00,1.0,-3.8,83,16.4,59.8,6.0,1001.2,0.3,0.0,6.9,44.6,-44.3,19.94,44.3,0.7
2024-09-26T14:00,0.7,-4.3,85,18.4,61.2,1.0,1001.4,0.0,0.0,6.9,44.6,-44.6,19.94,44.6,0.0
2024-09-26T15:00,0.4,-4.5,86,17.3,61.2,0.0,1001.4,0.0,0.0,7.0,44.7,-44.7,19.94,44.7,0.0
2024-09-26T16:00,0.2,-4.5,85,15.3,59.4,0.0,1001.7,0.0,0.0,6.9,44.6,-44.6,19.94,44.6,0.0
2024-09-26T17:00,-0.1,-5.5,79,19.4,63.7,0.0,1001.9,0.0,0.0,7.1,44.8,-44.8,19.94,44.8,0.0
2024-09-26T18:00,-0.4,-5.9,78,19.7,63.7,0.0,1002.2,0.0,0.0,7.1,44.8,-44.8,19.94,44.8,0.0
2024-09-26T19:00,-0.6,-5.9,76,18.2,63.4,0.0,1002.4,0.0,0.0,7.1,44.8,-44.8,19.94,44.8,0.0
2024-09-26T20:00,-0.8,-6.4,75,19.1,61.9,0.0,1002.6,0.0,0.0,7.2,44.9,-44.9,19.94,44.9,0.0
2024-09-26T21:00,-1.1,-6.6,72,18.8,62.6,0.0,1003.0,0.0,0.0,7.2,44.9,-44.9,19.94,44.9,0.0
2024-09-26T22:00,-1.4,-7.0,70,18.5,61.2,0.0,1002.9,0.0,0.0,7.2,44.9,-44.9,19.94,44.9,0.0
2024-09-26T23:00,-1.6,-7.1,69,17.3,60.1,0.0,1002.7,0.0,0.0,7.2,44.9,-44.9,19.94,44.9,0.0
2024-09-27T00:00,-1.7,-7.3,68,17.9,59.0,0.0,1002.4,0.0,0.0,7.3,45.0,-45.0,19.94,45.0,0.0
2024-09-27T01:00,-2.1,-7.1,72,14.5,51.5,0.0,1002.7,0.0,0.0,7.2,44.9,-44.9,19.94,44.9,0.0
2024-09-27T02:00,-2.2,-7.3,71,14.7,51.1,0.0,1002.5,0.0,0.0,7.2,44.9,-44.9,19.94,44.9,0.0
2024-09-27T03:00,-2.0,-7.0,71,14.2,50.0,0.0,1002.2,0.0,0.0,7.2,44.9,-44.9,19.94,44.9,0.0
2024-09-27T04:00,-1.9,-7.0,71,15.0,51.5,0.0,1002.1,0.0,0.0,7.2,44.9,-44.9,19.94,44.9,0.0
2024-09-27T05:00,-1.8,-7.0,69,15.4,51.5,0.0,1002.1,0.0,0.0,7.2,44.9,-44.9,19.94,44.9,0.0
2024-09-27T06:00,-1.7,-6.9,68,15.0,52.9,0.0,1001.8,0.0,0.0,7.2,44.9,-44.9,19.94,44.9,0.0
2024-09-27T07:00,-1.5,-6.8,65,15.4,49.7,0.0,1002.1,0.0,0.0,7.2,44.9,-44.9,19.94,44.9,0.0
2024-09-27T08:00,-1.3,-7.1,63,18.6,55.1,1.0,1002.1,0.1,0.0,7.2,44.9,-44.8,19.94,44.8,0.2
2024-09-27T09:00,-1.2,-6.8,63,17.7,55.4,5.0,1001.9,0.3,0.0,7.2,44.9,-44.6,19.94,44.6,0.7
2024-09-27T10:00,-1.1,-6.7,63,17.7,54.4,14.0,1001.8,0.7,0.0,7.2,44.9,-44.2,19.94,44.2,1.6
2024-09-27T11:00,-1.0,-6.7,63,18.4,56.5,28.0,1001.4,1.4,0.0,7.2,44.9,-43.5,19.94,43.5,3.1
2024-09-27T12:00,-1.0,-5.9,64,13.7,56.9,39.0,1001.1,1.9,0.0,7.0,44.7,-42.8,19.94,42.8,4.3
2024-09-27T13:00,-0.5,-6.1,63,18.1,53.6,14.0,1000.8,0.7,0.0,7.1,44.8,-44.1,19.94,44.1,1.6
2024-09-27T14:00,-1.4,-6.9,64,17.0,54.7,25.0,1000.7,1.3,0.0,7.2,44.9,-43.6,19.94,43.6,2.9
2024-09-27T15:00,-1.7,-7.0,66,15.9,52.9,8.0,1000.4,0.4,0.0,7.2,44.9,-44.5,19.94,44.5,0.9
2024-09-27T16:00,-1.8,-7.0,66,15.2,49.0,3.0,1000.2,0.2,0.0,7.2,44.9,-44.7,19.94,44.7,0.4
2024-09-27T17:00,-2.1,-7.3,64,14.6,46.4,0.0,1000.0,0.0,0.0,7.2,44.9,-44.9,19.94,44.9,0.0
2024-09-27T18:00,-2.1,-7.3,63,14.4,44.6,0.0,999.7,0.0,0.0,7.2,44.9,-44.9,19.94,44.9,0.0
2024-09-27T19:00,-2.2,-7.2,62,13.3,43.6,0.0,999.5,0.0,0.0,7.2,44.9,-44.9,19.94,44.9,0.0
2024-09-27T20:00,-2.2,-7.3,63,13.3,40.7,0.0,999.1,0.0,0.0,7.2,44.9,-44.9,19.94,44.9,0.0
2024-09-27T21:00,-2.2,-7.2,64,13.3,40.3,0.0,998.8,0.0,0.0,7.2,44.9,-44.9,19.94,44.9,0.0
2024-09-27T22:00,-2.3,-7.3,66,13.3,40.3,0.0,998.3,0.0,0.0,7.2,44.9,-44.9,19.94,44.9,0.0
2024-09-27T23:00,-2.1,-7.1,65,13.4,40.3,0.0,997.8,0.0,0.0,7.2,44.9,-44.9,19.94,44.9,0.0
2024-09-28T00:00,-2.2,-7.2,66,13.3,40.3,0.0,997.3,0.0,0.0,7.2,44.9,-44.9,19.94,44.9,0.0
2024-09-28T01:00,-2.3,-7.5,65,14.8,42.5,0.0,997.5,0.0,0.0,7.2,44.9,-44.9,19.94,44.9,0.0
2024-09-28T02:00,-2.3,-7.5,64,14.9,43.6,0.0,997.0,0.0,0.0,7.2,44.9,-44.9,19.94,44.9,0.0
2024-09-28T03:00,-2.3,-7.4,65,14.4,43.9,0.0,996.3,0.0,0.0,7.2,44.9,-44.9,19.94,44.9,0.0
2024-09-28T04:00,-2.6,-7.6,69,14.1,43.6,0.0,995.5,0.0,0.0,7.3,45.0,-45.0,19.94,45.0,0.0
2024-09-28T05:00,-2.5,-7.4,71,13.6,42.5,0.0,995.0,0.0,0.0,7.2,44.9,-44.9,19.94,44.9,0.0
2024-09-28T06:00,-2.3,-7.2,73,13.2,41.0,1.0,994.4,0.1,0.0,7.2,44.9,-44.8,19.94,44.8,0.2
2024-09-28T07:00,-1.7,-6.5,72,13.3,40.3,5.0,993.9,0.3,0.0,7.1,44.8,-44.5,19.94,44.5,0.7
2024-09-28T08:00,-1.1,-5.9,72,13.7,41.0,14.0,993.5,0.7,0.0,7.0,44.7,-44.0,19.94,44.0,1.6
2024-09-28T09:00,-0.6,-5.4,71,14.2,41.8,23.0,992.8,1.1,0.0,7.0,44.7,-43.6,19.94,43.6,2.5
2024-09-28T10:00,-0.1,-4.6,70,12.1,41.4,36.0,992.2,1.8,0.0,6.9,44.6,-42.8,19.94,42.8,4.0
2024-09-28T11:00,0.6,-4.1,66,13.0,39.2,8.0,991.3,0.4,0.0,6.8,44.5,-44.1,19.94,44.1,0.9
2024-09-28T12:00,0.8,-3.9,65,13.3,41.4,1.0,990.9,0.0,0.0,6.8,44.5,-44.5,19.94,44.5,0.0
2024-09-28T13:00,0.6,-3.5,72,10.3,34.6,0.0,990.2,0.0,0.0,6.7,44.4,-44.4,19.94,44.4,0.0
2024-09-28T14:00,0.6,-3.4,76,9.9,35.3,0.0,989.9,0.0,0.0,6.7,44.4,-44.4,19.94,44.4,0.0
2024-09-28T15:00,0.7,-3.0,79,8.3,33.1,0.0,989.6,0.0,0.0,6.7,44.4,-44.4,19.94,44.4,0.0
2024-09-28T16:00,0.7,-2.7,81,7.0,28.8,0.0,989.2,0.0,0.0,6.6,44.3,-44.3,19.94,44.3,0.0
2024-09-28T17:00,0.8,-2.6,83,6.8,26.3,0.0,988.8,0.0,9.0,6.6,44.3,-35.3,19.94,35.3,20.3
2024-09-28T18:00,0.8,-2.5,85,6.6,25.2,0.0,988.7,0.0,8.0,6.6,44.3,-36.3,19.94,36.3,18.1
2024-09-28T19:00,0.7,-2.6,86,6.9,24.5,0.0,988.5,0.0,9.5,6.6,44.3,-34.8,19.94,34.8,21.4
2024-09-28T20:00,0.8,-2.5,86,6.5,24.1,0.0,988.4,0.0,7.5,6.6,44.3,-36.8,19.94,36.8,16.9
2024-09-28T21:00,0.7,-2.4,88,5.9,23.0,0.0,988.4,0.0,5.0,6.6,44.3,-39.3,19.94,39.3,11.3
2024-09-28T22:00,0.6,-2.3,90,5.0,21.2,0.0,988.2,0.0,2.2,6.6,44.3,-42.1,19.94,42.1,5.0
2024-09-28T23:00,0.5,-2.3,91,4.1,19.1,0.0,988.1,0.0,0.6,6.6,44.3,-43.7,19.94,43.7,1.4
2024-09-29T00:00,0.4,-2.2,92,3.1,16.9,0.0,988.1,0.0,0.0,6.6,44.3,-44.3,19.94,44.3,0.0
2024-09-29T01:00,0.5,-2.0,93,2.6,16.6,0.0,988.2,0.0,0.0,6.5,44.2,-44.2,19.94,44.2,0.0
2024-09-29T02:00,0.9,-1.5,89,1.5,15.5,0.0,988.4,0.0,0.0,6.5,44.2,-44.2,19.94,44.2,0.0
2024-09-29T03:00,1.0,-1.3,89,0.7,13.7,0.0,988.5,0.0,0.0,6.4,44.1,-44.1,19.94,44.1,0.0
2024-09-29T04:00,1.1,-1.2,90,1.0,11.2,0.0,988.9,0.0,0.0,6.4,44.1,-44.1,19.94,44.1,0.0
2024-09-29T05:00,0.8,-1.7,94,2.3,11.5,0.0,989.2,0.0,0.0,6.5,44.2,-44.2,19.94,44.2,0.0
2024-09-29T06:00,0.9,-1.8,93,3.6,12.6,0.0,989.3,0.0,0.2,6.5,44.2,-44.0,19.94,44.0,0.5
2024-09-29T07:00,0.8,-1.9,94,3.7,13.3,0.0,989.6,0.0,0.2,6.5,44.2,-44.0,19.94,44.0,0.5
2024-09-29T08:00,0.9,-1.7,94,3.5,15.5,0.0,990.2,0.0,0.1,6.5,44.2,-44.1,19.94,44.1,0.2
2024-09-29T09:00,1.1,-1.5,93,3.6,17.3,0.0,990.6,0.0,0.2,6.5,44.2,-44.0,19.94,44.0,0.5
2024-09-29T10:00,1.4,-1.3,92,4.0,17.6,0.0,991.1,0.0,0.5,6.5,44.2,-43.7,19.94,43.7,1.1
2024-09-29T11:00,1.8,-1.0,90,5.4,20.2,0.0,991.6,0.0,3.3,6.5,44.2,-40.9,19.94,40.9,7.5
2024-09-29T12:00,2.2,-1.0,87,7.7,26.3,0.0,992.1,0.0,14.4,6.5,44.2,-29.8,19.94,29.8,32.6
2024-09-29T13:00,2.2,-1.3,87,9.8,28.8,4.0,992.5,0.2,0.0,6.5,44.2,-44.0,19.94,44.0,0.5
2024-09-29T14:00,1.8,-2.0,85,11.5,32.8,6.0,993.1,0.3,0.0,6.6,44.3,-44.0,19.94,44.0,0.7
2024-09-29T15:00,0.8,-3.0,87,10.4,33.5,11.0,993.8,0.5,0.0,6.7,44.4,-43.9,19.94,43.9,1.1
2024-09-29T16:00,0.6,-3.0,92,9.7,32.4,1.0,994.2,0.0,0.0,6.7,44.4,-44.4,19.94,44.4,0.0
2024-09-29T17:00,0.8,-2.6,93,8.9,31.7,0.0,994.6,0.0,0.0,6.7,44.4,-44.4,19.94,44.4,0.0
2024-09-29T18:00,0.8,-2.7,91,8.7,30.6,0.0,994.7,0.0,0.0,6.7,44.4,-44.4,19.94,44.4,0.0
2024-09-29T19:00,0.1,-3.4,92,8.4,29.5,0.0,995.1,0.0,0.0,6.7,44.4,-44.4,19.94,44.4,0.0
2024-09-29T20:00,-0.3,-3.7,94,7.8,28.1,0.0,995.7,0.0,0.0,6.8,44.5,-44.5,19.94,44.5,0.0
2024-09-29T21:00,-0.5,-3.9,94,7.5,25.9,0.0,996.1,0.0,13.1,6.8,44.5,-31.4,19.94,31.4,29.4
2024-09-29T22:00,-0.4,-3.7,95,7.1,24.1,0.0,996.4,0.0,10.6,6.8,44.5,-33.9,19.94,33.9,23.8
2024-09-29T23:00,-0.5,-4.0,96,8.6,24.1,0.0,996.9,0.0,21.1,6.8,44.5,-23.4,19.94,23.4,47.4
2024-09-30T00:00,-0.6,-4.0,99,8.5,25.9,0.0,997.1,0.0,20.3,6.8,44.5,-24.2,19.94,24.2,45.6
2024-09-30T01:00,0.0,-3.3,99,8.1,25.6,0.0,997.6,0.0,17.2,6.8,44.5,-27.3,19.94,27.3,38.7
2024-09-30T02:00,0.3,-2.8,96,6.7,24.1,0.0,997.9,0.0,8.5,6.7,44.4,-35.9,19.94,35.9,19.1
2024-09-30T03:00,0.5,-2.5,93,5.7,21.2,0.0,998.4,0.0,4.2,6.6,44.3,-40.1,19.94,40.1,9.5
2024-09-30T04:00,0.1,-3.0,93,5.4,19.1,0.0,998.9,0.0,3.3,6.7,44.4,-41.1,19.94,41.1,7.4
2024-09-30T05:00,-0.1,-3.1,93,4.9,17.3,0.0,999.1,0.0,2.0,6.7,44.4,-42.4,19.94,42.4,4.5
2024-09-30T06:00,-0.2,-3.1,93,4.3,15.5,0.0,999.7,0.0,0.9,6.7,44.4,-43.5,19.94,43.5,2.0
2024-09-30T07:00,0.2,-2.7,92,4.3,14.4,0.0,1000.1,0.0,0.9,6.6,44.3,-43.4,19.94,43.4,2.0
2024-09-30T08:00,0.4,-2.5,89,4.4,14.4,0.0,1000.8,0.0,1.0,6.6,44.3,-43.3,19.94,43.3,2.3
2024-09-30T09:00,0.6,-2.5,86,4.9,15.1,1.0,1001.2,0.0,2.0,6.6,44.3,-42.3,19.94,42.3,4.5
2024-09-30T10:00,0.7,-2.5,84,5.4,16.6,0.0,1001.8,0.0,3.3,6.6,44.3,-41.0,19.94,41.0,7.4
2024-09-30T11:00,0.7,-2.6,82,6.5,18.0,0.0,1002.4,0.0,7.5,6.6,44.3,-36.8,19.94,36.8,16.9
2024-09-30T12:00,0.7,-2.6,82,6.4,18.0,0.0,1002.5,0.0,7.0,6.6,44.3,-37.3,19.94,37.3,15.8
2024-09-30T13:00,0.3,-3.0,84,6.1,17.3,0.0,1003.4,0.0,5.8,6.7,44.4,-38.6,19.94,38.6,13.1
2024-09-30T14:00,0.2,-3.1,84,5.6,16.6,0.0,1003.7,0.0,3.9,6.7,44.4,-40.5,19.94,40.5,8.8
2024-09-30T15:00,0.0,-3.2,86,5.3,15.1,0.0,1004.0,0.0,3.0,6.7,44.4,-41.4,19.94,41.4,6.8
2024-09-30T16:00,-0.2,-3.4,88,5.4,14.0,0.0,1004.2,0.0,3.3,6.7,44.4,-41.1,19.94,41.1,7.4
2024-09-30T17:00,-0.4,-3.6,88,5.4,14.0,0.0,1004.4,0.0,3.3,6.7,44.4,-41.1,19.94,41.1,7.4
2024-09-30T18:00,-0.7,-3.8,89,4.8,13.7,0.0,1004.4,0.0,1.7,6.7,44.4,-42.7,19.94,42.7,3.8
2024-09-30T19:00,-0.8,-3.9,89,4.5,12.2,0.0,1004.5,0.0,1.2,6.7,44.4,-43.2,19.94,43.2,2.7
2024-09-30T20:00,-0.7,-3.9,88,5.1,13.0,0.0,1004.9,0.0,2.4,6.7,44.4,-42.0,19.94,42.0,5.4
2024-09-30T21:00,-0.6,-3.9,85,5.7,14.0,0.0,1005.1,0.0,4.2,6.8,44.5,-40.3,19.94,40.3,9.4
2024-09-30T22:00,-0.6,-3.9,85,5.4,14.0,0.0,1005.2,0.0,3.3,6.7,44.4,-41.1,19.94,41.1,7.4
2024-09-30T23:00,-0.7,-3.9,85,5.0,14.0,0.0,1005.5,0.0,2.2,6.7,44.4,-42.2,19.94,42.2,5.0
2024-10-01T00:00,-0.6,-3.9,85,5.5,14.0,0.0,1005.6,0.0,3.6,6.7,44.4,-40.8,19.94,40.8,8.1
2024-10-01T01:00,-1.1,-4.4,83,4.4,14.8,0.0,1006.0,0.0,1.0,6.8,44.5,-43.5,19.94,43.5,2.2
2024-10-01T02:00,-1.0,-4.2,82,4.1,11.2,0.0,1006.1,0.0,0.6,6.8,44.5,-43.9,19.94,43.9,1.3
2024-10-01T03:00,-0.9,-4.1,82,4.1,10.8,0.0,1006.1,0.0,0.6,6.7,44.4,-43.8,19.94,43.8,1.4
2024-10-01T04:00,-0.9,-3.9,82,3.1,10.1,0.0,1006.1,0.0,0.0,6.7,44.4,-44.4,19.94,44.4,0.0
2024-10-01T05:00,-0.8,-4.0,82,3.8,8.6,0.0,1006.3,0.0,0.3,6.7,44.4,-44.1,19.94,44.1,0.7
2024-10-01T06:00,-0.8,-3.9,83,3.7,9.0,0.0,1006.5,0.0,0.2,6.7,44.4,-44.2,19.94,44.2,0.5
2024-10-01T07:00,-0.7,-3.7,83,3.1,8.3,0.0,1006.9,0.0,0.0,6.7,44.4,-44.4,19.94,44.4,0.0
2024-10-01T08:00,-0.5,-3.4,84,2.5,7.2,0.0,1007.3,0.0,0.0,6.6,44.3,-44.3,19.94,44.3,0.0
2024-10-01T09:00,-0.3,-3.1,84,1.8,6.5,0.0,1007.7,0.0,0.0,6.6,44.3,-44.3,19.94,44.3,0.0
2024-10-01T10:00,-0.0,-2.8,86,2.7,9.7,0.0,1007.6,0.0,0.0,6.6,44.3,-44.3,19.94,44.3,0.0
2024-10-01T11:00,0.0,-2.7,88,2.8,9.7,19.0,1007.9,0.9,0.0,6.6,44.3,-43.4,19.94,43.4,2.0
2024-10-01T12:00,0.0,-2.9,88,3.5,10.4,1.0,1008.0,0.0,0.1,6.6,44.3,-44.2,19.94,44.2,0.2
2024-10-01T13:00,-0.4,-3.2,83,2.0,7.6,1.0,1008.1,0.0,0.0,6.6,44.3,-44.3,19.94,44.3,0.0
2024-10-01T14:00,-0.6,-3.6,85,3.4,9.7,4.0,1008.5,0.2,0.1,6.7,44.4,-44.1,19.94,44.1,0.7
2024-10-01T15:00,-0.7,-3.7,85,3.1,9.7,0.0,1008.7,0.0,0.0,6.7,44.4,-44.4,19.94,44.4,0.0
2024-10-01T16:00,-0.9,-3.7,85,1.8,9.0,0.0,1008.9,0.0,0.0,6.7,44.4,-44.4,19.94,44.4,0.0
2024-10-01T17:00,-1.3,-4.0,87,1.3,7.6,0.0,1009.1,0.0,0.0,6.7,44.4,-44.4,19.94,44.4,0.0
2024-10-01T18:00,-1.3,-4.1,88,2.0,7.2,0.0,1009.5,0.0,0.0,6.7,44.4,-44.4,19.94,44.4,0.0
2024-10-01T19:00,-1.1,-4.0,89,2.3,7.9,0.0,1009.7,0.0,0.0,6.7,44.4,-44.4,19.94,44.4,0.0
2024-10-01T20:00,-1.0,-3.9,89,3.1,8.6,0.0,1009.8,0.0,0.0,6.7,44.4,-44.4,19.94,44.4,0.0
2024-10-01T21:00,-0.8,-3.8,90,3.5,10.1,0.0,1010.1,0.0,0.1,6.7,44.4,-44.3,19.94,44.3,0.2
2024-10-01T22:00,-0.6,-3.6,90,4.1,11.9,0.0,1010.3,0.0,0.6,6.7,44.4,-43.8,19.94,43.8,1.4
2024-10-01T23:00,-0.6,-3.6,91,3.9,12.2,0.0,1010.6,0.0,0.4,6.7,44.4,-44.0,19.94,44.0,0.9
2024-10-02T00:00,-0.6,-3.6,91,3.9,11.5,0.0,1010.9,0.0,0.4,6.7,44.4,-44.0,19.94,44.0,0.9
2024-10-02T01:00,-1.5,-4.4,88,1.9,6.5,0.0,1011.6,0.0,0.0,6.7,44.4,-44.4,19.94,44.4,0.0
2024-10-02T02:00,-1.6,-4.8,88,3.9,10.8,0.0,1011.9,0.0,0.4,6.8,44.5,-44.1,19.94,44.1,0.9
2024-10-02T03:00,-1.8,-4.8,87,2.9,11.2,0.0,1012.1,0.0,0.0,6.8,44.5,-44.5,19.94,44.5,0.0
2024-10-02T04:00,-1.9,-4.8,85,1.5,9.0,0.0,1012.4,0.0,0.0,6.8,44.5,-44.5,19.94,44.5,0.0
2024-10-02T05:00,-2.2,-5.1,87,1.9,7.9,0.0,1012.7,0.0,0.0,6.8,44.5,-44.5,19.94,44.5,0.0
2024-10-02T06:00,-2.6,-5.6,89,2.3,8.3,0.0,1013.0,0.0,0.0,6.9,44.6,-44.6,19.94,44.6,0.0
2024-10-02T07:00,-2.3,-5.3,86,2.3,8.3,1.0,1013.7,0.1,0.0,6.8,44.5,-44.4,19.94,44.4,0.2
2024-10-02T08:00,-2.5,-5.7,88,3.6,7.9,6.0,1014.2,0.3,0.2,6.9,44.6,-44.1,19.94,44.1,1.1
2024-10-02T09:00,-2.3,-5.5,88,3.9,8.6,12.0,1014.6,0.6,0.4,6.9,44.6,-43.6,19.94,43.6,2.2
2024-10-02T10:00,-2.2,-5.3,87,3.4,8.6,31.0,1015.0,1.6,0.1,6.9,44.6,-42.9,19.94,42.9,3.8
2024-10-02T11:00,-2.0,-5.0,86,2.8,7.9,37.0,1015.3,1.9,0.0,6.8,44.5,-42.6,19.94,42.6,4.3
2024-10-02T12:00,-1.8,-4.9,83,2.8,7.2,40.0,1015.6,2.0,0.0,6.8,44.5,-42.5,19.94,42.5,4.5
2024-10-02T13:00,-1.7,-5.1,77,3.7,9.7,2.0,1016.1,0.1,0.2,6.8,44.5,-44.2,19.94,44.2,0.7
2024-10-02T14:00,-1.9,-5.2,76,3.3,10.1,8.0,1016.3,0.4,0.0,6.8,44.5,-44.1,19.94,44.1,0.9
2024-10-02T15:00,-2.7,-6.1,80,3.5,9.0,7.0,1016.5,0.4,0.1,6.9,44.6,-44.1,19.94,44.1,1.1
2024-10-02T16:00,-3.6,-7.2,85,4.7,11.5,1.0,1017.0,0.1,1.5,7.1,44.8,-43.2,19.94,43.2,3.6
2024-10-02T17:00,-3.5,-7.2,83,5.5,13.0,0.0,1017.2,0.0,3.6,7.1,44.8,-41.2,19.94,41.2,8.0
2024-10-02T18:00,-4.4,-8.2,86,5.7,14.0,0.0,1017.4,0.0,4.2,7.2,44.9,-40.7,19.94,40.7,9.4
2024-10-02T19:00,-5.4,-9.3,88,6.2,15.5,0.0,1017.7,0.0,6.2,7.3,45.0,-38.8,19.94,38.8,13.8
2024-10-02T20:00,-6.7,-10.8,91,6.9,16.6,0.0,1018.0,0.0,9.5,7.5,45.2,-35.7,19.94,35.7,21.0
2024-10-02T21:00,-7.7,-11.9,91,7.3,17.3,0.0,1018.1,0.0,11.8,7.6,45.3,-33.5,19.94,33.5,26.0
2024-10-02T22:00,-8.2,-12.5,91,7.5,17.3,0.0,1018.1,0.0,13.1,7.7,45.4,-32.3,19.94,32.3,28.9
2024-10-02T23:00,-8.4,-12.7,91,7.5,16.9,0.0,1018.1,0.0,13.1,7.7,45.4,-32.3,19.94,32.3,28.9
2024-10-03T00:00,-8.6,-13.0,90,7.6,16.9,0.0,1017.9,0.0,13.7,7.7,45.4,-31.7,19.94,31.7,30.2
2024-10-03T01:00,-8.5,-12.8,90,7.5,18.7,0.0,1018.0,0.0,13.1,7.7,45.4,-32.3,19.94,32.3,28.9
2024-10-03T02:00,-8.5,-12.8,90,7.6,17.3,0.0,1017.8,0.0,13.7,7.7,45.4,-31.7,19.94,31.7,30.2
2024-10-03T03:00,-8.6,-13.0,90,7.6,17.3,0.0,1017.7,0.0,13.7,7.7,45.4,-31.7,19.94,31.7,30.2
2024-10-03T04:00,-8.1,-12.4,89,7.5,16.6,0.0,1017.7,0.0,13.1,7.7,45.4,-32.3,19.94,32.3,28.9
2024-10-03T05:00,-8.2,-12.5,91,7.5,15.8,0.0,1017.7,0.0,13.1,7.7,45.4,-32.3,19.94,32.3,28.9
2024-10-03T06:00,-8.0,-12.2,91,7.3,15.8,0.0,1017.7,0.0,11.8,7.7,45.4,-33.6,19.94,33.6,26.0
2024-10-03T07:00,-7.9,-12.1,91,7.0,15.8,1.0,1017.8,0.1,10.1,7.6,45.3,-35.1,19.94,35.1,22.5
2024-10-03T08:00,-7.2,-11.3,88,6.5,15.5,9.0,1018.0,0.5,7.5,7.5,45.2,-37.2,19.94,37.2,17.7
2024-10-03T09:00,-6.4,-10.3,85,5.5,15.1,13.0,1017.9,0.7,3.6,7.4,45.1,-40.8,19.94,40.8,9.5
2024-10-03T10:00,-4.9,-8.5,77,3.6,13.3,38.0,1017.7,1.9,0.2,7.2,44.9,-42.8,19.94,42.8,4.7
2024-10-03T11:00,-3.7,-7.2,72,2.5,9.7,55.0,1017.7,2.8,0.0,7.0,44.7,-41.9,19.94,41.9,6.3
2024-10-03T12:00,-3.4,-6.9,71,3.0,9.4,56.0,1017.5,2.8,0.0,7.0,44.7,-41.9,19.94,41.9,6.3
2024-10-03T13:00,-3.9,-7.4,70,2.3,9.0,45.0,1017.7,2.3,0.0,7.0,44.7,-42.4,19.94,42.4,5.1
2024-10-03T14:00,-4.3,-7.8,73,2.3,7.9,29.0,1017.3,1.5,0.0,7.1,44.8,-43.3,19.94,43.3,3.3
2024-10-03T15:00,-4.8,-8.4,74,3.4,8.3,7.0,1016.9,0.4,0.1,7.2,44.9,-44.4,19.94,44.4,1.1
2024-10-03T16:00,-5.7,-9.5,77,4.6,10.4,0.0,1016.8,0.0,1.3,7.3,45.0,-43.7,19.94,43.7,2.9
2024-10-03T17:00,-5.7,-9.5,77,4.2,10.8,0.0,1016.6,0.0,0.7,7.3,45.0,-44.3,19.94,44.3,1.6
2024-10-03T18:00,-4.8,-8.4,74,3.2,10.4,0.0,1016.6,0.0,0.0,7.1,44.8,-44.8,19.94,44.8,0.0
2024-10-03T19:00,-5.4,-9.1,76,3.6,10.8,0.0,1016.5,0.0,0.2,7.2,44.9,-44.7,19.94,44.7,0.4
2024-10-03T20:00,-5.3,-8.9,76,3.5,10.8,0.0,1016.4,0.0,0.1,7.2,44.9,-44.8,19.94,44.8,0.2
2024-10-03T21:00,-5.1,-8.7,75,3.1,10.4,0.0,1016.1,0.0,0.0,7.2,44.9,-44.9,19.94,44.9,0.0
2024-10-03T22:00,-5.2,-8.8,77,3.1,9.4,0.0,1015.6,0.0,0.0,7.2,44.9,-44.9,19.94,44.9,0.0
2024-10-03T23:00,-5.0,-8.8,78,4.4,9.0,0.0,1015.5,0.0,1.0,7.2,44.9,-43.9,19.94,43.9,2.2
2024-10-04T00:00,-4.5,-8.3,76,4.9,8.3,0.0,1015.2,0.0,2.0,7.2,44.9,-42.9,19.94,42.9,4.5
2024-10-04T01:00,-4.3,-8.1,77,5.4,9.4,0.0,1014.8,0.0,3.3,7.2,44.9,-41.6,19.94,41.6,7.3
2024-10-04T02:00,-4.6,-8.3,82,5.0,9.4,0.0,1014.4,0.0,2.2,7.2,44.9,-42.7,19.94,42.7,4.9
2024-10-04T03:00,-4.3,-7.7,82,3.3,8.3,0.0,1014.1,0.0,0.0,7.1,44.8,-44.8,19.94,44.8,0.0
2024-10-04T04:00,-3.9,-7.2,86,3.1,7.6,0.0,1014.2,0.0,0.0,7.0,44.7,-44.7,19.94,44.7,0.0
2024-10-04T05:00,-3.9,-7.3,87,3.8,9.0,0.0,1014.0,0.0,0.3,7.1,44.8,-44.5,19.94,44.5,0.7
2024-10-04T06:00,-4.1,-7.6,87,3.9,9.7,0.0,1014.1,0.0,0.4,7.1,44.8,-44.4,19.94,44.4,0.9
2024-10-04T07:00,-4.1,-7.6,88,4.2,11.2,1.0,1014.5,0.1,0.7,7.1,44.8,-44.0,19.94,44.0,1.8
2024-10-04T08:00,-3.7,-7.2,89,4.6,12.2,1.0,1014.9,0.1,1.3,7.1,44.8,-43.4,19.94,43.4,3.1
2024-10-04T09:00,-4.0,-7.3,90,3.7,11.9,20.0,1015.0,1.0,0.2,7.1,44.8,-43.6,19.94,43.6,2.7
2024-10-04T10:00,-3.7,-7.0,89,3.4,10.8,49.0,1015.2,2.5,0.1,7.0,44.7,-42.1,19.94,42.1,5.8
2024-10-04T11:00,-3.5,-6.8,89,3.1,11.2,51.0,1015.3,2.6,0.0,7.0,44.7,-42.1,19.94,42.1,5.8
2024-10-04T12:00,-3.8,-6.9,90,2.2,11.2,43.0,1015.3,2.2,0.0,7.0,44.7,-42.5,19.94,42.5,4.9
2024-10-04T13:00,-3.3,-6.5,84,2.6,8.6,24.0,1015.3,1.2,0.0,7.0,44.7,-43.5,19.94,43.5,2.7
2024-10-04T14:00,-3.9,-7.2,88,2.7,10.1,14.0,1015.4,0.7,0.0,7.0,44.7,-44.0,19.94,44.0,1.6
2024-10-04T15:00,-3.9,-6.9,87,1.5,10.1,5.0,1015.4,0.3,0.0,7.0,44.7,-44.4,19.94,44.4,0.7
2024-10-04T16:00,-4.8,-8.2,90,3.2,11.2,0.0,1015.7,0.0,0.0,7.1,44.8,-44.8,19.94,44.8,0.0
2024-10-04T17:00,-4.9,-8.5,88,4.6,12.6,0.0,1015.6,0.0,1.3,7.2,44.9,-43.6,19.94,43.6,2.9
2024-10-04T18:00,-6.5,-10.1,89,3.9,12.2,0.0,1015.8,0.0,0.4,7.4,45.1,-44.7,19.94,44.7,0.9
2024-10-04T19:00,-6.9,-10.6,90,4.4,12.2,0.0,1016.0,0.0,1.0,7.4,45.1,-44.1,19.94,44.1,2.2
2024-10-04T20:00,-5.3,-8.9,86,3.9,12.6,0.0,1016.2,0.0,0.4,7.2,44.9,-44.5,19.94,44.5,0.9
2024-10-04T21:00,-4.4,-7.9,84,3.4,12.6,0.0,1016.2,0.0,0.1,7.1,44.8,-44.7,19.94,44.7,0.2
2024-10-04T22:00,-4.3,-7.6,86,3.1,11.2,0.0,1016.1,0.0,0.0,7.1,44.8,-44.8,19.94,44.8,0.0
2024-10-04T23:00,-4.2,-7.4,87,2.4,10.1,0.0,1016.3,0.0,0.0,7.1,44.8,-44.8,19.94,44.8,0.0
2024-10-05T00:00,-4.1,-7.6,87,4.3,11.9,0.0,1016.3,0.0,0.9,7.1,44.8,-43.9,19.94,43.9,2.0
2024-10-05T01:00,-3.9,-7.3,85,3.8,10.4,0.0,1016.1,0.0,0.3,7.1,44.8,-44.5,19.94,44.5,0.7
2024-10-05T02:00,-3.7,-7.2,85,4.9,14.0,0.0,1016.2,0.0,2.0,7.1,44.8,-42.8,19.94,42.8,4.5
2024-10-05T03:00,-4.4,-8.0,89,4.9,16.6,0.0,1016.4,0.0,2.0,7.2,44.9,-42.9,19.94,42.9,4.5
2024-10-05T04:00,-5.2,-8.8,89,4.5,19.1,0.0,1017.0,0.0,1.2,7.2,44.9,-43.7,19.94,43.7,2.7
2024-10-05T05:00,-4.9,-8.5,87,4.0,20.2,0.0,1017.3,0.0,0.5,7.2,44.9,-44.4,19.94,44.4,1.1
2024-10-05T06:00,-4.5,-8.0,86,3.9,20.2,0.0,1017.8,0.0,0.4,7.1,44.8,-44.4,19.94,44.4,0.9
2024-10-05T07:00,-4.1,-7.5,85,3.5,20.2,1.0,1018.2,0.1,0.1,7.1,44.8,-44.6,19.94,44.6,0.4
2024-10-05T08:00,-4.3,-7.8,82,3.9,19.8,9.0,1018.6,0.5,0.4,7.1,44.8,-43.9,19.94,43.9,2.0
2024-10-05T09:00,-3.2,-6.9,77,4.9,21.2,0.0,1019.2,0.0,2.0,7.0,44.7,-42.7,19.94,42.7,4.5
2024-10-05T10:00,-2.8,-6.5,75,5.7,23.0,0.0,1019.8,0.0,4.2,7.0,44.7,-40.5,19.94,40.5,9.4
2024-10-05T11:00,-2.4,-6.3,73,6.3,23.0,0.0,1020.0,0.0,6.6,7.0,44.7,-38.1,19.94,38.1,14.8
2024-10-05T12:00,-2.3,-6.3,72,7.4,23.8,4.0,1020.5,0.2,12.4,7.0,44.7,-32.1,19.94,32.1,28.2
2024-10-05T13:00,-4.0,-8.0,73,6.7,25.2,42.0,1020.8,2.1,8.5,7.2,44.9,-34.3,19.94,34.3,23.6
2024-10-05T14:00,-5.3,-9.2,78,5.3,20.5,24.0,1021.3,1.2,3.0,7.3,45.0,-40.8,19.94,40.8,9.3
2024-10-05T15:00,-5.4,-9.3,75,4.8,19.4,7.0,1021.6,0.4,1.7,7.3,45.0,-42.9,19.94,42.9,4.7
2024-10-05T16:00,-5.1,-8.9,74,4.3,18.7,0.0,1021.9,0.0,0.9,7.2,44.9,-44.0,19.94,44.0,2.0
2024-10-05T17:00,-4.9,-8.6,74,4.0,17.6,0.0,1022.2,0.0,0.5,7.2,44.9,-44.4,19.94,44.4,1.1
2024-10-05T18:00,-5.2,-8.8,75,3.5,15.8,0.0,1022.5,0.0,0.1,7.2,44.9,-44.8,19.94,44.8,0.2
2024-10-05T19:00,-5.3,-9.0,76,3.6,13.0,0.0,1023.0,0.0,0.2,7.2,44.9,-44.7,19.94,44.7,0.4
2024-10-05T20:00,-5.4,-9.1,75,4.0,11.5,0.0,1022.9,0.0,0.5,7.2,44.9,-44.4,19.94,44.4,1.1
2024-10-05T21:00,-5.4,-9.1,75,3.5,10.8,0.0,1022.6,0.0,0.1,7.2,44.9,-44.8,19.94,44.8,0.2
2024-10-05T22:00,-5.3,-8.8,73,2.3,9.7,0.0,1022.6,0.0,0.0,7.2,44.9,-44.9,19.94,44.9,0.0
2024-10-05T23:00,-5.1,-8.4,73,1.1,10.1,0.0,1022.5,0.0,0.0,7.1,44.8,-44.8,19.94,44.8,0.0
2024-10-06T00:00,-5.1,-8.4,76,1.1,11.2,0.0,1022.4,0.0,0.0,7.1,44.8,-44.8,19.94,44.8,0.0
2024-10-06T01:00,-3.9,-7.0,77,0.7,12.6,0.0,1022.2,0.0,0.0,7.0,44.7,-44.7,19.94,44.7,0.0
2024-10-06T02:00,-4.1,-7.2,80,1.3,13.0,0.0,1021.9,0.0,0.0,7.0,44.7,-44.7,19.94,44.7,0.0
2024-10-06T03:00,-4.1,-7.2,82,1.2,13.0,0.0,1021.6,0.0,0.0,7.0,44.7,-44.7,19.94,44.7,0.0
2024-10-06T04:00,-3.8,-7.1,84,2.5,13.7,0.0,1021.4,0.0,0.0,7.0,44.7,-44.7,19.94,44.7,0.0
2024-10-06T05:00,-3.5,-6.9,87,3.7,15.5,0.0,1021.2,0.0,0.2,7.0,44.7,-44.5,19.94,44.5,0.4
2024-10-06T06:00,-3.7,-6.9,90,3.3,16.2,0.0,1021.0,0.0,0.0,7.0,44.7,-44.7,19.94,44.7,0.0
2024-10-06T07:00,-3.8,-6.9,91,1.8,15.1,0.0,1020.9,0.0,0.0,7.0,44.7,-44.7,19.94,44.7,0.0
2024-10-06T08:00,-4.0,-7.2,93,2.7,12.6,2.0,1020.7,0.1,0.0,7.0,44.7,-44.6,19.94,44.6,0.2
2024-10-06T09:00,-4.6,-7.7,95,2.6,14.4,5.0,1020.5,0.3,0.0,7.1,44.8,-44.5,19.94,44.5,0.7
2024-10-06T10:00,-4.8,-8.1,95,3.2,15.5,2.0,1019.9,0.1,0.0,7.1,44.8,-44.7,19.94,44.7,0.2
2024-10-06T11:00,-4.5,-8.0,96,4.5,16.9,6.0,1019.6,0.3,1.2,7.2,44.9,-43.4,19.94,43.4,3.3
2024-10-06T12:00,-4.5,-8.1,92,5.2,18.7,3.0,1019.1,0.2,2.7,7.2,44.9,-42.0,19.94,42.0,6.5
2024-10-06T13:00,-3.7,-7.2,92,5.1,20.9,0.0,1018.0,0.0,2.4,7.1,44.8,-42.4,19.94,42.4,5.4
2024-10-06T14:00,-3.0,-6.5,94,6.0,22.7,0.0,1017.3,0.0,5.4,7.0,44.7,-39.3,19.94,39.3,12.1
2024-10-06T15:00,-2.7,-6.3,94,7.0,24.8,0.0,1016.6,0.0,10.1,7.0,44.7,-34.6,19.94,34.6,22.6
2024-10-06T16:00,-2.6,-6.2,94,6.7,24.8,0.0,1016.1,0.0,8.5,7.0,44.7,-36.2,19.94,36.2,19.0
2024-10-06T17:00,-2.4,-6.2,91,8.2,23.0,0.0,1015.7,0.0,17.9,7.0,44.7,-26.8,19.94,26.8,40.0
2024-10-06T18:00,-2.7,-6.2,91,5.8,23.4,0.0,1015.6,0.0,4.6,7.0,44.7,-40.1,19.94,40.1,10.3
2024-10-06T19:00,-3.1,-6.5,93,4.6,15.8,0.0,1015.8,0.0,1.3,7.0,44.7,-43.4,19.94,43.4,2.9
2024-10-06T20:00,-3.9,-7.5,94,6.0,19.4,0.0,1016.0,0.0,5.4,7.1,44.8,-39.4,19.94,39.4,12.1
2024-10-06T21:00,-4.0,-7.6,94,6.1,23.0,0.0,1016.5,0.0,5.8,7.2,44.9,-39.1,19.94,39.1,12.9
2024-10-06T22:00,-4.0,-7.9,90,7.0,25.2,0.0,1017.0,0.0,10.1,7.2,44.9,-34.8,19.94,34.8,22.5
2024-10-06T23:00,-6.5,-10.7,86,7.6,25.2,0.0,1017.7,0.0,13.7,7.5,45.2,-31.5,19.94,31.5,30.3
2024-10-07T00:00,-6.9,-11.0,83,6.7,25.2,0.0,1018.0,0.0,8.5,7.5,45.2,-36.7,19.94,36.7,18.8
2024-10-07T01:00,-4.6,-8.8,85,9.1,32.0,0.0,1017.7,0.0,0.0,7.3,45.0,-45.0,19.94,45.0,0.0
2024-10-07T02:00,-4.1,-8.3,86,8.9,30.2,0.0,1018.3,0.0,0.0,7.3,45.0,-45.0,19.94,45.0,0.0
2024-10-07T03:00,-3.6,-7.8,85,9.3,31.3,0.0,1018.8,0.0,0.0,7.2,44.9,-44.9,19.94,44.9,0.0
2024-10-07T04:00,-3.5,-7.8,86,9.9,32.8,0.0,1019.4,0.0,0.0,7.2,44.9,-44.9,19.94,44.9,0.0
2024-10-07T05:00,-3.7,-7.8,86,8.5,32.4,0.0,1019.8,0.0,0.0,7.2,44.9,-44.9,19.94,44.9,0.0
2024-10-07T06:00,-4.7,-8.9,86,8.6,29.9,0.0,1020.4,0.0,0.0,7.3,45.0,-45.0,19.94,45.0,0.0
2024-10-07T07:00,-5.0,-9.3,83,8.5,29.9,0.0,1021.0,0.0,0.0,7.4,45.1,-45.1,19.94,45.1,0.0
2024-10-07T08:00,-5.3,-9.5,82,7.7,29.5,8.0,1021.4,0.4,0.0,7.4,45.1,-44.7,19.94,44.7,0.9
2024-10-07T09:00,-5.3,-9.1,83,5.1,25.9,25.0,1021.7,1.3,2.4,7.3,45.0,-41.3,19.94,41.3,8.2
2024-10-07T10:00,-4.8,-8.6,84,5.2,21.2,37.0,1021.9,1.9,2.7,7.2,44.9,-40.3,19.94,40.3,10.2
2024-10-07T11:00,-3.5,-7.3,76,5.8,20.9,13.0,1022.1,0.7,4.6,7.1,44.8,-39.5,19.94,39.5,11.8
2024-10-07T12:00,-3.2,-7.0,76,6.2,21.6,3.0,1022.4,0.2,6.2,7.1,44.8,-38.4,19.94,38.4,14.3
2024-10-07T13:00,-3.3,-7.2,76,6.7,23.0,2.0,1022.6,0.1,8.5,7.1,44.8,-36.2,19.94,36.2,19.2
2024-10-07T14:00,-3.7,-7.6,79,6.1,23.0,2.0,1022.8,0.1,5.8,7.1,44.8,-38.9,19.94,38.9,13.2
2024-10-07T15:00,-4.2,-7.9,83,5.8,22.7,0.0,1023.2,0.0,4.6,7.2,44.9,-40.3,19.94,40.3,10.2
2024-10-07T16:00,-4.0,-7.7,84,5.9,23.0,0.0,1023.6,0.0,5.0,7.1,44.8,-39.8,19.94,39.8,11.2
2024-10-07T17:00,-4.3,-8.1,86,6.1,23.4,0.0,1024.1,0.0,5.8,7.2,44.9,-39.1,19.94,39.1,12.9
2024-10-07T18:00,-3.8,-7.6,87,6.1,23.4,0.0,1024.4,0.0,5.8,7.1,44.8,-39.0,19.94,39.0,12.9
2024-10-07T19:00,-3.9,-7.8,88,6.8,23.4,0.0,1025.0,0.0,9.0,7.2,44.9,-35.9,19.94,35.9,20.0
2024-10-07T20:00,-4.4,-8.1,90,5.9,23.0,0.0,1025.6,0.0,5.0,7.2,44.9,-39.9,19.94,39.9,11.1
2024-10-07T21:00,-4.5,-8.2,90,5.5,21.6,0.0,1026.1,0.0,3.6,7.2,44.9,-41.3,19.94,41.3,8.0
2024-10-07T22:00,-4.7,-8.4,91,5.3,20.5,0.0,1026.2,0.0,3.0,7.2,44.9,-41.9,19.94,41.9,6.7
2024-10-07T23:00,-4.6,-8.3,90,5.3,20.2,0.0,1026.7,0.0,3.0,7.2,44.9,-41.9,19.94,41.9,6.7
2024-10-08T00:00,-4.4,-8.0,90,5.3,19.8,0.0,1027.1,0.0,3.0,7.2,44.9,-41.9,19.94,41.9,6.7
2024-10-08T01:00,-3.9,-7.5,90,5.4,20.5,0.0,1027.4,0.0,3.3,7.1,44.8,-41.5,19.94,41.5,7.4
2024-10-08T02:00,-3.7,-7.2,89,5.2,19.4,0.0,1027.8,0.0,2.7,7.1,44.8,-42.1,19.94,42.1,6.0
2024-10-08T03:00,-3.6,-7.2,89,5.3,18.7,0.0,1028.2,0.0,3.0,7.1,44.8,-41.8,19.94,41.8,6.7
2024-10-08T04:00,-3.7,-7.3,89,5.4,18.0,0.0,1028.5,0.0,3.3,7.1,44.8,-41.5,19.94,41.5,7.4
2024-10-08T05:00,-3.6,-7.2,89,6.1,19.1,0.0,1028.8,0.0,5.8,7.1,44.8,-39.0,19.94,39.0,12.9
2024-10-08T06:00,-3.9,-7.7,88,6.6,20.2,0.0,1029.0,0.0,8.0,7.2,44.9,-36.9,19.94,36.9,17.8
2024-10-08T07:00,-3.9,-7.6,87,6.3,20.2,0.0,1029.5,0.0,6.6,7.2,44.9,-38.3,19.94,38.3,14.7
2024-10-08T08:00,-4.5,-8.2,88,5.1,19.1,3.0,1029.9,0.2,2.4,7.2,44.9,-42.3,19.94,42.3,5.8
2024-10-08T09:00,-4.6,-8.2,89,5.2,16.2,10.0,1030.1,0.5,2.7,7.2,44.9,-41.7,19.94,41.7,7.1
2024-10-08T10:00,-4.4,-8.0,90,5.3,15.5,17.0,1030.2,0.9,3.0,7.2,44.9,-41.0,19.94,41.0,8.7
2024-10-08T11:00,-4.4,-8.1,91,6.0,15.5,19.0,1030.1,1.0,5.4,7.2,44.9,-38.5,19.94,38.5,14.3
2024-10-08T12:00,-5.1,-9.0,93,7.1,17.3,14.0,1030.3,0.7,10.6,7.3,45.0,-33.7,19.94,33.7,25.1
2024-10-08T13:00,-5.8,-9.8,94,7.4,18.7,13.0,1030.4,0.7,12.4,7.4,45.1,-32.0,19.94,32.0,29.0
2024-10-08T14:00,-6.9,-11.1,93,8.3,19.4,4.0,1030.2,0.2,18.7,7.6,45.3,-26.4,19.94,26.4,41.7
2024-10-08T15:00,-7.6,-12.0,93,8.7,19.8,0.0,1029.9,0.0,22.0,7.7,45.4,-23.4,19.94,23.4,48.5
2024-10-08T16:00,-7.9,-12.2,93,8.0,19.8,0.0,1029.7,0.0,16.5,7.7,45.4,-28.9,19.94,28.9,36.3
2024-10-08T17:00,-7.8,-12.1,92,7.5,18.0,0.0,1029.3,0.0,13.1,7.7,45.4,-32.3,19.94,32.3,28.9
2024-10-08T18:00,-7.9,-12.0,92,6.6,16.9,0.0,1029.2,0.0,8.0,7.6,45.3,-37.3,19.94,37.3,17.7
2024-10-08T19:00,-8.1,-12.2,91,6.4,15.1,0.0,1028.8,0.0,7.0,7.6,45.3,-38.3,19.94,38.3,15.5
2024-10-08T20:00,-9.0,-13.2,90,6.8,15.5,0.0,1028.6,0.0,9.0,7.8,45.5,-36.5,19.94,36.5,19.8
2024-10-08T21:00,-9.9,-14.3,88,7.1,16.2,0.0,1028.1,0.0,10.6,7.9,45.6,-35.0,19.94,35.0,23.2
2024-10-08T22:00,-9.6,-14.0,88,7.0,16.6,0.0,1027.8,0.0,10.1,7.8,45.5,-35.4,19.94,35.4,22.2
2024-10-08T23:00,-9.5,-13.9,88,7.0,16.2,0.0,1027.2,0.0,10.1,7.8,45.5,-35.4,19.94,35.4,22.2
2024-10-09T00:00,-9.4,-13.7,87,7.0,16.2,0.0,1026.8,0.0,10.1,7.8,45.5,-35.4,19.94,35.4,22.2
2024-10-09T01:00,-9.0,-13.3,89,7.3,19.8,0.0,1026.1,0.0,11.8,7.8,45.5,-33.7,19.94,33.7,25.9
2024-10-09T02:00,-9.2,-13.6,89,7.4,18.4,0.0,1025.5,0.0,12.4,7.8,45.5,-33.1,19.94,33.1,27.3
2024-10-09T03:00,-9.5,-13.9,88,7.3,18.7,0.0,1024.9,0.0,11.8,7.8,45.5,-33.7,19.94,33.7,25.9
2024-10-09T04:00,-9.7,-14.0,88,7.1,18.4,0.0,1024.3,0.0,10.6,7.9,45.6,-35.0,19.94,35.0,23.2
2024-10-09T05:00,-7.9,-12.1,81,6.2,18.4,0.0,1023.8,0.0,6.2,7.6,45.3,-39.1,19.94,39.1,13.7
2024-10-09T06:00,-6.3,-10.3,77,5.4,17.3,0.0,1023.3,0.0,3.3,7.4,45.1,-41.8,19.94,41.8,7.3
2024-10-09T07:00,-5.1,-8.9,77,4.8,16.9,0.0,1023.0,0.0,1.7,7.2,44.9,-43.2,19.94,43.2,3.8
2024-10-09T08:00,-4.6,-8.3,79,5.0,16.9,0.0,1022.9,0.0,2.2,7.2,44.9,-42.7,19.94,42.7,4.9
2024-10-09T09:00,-4.1,-7.7,81,4.8,17.3,0.0,1022.4,0.0,1.7,7.1,44.8,-43.1,19.94,43.1,3.8
2024-10-09T10:00,-4.0,-7.7,86,5.7,20.5,5.0,1022.0,0.3,4.2,7.1,44.8,-40.3,19.94,40.3,10.0
2024-10-09T11:00,-4.1,-8.0,89,7.3,24.8,10.0,1021.5,0.5,11.8,7.2,44.9,-32.6,19.94,32.6,27.4
2024-10-09T12:00,-4.2,-8.2,88,8.1,27.4,6.0,1020.7,0.3,17.2,7.2,44.9,-27.4,19.94,27.4,39.0
2024-10-09T13:00,-4.5,-8.7,89,9.1,31.7,9.0,1019.9,0.5,0.0,7.3,45.0,-44.5,19.94,44.5,1.1
2024-10-09T14:00,-4.1,-8.9,87,13.4,42.5,0.0,1018.8,0.0,0.0,7.4,45.1,-45.1,19.94,45.1,0.0
2024-10-09T15:00,-4.1,-9.4,77,15.8,51.5,0.0,1017.9,0.0,0.0,7.5,45.2,-45.2,19.94,45.2,0.0
2024-10-09T16:00,-4.7,-9.9,79,14.7,51.8,0.0,1017.3,0.0,0.0,7.5,45.2,-45.2,19.94,45.2,0.0
2024-10-09T17:00,-4.6,-9.7,81,14.2,48.2,0.0,1016.4,0.0,0.0,7.5,45.2,-45.2,19.94,45.2,0.0
2024-10-09T18:00,-4.0,-9.1,80,14.5,48.6,0.0,1015.7,0.0,0.0,7.4,45.1,-45.1,19.94,45.1,0.0
2024-10-09T19:00,-3.6,-8.8,80,15.8,51.5,0.0,1014.9,0.0,0.0,7.4,45.1,-45.1,19.94,45.1,0.0
2024-10-09T20:00,-3.5,-8.8,80,16.3,53.3,0.0,1014.0,0.0,0.0,7.4,45.1,-45.1,19.94,45.1,0.0
2024-10-09T21:00,-3.3,-8.7,81,17.3,56.2,0.0,1012.9,0.0,0.0,7.4,45.1,-45.1,19.94,45.1,0.0
2024-10-09T22:00,-2.9,-8.5,83,19.6,59.8,0.0,1011.9,0.0,0.0,7.5,45.2,-45.2,19.94,45.2,0.0
2024-10-09T23:00,-2.4,-7.9,81,18.1,60.1,0.0,1010.8,0.0,0.0,7.4,45.1,-45.1,19.94,45.1,0.0
2024-10-10T00:00,-2.1,-7.3,80,16.5,58.3,0.0,1009.7,0.0,0.0,7.3,45.0,-45.0,19.94,45.0,0.0
2024-10-10T01:00,-1.9,-7.3,81,17.9,62.3,0.0,1007.9,0.0,0.0,7.3,45.0,-45.0,19.94,45.0,0.0
2024-10-10T02:00,-1.2,-6.3,83,17.1,60.1,0.0,1006.7,0.0,0.0,7.2,44.9,-44.9,19.94,44.9,0.0
2024-10-10T03:00,-0.6,-5.7,84,18.2,61.6,0.0,1005.4,0.0,0.0,7.1,44.8,-44.8,19.94,44.8,0.0
2024-10-10T04:00,-0.1,-5.3,83,18.8,63.0,0.0,1004.4,0.0,0.0,7.1,44.8,-44.8,19.94,44.8,0.0
2024-10-10T05:00,0.2,-4.8,84,17.7,64.8,0.0,1003.1,0.0,0.0,7.0,44.7,-44.7,19.94,44.7,0.0
2024-10-10T06:00,0.5,-4.3,85,16.8,61.6,0.0,1002.3,0.0,0.0,6.9,44.6,-44.6,19.94,44.6,0.0
2024-10-10T07:00,0.7,-4.0,87,16.0,56.9,0.0,1001.5,0.0,0.0,6.9,44.6,-44.6,19.94,44.6,0.0
2024-10-10T08:00,0.9,-3.3,88,13.6,52.6,0.0,1000.9,0.0,0.0,6.8,44.5,-44.5,19.94,44.5,0.0
2024-10-10T09:00,1.1,-2.8,90,11.6,47.9,0.0,1000.2,0.0,0.0,6.7,44.4,-44.4,19.94,44.4,0.0
2024-10-10T10:00,1.4,-2.4,91,11.9,45.0,0.0,999.5,0.0,0.0,6.7,44.4,-44.4,19.94,44.4,0.0
2024-10-10T11:00,1.7,-2.1,92,11.8,43.6,0.0,999.0,0.0,0.0,6.6,44.3,-44.3,19.94,44.3,0.0
2024-10-10T12:00,2.1,-1.8,91,12.8,46.8,0.0,998.2,0.0,0.0,6.6,44.3,-44.3,19.94,44.3,0.0
2024-10-10T13:00,2.7,-1.3,91,14.8,51.5,0.0,997.1,0.0,0.0,6.6,44.3,-44.3,19.94,44.3,0.0
2024-10-10T14:00,2.8,-1.2,91,14.6,51.8,0.0,996.2,0.0,0.0,6.6,44.3,-44.3,19.94,44.3,0.0
2024-10-10T15:00,2.7,-1.3,91,14.5,52.6,0.0,995.6,0.0,0.0,6.6,44.3,-44.3,19.94,44.3,0.0
2024-10-10T16:00,2.8,-1.2,90,14.6,53.6,0.0,995.2,0.0,0.0,6.6,44.3,-44.3,19.94,44.3,0.0
2024-10-10T17:00,3.0,-1.4,89,16.7,58.0,0.0,994.7,0.0,0.0,6.6,44.3,-44.3,19.94,44.3,0.0
2024-10-10T18:00,2.7,-1.6,90,16.2,58.3,0.0,994.4,0.0,0.0,6.6,44.3,-44.3,19.94,44.3,0.0
2024-10-10T19:00,2.5,-1.4,91,13.6,55.1,0.0,993.7,0.0,0.0,6.6,44.3,-44.3,19.94,44.3,0.0
2024-10-10T20:00,2.3,-1.8,89,14.3,51.5,0.0,993.2,0.0,0.0,6.6,44.3,-44.3,19.94,44.3,0.0
2024-10-10T21:00,2.1,-2.1,90,15.0,53.3,0.0,992.8,0.0,0.0,6.7,44.4,-44.4,19.94,44.4,0.0
2024-10-10T22:00,2.1,-2.0,91,14.3,52.9,0.0,992.3,0.0,0.0,6.7,44.4,-44.4,19.94,44.4,0.0
2024-10-10T23:00,2.0,-1.9,90,13.0,51.1,0.0,991.7,0.0,0.0,6.6,44.3,-44.3,19.94,44.3,0.0
2024-10-11T00:00,1.8,-1.9,89,11.3,47.5,0.0,991.5,0.0,0.0,6.6,44.3,-44.3,19.94,44.3,0.0
2024-10-11T01:00,2.1,-2.0,89,14.0,49.7,0.0,990.8,0.0,0.0,6.7,44.4,-44.4,19.94,44.4,0.0
2024-10-11T02:00,2.0,-1.9,89,12.2,49.3,0.0,990.8,0.0,0.0,6.6,44.3,-44.3,19.94,44.3,0.0
2024-10-11T03:00,2.4,-1.4,89,12.2,46.1,0.0,990.6,0.0,0.0,6.6,44.3,-44.3,19.94,44.3,0.0
2024-10-11T04:00,2.8,-0.8,89,12.0,45.7,0.0,991.1,0.0,0.0,6.5,44.2,-44.2,19.94,44.2,0.0
2024-10-11T05:00,3.0,-0.6,89,11.5,43.9,0.0,991.7,0.0,0.0,6.5,44.2,-44.2,19.94,44.2,0.0
2024-10-11T06:00,3.0,-0.1,90,8.9,40.7,0.0,992.3,0.0,0.0,6.4,44.1,-44.1,19.94,44.1,0.0
2024-10-11T07:00,2.7,-0.1,93,6.7,32.4,0.0,992.9,0.0,0.0,6.4,44.1,-44.1,19.94,44.1,0.0
2024-10-11T08:00,2.5,-0.3,95,6.8,28.4,0.0,993.3,0.0,0.0,6.4,44.1,-44.1,19.94,44.1,0.0
2024-10-11T09:00,2.8,-0.1,95,8.1,31.3,0.0,993.3,0.0,0.0,6.4,44.1,-44.1,19.94,44.1,0.0
2024-10-11T10:00,2.8,-0.1,96,8.4,32.4,0.0,993.5,0.0,0.0,6.4,44.1,-44.1,19.94,44.1,0.0
2024-10-11T11:00,2.8,-0.3,96,9.3,36.7,0.0,993.1,0.0,0.0,6.4,44.1,-44.1,19.94,44.1,0.0
2024-10-11T12:00,3.0,-0.3,94,10.4,41.4,0.0,992.2,0.0,0.0,6.5,44.2,-44.2,19.94,44.2,0.0
2024-10-11T13:00,3.1,-0.3,94,11.2,43.6,0.0,991.4,0.0,0.0,6.5,44.2,-44.2,19.94,44.2,0.0
2024-10-11T14:00,3.2,-0.7,92,14.7,52.2,0.0,990.6,0.0,0.0,6.5,44.2,-44.2,19.94,44.2,0.0
2024-10-11T15:00,3.2,-1.1,90,17.6,59.4,0.0,990.0,0.0,0.0,6.6,44.3,-44.3,19.94,44.3,0.0
2024-10-11T16:00,3.2,-1.3,90,18.0,61.2,0.0,989.4,0.0,0.0,6.6,44.3,-44.3,19.94,44.3,0.0
2024-10-11T17:00,3.1,-1.4,91,18.3,62.3,0.0,988.5,0.0,0.0,6.6,44.3,-44.3,19.94,44.3,0.0
2024-10-11T18:00,3.0,-1.7,91,19.8,66.2,0.0,987.5,0.0,0.0,6.7,44.4,-44.4,19.94,44.4,0.0
2024-10-11T19:00,3.1,-2.1,89,22.4,73.1,0.0,986.6,0.0,0.0,6.7,44.4,-44.4,19.94,44.4,0.0
2024-10-11T20:00,2.9,-2.5,90,24.2,78.1,0.0,986.0,0.0,0.0,6.8,44.5,-44.5,19.94,44.5,0.0
2024-10-11T21:00,2.7,-2.7,90,23.7,78.8,0.0,985.4,0.0,0.0,6.8,44.5,-44.5,19.94,44.5,0.0
2024-10-11T22:00,2.5,-2.7,91,22.5,77.8,0.0,984.3,0.0,0.0,6.8,44.5,-44.5,19.94,44.5,0.0
2024-10-11T23:00,2.4,-2.1,92,17.8,74.2,0.0,983.8,0.0,0.0,6.7,44.4,-44.4,19.94,44.4,0.0
2024-10-12T00:00,2.3,-2.4,91,19.0,64.8,0.0,983.1,0.0,0.0,6.7,44.4,-44.4,19.94,44.4,0.0
2024-10-12T01:00,2.2,-2.6,90,19.5,73.8,0.0,982.0,0.0,0.0,6.8,44.5,-44.5,19.94,44.5,0.0
2024-10-12T02:00,2.2,-2.7,89,20.0,66.6,0.0,981.8,0.0,0.0,6.8,44.5,-44.5,19.94,44.5,0.0
2024-10-12T03:00,2.1,-2.8,89,19.7,67.7,0.0,981.8,0.0,0.0,6.8,44.5,-44.5,19.94,44.5,0.0
2024-10-12T04:00,2.1,-2.6,88,18.2,64.8,0.0,982.2,0.0,0.0,6.8,44.5,-44.5,19.94,44.5,0.0
2024-10-12T05:00,2.1,-2.2,89,16.0,59.4,0.0,982.8,0.0,0.0,6.7,44.4,-44.4,19.94,44.4,0.0
2024-10-12T06:00,2.1,-1.8,89,12.8,51.5,0.0,983.6,0.0,0.0,6.6,44.3,-44.3,19.94,44.3,0.0
2024-10-12T07:00,2.0,-1.6,91,11.4,42.1,0.0,984.5,0.0,0.0,6.6,44.3,-44.3,19.94,44.3,0.0
2024-10-12T08:00,2.2,-1.4,91,10.8,35.6,0.0,985.3,0.0,0.0,6.6,44.3,-44.3,19.94,44.3,0.0
2024-10-12T09:00,0.9,-2.7,92,10.0,31.7,4.0,986.2,0.2,0.0,6.7,44.4,-44.2,19.94,44.2,0.5
2024-10-12T10:00,-0.2,-3.9,95,10.2,29.5,9.0,986.9,0.4,0.0,6.8,44.5,-44.1,19.94,44.1,0.9
2024-10-12T11:00,-0.0,-3.7,98,10.6,31.7,11.0,987.8,0.5,0.0,6.8,44.5,-44.0,19.94,44.0,1.1
2024-10-12T12:00,-0.0,-3.7,99,10.7,34.2,8.0,988.3,0.4,0.0,6.8,44.5,-44.1,19.94,44.1,0.9
2024-10-12T13:00,0.6,-3.0,99,10.6,35.3,3.0,988.7,0.1,0.0,6.7,44.4,-44.3,19.94,44.3,0.2
2024-10-12T14:00,1.1,-2.4,99,10.3,37.1,1.0,989.2,0.0,0.0,6.7,44.4,-44.4,19.94,44.4,0.0
2024-10-12T15:00,2.3,-1.2,94,10.9,38.9,0.0,989.4,0.0,0.0,6.5,44.2,-44.2,19.94,44.2,0.0
2024-10-12T16:00,2.4,-0.9,93,9.3,38.5,0.0,989.7,0.0,0.0,6.5,44.2,-44.2,19.94,44.2,0.0
2024-10-12T17:00,2.2,-0.9,94,8.3,34.6,0.0,990.3,0.0,0.0,6.5,44.2,-44.2,19.94,44.2,0.0
2024-10-12T18:00,1.8,-1.5,94,8.8,32.0,0.0,990.6,0.0,0.0,6.6,44.3,-44.3,19.94,44.3,0.0
2024-10-12T19:00,1.7,-1.6,95,9.2,33.8,0.0,991.0,0.0,0.0,6.6,44.3,-44.3,19.94,44.3,0.0
2024-10-12T20:00,2.0,-1.5,95,11.3,39.2,0.0,991.4,0.0,0.0,6.6,44.3,-44.3,19.94,44.3,0.0
2024-10-12T21:00,2.1,-1.3,96,10.9,39.6,0.0,991.7,0.0,0.0,6.6,44.3,-44.3,19.94,44.3,0.0
2024-10-12T22:00,2.3,-1.0,96,9.8,38.5,0.0,992.0,0.0,0.0,6.5,44.2,-44.2,19.94,44.2,0.0
2024-10-12T23:00,2.2,-1.0,96,9.0,35.6,0.0,992.3,0.0,0.0,6.5,44.2,-44.2,19.94,44.2,0.0
2024-10-13T00:00,2.1,-1.2,97,9.7,35.3,0.0,992.4,0.0,0.0,6.5,44.2,-44.2,19.94,44.2,0.0
2024-10-13T01:00,1.8,-1.4,98,9.4,34.6,0.0,992.4,0.0,0.0,6.6,44.3,-44.3,19.94,44.3,0.0
2024-10-13T02:00,1.9,-1.5,96,10.5,37.1,0.0,992.5,0.0,0.0,6.6,44.3,-44.3,19.94,44.3,0.0
2024-10-13T03:00,1.6,-2.0,94,10.8,37.4,0.0,992.5,0.0,0.0,6.6,44.3,-44.3,19.94,44.3,0.0
2024-10-13T04:00,1.2,-2.5,93,11.2,38.2,0.0,992.6,0.0,0.0,6.7,44.4,-44.4,19.94,44.4,0.0
2024-10-13T05:00,0.9,-2.6,94,9.6,37.8,0.0,992.6,0.0,0.0,6.7,44.4,-44.4,19.94,44.4,0.0
2024-10-13T06:00,1.0,-2.5,94,9.9,35.6,0.0,992.7,0.0,0.0,6.7,44.4,-44.4,19.94,44.4,0.0
2024-10-13T07:00,1.1,-2.5,95,10.5,37.4,0.0,992.9,0.0,0.0,6.7,44.4,-44.4,19.94,44.4,0.0
2024-10-13T08:00,0.9,-2.6,96,9.8,37.4,0.0,993.0,0.0,0.0,6.7,44.4,-44.4,19.94,44.4,0.0
2024-10-13T09:00,0.9,-2.5,97,9.4,36.0,0.0,993.3,0.0,0.0,6.7,44.4,-44.4,19.94,44.4,0.0
2024-10-13T10:00,1.0,-2.3,99,8.6,37.1,0.0,993.5,0.0,0.0,6.6,44.3,-44.3,19.94,44.3,0.0
2024-10-13T11:00,1.2,-2.1,99,9.2,40.0,0.0,993.5,0.0,0.0,6.6,44.3,-44.3,19.94,44.3,0.0
2024-10-13T12:00,1.3,-2.2,99,10.9,43.9,0.0,993.4,0.0,0.0,6.7,44.4,-44.4,19.94,44.4,0.0
2024-10-13T13:00,2.0,-2.2,91,15.4,51.5,0.0,992.9,0.0,0.0,6.7,44.4,-44.4,19.94,44.4,0.0
2024-10-13T14:00,1.9,-2.7,89,17.6,55.4,0.0,993.0,0.0,0.0,6.8,44.5,-44.5,19.94,44.5,0.0
2024-10-13T15:00,1.6,-2.9,88,16.2,54.7,0.0,993.0,0.0,0.0,6.8,44.5,-44.5,19.94,44.5,0.0
2024-10-13T16:00,1.3,-3.2,89,15.7,52.6,0.0,993.0,0.0,0.0,6.8,44.5,-44.5,19.94,44.5,0.0
2024-10-13T17:00,1.1,-3.3,89,15.1,51.8,0.0,993.0,0.0,0.0,6.8,44.5,-44.5,19.94,44.5,0.0
2024-10-13T18:00,1.2,-3.1,89,14.6,51.5,0.0,993.0,0.0,0.0,6.8,44.5,-44.5,19.94,44.5,0.0
2024-10-13T19:00,1.1,-3.4,89,16.0,55.1,0.0,992.9,0.0,0.0,6.8,44.5,-44.5,19.94,44.5,0.0
2024-10-13T20:00,1.1,-3.6,88,16.8,56.2,0.0,992.8,0.0,0.0,6.9,44.6,-44.6,19.94,44.6,0.0
2024-10-13T21:00,0.9,-3.9,88,17.6,58.3,0.0,992.9,0.0,0.0,6.9,44.6,-44.6,19.94,44.6,0.0
2024-10-13T22:00,0.7,-3.9,87,16.2,58.0,0.0,993.0,0.0,0.0,6.9,44.6,-44.6,19.94,44.6,0.0
2024-10-13T23:00,0.6,-4.0,88,15.4,55.1,0.0,993.0,0.0,0.0,6.9,44.6,-44.6,19.94,44.6,0.0
2024-10-14T00:00,0.4,-3.9,88,14.2,52.6,0.0,992.8,0.0,0.0,6.9,44.6,-44.6,19.94,44.6,0.0
2024-10-14T01:00,0.7,-3.2,89,11.8,42.8,0.0,993.1,0.0,0.0,6.8,44.5,-44.5,19.94,44.5,0.0
2024-10-14T02:00,0.8,-3.2,89,11.8,41.8,0.0,993.0,0.0,0.0,6.8,44.5,-44.5,19.94,44.5,0.0
2024-10-14T03:00,0.8,-3.1,90,11.2,41.0,0.0,992.8,0.0,0.0,6.7,44.4,-44.4,19.94,44.4,0.0
2024-10-14T04:00,1.0,-2.8,90,10.7,40.3,0.0,992.8,0.0,0.0,6.7,44.4,-44.4,19.94,44.4,0.0
2024-10-14T05:00,1.2,-2.5,90,10.8,38.9,0.0,992.7,0.0,0.0,6.7,44.4,-44.4,19.94,44.4,0.0
2024-10-14T06:00,1.4,-2.2,92,10.8,39.6,0.0,992.7,0.0,0.0,6.7,44.4,-44.4,19.94,44.4,0.0
2024-10-14T07:00,1.6,-1.9,94,10.5,39.6,0.0,992.8,0.0,0.0,6.6,44.3,-44.3,19.94,44.3,0.0
2024-10-14T08:00,1.9,-1.6,95,11.4,40.3,0.0,992.7,0.0,0.0,6.6,44.3,-44.3,19.94,44.3,0.0
2024-10-14T09:00,2.2,-1.3,94,11.4,40.7,0.0,992.9,0.0,0.0,6.6,44.3,-44.3,19.94,44.3,0.0
2024-10-14T10:00,2.4,-1.2,92,12.1,41.8,0.0,992.8,0.0,0.0,6.6,44.3,-44.3,19.94,44.3,0.0
2024-10-14T11:00,2.3,-1.3,92,11.2,42.1,0.0,992.9,0.0,0.0,6.6,44.3,-44.3,19.94,44.3,0.0
2024-10-14T12:00,2.2,-1.3,92,10.8,40.0,0.0,992.8,0.0,0.0,6.6,44.3,-44.3,19.94,44.3,0.0
2024-10-14T13:00,2.0,-1.3,93,9.3,37.1,0.0,992.9,0.0,0.0,6.5,44.2,-44.2,19.94,44.2,0.0
2024-10-14T14:00,2.1,-1.2,93,9.4,34.6,0.0,992.7,0.0,0.0,6.5,44.2,-44.2,19.94,44.2,0.0
2024-10-14T15:00,2.1,-1.4,92,10.3,36.7,0.0,992.8,0.0,0.0,6.6,44.3,-44.3,19.94,44.3,0.0
2024-10-14T16:00,2.0,-1.5,91,10.7,37.4,0.0,992.6,0.0,0.0,6.6,44.3,-44.3,19.94,44.3,0.0
2024-10-14T17:00,2.2,-1.5,90,11.3,39.6,0.0,992.3,0.0,0.0,6.6,44.3,-44.3,19.94,44.3,0.0
2024-10-14T18:00,1.7,-2.0,89,11.5,41.8,0.0,992.4,0.0,0.0,6.6,44.3,-44.3,19.94,44.3,0.0
2024-10-14T19:00,2.0,-1.9,90,12.8,45.0,0.0,992.3,0.0,0.0,6.6,44.3,-44.3,19.94,44.3,0.0
2024-10-14T20:00,2.3,-1.6,89,12.9,46.8,0.0,992.4,0.0,0.0,6.6,44.3,-44.3,19.94,44.3,0.0
2024-10-14T21:00,2.0,-1.9,89,12.5,43.9,0.0,992.5,0.0,0.0,6.6,44.3,-44.3,19.94,44.3,0.0
2024-10-14T22:00,2.0,-1.7,94,12.1,41.4,0.0,992.7,0.0,0.0,6.6,44.3,-44.3,19.94,44.3,0.0
2024-10-14T23:00,2.2,-1.5,92,12.5,41.8,0.0,992.5,0.0,0.0,6.6,44.3,-44.3,19.94,44.3,0.0
2024-10-15T00:00,1.7,-2.1,91,12.0,41.4,0.0,992.5,0.0,0.0,6.6,44.3,-44.3,19.94,44.3,0.0
2024-10-15T01:00,1.6,-2.0,93,11.5,38.5,0.0,992.5,0.0,0.0,6.6,44.3,-44.3,19.94,44.3,0.0
2024-10-15T02:00,1.3,-2.1,93,9.4,38.5,0.0,992.6,0.0,0.0,6.6,44.3,-44.3,19.94,44.3,0.0
2024-10-15T03:00,1.1,-2.4,91,9.0,33.5,0.0,992.4,0.0,0.0,6.6,44.3,-44.3,19.94,44.3,0.0
2024-10-15T04:00,2.0,-1.6,91,11.3,37.8,0.0,992.9,0.0,0.0,6.6,44.3,-44.3,19.94,44.3,0.0
2024-10-15T05:00,1.9,-1.6,95,10.7,38.9,0.0,993.0,0.0,0.0,6.6,44.3,-44.3,19.94,44.3,0.0
2024-10-15T06:00,1.7,-1.9,94,10.7,37.4,0.0,993.2,0.0,0.0,6.6,44.3,-44.3,19.94,44.3,0.0
2024-10-15T07:00,1.7,-1.6,93,9.4,36.7,0.0,993.5,0.0,0.0,6.6,44.3,-44.3,19.94,44.3,0.0
2024-10-15T08:00,1.8,-1.5,91,9.2,33.5,0.0,993.7,0.0,0.0,6.6,44.3,-44.3,19.94,44.3,0.0
2024-10-15T09:00,0.9,-2.7,92,9.5,33.8,0.0,994.0,0.0,0.0,6.7,44.4,-44.4,19.94,44.4,0.0
2024-10-15T10:00,1.4,-1.9,93,9.0,34.2,0.0,994.2,0.0,0.0,6.6,44.3,-44.3,19.94,44.3,0.0
2024-10-15T11:00,1.5,-1.7,94,8.3,32.4,1.0,994.5,0.0,0.0,6.6,44.3,-44.3,19.94,44.3,0.0
2024-10-15T12:00,1.4,-1.8,94,8.1,31.0,0.0,994.8,0.0,0.0,6.6,44.3,-44.3,19.94,44.3,0.0
2024-10-15T13:00,1.2,-1.8,94,6.3,27.4,0.0,994.9,0.0,6.6,6.6,44.3,-37.7,19.94,37.7,14.9
2024-10-15T14:00,1.6,-1.2,93,5.3,24.8,0.0,995.1,0.0,3.0,6.5,44.2,-41.2,19.94,41.2,6.8
2024-10-15T15:00,1.3,-1.4,95,4.7,22.0,0.0,995.3,0.0,1.5,6.5,44.2,-42.7,19.94,42.7,3.4
2024-10-15T16:00,0.9,-1.7,96,4.3,19.1,0.0,995.6,0.0,0.9,6.5,44.2,-43.3,19.94,43.3,2.0
2024-10-15T17:00,0.9,-1.8,97,4.7,18.7,0.0,995.8,0.0,1.5,6.6,44.3,-42.8,19.94,42.8,3.4
2024-10-15T18:00,1.2,-1.4,97,4.4,18.7,0.0,996.2,0.0,1.0,6.5,44.2,-43.2,19.94,43.2,2.3
2024-10-15T19:00,1.1,-1.4,97,3.5,17.3,0.0,996.3,0.0,0.1,6.5,44.2,-44.1,19.94,44.1,0.2
2024-10-15T20:00,0.9,-1.5,98,2.9,14.4,0.0,996.6,0.0,0.0,6.5,44.2,-44.2,19.94,44.2,0.0
2024-10-15T21:00,0.8,-1.6,98,2.5,11.9,0.0,996.9,0.0,0.0,6.5,44.2,-44.2,19.94,44.2,0.0
2024-10-15T22:00,0.3,-2.2,99,2.8,10.8,0.0,997.1,0.0,0.0,6.6,44.3,-44.3,19.94,44.3,0.0
2024-10-15T23:00,-0.1,-2.7,99,3.1,10.8,0.0,997.4,0.0,0.0,6.6,44.3,-44.3,19.94,44.3,0.0
2024-10-16T00:00,-0.2,-2.8,99,3.0,10.1,0.0,997.6,0.0,0.0,6.6,44.3,-44.3,19.94,44.3,0.0
2024-10-16T01:00,-1.3,-4.6,98,6.8,13.7,0.0,998.0,0.0,9.0,6.9,44.6,-35.6,19.94,35.6,20.2
2024-10-16T02:00,-0.8,-3.9,99,5.8,14.4,0.0,998.0,0.0,4.6,6.8,44.5,-39.9,19.94,39.9,10.3
2024-10-16T03:00,-0.8,-3.7,98,4.5,12.2,0.0,998.3,0.0,1.2,6.7,44.4,-43.2,19.94,43.2,2.7
2024-10-16T04:00,-1.0,-4.0,98,4.7,11.9,0.0,998.6,0.0,1.5,6.8,44.5,-43.0,19.94,43.0,3.4
2024-10-16T05:00,-1.0,-4.0,98,4.7,12.2,0.0,998.8,0.0,1.5,6.8,44.5,-43.0,19.94,43.0,3.4
2024-10-16T06:00,-0.3,-3.2,98,5.0,13.7,0.0,998.9,0.0,2.2,6.7,44.4,-42.2,19.94,42.2,5.0
2024-10-16T07:00,-0.0,-3.0,98,5.4,15.1,0.0,999.3,0.0,3.3,6.7,44.4,-41.1,19.94,41.1,7.4
2024-10-16T08:00,-0.1,-3.0,99,5.3,16.2,0.0,999.7,0.0,3.0,6.7,44.4,-41.4,19.94,41.4,6.8
2024-10-16T09:00,0.0,-3.0,96,5.4,15.8,0.0,999.9,0.0,3.3,6.7,44.4,-41.1,19.94,41.1,7.4
2024-10-16T10:00,0.1,-3.0,97,6.5,17.6,0.0,1000.3,0.0,7.5,6.7,44.4,-36.9,19.94,36.9,16.9
2024-10-16T11:00,0.4,-2.5,98,5.4,17.6,0.0,1000.7,0.0,3.3,6.6,44.3,-41.0,19.94,41.0,7.4
2024-10-16T12:00,0.1,-2.8,97,5.5,15.8,0.0,1001.0,0.0,3.6,6.7,44.4,-40.8,19.94,40.8,8.1
2024-10-16T13:00,0.3,-2.6,99,5.6,17.6,0.0,1001.2,0.0,3.9,6.6,44.3,-40.4,19.94,40.4,8.8
2024-10-16T14:00,0.4,-2.5,98,5.5,16.9,0.0,1001.2,0.0,3.6,6.6,44.3,-40.7,19.94,40.7,8.1
2024-10-16T15:00,0.3,-2.6,98,6.0,16.9,0.0,1001.5,0.0,5.4,6.7,44.4,-39.0,19.94,39.0,12.2
2024-10-16T16:00,0.3,-2.6,97,5.9,16.9,0.0,1001.5,0.0,5.0,6.7,44.4,-39.4,19.94,39.4,11.3
2024-10-16T17:00,0.4,-2.6,96,5.9,16.2,0.0,1001.6,0.0,5.0,6.6,44.3,-39.3,19.94,39.3,11.3
2024-10-16T18:00,0.3,-2.7,97,6.3,16.6,0.0,1001.8,0.0,6.6,6.7,44.4,-37.8,19.94,37.8,14.9
2024-10-16T19:00,0.1,-3.0,97,6.9,18.0,0.0,1001.9,0.0,9.5,6.7,44.4,-34.9,19.94,34.9,21.4
2024-10-16T20:00,0.0,-3.3,97,7.6,20.2,0.0,1002.2,0.0,13.7,6.7,44.4,-30.7,19.94,30.7,30.9
2024-10-16T21:00,-0.0,-3.3,95,7.3,20.9,0.0,1002.4,0.0,11.8,6.7,44.4,-32.6,19.94,32.6,26.6
2024-10-16T22:00,-0.4,-3.6,96,6.5,20.5,0.0,1002.4,0.0,7.5,6.8,44.5,-37.0,19.94,37.0,16.9
2024-10-16T23:00,-0.5,-3.6,96,5.7,17.6,0.0,1002.4,0.0,4.2,6.7,44.4,-40.2,19.94,40.2,9.5
2024-10-17T00:00,-0.7,-3.8,95,5.8,15.8,0.0,1002.2,0.0,4.6,6.8,44.5,-39.9,19.94,39.9,10.3
2024-10-17T01:00,-0.8,-3.9,95,4.9,14.0,0.0,1001.9,0.0,2.0,6.8,44.5,-42.5,19.94,42.5,4.5
2024-10-17T02:00,-0.8,-3.9,94,5.2,14.0,0.0,1001.9,0.0,2.7,6.8,44.5,-41.8,19.94,41.8,6.1
2024-10-17T03:00,-0.8,-3.8,93,4.7,14.0,0.0,1001.3,0.0,1.5,6.7,44.4,-42.9,19.94,42.9,3.4
2024-10-17T04:00,-0.9,-4.0,93,5.2,12.6,0.0,1001.0,0.0,2.7,6.8,44.5,-41.8,19.94,41.8,6.1
2024-10-17T05:00,-1.3,-4.5,93,4.9,12.6,0.0,1000.9,0.0,2.0,6.8,44.5,-42.5,19.94,42.5,4.5
2024-10-17T06:00,-2.2,-5.7,94,6.5,15.5,0.0,1000.1,0.0,7.5,7.0,44.7,-37.2,19.94,37.2,16.8
2024-10-17T07:00,-3.1,-6.7,95,6.9,17.3,0.0,999.7,0.0,9.5,7.1,44.8,-35.3,19.94,35.3,21.2
2024-10-17T08:00,-3.1,-6.9,94,7.6,19.4,0.0,998.9,0.0,13.7,7.1,44.8,-31.1,19.94,31.1,30.6
2024-10-17T09:00,-3.2,-7.0,95,7.7,21.2,0.0,998.2,0.0,14.4,7.1,44.8,-30.4,19.94,30.4,32.1
2024-10-17T10:00,-3.2,-7.1,92,8.1,24.8,0.0,997.2,0.0,17.2,7.1,44.8,-27.6,19.94,27.6,38.4
2024-10-17T11:00,-3.4,-7.4,89,8.2,25.6,0.0,996.0,0.0,17.9,7.2,44.9,-27.0,19.94,27.0,39.9
2024-10-17T12:00,-2.9,-7.0,88,9.0,29.5,0.0,995.1,0.0,0.0,7.1,44.8,-44.8,19.94,44.8,0.0
2024-10-17T13:00,-2.7,-7.1,88,11.3,35.3,0.0,994.4,0.0,0.0,7.2,44.9,-44.9,19.94,44.9,0.0
2024-10-17T14:00,-2.1,-6.5,90,12.4,40.3,0.0,993.5,0.0,0.0,7.1,44.8,-44.8,19.94,44.8,0.0
2024-10-17T15:00,-1.7,-6.3,87,13.7,42.8,0.0,992.4,0.0,0.0,7.1,44.8,-44.8,19.94,44.8,0.0
2024-10-17T16:00,-1.6,-6.1,87,13.1,42.5,0.0,991.4,0.0,0.0,7.1,44.8,-44.8,19.94,44.8,0.0
2024-10-17T17:00,-1.6,-6.2,87,13.9,43.9,0.0,990.6,0.0,0.0,7.1,44.8,-44.8,19.94,44.8,0.0
2024-10-17T18:00,-1.6,-6.1,87,13.0,44.3,0.0,989.8,0.0,0.0,7.1,44.8,-44.8,19.94,44.8,0.0
2024-10-17T19:00,-1.5,-5.9,87,12.8,44.3,0.0,988.9,0.0,0.0,7.1,44.8,-44.8,19.94,44.8,0.0
2024-10-17T20:00,-1.2,-5.4,87,11.7,43.6,0.0,988.3,0.0,0.0,7.0,44.7,-44.7,19.94,44.7,0.0
2024-10-17T21:00,-1.0,-5.2,88,11.3,41.4,0.0,987.9,0.0,0.0,7.0,44.7,-44.7,19.94,44.7,0.0
2024-10-17T22:00,-0.9,-4.9,89,10.5,39.6,0.0,987.4,0.0,0.0,6.9,44.6,-44.6,19.94,44.6,0.0
2024-10-17T23:00,-0.5,-4.3,89,9.6,36.7,0.0,986.8,0.0,0.0,6.9,44.6,-44.6,19.94,44.6,0.0
2024-10-18T00:00,-0.1,-3.9,89,9.7,34.9,0.0,986.4,0.0,0.0,6.8,44.5,-44.5,19.94,44.5,0.0
2024-10-18T01:00,-0.5,-4.5,90,10.8,36.0,0.0,986.2,0.0,0.0,6.9,44.6,-44.6,19.94,44.6,0.0
2024-10-18T02:00,-0.3,-4.0,91,9.5,36.0,0.0,985.6,0.0,0.0,6.8,44.5,-44.5,19.94,44.5,0.0
2024-10-18T03:00,-0.1,-3.7,91,8.5,32.0,0.0,985.2,0.0,0.0,6.8,44.5,-44.5,19.94,44.5,0.0
2024-10-18T04:00,0.2,-3.4,90,8.6,29.2,0.0,984.8,0.0,0.0,6.7,44.4,-44.4,19.94,44.4,0.0
2024-10-18T05:00,0.5,-3.0,90,8.4,28.1,0.0,984.3,0.0,0.0,6.7,44.4,-44.4,19.94,44.4,0.0
2024-10-18T06:00,0.7,-2.8,90,8.9,27.0,0.0,983.9,0.0,23.7,6.7,44.4,-20.7,19.94,20.7,53.4
2024-10-18T07:00,0.9,-2.4,90,7.9,27.0,0.0,983.7,0.0,15.7,6.6,44.3,-28.6,19.94,28.6,35.4
2024-10-18T08:00,1.0,-2.1,90,6.5,23.4,0.0,983.5,0.0,7.5,6.6,44.3,-36.8,19.94,36.8,16.9
2024-10-18T09:00,1.1,-1.8,91,5.5,19.1,0.0,983.2,0.0,3.6,6.6,44.3,-40.7,19.94,40.7,8.1
2024-10-18T10:00,1.2,-1.5,92,4.2,15.8,0.0,983.1,0.0,0.7,6.5,44.2,-43.5,19.94,43.5,1.6
2024-10-18T11:00,1.1,-1.2,97,2.2,11.5,0.0,983.0,0.0,0.0,6.5,44.2,-44.2,19.94,44.2,0.0
2024-10-18T12:00,1.0,-1.4,99,2.6,6.1,0.0,983.2,0.0,0.0,6.5,44.2,-44.2,19.94,44.2,0.0
2024-10-18T13:00,1.0,-1.2,99,1.5,6.1,0.0,983.6,0.0,0.0,6.5,44.2,-44.2,19.94,44.2,0.0
2024-10-18T14:00,1.0,-1.2,99,1.5,7.2,0.0,983.8,0.0,0.0,6.5,44.2,-44.2,19.94,44.2,0.0
2024-10-18T15:00,1.0,-1.5,99,3.5,10.4,0.0,984.4,0.0,0.1,6.5,44.2,-44.1,19.94,44.1,0.2
2024-10-18T16:00,1.1,-1.5,99,4.3,13.7,0.0,985.2,0.0,0.9,6.5,44.2,-43.3,19.94,43.3,2.0
2024-10-18T17:00,1.0,-1.6,99,4.2,14.4,0.0,985.7,0.0,0.7,6.5,44.2,-43.5,19.94,43.5,1.6
2024-10-18T18:00,0.9,-1.7,99,4.4,15.5,0.0,986.5,0.0,1.0,6.5,44.2,-43.2,19.94,43.2,2.3
2024-10-18T19:00,0.9,-1.8,100,4.7,15.8,0.0,987.7,0.0,1.5,6.6,44.3,-42.8,19.94,42.8,3.4
2024-10-18T20:00,0.6,-2.1,99,4.5,16.6,0.0,988.9,0.0,1.2,6.6,44.3,-43.1,19.94,43.1,2.7
2024-10-18T21:00,0.5,-2.1,99,4.0,16.2,0.0,990.1,0.0,0.5,6.6,44.3,-43.8,19.94,43.8,1.1
2024-10-18T22:00,0.5,-2.2,99,4.2,16.9,0.0,991.3,0.0,0.7,6.6,44.3,-43.6,19.94,43.6,1.6
2024-10-18T23:00,0.4,-2.5,99,5.8,20.5,0.0,993.0,0.0,4.6,6.6,44.3,-39.7,19.94,39.7,10.4
2024-10-19T00:00,0.7,-2.4,97,7.1,23.0,0.0,994.7,0.0,10.6,6.6,44.3,-33.7,19.94,33.7,23.9
2024-10-19T01:00,0.1,-2.8,97,5.1,19.8,0.0,995.8,0.0,2.4,6.7,44.4,-42.0,19.94,42.0,5.4
2024-10-19T02:00,0.0,-2.8,96,4.5,20.2,0.0,997.4,0.0,1.2,6.6,44.3,-43.1,19.94,43.1,2.7
2024-10-19T03:00,-0.2,-3.0,98,4.2,19.4,0.0,999.0,0.0,0.7,6.7,44.4,-43.7,19.94,43.7,1.6
2024-10-19T04:00,0.1,-2.4,99,3.1,18.7,0.0,1000.3,0.0,0.0,6.6,44.3,-44.3,19.94,44.3,0.0
2024-10-19T05:00,-0.4,-3.1,99,3.7,16.9,0.0,1001.8,0.0,0.2,6.7,44.4,-44.2,19.94,44.2,0.5
2024-10-19T06:00,-1.7,-4.6,99,4.1,15.8,0.0,1002.8,0.0,0.6,6.8,44.5,-43.9,19.94,43.9,1.3
2024-10-19T07:00,-3.0,-6.3,96,4.8,14.0,0.0,1004.1,0.0,1.7,7.0,44.7,-43.0,19.94,43.0,3.8
2024-10-19T08:00,-3.3,-7.0,96,7.2,12.6,0.0,1005.4,0.0,11.2,7.1,44.8,-33.6,19.94,33.6,25.0
2024-10-19T09:00,-3.9,-7.5,97,6.4,13.0,0.0,1006.4,0.0,7.0,7.2,44.9,-37.9,19.94,37.9,15.6
2024-10-19T10:00,-3.7,-7.4,96,7.2,11.9,0.0,1007.0,0.0,11.2,7.2,44.9,-33.7,19.94,33.7,24.9
2024-10-19T11:00,-3.3,-7.0,96,7.3,14.0,0.0,1007.3,0.0,11.8,7.1,44.8,-33.0,19.94,33.0,26.3
2024-10-19T12:00,-3.1,-6.8,94,7.4,15.1,0.0,1007.9,0.0,12.4,7.1,44.8,-32.4,19.94,32.4,27.7
2024-10-19T13:00,-2.9,-6.7,94,8.0,19.1,0.0,1008.2,0.0,16.5,7.1,44.8,-28.3,19.94,28.3,36.8
2024-10-19T14:00,-3.4,-7.4,92,9.0,20.5,0.0,1008.2,0.0,24.6,7.2,44.9,-20.3,19.94,20.3,54.8
2024-10-19T15:00,-3.4,-7.5,95,9.6,23.0,0.0,1008.3,0.0,30.3,7.2,44.9,-14.6,19.94,14.6,67.5
2024-10-19T16:00,-3.7,-7.9,96,10.2,24.5,0.0,1007.6,0.0,36.7,7.3,45.0,-8.3,19.94,8.3,81.6
2024-10-19T17:00,-2.9,-6.9,97,10.1,26.6,0.0,1007.2,0.0,35.6,7.2,44.9,-9.3,19.94,9.3,79.3
2024-10-19T18:00,-2.8,-6.8,97,9.8,30.2,0.0,1007.0,0.0,0.0,7.1,44.8,-44.8,19.94,44.8,0.0
2024-10-19T19:00,-1.9,-5.7,97,8.9,31.0,0.0,1006.8,0.0,0.0,7.0,44.7,-44.7,19.94,44.7,0.0
2024-10-19T20:00,-1.4,-5.2,96,10.1,35.3,0.0,1006.0,0.0,0.0,7.0,44.7,-44.7,19.94,44.7,0.0
2024-10-19T21:00,-0.2,-4.4,92,13.2,43.9,0.0,1004.4,0.0,0.0,6.9,44.6,-44.6,19.94,44.6,0.0
2024-10-19T22:00,1.1,-3.5,91,16.3,51.5,0.0,1002.5,0.0,0.0,6.8,44.5,-44.5,19.94,44.5,0.0
2024-10-19T23:00,1.4,-3.4,91,19.1,60.8,0.0,1000.9,0.0,0.0,6.9,44.6,-44.6,19.94,44.6,0.0
2024-10-20T00:00,2.2,-3.2,87,22.6,69.5,0.0,999.4,0.0,0.0,6.9,44.6,-44.6,19.94,44.6,0.0
2024-10-20T01:00,2.7,-2.3,88,20.5,72.0,0.0,999.1,0.0,0.0,6.7,44.4,-44.4,19.94,44.4,0.0
2024-10-20T02:00,3.0,-1.6,90,19.1,65.5,0.0,998.5,0.0,0.0,6.7,44.4,-44.4,19.94,44.4,0.0
2024-10-20T03:00,3.4,-1.0,90,17.5,58.7,0.0,997.3,0.0,0.0,6.6,44.3,-44.3,19.94,44.3,0.0
2024-10-20T04:00,4.1,0.4,88,14.1,54.4,0.0,996.7,0.0,0.0,6.4,44.1,-44.1,19.94,44.1,0.0
2024-10-20T05:00,4.9,1.7,88,11.2,47.5,0.0,996.8,0.0,0.0,6.2,43.9,-43.9,19.94,43.9,0.0
2024-10-20T06:00,5.1,2.2,90,9.7,40.3,0.0,996.7,0.0,0.0,6.2,43.9,-43.9,19.94,43.9,0.0
2024-10-20T07:00,4.6,2.0,94,7.8,36.4,0.0,996.9,0.0,0.0,6.2,43.9,-43.9,19.94,43.9,0.0
2024-10-20T08:00,4.5,1.9,96,7.7,34.2,0.0,997.3,0.0,0.0,6.2,43.9,-43.9,19.94,43.9,0.0
2024-10-20T09:00,4.6,1.9,95,8.9,35.3,0.0,997.3,0.0,0.0,6.2,43.9,-43.9,19.94,43.9,0.0
2024-10-20T10:00,4.1,1.6,97,7.4,35.6,0.0,997.6,0.0,0.0,6.2,43.9,-43.9,19.94,43.9,0.0
2024-10-20T11:00,3.8,1.3,98,7.1,28.4,0.0,997.2,0.0,0.0,6.3,44.0,-44.0,19.94,44.0,0.0
2024-10-20T12:00,4.0,1.2,98,8.9,29.9,0.0,996.9,0.0,0.0,6.3,44.0,-44.0,19.94,44.0,0.0
2024-10-20T13:00,4.2,1.6,97,7.8,29.9,0.0,996.6,0.0,0.0,6.2,43.9,-43.9,19.94,43.9,0.0
2024-10-20T14:00,4.0,1.6,97,6.3,29.9,0.0,996.6,0.0,0.0,6.2,43.9,-43.9,19.94,43.9,0.0
2024-10-20T15:00,4.0,1.5,96,7.1,26.3,0.0,996.1,0.0,10.6,6.3,44.0,-33.4,19.94,33.4,24.1
2024-10-20T16:00,3.9,1.5,95,6.2,26.3,0.0,995.9,0.0,6.2,6.2,43.9,-37.7,19.94,37.7,14.1
2024-10-20T17:00,3.9,1.3,96,7.3,24.5,0.0,995.3,0.0,11.8,6.3,44.0,-32.2,19.94,32.2,26.8
2024-10-20T18:00,3.9,1.2,96,7.8,24.8,0.0,994.4,0.0,15.1,6.3,44.0,-28.9,19.94,28.9,34.3
2024-10-20T19:00,3.8,1.2,95,6.9,23.8,0.0,994.0,0.0,9.5,6.3,44.0,-34.5,19.94,34.5,21.6
2024-10-20T20:00,3.8,1.2,95,7.0,22.7,0.0,993.5,0.0,10.1,6.3,44.0,-33.9,19.94,33.9,23.0
2024-10-20T21:00,3.8,1.1,94,7.2,23.0,0.0,992.9,0.0,11.2,6.3,44.0,-32.8,19.94,32.8,25.5
2024-10-20T22:00,3.6,1.0,94,6.9,22.7,0.0,992.4,0.0,9.5,6.3,44.0,-34.5,19.94,34.5,21.6
2024-10-20T23:00,3.4,0.8,95,6.5,22.3,0.0,991.8,0.0,7.5,6.3,44.0,-36.5,19.94,36.5,17.0
2024-10-21T00:00,3.4,0.7,95,7.2,24.1,0.0,991.6,0.0,11.2,6.3,44.0,-32.8,19.94,32.8,25.5
2024-10-21T01:00,3.2,0.6,95,6.3,24.5,0.0,991.0,0.0,6.6,6.3,44.0,-37.4,19.94,37.4,15.0
2024-10-21T02:00,3.3,0.6,95,6.9,21.6,0.0,990.6,0.0,9.5,6.3,44.0,-34.5,19.94,34.5,21.6
2024-10-21T03:00,3.4,0.7,96,7.2,21.2,0.0,990.3,0.0,11.2,6.3,44.0,-32.8,19.94,32.8,25.5
2024-10-21T04:00,3.5,0.8,96,7.2,21.2,0.0,990.3,0.0,11.2,6.3,44.0,-32.8,19.94,32.8,25.5
2024-10-21T05:00,3.4,0.9,96,6.3,22.0,0.0,990.4,0.0,6.6,6.3,44.0,-37.4,19.94,37.4,15.0
2024-10-21T06:00,3.2,0.8,97,4.9,21.2,0.0,990.3,0.0,2.0,6.3,44.0,-42.0,19.94,42.0,4.5
2024-10-21T07:00,3.2,0.9,98,4.7,19.4,0.0,990.6,0.0,1.5,6.3,44.0,-42.5,19.94,42.5,3.4
2024-10-21T08:00,3.2,0.9,98,4.7,19.1,0.0,990.8,0.0,1.5,6.3,44.0,-42.5,19.94,42.5,3.4
2024-10-21T09:00,3.1,0.8,99,4.5,18.4,0.0,990.6,0.0,1.2,6.3,44.0,-42.8,19.94,42.8,2.7
2024-10-21T10:00,3.1,0.8,99,4.8,20.9,0.0,991.1,0.0,1.7,6.3,44.0,-42.3,19.94,42.3,3.9
2024-10-21T11:00,3.2,1.1,99,3.1,20.5,0.0,991.2,0.0,0.0,6.3,44.0,-44.0,19.94,44.0,0.0
2024-10-21T12:00,3.4,1.5,99,2.4,16.2,0.0,991.1,0.0,0.0,6.2,43.9,-43.9,19.94,43.9,0.0
2024-10-21T13:00,3.1,1.0,99,3.5,15.1,0.0,990.9,0.0,0.1,6.3,44.0,-43.9,19.94,43.9,0.2
2024-10-21T14:00,3.0,0.8,99,3.7,16.2,0.0,991.1,0.0,0.2,6.3,44.0,-43.8,19.94,43.8,0.5
2024-10-21T15:00,3.1,1.1,98,3.1,15.5,0.0,991.0,0.0,0.0,6.3,44.0,-44.0,19.94,44.0,0.0
2024-10-21T16:00,2.9,0.8,98,3.1,13.3,0.0,990.9,0.0,0.0,6.3,44.0,-44.0,19.94,44.0,0.0
2024-10-21T17:00,2.5,0.3,99,3.4,13.0,0.0,990.7,0.0,0.1,6.3,44.0,-43.9,19.94,43.9,0.2
2024-10-21T18:00,3.0,0.9,97,2.5,13.0,0.0,990.7,0.0,0.0,6.3,44.0,-44.0,19.94,44.0,0.0
2024-10-21T19:00,2.4,0.2,97,2.8,12.6,0.0,990.8,0.0,0.0,6.3,44.0,-44.0,19.94,44.0,0.0
2024-10-21T20:00,2.5,0.5,97,1.1,11.5,0.0,990.7,0.0,0.0,6.3,44.0,-44.0,19.94,44.0,0.0
2024-10-21T21:00,2.4,0.5,95,0.8,9.0,0.0,990.3,0.0,0.0,6.3,44.0,-44.0,19.94,44.0,0.0
2024-10-21T22:00,2.2,0.1,96,1.8,6.1,0.0,990.1,0.0,0.0,6.3,44.0,-44.0,19.94,44.0,0.0
2024-10-21T23:00,0.4,-2.1,99,3.5,6.5,0.0,989.7,0.0,0.1,6.6,44.3,-44.2,19.94,44.2,0.2
2024-10-22T00:00,-0.3,-3.4,99,6.2,13.0,0.0,989.2,0.0,6.2,6.7,44.4,-38.2,19.94,38.2,14.0
2024-10-22T01:00,-0.4,-3.7,98,7.2,16.6,0.0,988.8,0.0,11.2,6.8,44.5,-33.3,19.94,33.3,25.2
2024-10-22T02:00,-0.0,-3.3,99,7.6,18.7,0.0,988.3,0.0,13.7,6.7,44.4,-30.7,19.94,30.7,30.9
2024-10-22T03:00,-0.3,-3.8,99,9.0,22.3,0.0,987.9,0.0,24.6,6.8,44.5,-19.9,19.94,19.9,55.3
2024-10-22T04:00,-0.9,-4.5,98,9.3,23.8,0.0,987.7,0.0,27.4,6.9,44.6,-17.2,19.94,17.2,61.4
2024-10-22T05:00,-1.2,-4.9,97,9.0,23.8,0.0,987.9,0.0,24.6,6.9,44.6,-20.0,19.94,20.0,55.2
2024-10-22T06:00,-1.2,-4.7,99,8.0,21.6,0.0,987.4,0.0,16.5,6.9,44.6,-28.1,19.94,28.1,37.0
2024-10-22T07:00,-1.8,-5.4,97,7.6,19.4,0.0,987.0,0.0,13.7,6.9,44.6,-30.9,19.94,30.9,30.7
2024-10-22T08:00,-1.6,-5.4,96,9.2,24.1,0.0,986.4,0.0,26.4,7.0,44.7,-18.3,19.94,18.3,59.1
2024-10-22T09:00,-1.2,-4.9,94,9.4,27.0,0.0,986.5,0.0,28.3,6.9,44.6,-16.3,19.94,16.3,63.5
2024-10-22T10:00,-0.9,-4.6,95,9.4,27.4,0.0,986.3,0.0,28.3,6.9,44.6,-16.3,19.94,16.3,63.5
2024-10-22T11:00,-0.6,-4.3,98,10.2,30.6,0.0,986.4,0.0,0.0,6.9,44.6,-44.6,19.94,44.6,0.0
2024-10-22T12:00,0.3,-3.2,99,9.2,31.0,0.0,986.4,0.0,0.0,6.7,44.4,-44.4,19.94,44.4,0.0
2024-10-22T13:00,1.0,-2.5,96,10.1,33.1,0.0,986.1,0.0,0.0,6.7,44.4,-44.4,19.94,44.4,0.0
2024-10-22T14:00,0.9,-2.5,98,9.6,33.8,0.0,985.8,0.0,0.0,6.7,44.4,-44.4,19.94,44.4,0.0
2024-10-22T15:00,0.6,-2.8,99,9.3,34.2,0.0,985.5,0.0,0.0,6.7,44.4,-44.4,19.94,44.4,0.0
2024-10-22T16:00,0.6,-2.9,95,9.3,34.6,0.0,985.1,0.0,0.0,6.7,44.4,-44.4,19.94,44.4,0.0
2024-10-22T17:00,0.6,-3.3,91,11.3,37.1,0.0,984.9,0.0,0.0,6.8,44.5,-44.5,19.94,44.5,0.0
2024-10-22T18:00,0.4,-3.3,90,10.1,37.1,0.0,984.7,0.0,0.0,6.8,44.5,-44.5,19.94,44.5,0.0
2024-10-22T19:00,0.3,-3.4,90,9.5,34.9,0.0,984.7,0.0,0.0,6.8,44.5,-44.5,19.94,44.5,0.0
2024-10-22T20:00,-0.0,-3.7,93,9.4,34.6,0.0,984.4,0.0,0.0,6.8,44.5,-44.5,19.94,44.5,0.0
2024-10-22T21:00,-0.3,-3.9,94,9.2,34.2,0.0,984.4,0.0,0.0,6.8,44.5,-44.5,19.94,44.5,0.0
2024-10-22T22:00,-0.4,-3.9,96,8.6,34.2,0.0,984.0,0.0,0.0,6.8,44.5,-44.5,19.94,44.5,0.0
2024-10-22T23:00,-0.6,-4.1,96,8.9,32.8,0.0,983.9,0.0,0.0,6.8,44.5,-44.5,19.94,44.5,0.0
2024-10-23T00:00,-0.4,-4.0,93,8.9,33.5,0.0,983.7,0.0,0.0,6.8,44.5,-44.5,19.94,44.5,0.0
2024-10-23T01:00,0.6,-3.3,92,12.1,41.4,0.0,982.8,0.0,0.0,6.8,44.5,-44.5,19.94,44.5,0.0
2024-10-23T02:00,0.6,-3.4,90,11.7,41.8,0.0,982.8,0.0,0.0,6.8,44.5,-44.5,19.94,44.5,0.0
2024-10-23T03:00,0.5,-3.4,90,11.2,40.0,0.0,982.9,0.0,0.0,6.8,44.5,-44.5,19.94,44.5,0.0
2024-10-23T04:00,0.5,-3.3,90,10.6,37.8,0.0,983.1,0.0,0.0,6.8,44.5,-44.5,19.94,44.5,0.0
2024-10-23T05:00,0.5,-3.1,91,9.9,36.0,0.0,983.1,0.0,0.0,6.7,44.4,-44.4,19.94,44.4,0.0
2024-10-23T06:00,0.6,-3.2,91,10.8,36.0,0.0,983.1,0.0,0.0,6.8,44.5,-44.5,19.94,44.5,0.0
2024-10-23T07:00,0.7,-3.3,90,12.1,38.2,0.0,983.3,0.0,0.0,6.8,44.5,-44.5,19.94,44.5,0.0
2024-10-23T08:00,0.8,-3.2,90,12.5,38.9,0.0,983.6,0.0,0.0,6.8,44.5,-44.5,19.94,44.5,0.0
2024-10-23T09:00,0.7,-3.0,91,10.8,38.5,0.0,983.9,0.0,0.0,6.7,44.4,-44.4,19.94,44.4,0.0
2024-10-23T10:00,0.6,-2.9,91,8.9,34.6,0.0,984.2,0.0,0.0,6.7,44.4,-44.4,19.94,44.4,0.0
2024-10-23T11:00,0.1,-3.2,92,7.6,30.2,0.0,984.6,0.0,0.0,6.7,44.4,-44.4,19.94,44.4,0.0
2024-10-23T12:00,-0.1,-3.5,92,7.1,26.6,0.0,985.0,0.0,10.6,6.7,44.4,-33.8,19.94,33.8,23.9
2024-10-23T13:00,0.7,-2.6,91,7.6,25.9,0.0,985.3,0.0,13.7,6.7,44.4,-30.7,19.94,30.7,30.9
2024-10-23T14:00,1.0,-2.3,91,7.3,26.3,0.0,985.6,0.0,11.8,6.6,44.3,-32.5,19.94,32.5,26.6
2024-10-23T15:00,1.2,-1.9,91,6.8,25.2,0.0,985.9,0.0,9.0,6.6,44.3,-35.3,19.94,35.3,20.3
2024-10-23T16:00,1.3,-1.8,91,6.8,23.4,0.0,986.4,0.0,9.0,6.6,44.3,-35.3,19.94,35.3,20.3
2024-10-23T17:00,1.3,-1.8,92,6.6,23.0,0.0,986.9,0.0,8.0,6.6,44.3,-36.3,19.94,36.3,18.1
2024-10-23T18:00,1.3,-1.8,92,6.5,22.7,0.0,987.2,0.0,7.5,6.6,44.3,-36.8,19.94,36.8,16.9
2024-10-23T19:00,1.2,-1.7,91,5.5,21.6,0.0,987.8,0.0,3.6,6.5,44.2,-40.6,19.94,40.6,8.1
2024-10-23T20:00,1.1,-1.7,92,4.6,19.1,0.0,988.6,0.0,1.3,6.5,44.2,-42.9,19.94,42.9,2.9
2024-10-23T21:00,1.1,-1.7,92,4.6,16.2,0.0,989.1,0.0,1.3,6.5,44.2,-42.9,19.94,42.9,2.9
2024-10-23T22:00,1.1,-1.7,92,4.6,15.1,0.0,989.5,0.0,1.3,6.5,44.2,-42.9,19.94,42.9,2.9
2024-10-23T23:00,1.0,-1.8,93,4.4,14.8,0.0,990.0,0.0,1.0,6.5,44.2,-43.2,19.94,43.2,2.3
2024-10-24T00:00,0.9,-1.9,93,4.5,13.7,0.0,990.3,0.0,1.2,6.5,44.2,-43.0,19.94,43.0,2.7
2024-10-24T01:00,0.9,-2.0,92,5.0,15.8,0.0,990.9,0.0,2.2,6.6,44.3,-42.1,19.94,42.1,5.0
2024-10-24T02:00,0.9,-2.0,92,5.3,14.8,0.0,991.4,0.0,3.0,6.6,44.3,-41.3,19.94,41.3,6.8
2024-10-24T03:00,1.0,-1.9,92,5.4,14.8,0.0,991.8,0.0,3.3,6.6,44.3,-41.0,19.94,41.0,7.4
2024-10-24T04:00,0.9,-1.8,94,3.7,14.0,0.0,992.5,0.0,0.2,6.5,44.2,-44.0,19.94,44.0,0.5
2024-10-24T05:00,0.8,-1.7,95,3.3,10.4,0.0,993.1,0.0,0.0,6.5,44.2,-44.2,19.94,44.2,0.0
2024-10-24T06:00,0.8,-1.8,95,3.5,10.1,0.0,993.5,0.0,0.1,6.5,44.2,-44.1,19.94,44.1,0.2
2024-10-24T07:00,0.8,-1.8,95,3.5,10.1,0.0,994.1,0.0,0.1,6.5,44.2,-44.1,19.94,44.1,0.2
2024-10-24T08:00,0.8,-1.9,95,4.0,11.2,0.0,994.8,0.0,0.5,6.5,44.2,-43.7,19.94,43.7,1.1
2024-10-24T09:00,1.0,-1.8,94,5.0,13.0,0.0,995.2,0.0,2.2,6.5,44.2,-42.0,19.94,42.0,5.0
2024-10-24T10:00,1.2,-1.7,93,5.4,14.0,0.0,995.4,0.0,3.3,6.5,44.2,-40.9,19.94,40.9,7.5
2024-10-24T11:00,1.4,-1.4,93,4.8,14.4,0.0,995.7,0.0,1.7,6.5,44.2,-42.5,19.94,42.5,3.8
2024-10-24T12:00,1.6,-1.2,94,5.4,17.3,0.0,995.9,0.0,3.3,6.5,44.2,-40.9,19.94,40.9,7.5
2024-10-24T13:00,1.5,-1.5,91,6.3,18.0,0.0,996.2,0.0,6.6,6.5,44.2,-37.6,19.94,37.6,14.9
2024-10-24T14:00,1.8,-1.2,92,6.7,19.4,0.0,996.4,0.0,8.5,6.5,44.2,-35.7,19.94,35.7,19.2
2024-10-24T15:00,1.9,-0.9,93,6.0,19.4,0.0,996.4,0.0,5.4,6.5,44.2,-38.8,19.94,38.8,12.2
2024-10-24T16:00,1.9,-0.9,93,5.4,18.7,0.0,996.5,0.0,3.3,6.5,44.2,-40.9,19.94,40.9,7.5
2024-10-24T17:00,2.0,-0.7,93,5.1,18.4,0.0,996.0,0.0,2.4,6.4,44.1,-41.7,19.94,41.7,5.4
2024-10-24T18:00,1.8,-0.8,93,4.6,17.6,0.0,995.6,0.0,1.3,6.4,44.1,-42.8,19.94,42.8,2.9
2024-10-24T19:00,1.7,-0.7,94,3.0,18.0,0.0,995.6,0.0,0.0,6.4,44.1,-44.1,19.94,44.1,0.0
2024-10-24T20:00,1.5,-1.0,94,3.7,15.1,0.0,995.0,0.0,0.2,6.5,44.2,-44.0,19.94,44.0,0.5
2024-10-24T21:00,1.0,-1.8,94,4.8,18.7,0.0,993.6,0.0,1.7,6.5,44.2,-42.5,19.94,42.5,3.8
2024-10-24T22:00,1.2,-1.6,94,5.7,22.3,0.0,992.5,0.0,4.2,6.5,44.2,-40.0,19.94,40.0,9.5
2024-10-24T23:00,1.0,-2.1,95,7.0,28.8,0.0,990.8,0.0,0.0,6.6,44.3,-44.3,19.94,44.3,0.0
2024-10-25T00:00,1.2,-2.2,98,9.8,38.2,0.0,988.7,0.0,0.0,6.7,44.4,-44.4,19.94,44.4,0.0
2024-10-25T01:00,1.4,-2.7,95,14.4,49.0,0.0,987.2,0.0,0.0,6.8,44.5,-44.5,19.94,44.5,0.0
2024-10-25T02:00,1.6,-2.8,98,16.8,58.3,0.0,985.2,0.0,0.0,6.8,44.5,-44.5,19.94,44.5,0.0
2024-10-25T03:00,1.7,-3.0,92,18.6,63.0,0.0,982.8,0.0,0.0,6.8,44.5,-44.5,19.94,44.5,0.0
2024-10-25T04:00,1.8,-3.9,87,24.6,75.6,0.0,979.4,0.0,0.0,7.0,44.7,-44.7,19.94,44.7,0.0
2024-10-25T05:00,1.9,-4.4,87,28.8,88.6,0.0,976.4,0.0,0.0,7.1,44.8,-44.8,19.94,44.8,0.0
2024-10-25T06:00,2.1,-4.5,87,31.0,93.2,0.0,973.8,0.0,0.0,7.1,44.8,-44.8,19.94,44.8,0.0
2024-10-25T07:00,2.2,-3.7,86,26.1,92.2,0.0,972.2,0.0,0.0,6.9,44.6,-44.6,19.94,44.6,0.0
2024-10-25T08:00,2.5,-1.8,86,14.9,76.3,0.0,971.5,0.0,0.0,6.6,44.3,-44.3,19.94,44.3,0.0
2024-10-25T09:00,1.5,-1.8,90,8.3,45.0,0.0,971.6,0.0,0.0,6.6,44.3,-44.3,19.94,44.3,0.0
2024-10-25T10:00,1.8,-1.7,92,10.2,29.9,0.0,970.5,0.0,0.0,6.6,44.3,-44.3,19.94,44.3,0.0
2024-10-25T11:00,1.2,-2.3,95,9.7,30.2,0.0,969.6,0.0,0.0,6.7,44.4,-44.4,19.94,44.4,0.0
2024-10-25T12:00,0.9,-2.4,98,8.8,28.1,0.0,968.5,0.0,0.0,6.7,44.4,-44.4,19.94,44.4,0.0
2024-10-25T13:00,1.6,-1.2,99,6.9,28.4,0.0,968.0,0.0,0.0,6.5,44.2,-44.2,19.94,44.2,0.0
2024-10-25T14:00,2.0,-0.7,99,6.3,23.8,0.0,967.9,0.0,6.6,6.5,44.2,-37.6,19.94,37.6,14.9
2024-10-25T15:00,1.9,-0.6,99,4.8,18.7,0.0,967.8,0.0,1.7,6.4,44.1,-42.4,19.94,42.4,3.9
2024-10-25T16:00,1.8,-0.4,99,2.4,11.9,0.0,968.1,0.0,0.0,6.4,44.1,-44.1,19.94,44.1,0.0
2024-10-25T17:00,2.1,0.1,98,0.8,6.8,0.0,968.7,0.0,0.0,6.3,44.0,-44.0,19.94,44.0,0.0
2024-10-25T18:00,2.0,-0.6,100,5.2,17.6,0.0,969.5,0.0,2.7,6.4,44.1,-41.4,19.94,41.4,6.1
2024-10-25T19:00,2.0,-0.8,99,6.9,24.1,0.0,970.4,0.0,9.5,6.5,44.2,-34.7,19.94,34.7,21.5
2024-10-25T20:00,1.9,-1.1,99,8.1,28.8,0.0,971.6,0.0,0.0,6.5,44.2,-44.2,19.94,44.2,0.0
2024-10-25T21:00,1.7,-1.9,97,11.8,36.0,0.0,972.9,0.0,0.0,6.6,44.3,-44.3,19.94,44.3,0.0
2024-10-25T22:00,1.2,-3.2,95,16.3,47.5,0.0,974.4,0.0,0.0,6.8,44.5,-44.5,19.94,44.5,0.0
2024-10-25T23:00,0.6,-4.2,93,18.5,54.7,0.0,976.0,0.0,0.0,7.0,44.7,-44.7,19.94,44.7,0.0
2024-10-26T00:00,0.1,-5.1,91,20.1,59.0,0.0,977.7,0.0,0.0,7.1,44.8,-44.8,19.94,44.8,0.0
2024-10-26T01:00,0.1,-5.3,91,21.3,62.6,0.0,978.9,0.0,0.0,7.1,44.8,-44.8,19.94,44.8,0.0
2024-10-26T02:00,-0.7,-5.9,88,18.4,62.6,0.0,980.6,0.0,0.0,7.1,44.8,-44.8,19.94,44.8,0.0
2024-10-26T03:00,-0.8,-5.9,87,17.9,55.8,0.0,982.4,0.0,0.0,7.1,44.8,-44.8,19.94,44.8,0.0
2024-10-26T04:00,-1.2,-6.6,91,20.7,60.8,0.0,984.2,0.0,0.0,7.3,45.0,-45.0,19.94,45.0,0.0
2024-10-26T05:00,-1.5,-7.4,91,23.3,66.2,0.0,986.2,0.0,0.0,7.4,45.1,-45.1,19.94,45.1,0.0
2024-10-26T06:00,-2.0,-7.8,90,22.5,66.6,0.0,987.8,0.0,0.0,7.4,45.1,-45.1,19.94,45.1,0.0
2024-10-26T07:00,-2.6,-8.3,89,21.3,64.1,0.0,989.5,0.0,0.0,7.5,45.2,-45.2,19.94,45.2,0.0
2024-10-26T08:00,-3.2,-8.4,89,17.1,60.5,0.0,990.9,0.0,0.0,7.4,45.1,-45.1,19.94,45.1,0.0
2024-10-26T09:00,-3.6,-8.5,89,15.0,49.7,0.0,992.4,0.0,0.0,7.4,45.1,-45.1,19.94,45.1,0.0
2024-10-26T10:00,-3.9,-8.5,89,12.2,43.2,0.0,993.6,0.0,0.0,7.4,45.1,-45.1,19.94,45.1,0.0
2024-10-26T11:00,-5.0,-9.2,90,9.1,35.3,0.0,994.5,0.0,0.0,7.4,45.1,-45.1,19.94,45.1,0.0
2024-10-26T12:00,-5.0,-9.1,90,8.0,27.0,0.0,995.3,0.0,16.5,7.3,45.0,-28.5,19.94,28.5,36.7
2024-10-26T13:00,-5.5,-9.8,89,8.8,28.8,0.0,995.6,0.0,0.0,7.4,45.1,-45.1,19.94,45.1,0.0
2024-10-26T14:00,-7.0,-11.2,91,7.6,25.6,0.0,996.0,0.0,13.7,7.6,45.3,-31.6,19.94,31.6,30.2
2024-10-26T15:00,-6.7,-10.7,92,6.5,23.0,0.0,996.3,0.0,7.5,7.5,45.2,-37.7,19.94,37.7,16.6
2024-10-26T16:00,-6.4,-10.6,90,8.0,23.4,0.0,996.4,0.0,16.5,7.5,45.2,-28.7,19.94,28.7,36.5
2024-10-26T17:00,-5.5,-9.7,90,8.0,25.6,0.0,997.1,0.0,16.5,7.4,45.1,-28.6,19.94,28.6,36.6
2024-10-26T18:00,-6.1,-9.9,91,5.5,24.5,0.0,997.1,0.0,3.6,7.4,45.1,-41.5,19.94,41.5,8.0
2024-10-26T19:00,-6.8,-10.7,92,5.7,19.1,0.0,997.7,0.0,4.2,7.5,45.2,-41.0,19.94,41.0,9.3
2024-10-26T20:00,-9.3,-13.5,92,6.4,17.6,0.0,997.6,0.0,7.0,7.8,45.5,-38.5,19.94,38.5,15.4
2024-10-26T21:00,-9.0,-13.6,89,9.0,18.4,0.0,998.1,0.0,24.6,7.9,45.6,-21.0,19.94,21.0,53.9
2024-10-26T22:00,-9.8,-14.7,86,10.3,19.4,0.0,997.4,0.0,37.9,8.0,45.7,-7.8,19.94,7.8,82.9
2024-10-26T23:00,-9.9,-14.6,88,9.4,20.2,0.0,996.9,0.0,28.3,8.0,45.7,-17.4,19.94,17.4,61.9
2024-10-27T00:00,-10.0,-14.7,88,8.9,22.3,0.0,996.1,0.0,23.7,8.0,45.7,-22.0,19.94,22.0,51.9
2024-10-27T01:00,-9.0,-13.5,90,8.5,24.1,0.0,995.9,0.0,20.3,7.8,45.5,-25.2,19.94,25.2,44.6
2024-10-27T02:00,-7.7,-12.4,84,9.8,26.3,0.0,995.0,0.0,32.4,7.7,45.4,-13.0,19.94,13.0,71.4
2024-10-27T03:00,-5.4,-10.4,68,11.9,36.4,0.0,994.1,0.0,0.0,7.5,45.2,-45.2,19.94,45.2,0.0
2024-10-27T04:00,-4.2,-9.3,68,13.3,42.8,0.0,993.3,0.0,0.0,7.4,45.1,-45.1,19.94,45.1,0.0
2024-10-27T05:00,-3.9,-9.1,81,15.6,49.7,0.0,992.3,0.0,0.0,7.5,45.2,-45.2,19.94,45.2,0.0
2024-10-27T06:00,-3.5,-9.1,82,18.4,59.4,0.0,991.1,0.0,0.0,7.5,45.2,-45.2,19.94,45.2,0.0
2024-10-27T07:00,-3.2,-9.0,83,20.5,64.8,0.0,989.7,0.0,0.0,7.5,45.2,-45.2,19.94,45.2,0.0
2024-10-27T08:00,-2.9,-9.1,84,23.4,73.1,0.0,988.1,0.0,0.0,7.6,45.3,-45.3,19.94,45.3,0.0
2024-10-27T09:00,-2.7,-9.0,84,24.4,76.7,0.0,986.9,0.0,0.0,7.6,45.3,-45.3,19.94,45.3,0.0
2024-10-27T10:00,-2.3,-8.8,84,26.4,79.2,0.0,985.4,0.0,0.0,7.6,45.3,-45.3,19.94,45.3,0.0
2024-10-27T11:00,-2.0,-8.5,84,25.9,79.6,0.0,984.1,0.0,0.0,7.5,45.2,-45.2,19.94,45.2,0.0
2024-10-27T12:00,-1.3,-7.4,85,23.7,78.1,0.0,982.8,0.0,0.0,7.4,45.1,-45.1,19.94,45.1,0.0
2024-10-27T13:00,0.0,-5.7,87,22.9,76.7,0.0,982.5,0.0,0.0,7.2,44.9,-44.9,19.94,44.9,0.0
2024-10-27T14:00,0.8,-4.4,88,20.6,70.6,0.0,981.6,0.0,0.0,7.0,44.7,-44.7,19.94,44.7,0.0
2024-10-27T15:00,1.0,-3.5,90,15.9,61.2,0.0,980.7,0.0,0.0,6.8,44.5,-44.5,19.94,44.5,0.0
2024-10-27T16:00,1.0,-2.5,92,9.0,47.5,0.0,980.4,0.0,0.0,6.7,44.4,-44.4,19.94,44.4,0.0
2024-10-27T17:00,0.8,-1.7,96,3.1,31.7,0.0,980.1,0.0,0.0,6.5,44.2,-44.2,19.94,44.2,0.0
2024-10-27T18:00,1.0,-1.4,97,2.4,15.5,0.0,980.1,0.0,0.0,6.5,44.2,-44.2,19.94,44.2,0.0
2024-10-27T19:00,0.9,-1.7,98,4.5,13.3,0.0,980.3,0.0,1.2,6.5,44.2,-43.0,19.94,43.0,2.7
2024-10-27T20:00,0.8,-2.0,99,5.5,17.6,0.0,980.6,0.0,3.6,6.6,44.3,-40.7,19.94,40.7,8.1
2024-10-27T21:00,0.7,-1.9,99,4.1,17.3,0.0,980.5,0.0,0.6,6.6,44.3,-43.7,19.94,43.7,1.4
2024-10-27T22:00,0.8,-1.8,98,3.8,14.4,0.0,980.7,0.0,0.3,6.5,44.2,-43.9,19.94,43.9,0.7
2024-10-27T23:00,0.9,-1.5,98,2.6,13.7,0.0,980.4,0.0,0.0,6.5,44.2,-44.2,19.94,44.2,0.0
2024-10-28T00:00,1.0,-1.5,96,2.7,9.7,0.0,980.1,0.0,0.0,6.5,44.2,-44.2,19.94,44.2,0.0
2024-10-28T01:00,0.4,-2.3,95,3.2,13.0,0.0,980.1,0.0,0.0,6.6,44.3,-44.3,19.94,44.3,0.0
2024-10-28T02:00,0.5,-2.1,95,3.1,9.4,0.0,980.3,0.0,0.0,6.6,44.3,-44.3,19.94,44.3,0.0
2024-10-28T03:00,0.1,-2.6,95,3.8,8.3,0.0,980.0,0.0,0.3,6.6,44.3,-44.0,19.94,44.0,0.7
2024-10-28T04:00,0.5,-2.1,93,2.9,9.4,0.0,980.0,0.0,0.0,6.5,44.2,-44.2,19.94,44.2,0.0
2024-10-28T05:00,0.7,-2.0,91,3.4,9.4,0.0,979.5,0.0,0.1,6.5,44.2,-44.1,19.94,44.1,0.2
2024-10-28T06:00,-0.1,-2.8,93,2.8,9.4,0.0,979.3,0.0,0.0,6.6,44.3,-44.3,19.94,44.3,0.0
2024-10-28T07:00,-1.8,-4.9,97,4.8,10.1,0.0,979.2,0.0,1.7,6.9,44.6,-42.9,19.94,42.9,3.8
2024-10-28T08:00,-5.7,-9.9,93,9.0,19.1,0.0,979.1,0.0,24.6,7.5,45.2,-20.6,19.94,20.6,54.4
2024-10-28T09:00,-6.1,-10.2,93,8.2,19.8,0.0,978.4,0.0,17.9,7.5,45.2,-27.3,19.94,27.3,39.6
2024-10-28T10:00,-5.8,-9.9,94,8.5,18.7,0.0,978.2,0.0,20.3,7.5,45.2,-24.9,19.94,24.9,44.9
2024-10-28T11:00,-5.2,-9.3,97,8.6,20.5,0.0,977.8,0.0,21.1,7.4,45.1,-24.0,19.94,24.0,46.8
2024-10-28T12:00,-5.8,-9.7,98,7.1,20.2,0.0,977.5,0.0,10.6,7.4,45.1,-34.5,19.94,34.5,23.5
2024-10-28T13:00,-4.4,-8.3,94,7.4,19.4,0.0,977.6,0.0,12.4,7.2,44.9,-32.5,19.94,32.5,27.6
2024-10-28T14:00,-5.1,-9.1,96,7.8,17.6,0.0,977.6,0.0,15.1,7.3,45.0,-29.9,19.94,29.9,33.6
2024-10-28T15:00,-5.2,-9.2,96,8.2,18.4,0.0,977.3,0.0,17.9,7.4,45.1,-27.2,19.94,27.2,39.7
2024-10-28T16:00,-5.2,-9.1,92,7.3,18.0,0.0,977.2,0.0,11.8,7.3,45.0,-33.2,19.94,33.2,26.2
2024-10-28T17:00,-5.3,-9.3,89,7.5,16.9,0.0,976.8,0.0,13.1,7.4,45.1,-32.0,19.94,32.0,29.0
2024-10-28T18:00,-4.9,-8.7,86,5.7,16.6,0.0,976.7,0.0,4.2,7.2,44.9,-40.7,19.94,40.7,9.4
2024-10-28T19:00,-5.1,-8.9,86,5.6,12.2,0.0,976.9,0.0,3.9,7.3,45.0,-41.1,19.94,41.1,8.7
2024-10-28T20:00,-4.2,-7.9,85,5.0,12.2,0.0,976.9,0.0,2.2,7.1,44.8,-42.6,19.94,42.6,4.9
2024-10-28T21:00,-3.3,-6.6,87,3.4,10.8,0.0,976.9,0.0,0.1,7.0,44.7,-44.6,19.94,44.6,0.2
2024-10-28T22:00,-2.5,-5.5,88,2.2,7.6,0.0,976.8,0.0,0.0,6.9,44.6,-44.6,19.94,44.6,0.0
2024-10-28T23:00,-2.1,-5.0,88,2.0,5.0,0.0,976.8,0.0,0.0,6.8,44.5,-44.5,19.94,44.5,0.0
2024-10-29T00:00,-1.9,-4.8,91,2.4,5.8,0.0,976.8,0.0,0.0,6.8,44.5,-44.5,19.94,44.5,0.0
2024-10-29T01:00,-1.2,-3.8,93,1.2,4.7,0.0,976.6,0.0,0.0,6.7,44.4,-44.4,19.94,44.4,0.0
2024-10-29T02:00,-1.1,-3.8,93,2.3,5.4,0.0,976.5,0.0,0.0,6.7,44.4,-44.4,19.94,44.4,0.0
2024-10-29T03:00,-1.1,-4.0,95,3.7,7.9,0.0,976.5,0.0,0.2,6.7,44.4,-44.2,19.94,44.2,0.5
2024-10-29T04:00,-1.2,-4.4,98,5.8,12.2,0.0,976.7,0.0,4.6,6.8,44.5,-39.9,19.94,39.9,10.3
2024-10-29T05:00,-1.2,-4.5,98,7.2,16.2,0.0,976.8,0.0,11.2,6.9,44.6,-33.4,19.94,33.4,25.1
2024-10-29T06:00,-1.3,-4.8,98,7.5,17.3,0.0,976.7,0.0,13.1,6.9,44.6,-31.5,19.94,31.5,29.4
2024-10-29T07:00,-1.4,-4.4,97,4.9,17.3,0.0,976.8,0.0,2.0,6.8,44.5,-42.5,19.94,42.5,4.5
2024-10-29T08:00,-1.5,-4.5,96,4.4,11.9,0.0,976.7,0.0,1.0,6.8,44.5,-43.5,19.94,43.5,2.2
2024-10-29T09:00,-1.7,-4.7,96,3.7,10.4,0.0,976.7,0.0,0.2,6.8,44.5,-44.3,19.94,44.3,0.4
2024-10-29T10:00,-1.6,-4.6,95,3.6,9.4,0.0,976.7,0.0,0.2,6.8,44.5,-44.3,19.94,44.3,0.4
2024-10-29T11:00,-1.7,-4.7,95,3.9,8.6,0.0,976.8,0.0,0.4,6.8,44.5,-44.1,19.94,44.1,0.9
2024-10-29T12:00,-1.9,-4.9,95,3.7,8.6,0.0,976.7,0.0,0.2,6.8,44.5,-44.3,19.94,44.3,0.4
2024-10-29T13:00,-2.1,-5.2,98,4.5,10.8,0.0,976.4,0.0,1.2,6.9,44.6,-43.4,19.94,43.4,2.7
2024-10-29T14:00,-2.1,-5.0,98,3.2,10.8,0.0,976.4,0.0,0.0,6.8,44.5,-44.5,19.94,44.5,0.0
2024-10-29T15:00,-2.0,-4.9,97,3.2,8.6,0.0,976.3,0.0,0.0,6.8,44.5,-44.5,19.94,44.5,0.0
2024-10-29T16:00,-2.0,-4.7,97,2.2,7.6,0.0,976.3,0.0,0.0,6.8,44.5,-44.5,19.94,44.5,0.0
2024-10-29T17:00,-2.1,-4.8,97,1.9,6.8,0.0,976.6,0.0,0.0,6.8,44.5,-44.5,19.94,44.5,0.0
2024-10-29T18:00,-2.1,-5.1,98,3.3,9.4,0.0,976.6,0.0,0.0,6.8,44.5,-44.5,19.94,44.5,0.0
2024-10-29T19:00,-2.6,-5.7,97,3.8,10.4,0.0,976.8,0.0,0.3,6.9,44.6,-44.3,19.94,44.3,0.7
2024-10-29T20:00,-3.0,-6.1,96,3.7,11.2,0.0,977.3,0.0,0.2,7.0,44.7,-44.5,19.94,44.5,0.4
2024-10-29T21:00,-3.3,-6.4,96,3.1,11.2,0.0,977.6,0.0,0.0,7.0,44.7,-44.7,19.94,44.7,0.0
2024-10-29T22:00,-3.1,-6.0,95,2.3,10.8,0.0,978.1,0.0,0.0,6.9,44.6,-44.6,19.94,44.6,0.0
2024-10-29T23:00,-3.2,-6.6,92,4.9,13.7,0.0,978.6,0.0,2.0,7.0,44.7,-42.7,19.94,42.7,4.5
2024-10-30T00:00,-3.1,-7.0,84,7.6,19.1,0.0,979.4,0.0,13.7,7.1,44.8,-31.1,19.94,31.1,30.6
2024-10-30T01:00,-2.5,-6.0,88,6.1,15.1,0.0,978.7,0.0,5.8,7.0,44.7,-38.9,19.94,38.9,13.0
2024-10-30T02:00,-2.8,-6.3,85,5.3,15.8,0.0,979.0,0.0,3.0,7.0,44.7,-41.7,19.94,41.7,6.7
2024-10-30T03:00,-3.3,-6.7,87,3.8,13.3,0.0,979.3,0.0,0.3,7.0,44.7,-44.4,19.94,44.4,0.7
2024-10-30T04:00,-3.7,-7.4,87,6.1,14.4,0.0,979.8,0.0,5.8,7.1,44.8,-39.0,19.94,39.0,12.9
2024-10-30T05:00,-4.2,-8.0,87,6.1,15.5,0.0,980.5,0.0,5.8,7.2,44.9,-39.1,19.94,39.1,12.9
2024-10-30T06:00,-5.5,-9.4,86,5.9,15.5,0.0,981.1,0.0,5.0,7.3,45.0,-40.0,19.94,40.0,11.1
2024-10-30T07:00,-5.2,-9.1,84,5.9,15.5,0.0,981.7,0.0,5.0,7.3,45.0,-40.0,19.94,40.0,11.1
2024-10-30T08:00,-5.4,-9.3,83,5.8,15.5,0.0,982.5,0.0,4.6,7.3,45.0,-40.4,19.94,40.4,10.2
2024-10-30T09:00,-5.9,-9.8,84,6.0,15.8,0.0,983.1,0.0,5.4,7.4,45.1,-39.7,19.94,39.7,12.0
2024-10-30T10:00,-6.5,-10.6,85,6.8,17.6,0.0,983.5,0.0,9.0,7.5,45.2,-36.2,19.94,36.2,19.9
2024-10-30T11:00,-7.0,-11.3,85,7.7,19.4,0.0,983.8,0.0,14.4,7.6,45.3,-30.9,19.94,30.9,31.8
2024-10-30T12:00,-7.1,-11.5,85,8.2,21.2,0.0,984.0,0.0,17.9,7.6,45.3,-27.4,19.94,27.4,39.5
2024-10-30T13:00,-6.0,-10.3,83,8.4,21.2,0.0,983.8,0.0,19.5,7.5,45.2,-25.7,19.94,25.7,43.1
2024-10-30T14:00,-5.8,-10.2,84,8.7,22.7,0.0,984.4,0.0,22.0,7.5,45.2,-23.2,19.94,23.2,48.7
2024-10-30T15:00,-6.5,-10.8,84,7.5,22.3,0.0,984.6,0.0,13.1,7.5,45.2,-32.1,19.94,32.1,29.0
2024-10-30T16:00,-8.1,-12.3,85,6.6,19.8,0.0,985.0,0.0,8.0,7.6,45.3,-37.3,19.94,37.3,17.7
2024-10-30T17:00,-7.6,-12.2,84,9.0,23.0,0.0,985.4,0.0,24.6,7.7,45.4,-20.8,19.94,20.8,54.2
2024-10-30T18:00,-6.5,-11.5,81,12.4,31.7,0.0,986.1,0.0,0.0,7.7,45.4,-45.4,19.94,45.4,0.0
2024-10-30T19:00,-6.7,-11.8,79,13.0,33.8,0.0,986.5,0.0,0.0,7.7,45.4,-45.4,19.94,45.4,0.0
2024-10-30T20:00,-7.5,-12.7,77,12.5,33.8,0.0,987.0,0.0,0.0,7.8,45.5,-45.5,19.94,45.5,0.0
2024-10-30T21:00,-8.3,-13.5,75,12.7,33.5,0.0,987.4,0.0,0.0,7.9,45.6,-45.6,19.94,45.6,0.0
2024-10-30T22:00,-8.9,-14.0,75,11.9,32.8,0.0,987.7,0.0,0.0,8.0,45.7,-45.7,19.94,45.7,0.0
2024-10-30T23:00,-9.3,-14.3,75,11.2,31.0,0.0,987.9,0.0,0.0,8.0,45.7,-45.7,19.94,45.7,0.0
2024-10-31T00:00,-10.0,-15.0,76,10.4,29.5,0.0,988.1,0.0,0.0,8.0,45.7,-45.7,19.94,45.7,0.0
2024-10-31T01:00,-9.2,-13.6,81,7.3,22.3,0.0,988.1,0.0,11.8,7.8,45.5,-33.7,19.94,33.7,25.9
2024-10-31T02:00,-8.9,-13.3,84,7.1,22.0,0.0,988.1,0.0,10.6,7.8,45.5,-34.9,19.94,34.9,23.3
2024-10-31T03:00,-6.4,-10.6,87,7.5,22.0,0.0,988.1,0.0,13.1,7.5,45.2,-32.1,19.94,32.1,29.0
2024-10-31T04:00,-5.8,-9.8,89,7.2,22.0,0.0,988.2,0.0,11.2,7.4,45.1,-33.9,19.94,33.9,24.8
2024-10-31T05:00,-5.8,-10.0,87,8.2,23.8,0.0,988.2,0.0,17.9,7.4,45.1,-27.2,19.94,27.2,39.7
2024-10-31T06:00,-6.4,-10.7,86,7.9,23.4,0.0,988.6,0.0,15.7,7.5,45.2,-29.5,19.94,29.5,34.7
2024-10-31T07:00,-7.4,-11.6,86,6.5,22.0,0.0,988.9,0.0,7.5,7.6,45.3,-37.8,19.94,37.8,16.6
2024-10-31T08:00,-7.5,-11.4,86,5.2,19.1,0.0,989.1,0.0,2.7,7.5,45.2,-42.5,19.94,42.5,6.0
2024-10-31T09:00,-8.4,-12.2,90,4.5,16.6,0.0,989.3,0.0,1.2,7.6,45.3,-44.1,19.94,44.1,2.6
2024-10-31T10:00,-9.7,-14.0,89,6.7,15.8,0.0,989.5,0.0,8.5,7.8,45.5,-37.0,19.94,37.0,18.7
2024-10-31T11:00,-11.0,-15.5,86,7.6,16.9,0.0,989.7,0.0,13.7,8.0,45.7,-32.0,19.94,32.0,30.0
2024-10-31T12:00,-11.4,-16.0,87,7.9,16.6,0.0,989.9,0.0,15.7,8.1,45.8,-30.1,19.94,30.1,34.3
2024-10-31T13:00,-11.2,-15.8,88,8.3,18.7,0.0,990.2,0.0,18.7,8.1,45.8,-27.1,19.94,27.1,40.8
2024-10-31T14:00,-11.3,-16.0,87,8.1,18.0,0.0,990.3,0.0,17.2,8.1,45.8,-28.6,19.94,28.6,37.6
2024-10-31T15:00,-10.7,-15.2,91,7.8,17.6,0.0,990.3,0.0,15.1,8.0,45.7,-30.6,19.94,30.6,33.0
2024-10-31T16:00,-10.6,-15.1,91,7.7,16.6,0.0,990.3,0.0,14.4,8.0,45.7,-31.3,19.94,31.3,31.5
2024-10-31T17:00,-10.4,-14.8,92,7.1,15.5,0.0,990.4,0.0,10.6,7.9,45.6,-35.0,19.94,35.0,23.2
2024-10-31T18:00,-9.8,-14.2,92,7.2,14.4,0.0,990.6,0.0,11.2,7.9,45.6,-34.4,19.94,34.4,24.6
2024-10-31T19:00,-10.9,-15.4,87,7.3,14.4,0.0,990.9,0.0,11.8,8.0,45.7,-33.9,19.94,33.9,25.8
2024-10-31T20:00,-11.1,-15.6,86,7.4,14.0,0.0,991.0,0.0,12.4,8.0,45.7,-33.3,19.94,33.3,27.1
2024-10-31T21:00,-10.6,-14.9,87,6.5,13.7,0.0,991.0,0.0,7.5,7.9,45.6,-38.1,19.94,38.1,16.4
2024-10-31T22:00,-10.0,-14.2,87,5.9,11.9,0.0,991.0,0.0,5.0,7.8,45.5,-40.5,19.94,40.5,11.0
2024-10-31T23:00,-10.1,-14.3,88,5.3,10.8,0.0,991.2,0.0,3.0,7.8,45.5,-42.5,19.94,42.5,6.6
2024-11-01T00:00,-9.2,-13.2,84,4.6,10.4,0.0,991.2,0.0,1.3,7.7,45.4,-44.1,19.94,44.1,2.9
2024-11-01T01:00,-11.8,-16.3,85,6.8,14.0,0.0,991.2,0.0,9.0,8.1,45.8,-36.8,19.94,36.8,19.7
2024-11-01T02:00,-12.3,-16.9,86,7.0,13.3,0.0,991.3,0.0,10.1,8.2,45.9,-35.8,19.94,35.8,22.0
2024-11-01T03:00,-12.4,-16.8,86,6.5,13.3,0.0,991.3,0.0,7.5,8.1,45.8,-38.3,19.94,38.3,16.4
2024-11-01T04:00,-12.3,-16.8,85,6.3,12.6,0.0,991.3,0.0,6.6,8.1,45.8,-39.2,19.94,39.2,14.4
2024-11-01T05:00,-12.2,-16.6,84,6.1,11.5,0.0,991.5,0.0,5.8,8.1,45.8,-40.0,19.94,40.0,12.7
2024-11-01T06:00,-12.5,-17.0,84,6.5,11.9,0.0,991.4,0.0,7.5,8.2,45.9,-38.4,19.94,38.4,16.3
2024-11-01T07:00,-12.6,-17.1,84,6.4,11.9,0.0,991.6,0.0,7.0,8.2,45.9,-38.9,19.94,38.9,15.3
2024-11-01T08:00,-12.6,-17.1,83,6.4,11.5,0.0,991.8,0.0,7.0,8.2,45.9,-38.9,19.94,38.9,15.3
2024-11-01T09:00,-12.8,-17.3,82,6.2,11.9,0.0,992.2,0.0,6.2,8.2,45.9,-39.7,19.94,39.7,13.5
2024-11-01T10:00,-13.0,-17.5,82,6.6,12.2,0.0,992.1,0.0,8.0,8.2,45.9,-37.9,19.94,37.9,17.4
2024-11-01T11:00,-13.4,-17.8,81,5.2,12.2,0.0,992.4,0.0,2.7,8.2,45.9,-43.2,19.94,43.2,5.9
2024-11-01T12:00,-13.2,-17.5,81,4.9,12.2,0.0,992.7,0.0,2.0,8.2,45.9,-43.9,19.94,43.9,4.4
2024-11-01T13:00,-12.8,-17.0,84,4.2,12.6,0.0,992.4,0.0,0.7,8.1,45.8,-45.1,19.94,45.1,1.5
2024-11-01T14:00,-13.5,-17.7,86,4.5,13.3,0.0,992.2,0.0,1.2,8.2,45.9,-44.7,19.94,44.7,2.6
2024-11-01T15:00,-12.7,-17.1,86,5.7,13.7,0.0,992.2,0.0,4.2,8.1,45.8,-41.6,19.94,41.6,9.2
2024-11-01T16:00,-11.7,-16.0,84,5.3,14.0,0.0,991.9,0.0,3.0,8.0,45.7,-42.7,19.94,42.7,6.6
2024-11-01T17:00,-11.9,-16.1,86,4.9,14.8,0.0,991.8,0.0,2.0,8.0,45.7,-43.7,19.94,43.7,4.4
2024-11-01T18:00,-10.4,-14.6,85,5.7,15.5,0.0,991.4,0.0,4.2,7.9,45.6,-41.4,19.94,41.4,9.2
2024-11-01T19:00,-9.0,-13.2,86,6.1,15.8,0.0,991.2,0.0,5.8,7.7,45.4,-39.6,19.94,39.6,12.8
2024-11-01T20:00,-8.5,-12.7,86,5.9,16.9,0.0,990.9,0.0,5.0,7.7,45.4,-40.4,19.94,40.4,11.0
2024-11-01T21:00,-7.7,-11.8,87,5.8,17.6,0.0,990.3,0.0,4.6,7.6,45.3,-40.7,19.94,40.7,10.2
2024-11-01T22:00,-6.9,-10.7,88,4.6,18.7,0.0,989.9,0.0,1.3,7.4,45.1,-43.8,19.94,43.8,2.9
2024-11-01T23:00,-5.3,-9.4,90,7.5,24.5,0.0,989.2,0.0,13.1,7.4,45.1,-32.0,19.94,32.0,29.0
2024-11-02T00:00,-4.9,-9.0,89,8.2,26.3,0.0,988.9,0.0,17.9,7.3,45.0,-27.1,19.94,27.1,39.8
2024-11-02T01:00,-5.0,-8.7,93,6.0,23.0,0.0,988.3,0.0,5.4,7.3,45.0,-39.6,19.94,39.6,12.0
2024-11-02T02:00,-5.0,-8.5,94,4.9,22.3,0.0,988.0,0.0,2.0,7.2,44.9,-42.9,19.94,42.9,4.5
2024-11-02T03:00,-5.1,-8.7,93,5.4,20.9,0.0,987.3,0.0,3.3,7.3,45.0,-41.7,19.94,41.7,7.3
2024-11-02T04:00,-5.6,-9.3,92,5.5,21.2,0.0,986.8,0.0,3.6,7.3,45.0,-41.4,19.94,41.4,8.0
2024-11-02T05:00,-5.3,-8.9,92,5.2,21.2,0.0,986.3,0.0,2.7,7.3,45.0,-42.3,19.94,42.3,6.0
2024-11-02T06:00,-4.3,-7.8,94,4.8,20.5,0.0,985.9,0.0,1.7,7.1,44.8,-43.1,19.94,43.1,3.8
2024-11-02T07:00,-3.9,-7.4,95,5.2,20.9,0.0,985.9,0.0,2.7,7.1,44.8,-42.1,19.94,42.1,6.0
2024-11-02T08:00,-2.9,-6.6,95,7.1,24.8,0.0,986.3,0.0,10.6,7.1,44.8,-34.2,19.94,34.2,23.7
2024-11-02T09:00,-2.9,-6.7,94,7.9,26.3,0.0,986.3,0.0,15.7,7.1,44.8,-29.1,19.94,29.1,35.0
2024-11-02T10:00,-3.4,-7.2,93,7.5,26.6,0.0,986.5,0.0,13.1,7.1,44.8,-31.7,19.94,31.7,29.2
2024-11-02T11:00,-3.5,-7.0,93,5.6,24.1,0.0,986.7,0.0,3.9,7.1,44.8,-40.9,19.94,40.9,8.7
2024-11-02T12:00,-3.7,-7.1,94,5.0,19.4,0.0,986.8,0.0,2.2,7.1,44.8,-42.6,19.94,42.6,4.9
2024-11-02T13:00,-5.9,-9.8,94,6.5,15.8,0.0,986.8,0.0,7.5,7.4,45.1,-37.6,19.94,37.6,16.6
2024-11-02T14:00,-5.8,-9.7,94,7.1,16.9,0.0,987.2,0.0,10.6,7.4,45.1,-34.5,19.94,34.5,23.5
2024-11-02T15:00,-6.5,-10.4,94,6.0,17.3,0.0,987.2,0.0,5.4,7.4,45.1,-39.7,19.94,39.7,12.0
2024-11-02T16:00,-6.7,-10.5,94,5.5,16.2,0.0,987.4,0.0,3.6,7.4,45.1,-41.5,19.94,41.5,8.0
2024-11-02T17:00,-5.6,-9.3,95,5.4,15.1,0.0,987.7,0.0,3.3,7.3,45.0,-41.7,19.94,41.7,7.3
2024-11-02T18:00,-6.0,-9.7,94,4.8,14.8,0.0,987.9,0.0,1.7,7.3,45.0,-43.3,19.94,43.3,3.8
2024-11-02T19:00,-4.8,-8.2,93,3.8,14.8,0.0,988.2,0.0,0.3,7.2,44.9,-44.6,19.94,44.6,0.7
2024-11-02T20:00,-4.0,-7.5,95,5.6,18.4,0.0,988.5,0.0,3.9,7.1,44.8,-40.9,19.94,40.9,8.7
2024-11-02T21:00,-2.8,-6.5,97,7.9,23.0,0.0,988.7,0.0,15.7,7.1,44.8,-29.1,19.94,29.1,35.0
2024-11-02T22:00,-2.2,-6.0,97,8.7,24.5,0.0,988.9,0.0,22.0,7.0,44.7,-22.7,19.94,22.7,49.2
2024-11-02T23:00,-1.9,-5.6,98,8.8,24.5,0.0,989.0,0.0,22.8,7.0,44.7,-21.9,19.94,21.9,51.0
2024-11-03T00:00,-1.8,-5.6,97,9.8,26.6,0.0,989.1,0.0,32.4,7.0,44.7,-12.3,19.94,12.3,72.5
2024-11-03T01:00,-2.0,-6.0,94,10.6,28.1,0.0,989.1,0.0,0.0,7.1,44.8,-44.8,19.94,44.8,0.0
2024-11-03T02:00,-1.8,-5.9,90,10.2,28.4,0.0,989.3,0.0,0.0,7.0,44.7,-44.7,19.94,44.7,0.0
2024-11-03T03:00,-1.7,-5.8,89,11.1,31.0,0.0,989.7,0.0,0.0,7.0,44.7,-44.7,19.94,44.7,0.0
2024-11-03T04:00,-2.2,-6.3,89,10.7,30.6,0.0,990.3,0.0,0.0,7.1,44.8,-44.8,19.94,44.8,0.0
2024-11-03T05:00,-2.4,-6.7,90,11.6,32.0,0.0,990.8,0.0,0.0,7.1,44.8,-44.8,19.94,44.8,0.0
2024-11-03T06:00,-2.2,-6.6,91,12.3,33.5,0.0,991.4,0.0,0.0,7.1,44.8,-44.8,19.94,44.8,0.0
2024-11-03T07:00,-2.0,-6.4,90,12.6,33.5,0.0,992.1,0.0,0.0,7.1,44.8,-44.8,19.94,44.8,0.0
2024-11-03T08:00,-2.0,-6.4,88,12.6,33.5,0.0,993.0,0.0,0.0,7.1,44.8,-44.8,19.94,44.8,0.0
2024-11-03T09:00,-2.0,-6.4,88,11.9,33.5,0.0,993.7,0.0,0.0,7.1,44.8,-44.8,19.94,44.8,0.0
2024-11-03T10:00,-2.1,-6.3,89,11.2,32.4,0.0,994.5,0.0,0.0,7.1,44.8,-44.8,19.94,44.8,0.0
2024-11-03T11:00,-3.2,-7.5,90,10.4,31.0,0.0,995.0,0.0,0.0,7.2,44.9,-44.9,19.94,44.9,0.0
2024-11-03T12:00,-3.9,-8.4,90,11.3,30.6,0.0,995.6,0.0,0.0,7.3,45.0,-45.0,19.94,45.0,0.0
2024-11-03T13:00,-2.4,-6.4,92,9.7,29.5,0.0,995.9,0.0,0.0,7.1,44.8,-44.8,19.94,44.8,0.0
2024-11-03T14:00,-3.9,-8.0,93,9.5,28.1,0.0,996.5,0.0,0.0,7.3,45.0,-45.0,19.94,45.0,0.0
2024-11-03T15:00,-2.6,-6.6,92,9.4,27.7,0.0,997.1,0.0,28.3,7.1,44.8,-16.5,19.94,16.5,63.2
2024-11-03T16:00,-2.2,-6.1,91,9.4,27.4,0.0,997.7,0.0,28.3,7.1,44.8,-16.5,19.94,16.5,63.2
2024-11-03T17:00,-2.2,-6.2,91,9.6,27.7,0.0,998.4,0.0,30.3,7.1,44.8,-14.5,19.94,14.5,67.6
2024-11-03T18:00,-2.1,-6.0,92,9.3,27.7,0.0,998.9,0.0,27.4,7.0,44.7,-17.3,19.94,17.3,61.3
2024-11-03T19:00,-2.0,-6.0,91,10.0,28.4,0.0,999.6,0.0,0.0,7.0,44.7,-44.7,19.94,44.7,0.0
2024-11-03T20:00,-2.1,-6.3,89,10.5,29.9,0.0,1000.1,0.0,0.0,7.1,44.8,-44.8,19.94,44.8,0.0
2024-11-03T21:00,-2.4,-6.6,88,11.0,31.0,0.0,1000.8,0.0,0.0,7.1,44.8,-44.8,19.94,44.8,0.0
2024-11-03T22:00,-2.6,-6.9,89,11.3,32.0,0.0,1001.3,0.0,0.0,7.2,44.9,-44.9,19.94,44.9,0.0
2024-11-03T23:00,-3.2,-7.5,90,11.2,32.0,0.0,1001.6,0.0,0.0,7.2,44.9,-44.9,19.94,44.9,0.0
2024-11-04T00:00,-3.4,-7.8,91,11.5,32.8,0.0,1001.9,0.0,0.0,7.3,45.0,-45.0,19.94,45.0,0.0
2024-11-04T01:00,-4.9,-9.1,92,9.0,26.3,0.0,1002.3,0.0,24.6,7.4,45.1,-20.5,19.94,20.5,54.5
2024-11-04T02:00,-4.3,-8.5,91,9.3,26.3,0.0,1002.6,0.0,27.4,7.3,45.0,-17.6,19.94,17.6,60.9
2024-11-04T03:00,-4.3,-8.4,91,8.7,26.3,0.0,1002.9,0.0,22.0,7.3,45.0,-23.0,19.94,23.0,48.9
2024-11-04T04:00,-4.3,-8.4,92,8.4,24.8,0.0,1002.9,0.0,19.5,7.3,45.0,-25.5,19.94,25.5,43.3
2024-11-04T05:00,-3.2,-7.4,91,9.8,25.9,0.0,1003.1,0.0,32.4,7.2,44.9,-12.5,19.94,12.5,72.2
2024-11-04T06:00,-2.9,-7.1,91,10.7,28.4,0.0,1003.4,0.0,0.0,7.2,44.9,-44.9,19.94,44.9,0.0
2024-11-04T07:00,-2.7,-6.9,90,10.4,28.4,0.0,1003.8,0.0,0.0,7.1,44.8,-44.8,19.94,44.8,0.0
2024-11-04T08:00,-2.9,-7.0,90,9.9,27.7,0.0,1004.2,0.0,33.4,7.2,44.9,-11.5,19.94,11.5,74.4
2024-11-04T09:00,-3.0,-7.0,89,9.2,25.9,0.0,1004.4,0.0,26.4,7.1,44.8,-18.4,19.94,18.4,58.9
2024-11-04T10:00,-3.6,-7.7,89,9.0,24.5,0.0,1004.7,0.0,24.6,7.2,44.9,-20.3,19.94,20.3,54.8
2024-11-04T11:00,-3.4,-7.4,88,8.5,24.1,0.0,1004.8,0.0,20.3,7.2,44.9,-24.6,19.94,24.6,45.2
2024-11-04T12:00,-3.7,-7.6,88,7.9,22.3,0.0,1005.0,0.0,15.7,7.2,44.9,-29.2,19.94,29.2,35.0
2024-11-04T13:00,-3.4,-7.1,92,6.8,18.4,0.0,1004.8,0.0,9.0,7.1,44.8,-35.8,19.94,35.8,20.1
2024-11-04T14:00,-3.1,-6.7,92,6.7,18.4,0.0,1004.8,0.0,8.5,7.1,44.8,-36.3,19.94,36.3,19.0
2024-11-04T15:00,-3.1,-6.7,91,6.5,18.0,0.0,1004.6,0.0,7.5,7.1,44.8,-37.3,19.94,37.3,16.7
2024-11-04T16:00,-3.2,-6.9,90,6.6,16.9,0.0,1004.7,0.0,8.0,7.1,44.8,-36.8,19.94,36.8,17.9
2024-11-04T17:00,-3.6,-7.1,90,5.5,16.2,0.0,1004.6,0.0,3.6,7.1,44.8,-41.2,19.94,41.2,8.0
2024-11-04T18:00,-4.0,-7.8,89,6.3,14.0,0.0,1004.3,0.0,6.6,7.2,44.9,-38.3,19.94,38.3,14.7
2024-11-04T19:00,-4.5,-8.3,90,6.5,14.4,0.0,1004.3,0.0,7.5,7.2,44.9,-37.4,19.94,37.4,16.7
2024-11-04T20:00,-5.8,-9.6,91,5.4,14.4,0.0,1004.2,0.0,3.3,7.3,45.0,-41.7,19.94,41.7,7.3
2024-11-04T21:00,-8.5,-12.7,90,7.2,14.0,0.0,1004.0,0.0,11.2,7.7,45.4,-34.2,19.94,34.2,24.7
2024-11-04T22:00,-10.2,-14.7,89,8.0,16.9,0.0,1003.4,0.0,16.5,8.0,45.7,-29.2,19.94,29.2,36.1
2024-11-04T23:00,-11.0,-15.7,89,8.9,19.1,0.0,1002.8,0.0,23.7,8.1,45.8,-22.1,19.94,22.1,51.7
2024-11-05T00:00,-11.9,-16.9,88,10.0,21.6,0.0,1002.1,0.0,34.5,8.2,45.9,-11.4,19.94,11.4,75.2
2024-11-05T01:00,-11.9,-16.9,82,10.1,23.4,0.0,1001.6,0.0,35.6,8.3,46.0,-10.4,19.94,10.4,77.4
2024-11-05T02:00,-11.2,-16.2,83,9.9,25.6,0.0,1000.5,0.0,33.4,8.2,45.9,-12.5,19.94,12.5,72.8
2024-11-05T03:00,-10.2,-15.0,84,9.8,25.9,0.0,999.3,0.0,32.4,8.0,45.7,-13.3,19.94,13.3,70.9
2024-11-05T04:00,-9.9,-14.8,85,10.4,25.9,0.0,998.0,0.0,39.0,8.0,45.7,-6.7,19.94,6.7,85.3
2024-11-05T05:00,-7.1,-11.7,81,9.8,27.0,0.0,997.0,0.0,32.4,7.7,45.4,-13.0,19.94,13.0,71.4
2024-11-05T06:00,-5.1,-9.6,77,9.0,27.7,0.0,996.4,0.0,24.6,7.4,45.1,-20.5,19.94,20.5,54.5
2024-11-05T07:00,-4.9,-9.4,81,10.4,32.8,0.0,995.6,0.0,0.0,7.4,45.1,-45.1,19.94,45.1,0.0
2024-11-05T08:00,-4.6,-9.5,83,13.2,42.1,0.0,994.3,0.0,0.0,7.5,45.2,-45.2,19.94,45.2,0.0
2024-11-05T09:00,-4.1,-9.0,82,13.3,43.2,0.0,993.5,0.0,0.0,7.4,45.1,-45.1,19.94,45.1,0.0
2024-11-05T10:00,-3.9,-8.6,83,12.1,43.2,0.0,992.7,0.0,0.0,7.3,45.0,-45.0,19.94,45.0,0.0
2024-11-05T11:00,-3.6,-8.3,83,12.1,40.7,0.0,992.3,0.0,0.0,7.3,45.0,-45.0,19.94,45.0,0.0
2024-11-05T12:00,-3.4,-7.8,84,11.0,39.6,0.0,991.8,0.0,0.0,7.3,45.0,-45.0,19.94,45.0,0.0
2024-11-05T13:00,-3.1,-7.7,83,11.7,41.8,0.0,991.3,0.0,0.0,7.2,44.9,-44.9,19.94,44.9,0.0
2024-11-05T14:00,-3.0,-7.0,85,8.5,37.8,0.0,991.6,0.0,0.0,7.1,44.8,-44.8,19.94,44.8,0.0
2024-11-05T15:00,-3.0,-6.7,87,6.3,29.2,0.0,991.7,0.0,0.0,7.0,44.7,-44.7,19.94,44.7,0.0
2024-11-05T16:00,-3.1,-6.8,88,6.6,23.4,0.0,991.9,0.0,8.0,7.1,44.8,-36.8,19.94,36.8,17.9
2024-11-05T17:00,-3.0,-6.8,88,7.5,23.4,0.0,992.0,0.0,13.1,7.1,44.8,-31.7,19.94,31.7,29.2
2024-11-05T18:00,-2.9,-6.8,88,8.5,25.2,0.0,992.3,0.0,20.3,7.1,44.8,-24.5,19.94,24.5,45.3
2024-11-05T19:00,-2.7,-6.6,88,8.2,25.2,0.0,992.6,0.0,17.9,7.1,44.8,-26.9,19.94,26.9,40.0
2024-11-05T20:00,-2.6,-6.3,88,7.0,24.5,0.0,992.9,0.0,10.1,7.0,44.7,-34.6,19.94,34.6,22.6
2024-11-05T21:00,-2.7,-6.3,89,6.2,22.7,0.0,993.7,0.0,6.2,7.0,44.7,-38.5,19.94,38.5,13.9
2024-11-05T22:00,-2.7,-6.2,89,6.2,21.2,0.0,994.1,0.0,6.2,7.0,44.7,-38.5,19.94,38.5,13.9
2024-11-05T23:00,-2.9,-6.4,90,5.5,19.1,0.0,994.7,0.0,3.6,7.0,44.7,-41.1,19.94,41.1,8.1
2024-11-06T00:00,-2.8,-6.2,91,5.0,15.1,0.0,995.7,0.0,2.2,7.0,44.7,-42.5,19.94,42.5,4.9
2024-11-06T01:00,-2.6,-5.9,90,4.8,13.3,0.0,996.5,0.0,1.7,7.0,44.7,-43.0,19.94,43.0,3.8
2024-11-06T02:00,-2.6,-5.8,91,3.5,11.2,0.0,997.5,0.0,0.1,6.9,44.6,-44.5,19.94,44.5,0.2
2024-11-06T03:00,-2.6,-5.7,91,3.7,9.0,0.0,998.4,0.0,0.2,6.9,44.6,-44.4,19.94,44.4,0.4
2024-11-06T04:00,-2.9,-6.0,94,3.7,9.7,0.0,998.9,0.0,0.2,7.0,44.7,-44.5,19.94,44.5,0.4
2024-11-06T05:00,-3.3,-6.5,95,3.6,9.7,0.0,999.5,0.0,0.2,7.0,44.7,-44.5,19.94,44.5,0.4
2024-11-06T06:00,-4.5,-7.9,97,4.5,11.2,0.0,1000.3,0.0,1.2,7.2,44.9,-43.7,19.94,43.7,2.7
2024-11-06T07:00,-5.0,-8.5,96,4.7,12.6,0.0,1001.4,0.0,1.5,7.2,44.9,-43.4,19.94,43.4,3.3
2024-11-06T08:00,-6.2,-10.1,95,6.0,12.2,0.0,1002.0,0.0,5.4,7.4,45.1,-39.7,19.94,39.7,12.0
2024-11-06T09:00,-6.8,-10.8,94,7.1,13.7,0.0,1002.6,0.0,10.6,7.5,45.2,-34.6,19.94,34.6,23.5
2024-11-06T10:00,-7.0,-11.1,93,7.7,13.7,0.0,1002.9,0.0,14.4,7.6,45.3,-30.9,19.94,30.9,31.8
2024-11-06T11:00,-6.9,-11.1,93,7.6,13.3,0.0,1003.0,0.0,13.7,7.5,45.2,-31.5,19.94,31.5,30.3
2024-11-06T12:00,-7.2,-11.4,92,7.3,12.6,0.0,1003.2,0.0,11.8,7.6,45.3,-33.5,19.94,33.5,26.0
2024-11-06T13:00,-7.0,-11.0,92,6.6,12.6,0.0,1003.7,0.0,8.0,7.5,45.2,-37.2,19.94,37.2,17.7
2024-11-06T14:00,-6.5,-10.5,94,6.6,11.5,0.0,1003.7,0.0,8.0,7.5,45.2,-37.2,19.94,37.2,17.7
2024-11-06T15:00,-6.2,-10.1,93,6.3,11.5,0.0,1003.8,0.0,6.6,7.4,45.1,-38.5,19.94,38.5,14.6
2024-11-06T16:00,-5.7,-9.5,92,6.0,11.5,0.0,1003.5,0.0,5.4,7.3,45.0,-39.6,19.94,39.6,12.0
2024-11-06T17:00,-5.5,-9.3,90,5.9,10.8,0.0,1003.4,0.0,5.0,7.3,45.0,-40.0,19.94,40.0,11.1
2024-11-06T18:00,-6.5,-10.6,93,7.3,14.4,0.0,1003.1,0.0,11.8,7.5,45.2,-33.4,19.94,33.4,26.1
2024-11-06T19:00,-6.7,-10.9,94,7.8,16.2,0.0,1002.8,0.0,15.1,7.5,45.2,-30.1,19.94,30.1,33.4
2024-11-06T20:00,-6.8,-10.9,94,7.8,16.6,0.0,1002.7,0.0,15.1,7.5,45.2,-30.1,19.94,30.1,33.4
2024-11-06T21:00,-6.7,-10.8,94,7.7,16.6,0.0,1002.2,0.0,14.4,7.5,45.2,-30.8,19.94,30.8,31.9
2024-11-06T22:00,-7.4,-11.7,93,8.4,18.0,0.0,1001.7,0.0,19.5,7.6,45.3,-25.8,19.94,25.8,43.0
2024-11-06T23:00,-8.0,-12.4,92,9.0,19.8,0.0,1001.4,0.0,24.6,7.7,45.4,-20.8,19.94,20.8,54.2
2024-11-07T00:00,-8.6,-13.2,92,9.6,20.9,0.0,1001.0,0.0,30.3,7.8,45.5,-15.2,19.94,15.2,66.6
2024-11-07T01:00,-7.7,-12.2,90,9.8,23.0,0.0,1001.0,0.0,32.4,7.7,45.4,-13.0,19.94,13.0,71.4
2024-11-07T02:00,-7.6,-12.2,89,9.9,23.0,0.0,1000.8,0.0,33.4,7.7,45.4,-12.0,19.94,12.0,73.6
2024-11-07T03:00,-6.9,-11.3,89,9.1,23.0,0.0,1000.9,0.0,25.5,7.6,45.3,-19.8,19.94,19.8,56.3
2024-11-07T04:00,-6.7,-11.1,90,9.1,22.0,0.0,1001.0,0.0,25.5,7.6,45.3,-19.8,19.94,19.8,56.3
2024-11-07T05:00,-6.5,-10.9,92,8.9,21.6,0.0,1001.0,0.0,23.7,7.6,45.3,-21.6,19.94,21.6,52.3
2024-11-07T06:00,-7.0,-11.4,93,9.7,24.8,0.0,1000.6,0.0,31.3,7.6,45.3,-14.0,19.94,14.0,69.1
2024-11-07T07:00,-7.1,-11.6,93,9.5,25.6,0.0,1001.0,0.0,29.3,7.6,45.3,-16.0,19.94,16.0,64.7
2024-11-07T08:00,-6.1,-10.3,94,8.5,25.2,0.0,1001.8,0.0,20.3,7.5,45.2,-24.9,19.94,24.9,44.9
2024-11-07T09:00,-5.3,-9.4,94,8.1,25.2,0.0,1002.0,0.0,17.2,7.4,45.1,-27.9,19.94,27.9,38.1
2024-11-07T10:00,-5.3,-9.7,93,10.1,29.9,0.0,1001.0,0.0,0.0,7.5,45.2,-45.2,19.94,45.2,0.0
2024-11-07T11:00,-5.5,-9.6,93,8.6,31.7,0.0,1000.5,0.0,0.0,7.4,45.1,-45.1,19.94,45.1,0.0
2024-11-07T12:00,-4.4,-8.4,91,8.6,31.3,0.0,1000.0,0.0,0.0,7.3,45.0,-45.0,19.94,45.0,0.0
2024-11-07T13:00,-3.3,-7.2,90,8.1,29.9,0.0,999.8,0.0,0.0,7.1,44.8,-44.8,19.94,44.8,0.0
2024-11-07T14:00,-2.9,-7.2,90,10.6,32.8,0.0,998.5,0.0,0.0,7.2,44.9,-44.9,19.94,44.9,0.0
2024-11-07T15:00,-2.5,-6.9,89,11.9,36.4,0.0,997.1,0.0,0.0,7.2,44.9,-44.9,19.94,44.9,0.0
2024-11-07T16:00,-2.1,-6.3,89,11.3,37.1,0.0,995.8,0.0,0.0,7.1,44.8,-44.8,19.94,44.8,0.0
2024-11-07T17:00,-1.7,-6.0,88,11.4,37.4,0.0,994.7,0.0,0.0,7.1,44.8,-44.8,19.94,44.8,0.0
2024-11-07T18:00,-2.0,-6.0,88,9.8,35.6,0.0,993.9,0.0,0.0,7.0,44.7,-44.7,19.94,44.7,0.0
2024-11-07T19:00,-1.4,-5.1,89,7.6,31.7,0.0,993.3,0.0,0.0,6.9,44.6,-44.6,19.94,44.6,0.0
2024-11-07T20:00,-1.3,-4.8,89,7.1,24.5,0.0,992.8,0.0,10.6,6.9,44.6,-34.0,19.94,34.0,23.8
2024-11-07T21:00,-1.1,-4.6,89,6.6,20.9,0.0,991.9,0.0,8.0,6.8,44.5,-36.5,19.94,36.5,18.0
2024-11-07T22:00,-1.0,-4.4,90,6.7,18.0,0.0,991.2,0.0,8.5,6.8,44.5,-36.0,19.94,36.0,19.1
2024-11-07T23:00,-0.8,-4.1,91,5.7,17.6,0.0,990.4,0.0,4.2,6.8,44.5,-40.3,19.94,40.3,9.4
2024-11-08T00:00,-0.8,-4.0,92,5.7,15.8,0.0,990.0,0.0,4.2,6.8,44.5,-40.3,19.94,40.3,9.4
2024-11-08T01:00,-1.2,-4.7,94,7.0,20.5,0.0,989.2,0.0,10.1,6.9,44.6,-34.5,19.94,34.5,22.6
2024-11-08T02:00,-1.8,-5.5,95,8.1,26.3,0.0,987.9,0.0,17.2,7.0,44.7,-27.5,19.94,27.5,38.5
2024-11-08T03:00,-1.4,-5.1,94,9.1,30.2,0.0,987.3,0.0,0.0,6.9,44.6,-44.6,19.94,44.6,0.0
2024-11-08T04:00,-0.5,-4.3,92,10.0,34.2,0.0,986.4,0.0,0.0,6.9,44.6,-44.6,19.94,44.6,0.0
2024-11-08T05:00,-0.4,-4.4,91,11.6,39.6,0.0,985.7,0.0,0.0,6.9,44.6,-44.6,19.94,44.6,0.0
2024-11-08T06:00,-0.4,-4.6,91,12.2,40.7,0.0,985.2,0.0,0.0,6.9,44.6,-44.6,19.94,44.6,0.0
2024-11-08T07:00,-0.5,-4.7,91,12.4,42.5,0.0,984.4,0.0,0.0,6.9,44.6,-44.6,19.94,44.6,0.0
2024-11-08T08:00,-0.3,-4.6,90,13.2,43.9,0.0,983.9,0.0,0.0,6.9,44.6,-44.6,19.94,44.6,0.0
2024-11-08T09:00,-0.2,-4.5,89,13.3,46.1,0.0,983.5,0.0,0.0,6.9,44.6,-44.6,19.94,44.6,0.0
2024-11-08T10:00,0.0,-4.3,88,13.7,46.8,0.0,983.3,0.0,0.0,6.9,44.6,-44.6,19.94,44.6,0.0
2024-11-08T11:00,0.1,-4.4,88,15.2,49.7,0.0,983.3,0.0,0.0,6.9,44.6,-44.6,19.94,44.6,0.0
2024-11-08T12:00,-0.0,-4.9,87,17.1,53.3,0.0,983.6,0.0,0.0,7.0,44.7,-44.7,19.94,44.7,0.0
2024-11-08T13:00,0.4,-4.0,87,13.9,47.5,0.0,984.1,0.0,0.0,6.9,44.6,-44.6,19.94,44.6,0.0
2024-11-08T14:00,-0.2,-4.7,87,14.2,48.2,0.0,984.6,0.0,0.0,6.9,44.6,-44.6,19.94,44.6,0.0
2024-11-08T15:00,-0.6,-4.7,87,11.6,47.2,0.0,985.8,0.0,0.0,6.9,44.6,-44.6,19.94,44.6,0.0
2024-11-08T16:00,-0.8,-5.0,88,11.8,40.7,0.0,986.8,0.0,0.0,7.0,44.7,-44.7,19.94,44.7,0.0
2024-11-08T17:00,-0.9,-5.3,87,13.0,42.5,0.0,987.4,0.0,0.0,7.0,44.7,-44.7,19.94,44.7,0.0
2024-11-08T18:00,-1.1,-5.4,87,12.4,42.8,0.0,988.4,0.0,0.0,7.0,44.7,-44.7,19.94,44.7,0.0
2024-11-08T19:00,-1.1,-5.2,86,10.6,41.4,0.0,989.6,0.0,0.0,7.0,44.7,-44.7,19.94,44.7,0.0
2024-11-08T20:00,-1.2,-5.3,87,10.3,37.1,0.0,991.2,0.0,0.0,7.0,44.7,-44.7,19.94,44.7,0.0
2024-11-08T21:00,-1.3,-5.5,87,11.0,37.4,0.0,992.2,0.0,0.0,7.0,44.7,-44.7,19.94,44.7,0.0
2024-11-08T22:00,-1.5,-5.4,87,9.0,36.7,0.0,993.8,0.0,0.0,7.0,44.7,-44.7,19.94,44.7,0.0
2024-11-08T23:00,-1.5,-5.5,87,9.7,32.4,0.0,994.9,0.0,0.0,7.0,44.7,-44.7,19.94,44.7,0.0
2024-11-09T00:00,-1.5,-5.5,87,9.4,32.8,0.0,995.7,0.0,0.0,7.0,44.7,-44.7,19.94,44.7,0.0
2024-11-09T01:00,-1.2,-5.3,86,10.8,36.4,0.0,996.5,0.0,0.0,7.0,44.7,-44.7,19.94,44.7,0.0
2024-11-09T02:00,-1.3,-4.8,88,6.7,33.8,0.0,997.4,0.0,0.0,6.9,44.6,-44.6,19.94,44.6,0.0
2024-11-09T03:00,-1.3,-5.0,89,7.7,28.4,0.0,998.4,0.0,0.0,6.9,44.6,-44.6,19.94,44.6,0.0
2024-11-09T04:00,-1.2,-5.1,89,9.6,34.2,0.0,998.8,0.0,0.0,6.9,44.6,-44.6,19.94,44.6,0.0
2024-11-09T05:00,-0.8,-5.0,87,11.5,41.8,0.0,998.8,0.0,0.0,6.9,44.6,-44.6,19.94,44.6,0.0
2024-11-09T06:00,-0.6,-5.5,88,16.8,48.2,0.0,999.5,0.0,0.0,7.1,44.8,-44.8,19.94,44.8,0.0
2024-11-09T07:00,-0.5,-5.2,94,16.7,48.2,0.0,1001.1,0.0,0.0,7.1,44.8,-44.8,19.94,44.8,0.0
2024-11-09T08:00,-1.3,-6.4,95,18.9,53.3,0.0,1003.2,0.0,0.0,7.2,44.9,-44.9,19.94,44.9,0.0
2024-11-09T09:00,-2.0,-6.9,92,16.2,51.1,0.0,1004.8,0.0,0.0,7.2,44.9,-44.9,19.94,44.9,0.0
2024-11-09T10:00,-2.3,-7.3,89,16.4,48.6,0.0,1006.3,0.0,0.0,7.3,45.0,-45.0,19.94,45.0,0.0
2024-11-09T11:00,-2.5,-7.8,86,17.9,50.0,0.0,1007.3,0.0,0.0,7.4,45.1,-45.1,19.94,45.1,0.0
2024-11-09T12:00,-2.9,-8.4,87,19.0,53.3,0.0,1008.3,0.0,0.0,7.4,45.1,-45.1,19.94,45.1,0.0
2024-11-09T13:00,-2.7,-7.9,90,17.3,50.0,0.0,1008.6,0.0,0.0,7.4,45.1,-45.1,19.94,45.1,0.0
2024-11-09T14:00,-3.3,-8.3,88,15.3,49.0,0.0,1009.8,0.0,0.0,7.4,45.1,-45.1,19.94,45.1,0.0
2024-11-09T15:00,-3.9,-8.4,87,11.9,43.6,0.0,1010.8,0.0,0.0,7.3,45.0,-45.0,19.94,45.0,0.0
2024-11-09T16:00,-5.4,-9.9,87,10.1,34.6,0.0,1011.5,0.0,0.0,7.5,45.2,-45.2,19.94,45.2,0.0
2024-11-09T17:00,-7.2,-11.7,87,9.4,29.2,0.0,1012.3,0.0,0.0,7.7,45.4,-45.4,19.94,45.4,0.0
2024-11-09T18:00,-7.5,-12.0,87,8.6,27.7,0.0,1013.2,0.0,21.1,7.7,45.4,-24.3,19.94,24.3,46.5
2024-11-09T19:00,-7.4,-11.7,87,7.7,25.9,0.0,1013.5,0.0,14.4,7.6,45.3,-30.9,19.94,30.9,31.8
2024-11-09T20:00,-6.8,-10.9,88,6.8,23.4,0.0,1013.8,0.0,9.0,7.5,45.2,-36.2,19.94,36.2,19.9
2024-11-09T21:00,-6.5,-10.5,88,6.4,20.9,0.0,1013.9,0.0,7.0,7.5,45.2,-38.2,19.94,38.2,15.5
2024-11-09T22:00,-6.1,-9.9,91,5.5,19.8,0.0,1014.2,0.0,3.6,7.4,45.1,-41.5,19.94,41.5,8.0
2024-11-09T23:00,-5.8,-9.4,92,4.2,18.4,0.0,1014.3,0.0,0.7,7.3,45.0,-44.3,19.94,44.3,1.6
2024-11-10T00:00,-7.2,-11.1,92,5.3,15.5,0.0,1014.2,0.0,3.0,7.5,45.2,-42.2,19.94,42.2,6.6
2024-11-10T01:00,-6.8,-10.7,90,5.8,16.9,0.0,1014.2,0.0,4.6,7.5,45.2,-40.6,19.94,40.6,10.2
2024-11-10T02:00,-6.3,-10.1,90,5.3,16.2,0.0,1013.8,0.0,3.0,7.4,45.1,-42.1,19.94,42.1,6.7
2024-11-10T03:00,-6.4,-10.3,91,5.6,15.5,0.0,1013.2,0.0,3.9,7.4,45.1,-41.2,19.94,41.2,8.6
2024-11-10T04:00,-7.0,-10.9,90,5.4,15.8,0.0,1012.5,0.0,3.3,7.5,45.2,-41.9,19.94,41.9,7.3
2024-11-10T05:00,-7.1,-11.0,89,5.4,18.0,0.0,1012.3,0.0,3.3,7.5,45.2,-41.9,19.94,41.9,7.3
2024-11-10T06:00,-6.7,-10.8,87,6.8,20.2,0.0,1011.9,0.0,9.0,7.5,45.2,-36.2,19.94,36.2,19.9
2024-11-10T07:00,-5.8,-9.8,87,6.7,20.5,0.0,1011.7,0.0,8.5,7.4,45.1,-36.6,19.94,36.6,18.8
2024-11-10T08:00,-5.4,-9.5,89,7.9,21.2,0.0,1011.3,0.0,15.7,7.4,45.1,-29.4,19.94,29.4,34.8
2024-11-10T09:00,-4.9,-9.0,89,8.1,22.3,0.0,1010.5,0.0,17.2,7.3,45.0,-27.8,19.94,27.8,38.2
2024-11-10T10:00,-4.2,-8.2,88,7.9,22.7,0.0,1009.7,0.0,15.7,7.2,44.9,-29.2,19.94,29.2,35.0
2024-11-10T11:00,-3.5,-7.5,86,8.2,23.8,0.0,1009.0,0.0,17.9,7.2,44.9,-27.0,19.94,27.0,39.9
2024-11-10T12:00,-3.3,-7.1,88,7.5,24.5,0.0,1008.6,0.0,13.1,7.1,44.8,-31.7,19.94,31.7,29.2
2024-11-10T13:00,-2.2,-6.0,87,7.5,24.1,0.0,1008.2,0.0,13.1,7.0,44.7,-31.6,19.94,31.6,29.3
2024-11-10T14:00,-1.8,-5.4,89,7.3,25.2,0.0,1008.1,0.0,11.8,6.9,44.6,-32.8,19.94,32.8,26.5
2024-11-10T15:00,-1.4,-4.9,91,7.2,25.6,0.0,1007.7,0.0,11.2,6.9,44.6,-33.4,19.94,33.4,25.1
2024-11-10T16:00,-0.7,-4.0,92,6.6,25.2,0.0,1007.4,0.0,8.0,6.8,44.5,-36.5,19.94,36.5,18.0
2024-11-10T17:00,-0.3,-3.5,94,6.8,24.5,0.0,1007.3,0.0,9.0,6.7,44.4,-35.4,19.94,35.4,20.3
2024-11-10T18:00,-0.1,-3.3,95,7.1,23.8,0.0,1007.6,0.0,10.6,6.7,44.4,-33.8,19.94,33.8,23.9
2024-11-10T19:00,0.1,-3.1,96,6.5,23.8,0.0,1007.6,0.0,7.5,6.7,44.4,-36.9,19.94,36.9,16.9
2024-11-10T20:00,-0.1,-3.0,96,4.7,23.0,0.0,1007.8,0.0,1.5,6.7,44.4,-42.9,19.94,42.9,3.4
2024-11-10T21:00,0.3,-2.3,97,3.2,20.2,0.0,1007.9,0.0,0.0,6.6,44.3,-44.3,19.94,44.3,0.0
2024-11-10T22:00,0.5,-2.0,96,2.7,16.9,0.0,1007.9,0.0,0.0,6.5,44.2,-44.2,19.94,44.2,0.0
2024-11-10T23:00,0.6,-2.0,96,3.8,16.9,0.0,1007.9,0.0,0.3,6.6,44.3,-44.0,19.94,44.0,0.7
2024-11-11T00:00,0.7,-2.0,96,4.0,17.6,0.0,1007.8,0.0,0.5,6.6,44.3,-43.8,19.94,43.8,1.1
2024-11-11T01:00,-0.0,-2.9,96,4.3,16.6,0.0,1008.1,0.0,0.9,6.6,44.3,-43.4,19.94,43.4,2.0
2024-11-11T02:00,0.3,-2.5,95,4.4,16.9,0.0,1008.5,0.0,1.0,6.6,44.3,-43.3,19.94,43.3,2.3
2024-11-11T03:00,0.4,-2.3,95,3.8,16.6,0.0,1008.3,0.0,0.3,6.6,44.3,-44.0,19.94,44.0,0.7
2024-11-11T04:00,0.7,-1.9,95,3.1,14.8,0.0,1008.2,0.0,0.0,6.5,44.2,-44.2,19.94,44.2,0.0
2024-11-11T05:00,1.1,-1.2,93,1.8,13.3,0.0,1008.4,0.0,0.0,6.5,44.2,-44.2,19.94,44.2,0.0
2024-11-11T06:00,0.8,-1.7,95,2.7,11.2,0.0,1008.6,0.0,0.0,6.5,44.2,-44.2,19.94,44.2,0.0
2024-11-11T07:00,0.9,-1.8,95,4.4,10.8,0.0,1008.6,0.0,1.0,6.5,44.2,-43.2,19.94,43.2,2.3
2024-11-11T08:00,1.0,-1.9,95,5.4,10.8,0.0,1008.8,0.0,3.3,6.6,44.3,-41.0,19.94,41.0,7.4
2024-11-11T09:00,1.2,-1.7,94,5.7,12.6,0.0,1008.6,0.0,4.2,6.5,44.2,-40.0,19.94,40.0,9.5
2024-11-11T10:00,0.9,-2.0,94,5.7,13.0,0.0,1008.6,0.0,4.2,6.6,44.3,-40.1,19.94,40.1,9.5
2024-11-11T11:00,0.9,-2.0,94,5.6,13.0,0.0,1008.7,0.0,3.9,6.6,44.3,-40.4,19.94,40.4,8.8
2024-11-11T12:00,1.0,-1.8,94,4.8,13.0,0.0,1008.6,0.0,1.7,6.5,44.2,-42.5,19.94,42.5,3.8
2024-11-11T13:00,1.5,-1.7,91,7.2,17.3,0.0,1008.3,0.0,11.2,6.5,44.2,-33.0,19.94,33.0,25.3
2024-11-11T14:00,1.6,-1.5,91,7.2,17.3,0.0,1008.0,0.0,11.2,6.5,44.2,-33.0,19.94,33.0,25.3
2024-11-11T15:00,2.1,-0.7,91,6.0,16.9,0.0,1007.8,0.0,5.4,6.4,44.1,-38.7,19.94,38.7,12.2
2024-11-11T16:00,2.3,-0.5,91,5.8,15.5,0.0,1007.5,0.0,4.6,6.4,44.1,-39.5,19.94,39.5,10.4
2024-11-11T17:00,2.5,-0.3,91,6.1,15.1,0.0,1007.0,0.0,5.8,6.4,44.1,-38.3,19.94,38.3,13.2
2024-11-11T18:00,2.9,0.1,90,6.7,18.4,0.0,1006.8,0.0,8.5,6.4,44.1,-35.6,19.94,35.6,19.3
2024-11-11T19:00,3.0,0.3,91,6.0,19.4,0.0,1006.5,0.0,5.4,6.3,44.0,-38.6,19.94,38.6,12.3
2024-11-11T20:00,3.1,0.3,91,6.8,21.2,0.0,1006.4,0.0,9.0,6.4,44.1,-35.1,19.94,35.1,20.4
2024-11-11T21:00,3.1,0.3,91,7.0,21.2,0.0,1006.3,0.0,10.1,6.4,44.1,-34.0,19.94,34.0,22.9
2024-11-11T22:00,3.2,0.4,91,6.7,20.9,0.0,1006.1,0.0,8.5,6.3,44.0,-35.5,19.94,35.5,19.3
2024-11-11T23:00,3.2,0.5,92,6.7,22.7,0.0,1005.8,0.0,8.5,6.3,44.0,-35.5,19.94,35.5,19.3
2024-11-12T00:00,3.3,0.6,92,6.9,23.8,0.0,1004.8,0.0,9.5,6.3,44.0,-34.5,19.94,34.5,21.6
2024-11-12T01:00,3.2,0.2,92,8.1,26.3,0.0,1003.6,0.0,17.2,6.4,44.1,-26.9,19.94,26.9,39.0
2024-11-12T02:00,2.9,-0.0,91,7.7,28.1,0.0,1002.8,0.0,0.0,6.4,44.1,-44.1,19.94,44.1,0.0
2024-11-12T03:00,3.4,0.3,90,8.5,30.6,0.0,1002.2,0.0,0.0,6.4,44.1,-44.1,19.94,44.1,0.0
2024-11-12T04:00,3.5,0.6,91,8.0,30.6,0.0,1001.4,0.0,0.0,6.3,44.0,-44.0,19.94,44.0,0.0
2024-11-12T05:00,3.5,0.6,91,7.6,30.2,0.0,1000.5,0.0,0.0,6.3,44.0,-44.0,19.94,44.0,0.0
2024-11-12T06:00,3.3,0.7,92,6.0,29.2,0.0,999.7,0.0,0.0,6.3,44.0,-44.0,19.94,44.0,0.0
2024-11-12T07:00,3.0,0.5,94,5.6,25.2,0.0,999.3,0.0,3.9,6.3,44.0,-40.1,19.94,40.1,8.9
2024-11-12T08:00,3.0,0.3,94,7.0,25.9,0.0,999.2,0.0,10.1,6.4,44.1,-34.0,19.94,34.0,22.9
2024-11-12T09:00,2.6,-0.2,94,6.9,27.0,0.0,998.9,0.0,9.5,6.4,44.1,-34.6,19.94,34.6,21.5
2024-11-12T10:00,2.1,-0.8,96,6.8,25.6,0.0,998.2,0.0,9.0,6.5,44.2,-35.2,19.94,35.2,20.4
2024-11-12T11:00,1.9,-1.0,96,7.1,24.5,0.0,997.2,0.0,10.6,6.5,44.2,-33.6,19.94,33.6,24.0
2024-11-12T12:00,1.8,-0.8,97,5.4,24.5,0.0,996.4,0.0,3.3,6.5,44.2,-40.9,19.94,40.9,7.5
2024-11-12T13:00,2.6,-0.1,96,6.8,25.6,0.0,994.4,0.0,9.0,6.4,44.1,-35.1,19.94,35.1,20.4
2024-11-12T14:00,1.8,-1.8,89,10.2,33.1,0.0,993.3,0.0,0.0,6.6,44.3,-44.3,19.94,44.3,0.0
2024-11-12T15:00,1.5,-2.0,87,9.2,31.7,0.0,992.1,0.0,0.0,6.6,44.3,-44.3,19.94,44.3,0.0
2024-11-12T16:00,1.7,-2.0,87,10.1,29.5,0.0,990.5,0.0,0.0,6.6,44.3,-44.3,19.94,44.3,0.0
2024-11-12T17:00,1.7,-2.0,89,11.5,34.6,0.0,988.5,0.0,0.0,6.6,44.3,-44.3,19.94,44.3,0.0
2024-11-12T18:00,1.7,-2.0,91,11.4,36.7,0.0,986.4,0.0,0.0,6.6,44.3,-44.3,19.94,44.3,0.0
2024-11-12T19:00,1.4,-2.3,91,11.3,37.8,0.0,984.9,0.0,0.0,6.7,44.4,-44.4,19.94,44.4,0.0
2024-11-12T20:00,1.3,-2.6,91,12.4,45.0,0.0,982.5,0.0,0.0,6.7,44.4,-44.4,19.94,44.4,0.0
2024-11-12T21:00,1.9,-2.4,87,14.7,52.6,0.0,980.4,0.0,0.0,6.7,44.4,-44.4,19.94,44.4,0.0
2024-11-12T22:00,2.0,-2.5,86,16.8,56.2,0.0,978.2,0.0,0.0,6.7,44.4,-44.4,19.94,44.4,0.0
2024-11-12T23:00,1.9,-3.2,86,19.9,64.4,0.0,975.5,0.0,0.0,6.8,44.5,-44.5,19.94,44.5,0.0
2024-11-13T00:00,1.8,-3.9,85,24.3,73.4,0.0,972.7,0.0,0.0,7.0,44.7,-44.7,19.94,44.7,0.0
2024-11-13T01:00,1.9,-3.5,86,22.2,68.4,0.0,970.7,0.0,0.0,6.9,44.6,-44.6,19.94,44.6,0.0
2024-11-13T02:00,1.9,-3.6,86,23.0,70.2,0.0,968.4,0.0,0.0,6.9,44.6,-44.6,19.94,44.6,0.0
2024-11-13T03:00,1.8,-4.0,87,24.7,73.8,0.0,966.0,0.0,0.0,7.0,44.7,-44.7,19.94,44.7,0.0
2024-11-13T04:00,1.8,-3.9,87,24.2,74.9,0.0,964.1,0.0,0.0,7.0,44.7,-44.7,19.94,44.7,0.0
2024-11-13T05:00,1.9,-3.2,86,20.8,72.7,0.0,962.8,0.0,0.0,6.8,44.5,-44.5,19.94,44.5,0.0
2024-11-13T06:00,2.0,-2.5,88,16.8,64.4,0.0,962.0,0.0,0.0,6.7,44.4,-44.4,19.94,44.4,0.0
2024-11-13T07:00,1.9,-1.6,91,9.8,53.3,0.0,961.9,0.0,0.0,6.6,44.3,-44.3,19.94,44.3,0.0
2024-11-13T08:00,1.8,-1.2,91,7.2,33.5,0.0,962.4,0.0,0.0,6.5,44.2,-44.2,19.94,44.2,0.0
2024-11-13T09:00,1.9,-1.0,93,6.5,30.2,0.0,962.4,0.0,0.0,6.5,44.2,-44.2,19.94,44.2,0.0
2024-11-13T10:00,1.8,-1.2,93,7.0,25.9,0.0,962.0,0.0,10.1,6.5,44.2,-34.1,19.94,34.1,22.9
2024-11-13T11:00,1.8,-1.1,94,6.2,24.5,0.0,962.0,0.0,6.2,6.5,44.2,-38.0,19.94,38.0,14.0
2024-11-13T12:00,1.6,-1.7,92,9.3,26.6,0.0,961.8,0.0,27.4,6.6,44.3,-16.9,19.94,16.9,61.9
2024-11-13T13:00,-1.1,-5.2,94,11.7,36.7,0.0,960.6,0.0,0.0,7.0,44.7,-44.7,19.94,44.7,0.0
2024-11-13T14:00,-1.7,-5.9,96,12.1,41.0,0.0,960.1,0.0,0.0,7.1,44.8,-44.8,19.94,44.8,0.0
2024-11-13T15:00,-0.4,-4.6,94,12.7,44.3,0.0,959.6,0.0,0.0,6.9,44.6,-44.6,19.94,44.6,0.0
2024-11-13T16:00,-0.6,-4.9,89,12.6,44.3,0.0,959.7,0.0,0.0,7.0,44.7,-44.7,19.94,44.7,0.0
2024-11-13T17:00,1.6,-2.7,90,15.7,51.1,0.0,960.2,0.0,0.0,6.8,44.5,-44.5,19.94,44.5,0.0
2024-11-13T18:00,1.5,-3.1,90,17.2,56.9,0.0,960.8,0.0,0.0,6.8,44.5,-44.5,19.94,44.5,0.0
2024-11-13T19:00,1.0,-3.2,88,13.6,55.8,0.0,961.8,0.0,0.0,6.8,44.5,-44.5,19.94,44.5,0.0
2024-11-13T20:00,0.9,-2.8,89,10.1,45.7,0.0,962.7,0.0,0.0,6.7,44.4,-44.4,19.94,44.4,0.0
2024-11-13T21:00,1.0,-3.1,87,13.0,43.2,0.0,963.5,0.0,0.0,6.8,44.5,-44.5,19.94,44.5,0.0
2024-11-13T22:00,0.7,-3.7,85,13.7,45.7,0.0,964.4,0.0,0.0,6.8,44.5,-44.5,19.94,44.5,0.0
2024-11-13T23:00,0.4,-3.6,85,11.1,45.7,0.0,965.0,0.0,0.0,6.8,44.5,-44.5,19.94,44.5,0.0
2024-11-14T00:00,-0.9,-4.3,89,6.9,40.0,0.0,965.5,0.0,0.0,6.8,44.5,-44.5,19.94,44.5,0.0
2024-11-14T01:00,-0.3,-3.2,92,4.2,35.6,0.0,966.2,0.0,0.0,6.7,44.4,-44.4,19.94,44.4,0.0
2024-11-14T02:00,0.1,-2.5,96,3.1,22.3,0.0,967.0,0.0,0.0,6.6,44.3,-44.3,19.94,44.3,0.0
2024-11-14T03:00,-0.1,-2.8,98,4.1,20.2,0.0,967.9,0.0,0.6,6.6,44.3,-43.7,19.94,43.7,1.4
2024-11-14T04:00,-0.0,-2.8,99,4.5,22.0,0.0,968.9,0.0,1.2,6.6,44.3,-43.1,19.94,43.1,2.7
2024-11-14T05:00,-0.0,-2.8,99,4.7,23.0,0.0,969.7,0.0,1.5,6.7,44.4,-42.9,19.94,42.9,3.4
2024-11-14T06:00,0.2,-2.6,98,5.0,25.2,0.0,970.6,0.0,2.2,6.6,44.3,-42.1,19.94,42.1,5.0
2024-11-14T07:00,0.3,-2.5,96,4.6,25.2,0.0,971.5,0.0,1.3,6.6,44.3,-43.0,19.94,43.0,2.9
2024-11-14T08:00,0.3,-2.5,95,4.3,24.8,0.0,972.6,0.0,0.9,6.6,44.3,-43.4,19.94,43.4,2.0
2024-11-14T09:00,0.5,-2.4,94,5.0,25.9,0.0,973.6,0.0,2.2,6.6,44.3,-42.1,19.94,42.1,5.0
2024-11-14T10:00,0.7,-2.2,93,5.1,26.6,0.0,974.2,0.0,2.4,6.6,44.3,-41.9,19.94,41.9,5.4
2024-11-14T11:00,0.6,-2.2,94,4.6,26.6,0.0,975.1,0.0,1.3,6.6,44.3,-43.0,19.94,43.0,2.9
2024-11-14T12:00,0.4,-2.5,95,4.8,26.3,0.0,975.9,0.0,1.7,6.6,44.3,-42.6,19.94,42.6,3.8
2024-11-14T13:00,0.1,-2.8,96,5.4,26.3,0.0,977.3,0.0,3.3,6.7,44.4,-41.1,19.94,41.1,7.4
2024-11-14T14:00,0.3,-3.4,92,10.6,35.6,0.0,978.5,0.0,0.0,6.8,44.5,-44.5,19.94,44.5,0.0
2024-11-14T15:00,0.6,-3.6,88,13.3,45.7,0.0,979.8,0.0,0.0,6.8,44.5,-44.5,19.94,44.5,0.0
2024-11-14T16:00,0.6,-4.0,87,15.9,54.0,0.0,980.8,0.0,0.0,6.9,44.6,-44.6,19.94,44.6,0.0
2024-11-14T17:00,0.4,-4.4,86,16.6,55.8,0.0,981.9,0.0,0.0,6.9,44.6,-44.6,19.94,44.6,0.0
2024-11-14T18:00,-0.0,-4.9,86,17.0,57.2,0.0,983.2,0.0,0.0,7.0,44.7,-44.7,19.94,44.7,0.0
2024-11-14T19:00,-0.4,-5.6,86,18.9,61.9,0.0,984.4,0.0,0.0,7.1,44.8,-44.8,19.94,44.8,0.0
2024-11-14T20:00,-0.7,-6.1,85,19.8,64.1,0.0,985.7,0.0,0.0,7.2,44.9,-44.9,19.94,44.9,0.0
2024-11-14T21:00,-0.9,-6.7,86,22.0,67.7,0.0,987.0,0.0,0.0,7.3,45.0,-45.0,19.94,45.0,0.0
2024-11-14T22:00,-1.2,-7.2,82,22.9,72.0,0.0,987.6,0.0,0.0,7.3,45.0,-45.0,19.94,45.0,0.0
2024-11-14T23:00,-1.5,-7.4,82,21.7,70.9,0.0,988.8,0.0,0.0,7.3,45.0,-45.0,19.94,45.0,0.0
2024-11-15T00:00,-1.6,-7.7,82,23.0,73.4,0.0,989.3,0.0,0.0,7.4,45.1,-45.1,19.94,45.1,0.0
2024-11-15T01:00,-2.1,-7.6,84,19.6,70.9,0.0,990.6,0.0,0.0,7.4,45.1,-45.1,19.94,45.1,0.0
2024-11-15T02:00,-2.3,-7.6,85,17.6,64.1,0.0,991.6,0.0,0.0,7.3,45.0,-45.0,19.94,45.0,0.0
2024-11-15T03:00,-2.5,-7.9,84,17.8,60.1,0.0,992.7,0.0,0.0,7.4,45.1,-45.1,19.94,45.1,0.0
2024-11-15T04:00,-2.8,-8.4,83,18.9,60.1,0.0,993.7,0.0,0.0,7.4,45.1,-45.1,19.94,45.1,0.0
2024-11-15T05:00,-3.0,-8.7,81,19.4,61.6,0.0,994.8,0.0,0.0,7.5,45.2,-45.2,19.94,45.2,0.0
2024-11-15T06:00,-3.4,-9.2,81,19.9,61.9,0.0,995.9,0.0,0.0,7.5,45.2,-45.2,19.94,45.2,0.0
2024-11-15T07:00,-3.8,-9.8,78,21.1,63.7,0.0,996.9,0.0,0.0,7.6,45.3,-45.3,19.94,45.3,0.0
2024-11-15T08:00,-4.1,-10.3,76,21.7,65.2,0.0,997.8,0.0,0.0,7.7,45.4,-45.4,19.94,45.4,0.0
2024-11-15T09:00,-4.3,-10.6,74,21.6,65.5,0.0,998.6,0.0,0.0,7.7,45.4,-45.4,19.94,45.4,0.0
2024-11-15T10:00,-4.7,-10.7,77,19.5,65.2,0.0,999.3,0.0,0.0,7.7,45.4,-45.4,19.94,45.4,0.0
2024-11-15T11:00,-4.7,-10.6,77,19.2,60.5,0.0,1000.1,0.0,0.0,7.7,45.4,-45.4,19.94,45.4,0.0
2024-11-15T12:00,-4.9,-10.7,76,18.4,60.1,0.0,1000.6,0.0,0.0,7.7,45.4,-45.4,19.94,45.4,0.0
2024-11-15T13:00,-5.1,-11.0,78,19.1,60.1,0.0,1001.0,0.0,0.0,7.7,45.4,-45.4,19.94,45.4,0.0
2024-11-15T14:00,-5.4,-11.2,79,18.8,59.0,0.0,1001.6,0.0,0.0,7.8,45.5,-45.5,19.94,45.5,0.0
2024-11-15T15:00,-5.3,-11.2,79,19.4,59.8,0.0,1002.0,0.0,0.0,7.8,45.5,-45.5,19.94,45.5,0.0
2024-11-15T16:00,-5.4,-11.3,79,19.6,60.1,0.0,1002.4,0.0,0.0,7.8,45.5,-45.5,19.94,45.5,0.0
2024-11-15T17:00,-5.4,-11.3,79,18.7,59.4,0.0,1003.0,0.0,0.0,7.8,45.5,-45.5,19.94,45.5,0.0
2024-11-15T18:00,-5.6,-11.5,78,19.0,58.3,0.0,1003.4,0.0,0.0,7.8,45.5,-45.5,19.94,45.5,0.0
2024-11-15T19:00,-5.7,-11.6,76,18.6,58.0,0.0,1003.8,0.0,0.0,7.8,45.5,-45.5,19.94,45.5,0.0
2024-11-15T20:00,-5.9,-11.8,74,18.2,56.5,0.0,1004.2,0.0,0.0,7.8,45.5,-45.5,19.94,45.5,0.0
2024-11-15T21:00,-6.4,-12.3,71,18.0,55.1,0.0,1004.4,0.0,0.0,7.9,45.6,-45.6,19.94,45.6,0.0
2024-11-15T22:00,-6.8,-12.8,69,17.8,54.4,0.0,1004.8,0.0,0.0,7.9,45.6,-45.6,19.94,45.6,0.0
2024-11-15T23:00,-7.3,-13.1,69,16.5,52.9,0.0,1004.9,0.0,0.0,7.9,45.6,-45.6,19.94,45.6,0.0
2024-11-16T00:00,-7.5,-13.2,68,15.8,49.7,0.0,1004.5,0.0,0.0,7.9,45.6,-45.6,19.94,45.6,0.0
2024-11-16T01:00,-8.4,-14.1,71,15.5,49.3,0.0,1004.6,0.0,0.0,8.0,45.7,-45.7,19.94,45.7,0.0
2024-11-16T02:00,-7.7,-13.3,71,15.3,47.2,0.0,1004.5,0.0,0.0,7.9,45.6,-45.6,19.94,45.6,0.0
2024-11-16T03:00,-7.7,-13.3,71,14.9,47.2,0.0,1004.6,0.0,0.0,7.9,45.6,-45.6,19.94,45.6,0.0
2024-11-16T04:00,-9.0,-14.5,71,14.3,46.8,0.0,1004.5,0.0,0.0,8.1,45.8,-45.8,19.94,45.8,0.0
2024-11-16T05:00,-9.8,-15.2,72,13.1,44.6,0.0,1004.5,0.0,0.0,8.1,45.8,-45.8,19.94,45.8,0.0
2024-11-16T06:00,-8.2,-13.4,73,12.5,42.1,0.0,1004.6,0.0,0.0,7.9,45.6,-45.6,19.94,45.6,0.0
2024-11-16T07:00,-7.9,-13.0,74,12.2,40.7,0.0,1004.8,0.0,0.0,7.9,45.6,-45.6,19.94,45.6,0.0
2024-11-16T08:00,-7.6,-12.7,74,12.1,39.6,0.0,1004.8,0.0,0.0,7.8,45.5,-45.5,19.94,45.5,0.0
2024-11-16T09:00,-8.4,-13.5,74,12.1,39.6,0.0,1005.1,0.0,0.0,7.9,45.6,-45.6,19.94,45.6,0.0
2024-11-16T10:00,-7.3,-12.6,76,13.3,42.8,0.0,1005.3,0.0,0.0,7.8,45.5,-45.5,19.94,45.5,0.0
2024-11-16T11:00,-7.7,-13.2,75,14.8,47.2,0.0,1005.6,0.0,0.0,7.9,45.6,-45.6,19.94,45.6,0.0
2024-11-16T12:00,-7.2,-12.6,72,14.5,47.5,0.0,1005.6,0.0,0.0,7.9,45.6,-45.6,19.94,45.6,0.0
2024-11-16T13:00,-7.7,-13.5,70,16.4,49.3,0.0,1006.2,0.0,0.0,8.0,45.7,-45.7,19.94,45.7,0.0
2024-11-16T14:00,-9.7,-15.4,69,14.9,49.0,0.0,1006.3,0.0,0.0,8.2,45.9,-45.9,19.94,45.9,0.0
2024-11-16T15:00,-11.5,-17.1,70,13.1,44.3,0.0,1006.4,0.0,0.0,8.3,46.0,-46.0,19.94,46.0,0.0
2024-11-16T16:00,-11.4,-16.9,70,12.9,41.0,0.0,1006.4,0.0,0.0,8.3,46.0,-46.0,19.94,46.0,0.0
2024-11-16T17:00,-11.0,-16.6,69,13.7,42.1,0.0,1006.4,0.0,0.0,8.3,46.0,-46.0,19.94,46.0,0.0
2024-11-16T18:00,-12.2,-17.7,71,12.6,42.5,0.0,1006.5,0.0,0.0,8.4,46.1,-46.1,19.94,46.1,0.0
2024-11-16T19:00,-12.5,-17.9,72,12.5,41.0,0.0,1006.8,0.0,0.0,8.4,46.1,-46.1,19.94,46.1,0.0
2024-11-16T20:00,-12.3,-17.7,73,12.1,40.7,0.0,1007.2,0.0,0.0,8.4,46.1,-46.1,19.94,46.1,0.0
2024-11-16T21:00,-11.5,-17.1,70,13.4,42.1,0.0,1007.4,0.0,0.0,8.4,46.1,-46.1,19.94,46.1,0.0
2024-11-16T22:00,-11.6,-17.2,72,13.6,42.5,0.0,1007.4,0.0,0.0,8.4,46.1,-46.1,19.94,46.1,0.0
2024-11-16T23:00,-11.8,-17.5,72,14.2,43.6,0.0,1007.4,0.0,0.0,8.4,46.1,-46.1,19.94,46.1,0.0
2024-11-17T00:00,-12.3,-17.8,71,13.2,43.6,0.0,1007.6,0.0,0.0,8.4,46.1,-46.1,19.94,46.1,0.0
2024-11-17T01:00,-13.1,-18.7,73,13.1,41.4,0.0,1008.2,0.0,0.0,8.5,46.2,-46.2,19.94,46.2,0.0
2024-11-17T02:00,-13.4,-18.9,75,12.8,42.1,0.0,1008.5,0.0,0.0,8.6,46.3,-46.3,19.94,46.3,0.0
2024-11-17T03:00,-13.5,-18.9,74,12.3,40.7,0.0,1008.7,0.0,0.0,8.6,46.3,-46.3,19.94,46.3,0.0
2024-11-17T04:00,-13.3,-18.7,74,11.8,40.3,0.0,1008.8,0.0,0.0,8.5,46.2,-46.2,19.94,46.2,0.0
2024-11-17T05:00,-13.3,-18.6,74,11.6,39.6,0.0,1009.0,0.0,0.0,8.5,46.2,-46.2,19.94,46.2,0.0
2024-11-17T06:00,-13.0,-18.4,72,11.5,38.9,0.0,1009.1,0.0,0.0,8.5,46.2,-46.2,19.94,46.2,0.0
2024-11-17T07:00,-12.9,-18.3,72,11.5,39.2,0.0,1009.5,0.0,0.0,8.4,46.1,-46.1,19.94,46.1,0.0
2024-11-17T08:00,-12.9,-18.1,73,11.0,38.5,0.0,1009.7,0.0,0.0,8.4,46.1,-46.1,19.94,46.1,0.0
2024-11-17T09:00,-12.9,-18.1,73,10.9,37.4,0.0,1010.0,0.0,0.0,8.4,46.1,-46.1,19.94,46.1,0.0
2024-11-17T10:00,-12.9,-18.1,74,10.7,37.1,0.0,1010.2,0.0,0.0,8.4,46.1,-46.1,19.94,46.1,0.0
2024-11-17T11:00,-12.9,-18.1,76,10.5,36.7,0.0,1010.5,0.0,0.0,8.4,46.1,-46.1,19.94,46.1,0.0
2024-11-17T12:00,-13.0,-18.0,76,9.7,35.6,0.0,1010.6,0.0,0.0,8.4,46.1,-46.1,19.94,46.1,0.0
2024-11-17T13:00,-12.6,-17.7,71,10.3,37.8,0.0,1010.9,0.0,0.0,8.3,46.0,-46.0,19.94,46.0,0.0
2024-11-17T14:00,-12.7,-17.6,72,8.6,34.2,0.0,1011.1,0.0,0.0,8.3,46.0,-46.0,19.94,46.0,0.0
2024-11-17T15:00,-13.2,-17.8,75,6.1,30.2,0.0,1011.3,0.0,0.0,8.2,45.9,-45.9,19.94,45.9,0.0
2024-11-17T16:00,-13.6,-18.0,77,5.0,25.2,0.0,1011.5,0.0,2.2,8.2,45.9,-43.7,19.94,43.7,4.8
2024-11-17T17:00,-14.0,-18.3,79,4.8,22.7,0.0,1011.7,0.0,1.7,8.2,45.9,-44.2,19.94,44.2,3.7
2024-11-17T18:00,-14.1,-18.5,80,4.6,22.3,0.0,1011.9,0.0,1.3,8.2,45.9,-44.6,19.94,44.6,2.8
2024-11-17T19:00,-14.2,-18.5,81,4.6,22.0,0.0,1012.3,0.0,1.3,8.3,46.0,-44.7,19.94,44.7,2.8
2024-11-17T20:00,-14.4,-18.5,83,3.3,21.2,0.0,1012.8,0.0,0.0,8.2,45.9,-45.9,19.94,45.9,0.0
2024-11-17T21:00,-14.7,-18.9,84,4.1,20.2,0.0,1013.1,0.0,0.6,8.3,46.0,-45.4,19.94,45.4,1.3
2024-11-17T22:00,-15.0,-19.3,86,4.0,20.5,0.0,1013.2,0.0,0.5,8.3,46.0,-45.5,19.94,45.5,1.1
2024-11-17T23:00,-15.4,-19.7,87,4.7,22.7,0.0,1013.5,0.0,1.5,8.4,46.1,-44.6,19.94,44.6,3.3
2024-11-18T00:00,-15.8,-20.2,86,4.7,22.7,0.0,1013.6,0.0,1.5,8.4,46.1,-44.6,19.94,44.6,3.3
2024-11-18T01:00,-17.6,-22.3,82,6.3,23.0,0.0,1014.2,0.0,6.6,8.7,46.4,-39.8,19.94,39.8,14.2
2024-11-18T02:00,-17.7,-22.5,83,6.4,22.7,0.0,1014.3,0.0,7.0,8.8,46.5,-39.5,19.94,39.5,15.1
2024-11-18T03:00,-17.9,-22.7,84,6.7,23.4,0.0,1014.6,0.0,8.5,8.8,46.5,-38.0,19.94,38.0,18.3
2024-11-18T04:00,-17.9,-22.6,84,6.6,23.4,0.0,1014.9,0.0,8.0,8.8,46.5,-38.5,19.94,38.5,17.2
2024-11-18T05:00,-17.8,-22.6,84,6.9,22.7,0.0,1015.2,0.0,9.5,8.8,46.5,-37.0,19.94,37.0,20.4
2024-11-18T06:00,-18.1,-22.9,87,7.3,22.7,0.0,1015.4,0.0,11.8,8.9,46.6,-34.8,19.94,34.8,25.3
2024-11-18T07:00,-17.9,-22.7,88,7.0,23.0,0.0,1016.1,0.0,10.1,8.8,46.5,-36.4,19.94,36.4,21.7
2024-11-18T08:00,-17.8,-22.7,88,7.6,24.5,0.0,1016.5,0.0,13.7,8.8,46.5,-32.8,19.94,32.8,29.5
2024-11-18T09:00,-17.8,-22.5,87,6.9,24.8,0.0,1017.0,0.0,9.5,8.8,46.5,-37.0,19.94,37.0,20.4
2024-11-18T10:00,-17.7,-22.5,87,7.5,24.5,0.0,1017.3,0.0,13.1,8.8,46.5,-33.4,19.94,33.4,28.2
2024-11-18T11:00,-17.4,-22.3,84,7.7,24.5,0.0,1017.8,0.0,14.4,8.8,46.5,-32.1,19.94,32.1,31.0
2024-11-18T12:00,-17.5,-22.4,84,7.6,24.8,0.0,1018.1,0.0,13.7,8.8,46.5,-32.8,19.94,32.8,29.5
2024-11-18T13:00,-17.1,-22.0,85,7.4,25.9,0.0,1018.4,0.0,12.4,8.7,46.4,-34.0,19.94,34.0,26.7
2024-11-18T14:00,-17.5,-22.3,87,6.9,24.5,0.0,1019.0,0.0,9.5,8.8,46.5,-37.0,19.94,37.0,20.4
2024-11-18T15:00,-18.0,-22.8,89,6.9,22.3,0.0,1019.5,0.0,9.5,8.8,46.5,-37.0,19.94,37.0,20.4
2024-11-18T16:00,-18.3,-23.2,88,7.6,22.0,0.0,1019.8,0.0,13.7,8.9,46.6,-32.9,19.94,32.9,29.4
2024-11-18T17:00,-18.6,-23.6,87,7.9,22.0,0.0,1020.3,0.0,15.7,8.9,46.6,-30.9,19.94,30.9,33.7
2024-11-18T18:00,-18.4,-23.4,87,8.2,22.0,0.0,1020.5,0.0,17.9,8.9,46.6,-28.7,19.94,28.7,38.4
2024-11-18T19:00,-17.9,-22.9,84,8.0,21.2,0.0,1020.7,0.0,16.5,8.9,46.6,-30.1,19.94,30.1,35.4
2024-11-18T20:00,-17.1,-21.9,79,6.9,20.9,0.0,1021.1,0.0,9.5,8.7,46.4,-36.9,19.94,36.9,20.5
2024-11-18T21:00,-16.6,-21.2,75,5.9,20.2,0.0,1021.4,0.0,5.0,8.6,46.3,-41.3,19.94,41.3,10.8
2024-11-18T22:00,-16.3,-20.9,72,5.9,19.8,0.0,1021.7,0.0,5.0,8.6,46.3,-41.3,19.94,41.3,10.8
2024-11-18T23:00,-16.3,-21.1,71,6.3,19.8,0.0,1021.9,0.0,6.6,8.6,46.3,-39.7,19.94,39.7,14.3
2024-11-19T00:00,-16.5,-21.3,71,6.4,19.8,0.0,1022.0,0.0,7.0,8.6,46.3,-39.3,19.94,39.3,15.1
2024-11-19T01:00,-16.4,-21.3,67,6.8,20.2,0.0,1022.2,0.0,9.0,8.6,46.3,-37.3,19.94,37.3,19.4
2024-11-19T02:00,-16.5,-21.3,68,6.7,19.8,0.0,1022.5,0.0,8.5,8.6,46.3,-37.8,19.94,37.8,18.4
2024-11-19T03:00,-16.6,-21.3,70,5.9,19.8,0.0,1022.5,0.0,5.0,8.6,46.3,-41.3,19.94,41.3,10.8
2024-11-19T04:00,-17.0,-21.8,72,6.7,19.4,0.0,1022.7,0.0,8.5,8.7,46.4,-37.9,19.94,37.9,18.3
2024-11-19T05:00,-17.2,-22.0,74,6.2,19.4,0.0,1022.9,0.0,6.2,8.7,46.4,-40.2,19.94,40.2,13.4
2024-11-19T06:00,-17.7,-22.6,76,7.3,19.8,0.0,1023.0,0.0,11.8,8.8,46.5,-34.7,19.94,34.7,25.4
2024-11-19T07:00,-17.6,-22.5,77,7.1,19.8,0.0,1023.4,0.0,10.6,8.8,46.5,-35.9,19.94,35.9,22.8
2024-11-19T08:00,-17.5,-22.3,79,6.8,18.7,0.0,1023.8,0.0,9.0,8.8,46.5,-37.5,19.94,37.5,19.4
2024-11-19T09:00,-17.3,-22.0,79,6.6,18.4,0.0,1024.0,0.0,8.0,8.7,46.4,-38.4,19.94,38.4,17.2
2024-11-19T10:00,-17.5,-22.2,82,6.4,17.6,0.0,1024.3,0.0,7.0,8.7,46.4,-39.4,19.94,39.4,15.1
2024-11-19T11:00,-17.6,-22.4,82,6.8,18.0,0.0,1024.3,0.0,9.0,8.8,46.5,-37.5,19.94,37.5,19.4
2024-11-19T12:00,-17.7,-22.6,82,7.2,18.4,0.0,1024.3,0.0,11.2,8.8,46.5,-35.3,19.94,35.3,24.1
2024-11-19T13:00,-17.0,-21.8,77,6.9,17.3,0.0,1024.4,0.0,9.5,8.7,46.4,-36.9,19.94,36.9,20.5
2024-11-19T14:00,-17.2,-22.1,78,7.0,17.3,0.0,1024.7,0.0,10.1,8.7,46.4,-36.3,19.94,36.3,21.8
2024-11-19T15:00,-17.2,-22.0,77,6.9,17.6,0.0,1024.6,0.0,9.5,8.7,46.4,-36.9,19.94,36.9,20.5
2024-11-19T16:00,-17.5,-22.4,77,7.0,17.3,0.0,1024.7,0.0,10.1,8.8,46.5,-36.4,19.94,36.4,21.7
2024-11-19T17:00,-17.8,-22.7,76,7.4,18.7,0.0,1024.6,0.0,12.4,8.8,46.5,-34.1,19.94,34.1,26.7
2024-11-19T18:00,-18.0,-22.9,76,7.7,19.1,0.0,1024.8,0.0,14.4,8.9,46.6,-32.2,19.94,32.2,30.9
2024-11-19T19:00,-18.0,-23.0,75,7.7,19.4,0.0,1025.0,0.0,14.4,8.9,46.6,-32.2,19.94,32.2,30.9
2024-11-19T20:00,-18.2,-23.2,74,7.7,19.4,0.0,1025.2,0.0,14.4,8.9,46.6,-32.2,19.94,32.2,30.9
2024-11-19T21:00,-18.0,-22.9,73,7.3,19.1,0.0,1025.4,0.0,11.8,8.8,46.5,-34.7,19.94,34.7,25.4
2024-11-19T22:00,-17.7,-22.5,72,6.9,18.7,0.0,1025.6,0.0,9.5,8.8,46.5,-37.0,19.94,37.0,20.4
2024-11-19T23:00,-17.3,-22.1,71,6.6,18.4,0.0,1025.6,0.0,8.0,8.7,46.4,-38.4,19.94,38.4,17.2
2024-11-20T00:00,-17.4,-22.2,71,6.7,18.4,0.0,1025.5,0.0,8.5,8.7,46.4,-37.9,19.94,37.9,18.3
2024-11-20T01:00,-18.0,-22.9,72,7.3,18.7,0.0,1025.8,0.0,11.8,8.8,46.5,-34.7,19.94,34.7,25.4
2024-11-20T02:00,-18.1,-23.0,72,7.2,18.7,0.0,1025.8,0.0,11.2,8.8,46.5,-35.3,19.94,35.3,24.1
2024-11-20T03:00,-18.2,-23.2,73,7.3,19.1,0.0,1025.4,0.0,11.8,8.9,46.6,-34.8,19.94,34.8,25.3
2024-11-20T04:00,-18.4,-23.3,75,7.3,19.1,0.0,1025.2,0.0,11.8,8.9,46.6,-34.8,19.94,34.8,25.3
2024-11-20T05:00,-18.3,-23.2,76,7.2,18.4,0.0,1025.1,0.0,11.2,8.9,46.6,-35.4,19.94,35.4,24.0
2024-11-20T06:00,-18.3,-23.2,77,7.5,17.3,0.0,1024.8,0.0,13.1,8.9,46.6,-33.5,19.94,33.5,28.1
2024-11-20T07:00,-18.8,-23.9,79,8.2,17.6,0.0,1025.0,0.0,17.9,9.0,46.7,-28.8,19.94,28.8,38.3
2024-11-20T08:00,-19.0,-24.1,79,8.6,18.0,0.0,1025.2,0.0,21.1,9.0,46.7,-25.6,19.94,25.6,45.2
2024-11-20T09:00,-18.7,-23.8,76,8.1,17.6,0.0,1025.0,0.0,17.2,9.0,46.7,-29.5,19.94,29.5,36.8
2024-11-20T10:00,-18.4,-23.4,75,7.9,16.6,0.0,1024.9,0.0,15.7,8.9,46.6,-30.9,19.94,30.9,33.7
2024-11-20T11:00,-18.3,-23.3,75,8.0,15.8,0.0,1024.6,0.0,16.5,8.9,46.6,-30.1,19.94,30.1,35.4
2024-11-20T12:00,-18.5,-23.5,77,7.9,15.8,0.0,1024.1,0.0,15.7,8.9,46.6,-30.9,19.94,30.9,33.7
2024-11-20T13:00,-18.7,-23.8,76,8.2,14.8,0.0,1024.3,0.0,17.9,9.0,46.7,-28.8,19.94,28.8,38.3
2024-11-20T14:00,-18.4,-23.3,74,7.6,14.0,0.0,1023.8,0.0,13.7,8.9,46.6,-32.9,19.94,32.9,29.4
2024-11-20T15:00,-17.9,-22.7,72,6.9,12.6,0.0,1023.6,0.0,9.5,8.8,46.5,-37.0,19.94,37.0,20.4
2024-11-20T16:00,-17.9,-22.7,74,6.7,11.2,0.0,1023.2,0.0,8.5,8.8,46.5,-38.0,19.94,38.0,18.3
2024-11-20T17:00,-17.5,-22.3,74,6.5,10.8,0.0,1022.7,0.0,7.5,8.7,46.4,-38.9,19.94,38.9,16.2
2024-11-20T18:00,-17.3,-22.0,74,6.1,9.7,0.0,1022.4,0.0,5.8,8.7,46.4,-40.6,19.94,40.6,12.5
2024-11-20T19:00,-16.9,-21.5,75,5.4,8.3,0.0,1022.1,0.0,3.3,8.6,46.3,-43.0,19.94,43.0,7.1
2024-11-20T20:00,-16.5,-21.2,74,5.8,8.6,0.0,1022.1,0.0,4.6,8.6,46.3,-41.7,19.94,41.7,9.9
2024-11-20T21:00,-16.2,-20.9,74,5.8,10.4,0.0,1021.9,0.0,4.6,8.5,46.2,-41.6,19.94,41.6,10.0
2024-11-20T22:00,-15.1,-19.6,73,5.1,11.9,0.0,1021.8,0.0,2.4,8.4,46.1,-43.7,19.94,43.7,5.2
2024-11-20T23:00,-14.2,-18.7,74,5.3,13.7,0.0,1021.4,0.0,3.0,8.3,46.0,-43.0,19.94,43.0,6.5
2024-11-21T00:00,-13.5,-17.9,76,5.2,14.8,0.0,1021.1,0.0,2.7,8.2,45.9,-43.2,19.94,43.2,5.9
2024-11-21T01:00,-12.6,-17.1,76,6.0,16.6,0.0,1020.8,0.0,5.4,8.1,45.8,-40.4,19.94,40.4,11.8
2024-11-21T02:00,-12.9,-17.5,77,6.2,16.9,0.0,1020.4,0.0,6.2,8.2,45.9,-39.7,19.94,39.7,13.5
2024-11-21T03:00,-12.3,-16.7,76,6.0,17.3,0.0,1020.0,0.0,5.4,8.1,45.8,-40.4,19.94,40.4,11.8
2024-11-21T04:00,-12.1,-16.5,77,5.5,17.6,0.0,1019.6,0.0,3.6,8.1,45.8,-42.2,19.94,42.2,7.9
2024-11-21T05:00,-12.3,-16.5,80,4.5,17.3,0.0,1019.6,0.0,1.2,8.0,45.7,-44.5,19.94,44.5,2.6
2024-11-21T06:00,-12.2,-16.5,83,4.8,16.2,0.0,1019.1,0.0,1.7,8.0,45.7,-44.0,19.94,44.0,3.7
2024-11-21T07:00,-11.7,-15.9,81,4.5,15.5,0.0,1019.0,0.0,1.2,8.0,45.7,-44.5,19.94,44.5,2.6
2024-11-21T08:00,-10.8,-14.9,80,3.8,14.8,0.0,1019.1,0.0,0.3,7.8,45.5,-45.2,19.94,45.2,0.7
2024-11-21T09:00,-10.1,-14.1,80,3.9,14.0,0.0,1018.9,0.0,0.4,7.8,45.5,-45.1,19.94,45.1,0.9
2024-11-21T10:00,-9.8,-13.7,83,3.4,14.0,0.0,1018.8,0.0,0.1,7.7,45.4,-45.3,19.94,45.3,0.2
2024-11-21T11:00,-9.6,-13.5,86,3.3,13.0,0.0,1018.4,0.0,0.0,7.7,45.4,-45.4,19.94,45.4,0.0
2024-11-21T12:00,-9.4,-13.1,89,2.7,12.6,0.0,1018.2,0.0,0.0,7.6,45.3,-45.3,19.94,45.3,0.0
2024-11-21T13:00,-8.9,-12.9,82,4.5,16.9,0.0,1017.5,0.0,1.2,7.7,45.4,-44.2,19.94,44.2,2.6
2024-11-21T14:00,-8.7,-12.6,84,4.4,15.8,0.0,1017.1,0.0,1.0,7.6,45.3,-44.3,19.94,44.3,2.2
2024-11-21T15:00,-8.6,-12.4,86,3.7,15.1,0.0,1016.7,0.0,0.2,7.6,45.3,-45.1,19.94,45.1,0.4
2024-11-21T16:00,-8.4,-12.1,88,3.1,14.4,0.0,1016.5,0.0,0.0,7.5,45.2,-45.2,19.94,45.2,0.0
2024-11-21T17:00,-8.5,-12.0,89,1.8,13.3,0.0,1016.2,0.0,0.0,7.5,45.2,-45.2,19.94,45.2,0.0
2024-11-21T18:00,-8.4,-11.9,89,2.2,11.9,0.0,1016.1,0.0,0.0,7.5,45.2,-45.2,19.94,45.2,0.0
2024-11-21T19:00,-8.2,-11.8,89,2.6,12.2,0.0,1015.7,0.0,0.0,7.5,45.2,-45.2,19.94,45.2,0.0
2024-11-21T20:00,-8.3,-12.0,87,3.6,12.6,0.0,1015.7,0.0,0.2,7.6,45.3,-45.1,19.94,45.1,0.4
2024-11-21T21:00,-8.7,-12.7,85,4.3,13.0,0.0,1015.3,0.0,0.9,7.6,45.3,-44.4,19.94,44.4,2.0
2024-11-21T22:00,-9.5,-13.7,86,5.5,14.0,0.0,1015.0,0.0,3.6,7.8,45.5,-41.9,19.94,41.9,7.9
2024-11-21T23:00,-9.9,-14.2,88,6.5,15.5,0.0,1014.6,0.0,7.5,7.9,45.6,-38.1,19.94,38.1,16.4
2024-11-22T00:00,-9.6,-13.9,86,6.1,15.8,0.0,1014.1,0.0,5.8,7.8,45.5,-39.7,19.94,39.7,12.7
2024-11-22T01:00,-7.8,-11.9,86,5.7,15.5,0.0,1013.3,0.0,4.2,7.6,45.3,-41.1,19.94,41.1,9.3
2024-11-22T02:00,-7.4,-11.3,87,5.4,14.8,0.0,1012.6,0.0,3.3,7.5,45.2,-41.9,19.94,41.9,7.3
2024-11-22T03:00,-7.0,-10.9,88,5.2,14.4,0.0,1012.0,0.0,2.7,7.5,45.2,-42.5,19.94,42.5,6.0
2024-11-22T04:00,-6.7,-10.5,87,4.7,14.0,0.0,1011.6,0.0,1.5,7.4,45.1,-43.6,19.94,43.6,3.3
2024-11-22T05:00,-6.7,-10.6,88,5.4,13.0,0.0,1011.3,0.0,3.3,7.4,45.1,-41.8,19.94,41.8,7.3
2024-11-22T06:00,-7.2,-11.2,89,5.5,13.3,0.0,1010.9,0.0,3.6,7.5,45.2,-41.6,19.94,41.6,8.0
2024-11-22T07:00,-6.6,-10.4,89,5.0,12.6,0.0,1010.6,0.0,2.2,7.4,45.1,-42.9,19.94,42.9,4.9
2024-11-22T08:00,-6.5,-10.3,89,5.2,11.5,0.0,1010.4,0.0,2.7,7.4,45.1,-42.4,19.94,42.4,6.0
2024-11-22T09:00,-6.5,-10.3,89,5.1,11.2,0.0,1010.0,0.0,2.4,7.4,45.1,-42.7,19.94,42.7,5.3
2024-11-22T10:00,-6.3,-10.1,89,4.9,10.4,0.0,1009.4,0.0,2.0,7.4,45.1,-43.1,19.94,43.1,4.4
2024-11-22T11:00,-6.3,-10.0,88,4.6,9.0,0.0,1008.9,0.0,1.3,7.4,45.1,-43.8,19.94,43.8,2.9
2024-11-22T12:00,-6.4,-10.1,89,4.1,9.0,0.0,1008.0,0.0,0.6,7.4,45.1,-44.5,19.94,44.5,1.3
2024-11-22T13:00,-5.9,-9.2,86,1.6,10.1,0.0,1007.6,0.0,0.0,7.2,44.9,-44.9,19.94,44.9,0.0
2024-11-22T14:00,-6.3,-9.8,92,3.2,9.7,0.0,1007.2,0.0,0.0,7.3,45.0,-45.0,19.94,45.0,0.0
2024-11-22T15:00,-7.0,-10.7,93,4.5,10.4,0.0,1006.5,0.0,1.2,7.4,45.1,-43.9,19.94,43.9,2.7
2024-11-22T16:00,-8.7,-12.7,92,5.9,11.5,0.0,1005.9,0.0,5.0,7.7,45.4,-40.4,19.94,40.4,11.0
2024-11-22T17:00,-9.3,-13.5,91,6.5,13.3,0.0,1005.4,0.0,7.5,7.8,45.5,-38.0,19.94,38.0,16.5
2024-11-22T18:00,-10.9,-15.2,89,6.3,14.0,0.0,1004.8,0.0,6.6,8.0,45.7,-39.1,19.94,39.1,14.4
2024-11-22T19:00,-11.3,-15.6,89,5.9,14.4,0.0,1004.1,0.0,5.0,8.0,45.7,-40.7,19.94,40.7,10.9
2024-11-22T20:00,-11.4,-15.6,88,5.2,14.4,0.0,1003.8,0.0,2.7,8.0,45.7,-43.0,19.94,43.0,5.9
2024-11-22T21:00,-11.5,-15.8,88,5.6,14.4,0.0,1003.3,0.0,3.9,8.0,45.7,-41.8,19.94,41.8,8.5
2024-11-22T22:00,-11.3,-15.6,89,6.1,16.6,0.0,1002.7,0.0,5.8,8.0,45.7,-39.9,19.94,39.9,12.7
2024-11-22T23:00,-11.7,-16.2,85,6.9,20.2,0.0,1001.8,0.0,9.5,8.1,45.8,-36.3,19.94,36.3,20.7
2024-11-23T00:00,-12.0,-16.5,85,7.2,22.7,0.0,1000.9,0.0,11.2,8.1,45.8,-34.6,19.94,34.6,24.5
2024-11-23T01:00,-12.1,-16.7,84,7.6,24.5,0.0,1000.5,0.0,13.7,8.2,45.9,-32.2,19.94,32.2,29.8
2024-11-23T02:00,-12.5,-17.1,81,6.9,25.6,0.0,1000.1,0.0,9.5,8.2,45.9,-36.4,19.94,36.4,20.7
2024-11-23T03:00,-12.5,-17.0,78,6.1,25.6,0.0,999.3,0.0,5.8,8.1,45.8,-40.0,19.94,40.0,12.7
2024-11-23T04:00,-12.2,-16.7,78,6.0,24.8,0.0,998.9,0.0,5.4,8.1,45.8,-40.4,19.94,40.4,11.8
2024-11-23T05:00,-12.2,-16.5,79,5.4,24.8,0.0,998.4,0.0,3.3,8.1,45.8,-42.5,19.94,42.5,7.2
2024-11-23T06:00,-11.9,-16.3,78,5.4,23.8,0.0,998.0,0.0,3.3,8.0,45.7,-42.4,19.94,42.4,7.2
2024-11-23T07:00,-12.2,-16.6,80,5.3,22.3,0.0,997.6,0.0,3.0,8.1,45.8,-42.8,19.94,42.8,6.6
2024-11-23T08:00,-11.1,-15.3,80,4.8,22.0,0.0,997.2,0.0,1.7,7.9,45.6,-43.9,19.94,43.9,3.7
2024-11-23T09:00,-10.3,-14.4,80,4.2,21.6,0.0,996.9,0.0,0.7,7.8,45.5,-44.8,19.94,44.8,1.5
2024-11-23T10:00,-9.2,-13.3,81,4.6,20.5,0.0,996.3,0.0,1.3,7.7,45.4,-44.1,19.94,44.1,2.9
2024-11-23T11:00,-8.8,-12.9,84,5.3,20.9,0.0,995.8,0.0,3.0,7.7,45.4,-42.4,19.94,42.4,6.6
2024-11-23T12:00,-8.7,-12.8,85,5.5,20.9,0.0,994.9,0.0,3.6,7.7,45.4,-41.8,19.94,41.8,7.9
2024-11-23T13:00,-8.1,-11.9,86,4.1,18.7,0.0,994.2,0.0,0.6,7.5,45.2,-44.6,19.94,44.6,1.3
2024-11-23T14:00,-8.1,-11.9,87,3.7,17.3,0.0,994.0,0.0,0.2,7.5,45.2,-45.0,19.94,45.0,0.4
2024-11-23T15:00,-8.3,-12.2,86,4.2,16.6,0.0,993.7,0.0,0.7,7.6,45.3,-44.6,19.94,44.6,1.5
2024-11-23T16:00,-8.1,-11.9,86,4.3,16.6,0.0,993.3,0.0,0.9,7.6,45.3,-44.4,19.94,44.4,2.0
2024-11-23T17:00,-7.8,-11.6,85,3.8,16.2,0.0,993.1,0.0,0.3,7.5,45.2,-44.9,19.94,44.9,0.7
2024-11-23T18:00,-7.8,-11.5,85,3.3,14.8,0.0,993.0,0.0,0.0,7.5,45.2,-45.2,19.94,45.2,0.0
2024-11-23T19:00,-7.5,-11.2,85,3.3,13.7,0.0,992.7,0.0,0.0,7.4,45.1,-45.1,19.94,45.1,0.0
2024-11-23T20:00,-7.6,-11.3,85,3.6,13.3,0.0,992.6,0.0,0.2,7.5,45.2,-45.0,19.94,45.0,0.4
2024-11-23T21:00,-8.1,-11.9,85,3.5,13.3,0.0,992.4,0.0,0.1,7.5,45.2,-45.1,19.94,45.1,0.2
2024-11-23T22:00,-10.4,-14.2,89,2.9,12.6,0.0,992.2,0.0,0.0,7.8,45.5,-45.5,19.94,45.5,0.0
2024-11-23T23:00,-11.5,-15.4,93,2.9,11.9,0.0,991.9,0.0,0.0,7.9,45.6,-45.6,19.94,45.6,0.0
2024-11-24T00:00,-12.6,-16.9,90,5.2,12.6,0.0,991.5,0.0,2.7,8.1,45.8,-43.1,19.94,43.1,5.9
2024-11-24T01:00,-9.9,-13.6,86,2.3,10.8,0.0,990.9,0.0,0.0,7.7,45.4,-45.4,19.94,45.4,0.0
2024-11-24T02:00,-11.2,-15.1,89,3.4,9.4,0.0,990.8,0.0,0.1,7.9,45.6,-45.5,19.94,45.5,0.2
2024-11-24T03:00,-12.5,-16.8,89,5.6,11.5,0.0,990.6,0.0,3.9,8.1,45.8,-41.9,19.94,41.9,8.5
2024-11-24T04:00,-13.8,-18.4,90,7.3,12.6,0.0,990.4,0.0,11.8,8.3,46.0,-34.2,19.94,34.2,25.7
2024-11-24T05:00,-14.6,-19.4,85,7.8,13.3,0.0,990.4,0.0,15.1,8.5,46.2,-31.1,19.94,31.1,32.7
2024-11-24T06:00,-14.4,-19.1,86,7.2,13.3,0.0,990.5,0.0,11.2,8.4,46.1,-34.9,19.94,34.9,24.3
2024-11-24T07:00,-14.4,-19.2,86,7.6,12.6,0.0,990.4,0.0,13.7,8.4,46.1,-32.4,19.94,32.4,29.7
2024-11-24T08:00,-14.9,-19.8,86,8.0,13.3,0.0,990.4,0.0,16.5,8.5,46.2,-29.7,19.94,29.7,35.7
2024-11-24T09:00,-15.3,-20.1,85,7.7,13.7,0.0,990.3,0.0,14.4,8.5,46.2,-31.8,19.94,31.8,31.2
2024-11-24T10:00,-14.9,-19.4,84,6.0,13.7,0.0,990.4,0.0,5.4,8.4,46.1,-40.7,19.94,40.7,11.7
2024-11-24T11:00,-14.5,-19.0,88,6.1,14.4,0.0,990.4,0.0,5.8,8.4,46.1,-40.3,19.94,40.3,12.6
2024-11-24T12:00,-14.7,-19.4,87,7.0,15.8,0.0,990.3,0.0,10.1,8.4,46.1,-36.0,19.94,36.0,21.9
2024-11-24T13:00,-13.9,-18.5,87,7.4,16.2,0.0,990.2,0.0,12.4,8.4,46.1,-33.7,19.94,33.7,26.9
2024-11-24T14:00,-13.0,-17.4,86,6.1,15.5,0.0,990.4,0.0,5.8,8.2,45.9,-40.1,19.94,40.1,12.6
2024-11-24T15:00,-12.5,-17.0,85,6.2,16.9,0.0,990.4,0.0,6.2,8.1,45.8,-39.6,19.94,39.6,13.5
2024-11-24T16:00,-12.0,-16.3,84,5.2,17.3,0.0,990.2,0.0,2.7,8.0,45.7,-43.0,19.94,43.0,5.9
2024-11-24T17:00,-12.3,-16.6,86,5.5,17.3,0.0,990.3,0.0,3.6,8.1,45.8,-42.2,19.94,42.2,7.9
2024-11-24T18:00,-12.8,-17.2,87,5.9,17.6,0.0,990.4,0.0,5.0,8.2,45.9,-40.9,19.94,40.9,10.9
2024-11-24T19:00,-12.7,-17.2,86,6.1,17.6,0.0,990.5,0.0,5.8,8.2,45.9,-40.1,19.94,40.1,12.6
2024-11-24T20:00,-12.7,-17.1,85,6.1,17.3,0.0,990.5,0.0,5.8,8.2,45.9,-40.1,19.94,40.1,12.6
2024-11-24T21:00,-12.7,-17.2,84,6.2,17.3,0.0,990.4,0.0,6.2,8.2,45.9,-39.7,19.94,39.7,13.5
2024-11-24T22:00,-12.4,-16.8,83,6.2,18.0,0.0,990.3,0.0,6.2,8.1,45.8,-39.6,19.94,39.6,13.5
2024-11-24T23:00,-11.9,-16.3,81,5.8,18.0,0.0,990.3,0.0,4.6,8.1,45.8,-41.2,19.94,41.2,10.0
2024-11-25T00:00,-11.7,-16.1,80,5.5,17.3,0.0,990.2,0.0,3.6,8.0,45.7,-42.1,19.94,42.1,7.9
2024-11-25T01:00,-11.1,-15.6,71,5.8,21.2,0.0,989.1,0.0,4.6,8.0,45.7,-41.1,19.94,41.1,10.1
2024-11-25T02:00,-11.2,-15.5,67,4.6,21.6,0.0,989.1,0.0,1.3,7.9,45.6,-44.3,19.94,44.3,2.9
2024-11-25T03:00,-11.3,-15.7,69,5.2,19.8,0.0,989.2,0.0,2.7,8.0,45.7,-43.0,19.94,43.0,5.9
2024-11-25T04:00,-11.2,-15.6,73,5.5,20.9,0.0,989.4,0.0,3.6,8.0,45.7,-42.1,19.94,42.1,7.9
2024-11-25T05:00,-10.9,-15.4,76,6.8,24.1,0.0,989.6,0.0,9.0,8.0,45.7,-36.7,19.94,36.7,19.7
2024-11-25T06:00,-11.0,-15.7,76,8.0,26.3,0.0,989.5,0.0,16.5,8.0,45.7,-29.2,19.94,29.2,36.1
2024-11-25T07:00,-11.1,-16.0,76,9.5,28.8,0.0,989.5,0.0,0.0,8.1,45.8,-45.8,19.94,45.8,0.0
2024-11-25T08:00,-11.5,-16.5,75,9.7,30.2,0.0,989.6,0.0,0.0,8.2,45.9,-45.9,19.94,45.9,0.0
2024-11-25T09:00,-12.4,-17.4,76,9.5,29.5,0.0,989.5,0.0,0.0,8.3,46.0,-46.0,19.94,46.0,0.0
2024-11-25T10:00,-12.6,-17.6,74,9.3,29.2,0.0,989.2,0.0,0.0,8.3,46.0,-46.0,19.94,46.0,0.0
2024-11-25T11:00,-12.8,-17.7,73,8.6,28.1,0.0,989.1,0.0,0.0,8.3,46.0,-46.0,19.94,46.0,0.0
2024-11-25T12:00,-13.1,-17.8,75,7.5,25.9,0.0,988.9,0.0,13.1,8.3,46.0,-32.9,19.94,32.9,28.5
2024-11-25T13:00,-12.4,-17.7,79,12.3,38.2,0.0,987.2,0.0,0.0,8.4,46.1,-46.1,19.94,46.1,0.0
2024-11-25T14:00,-12.3,-17.7,78,12.6,37.4,0.0,987.1,0.0,0.0,8.4,46.1,-46.1,19.94,46.1,0.0
2024-11-25T15:00,-12.5,-17.6,79,10.5,38.9,0.0,986.8,0.0,0.0,8.3,46.0,-46.0,19.94,46.0,0.0
2024-11-25T16:00,-13.0,-17.9,80,9.3,33.5,0.0,987.1,0.0,0.0,8.3,46.0,-46.0,19.94,46.0,0.0
2024-11-25T17:00,-13.1,-18.0,79,9.0,29.9,0.0,987.0,0.0,0.0,8.3,46.0,-46.0,19.94,46.0,0.0
2024-11-25T18:00,-13.1,-18.0,79,8.7,29.5,0.0,987.3,0.0,0.0,8.3,46.0,-46.0,19.94,46.0,0.0
2024-11-25T19:00,-13.4,-18.4,79,9.3,28.4,0.0,987.4,0.0,0.0,8.4,46.1,-46.1,19.94,46.1,0.0
2024-11-25T20:00,-13.6,-18.6,78,9.4,28.8,0.0,987.5,0.0,0.0,8.4,46.1,-46.1,19.94,46.1,0.0
2024-11-25T21:00,-13.5,-18.4,79,8.8,28.4,0.0,987.7,0.0,0.0,8.4,46.1,-46.1,19.94,46.1,0.0
2024-11-25T22:00,-13.6,-18.5,79,9.1,28.1,0.0,987.8,0.0,0.0,8.4,46.1,-46.1,19.94,46.1,0.0
2024-11-25T23:00,-13.5,-18.4,79,8.6,28.1,0.0,988.0,0.0,0.0,8.4,46.1,-46.1,19.94,46.1,0.0
2024-11-26T00:00,-13.5,-18.5,79,9.4,29.2,0.0,988.0,0.0,0.0,8.4,46.1,-46.1,19.94,46.1,0.0
2024-11-26T01:00,-13.6,-18.7,78,10.3,31.0,0.0,987.3,0.0,0.0,8.5,46.2,-46.2,19.94,46.2,0.0
2024-11-26T02:00,-13.5,-18.6,78,10.3,30.6,0.0,987.5,0.0,0.0,8.5,46.2,-46.2,19.94,46.2,0.0
2024-11-26T03:00,-13.3,-18.4,77,10.0,31.0,0.0,987.6,0.0,0.0,8.4,46.1,-46.1,19.94,46.1,0.0
2024-11-26T04:00,-13.1,-18.2,77,10.5,32.4,0.0,987.8,0.0,0.0,8.4,46.1,-46.1,19.94,46.1,0.0
2024-11-26T05:00,-13.0,-18.2,77,10.8,34.2,0.0,988.1,0.0,0.0,8.4,46.1,-46.1,19.94,46.1,0.0
2024-11-26T06:00,-12.8,-18.2,77,11.7,34.6,0.0,988.2,0.0,0.0,8.4,46.1,-46.1,19.94,46.1,0.0
2024-11-26T07:00,-13.1,-18.4,77,11.3,34.6,0.0,988.5,0.0,0.0,8.5,46.2,-46.2,19.94,46.2,0.0
2024-11-26T08:00,-13.2,-18.5,76,11.1,33.1,0.0,988.9,0.0,0.0,8.5,46.2,-46.2,19.94,46.2,0.0
2024-11-26T09:00,-13.5,-18.7,76,10.7,32.0,0.0,989.0,0.0,0.0,8.5,46.2,-46.2,19.94,46.2,0.0
2024-11-26T10:00,-13.6,-18.7,77,9.9,31.3,0.0,989.1,0.0,0.0,8.4,46.1,-46.1,19.94,46.1,0.0
2024-11-26T11:00,-13.6,-18.7,77,10.1,32.0,0.0,989.2,0.0,0.0,8.5,46.2,-46.2,19.94,46.2,0.0
2024-11-26T12:00,-13.3,-18.5,75,11.1,34.6,0.0,989.3,0.0,0.0,8.5,46.2,-46.2,19.94,46.2,0.0
2024-11-26T13:00,-12.5,-17.9,74,12.3,38.5,0.0,989.0,0.0,0.0,8.4,46.1,-46.1,19.94,46.1,0.0
2024-11-26T14:00,-12.5,-18.0,74,13.0,40.0,0.0,989.0,0.0,0.0,8.5,46.2,-46.2,19.94,46.2,0.0
2024-11-26T15:00,-12.3,-17.8,73,12.9,40.3,0.0,989.6,0.0,0.0,8.4,46.1,-46.1,19.94,46.1,0.0
2024-11-26T16:00,-12.2,-17.5,73,12.0,40.7,0.0,989.9,0.0,0.0,8.4,46.1,-46.1,19.94,46.1,0.0
2024-11-26T17:00,-12.1,-17.4,73,11.7,38.5,0.0,990.0,0.0,0.0,8.4,46.1,-46.1,19.94,46.1,0.0
2024-11-26T18:00,-12.0,-17.3,73,11.2,38.2,0.0,990.1,0.0,0.0,8.3,46.0,-46.0,19.94,46.0,0.0
2024-11-26T19:00,-11.8,-17.1,73,11.9,37.4,0.0,990.2,0.0,0.0,8.3,46.0,-46.0,19.94,46.0,0.0
2024-11-26T20:00,-11.6,-16.9,74,11.6,37.8,0.0,990.5,0.0,0.0,8.3,46.0,-46.0,19.94,46.0,0.0
2024-11-26T21:00,-11.4,-16.8,73,12.3,37.4,0.0,991.0,0.0,0.0,8.3,46.0,-46.0,19.94,46.0,0.0
2024-11-26T22:00,-11.3,-16.9,73,13.6,41.8,0.0,991.3,0.0,0.0,8.3,46.0,-46.0,19.94,46.0,0.0
2024-11-26T23:00,-11.2,-16.9,72,14.2,42.8,0.0,992.0,0.0,0.0,8.4,46.1,-46.1,19.94,46.1,0.0
2024-11-27T00:00,-11.2,-16.9,72,14.7,43.9,0.0,992.2,0.0,0.0,8.4,46.1,-46.1,19.94,46.1,0.0
2024-11-27T01:00,-12.1,-18.4,69,17.9,51.8,0.0,991.5,0.0,0.0,8.6,46.3,-46.3,19.94,46.3,0.0
2024-11-27T02:00,-12.1,-18.3,68,17.5,52.9,0.0,992.2,0.0,0.0,8.6,46.3,-46.3,19.94,46.3,0.0
2024-11-27T03:00,-12.1,-18.2,68,17.0,51.8,0.0,992.9,0.0,0.0,8.6,46.3,-46.3,19.94,46.3,0.0
2024-11-27T04:00,-12.2,-18.3,68,17.1,50.0,0.0,993.5,0.0,0.0,8.6,46.3,-46.3,19.94,46.3,0.0
2024-11-27T05:00,-12.2,-18.5,68,17.7,51.1,0.0,994.1,0.0,0.0,8.6,46.3,-46.3,19.94,46.3,0.0
2024-11-27T06:00,-12.3,-18.5,67,17.4,51.5,0.0,995.0,0.0,0.0,8.6,46.3,-46.3,19.94,46.3,0.0
2024-11-27T07:00,-12.4,-18.4,65,16.0,50.8,0.0,996.1,0.0,0.0,8.6,46.3,-46.3,19.94,46.3,0.0
2024-11-27T08:00,-12.7,-18.1,66,11.7,47.9,0.0,997.4,0.0,0.0,8.4,46.1,-46.1,19.94,46.1,0.0
2024-11-27T09:00,-12.8,-17.8,70,9.6,36.4,0.0,998.5,0.0,0.0,8.3,46.0,-46.0,19.94,46.0,0.0
2024-11-27T10:00,-13.2,-18.0,73,7.6,27.4,0.0,999.3,0.0,13.7,8.3,46.0,-32.3,19.94,32.3,29.8
2024-11-27T11:00,-13.4,-17.9,74,5.8,20.9,0.0,1000.3,0.0,4.6,8.2,45.9,-41.3,19.94,41.3,10.0
2024-11-27T12:00,-13.7,-18.0,75,4.4,16.6,0.0,1001.1,0.0,1.0,8.2,45.9,-44.9,19.94,44.9,2.2
2024-11-27T13:00,-15.1,-19.5,78,4.9,19.1,0.0,1001.5,0.0,2.0,8.4,46.1,-44.1,19.94,44.1,4.3
2024-11-27T14:00,-15.9,-20.2,79,3.8,14.8,0.0,1002.4,0.0,0.3,8.4,46.1,-45.8,19.94,45.8,0.7
2024-11-27T15:00,-16.0,-20.2,79,3.3,10.4,0.0,1003.3,0.0,0.0,8.4,46.1,-46.1,19.94,46.1,0.0
2024-11-27T16:00,-16.4,-20.6,79,3.1,7.2,0.0,1004.2,0.0,0.0,8.4,46.1,-46.1,19.94,46.1,0.0
2024-11-27T17:00,-17.1,-21.3,81,2.8,5.8,0.0,1005.2,0.0,0.0,8.5,46.2,-46.2,19.94,46.2,0.0
2024-11-27T18:00,-18.0,-22.4,83,4.1,8.6,0.0,1006.0,0.0,0.6,8.7,46.4,-45.8,19.94,45.8,1.3
2024-11-27T19:00,-18.6,-23.1,84,5.2,10.4,0.0,1006.7,0.0,2.7,8.8,46.5,-43.8,19.94,43.8,5.8
2024-11-27T20:00,-18.4,-23.1,82,6.0,11.9,0.0,1007.8,0.0,5.4,8.8,46.5,-41.1,19.94,41.1,11.6
2024-11-27T21:00,-18.4,-23.1,80,5.8,11.9,0.0,1008.7,0.0,4.6,8.8,46.5,-41.9,19.94,41.9,9.9
2024-11-27T22:00,-18.0,-22.7,78,5.6,11.9,0.0,1009.5,0.0,3.9,8.7,46.4,-42.5,19.94,42.5,8.4
2024-11-27T23:00,-18.3,-23.1,80,6.5,13.0,0.0,1010.2,0.0,7.5,8.8,46.5,-39.0,19.94,39.0,16.1
2024-11-28T00:00,-19.4,-24.3,83,7.6,15.5,0.0,1010.4,0.0,13.7,9.0,46.7,-33.0,19.94,33.0,29.3
2024-11-28T01:00,-19.5,-24.4,82,7.1,16.9,0.0,1011.5,0.0,10.6,9.0,46.7,-36.1,19.94,36.1,22.7
2024-11-28T02:00,-20.1,-25.0,80,7.3,16.6,0.0,1012.0,0.0,11.8,9.1,46.8,-35.0,19.94,35.0,25.2
2024-11-28T03:00,-20.5,-25.5,79,7.3,16.6,0.0,1012.4,0.0,11.8,9.1,46.8,-35.0,19.94,35.0,25.2
2024-11-28T04:00,-21.4,-26.5,79,7.8,16.9,0.0,1012.4,0.0,15.1,9.3,47.0,-31.9,19.94,31.9,32.1
2024-11-28T05:00,-22.2,-27.4,80,8.2,18.0,0.0,1012.6,0.0,17.9,9.4,47.1,-29.2,19.94,29.2,38.0
2024-11-28T06:00,-22.8,-27.9,79,8.0,18.4,0.0,1012.7,0.0,16.5,9.4,47.1,-30.6,19.94,30.6,35.0
2024-11-28T07:00,-23.3,-28.5,78,8.3,19.4,0.0,1012.7,0.0,18.7,9.5,47.2,-28.5,19.94,28.5,39.6
2024-11-28T08:00,-23.5,-28.7,76,8.8,20.5,0.0,1012.9,0.0,22.8,9.6,47.3,-24.5,19.94,24.5,48.2
2024-11-28T09:00,-23.6,-28.9,74,8.8,21.6,0.0,1012.9,0.0,22.8,9.6,47.3,-24.5,19.94,24.5,48.2
2024-11-28T10:00,-24.1,-29.4,73,9.2,22.7,0.0,1012.4,0.0,26.4,9.7,47.4,-21.0,19.94,21.0,55.7
2024-11-28T11:00,-24.3,-29.7,73,9.4,24.1,0.0,1011.9,0.0,28.3,9.7,47.4,-19.1,19.94,19.1,59.7
2024-11-28T12:00,-23.8,-29.2,72,9.6,25.9,0.0,1011.3,0.0,30.3,9.7,47.4,-17.1,19.94,17.1,63.9
2024-11-28T13:00,-22.5,-27.9,80,10.0,29.9,0.0,1010.4,0.0,0.0,9.5,47.2,-47.2,19.94,47.2,0.0
2024-11-28T14:00,-22.0,-27.5,86,11.1,34.6,0.0,1009.4,0.0,0.0,9.5,47.2,-47.2,19.94,47.2,0.0
2024-11-28T15:00,-21.5,-27.1,90,11.9,36.7,0.0,1008.3,0.0,0.0,9.5,47.2,-47.2,19.94,47.2,0.0
2024-11-28T16:00,-22.1,-27.6,92,11.1,37.1,0.0,1007.5,0.0,0.0,9.6,47.3,-47.3,19.94,47.3,0.0
2024-11-28T17:00,-21.8,-27.4,92,11.7,38.2,0.0,1006.4,0.0,0.0,9.6,47.3,-47.3,19.94,47.3,0.0
2024-11-28T18:00,-20.5,-26.1,87,12.1,39.6,0.0,1005.3,0.0,0.0,9.4,47.1,-47.1,19.94,47.1,0.0
2024-11-28T19:00,-18.9,-24.8,80,14.4,43.6,0.0,1004.1,0.0,0.0,9.3,47.0,-47.0,19.94,47.0,0.0
2024-11-28T20:00,-18.7,-24.7,78,14.8,45.0,0.0,1002.9,0.0,0.0,9.3,47.0,-47.0,19.94,47.0,0.0
2024-11-28T21:00,-17.1,-23.1,76,14.7,45.7,0.0,1001.7,0.0,0.0,9.1,46.8,-46.8,19.94,46.8,0.0
2024-11-28T22:00,-17.0,-22.5,76,11.6,44.6,0.0,1000.3,0.0,0.0,9.0,46.7,-46.7,19.94,46.7,0.0
2024-11-28T23:00,-16.8,-22.4,75,12.2,41.0,0.0,999.1,0.0,0.0,9.0,46.7,-46.7,19.94,46.7,0.0
2024-11-29T00:00,-15.6,-21.2,74,12.6,42.1,0.0,997.8,0.0,0.0,8.8,46.5,-46.5,19.94,46.5,0.0
2024-11-29T01:00,-14.4,-20.1,72,13.5,46.8,0.0,996.0,0.0,0.0,8.7,46.4,-46.4,19.94,46.4,0.0
2024-11-29T02:00,-13.4,-19.3,72,15.3,49.7,0.0,994.8,0.0,0.0,8.7,46.4,-46.4,19.94,46.4,0.0
2024-11-29T03:00,-12.7,-18.8,72,16.8,52.9,0.0,994.3,0.0,0.0,8.7,46.4,-46.4,19.94,46.4,0.0
2024-11-29T04:00,-12.1,-18.4,73,18.3,56.5,0.0,993.6,0.0,0.0,8.7,46.4,-46.4,19.94,46.4,0.0
2024-11-29T05:00,-11.5,-17.8,71,18.6,57.2,0.0,992.9,0.0,0.0,8.6,46.3,-46.3,19.94,46.3,0.0
2024-11-29T06:00,-11.3,-17.6,69,18.1,56.5,0.0,992.8,0.0,0.0,8.5,46.2,-46.2,19.94,46.2,0.0
2024-11-29T07:00,-11.6,-17.7,70,17.1,52.2,0.0,992.6,0.0,0.0,8.5,46.2,-46.2,19.94,46.2,0.0
2024-11-29T08:00,-11.8,-17.8,70,16.7,48.2,0.0,992.7,0.0,0.0,8.5,46.2,-46.2,19.94,46.2,0.0
2024-11-29T09:00,-11.9,-18.0,68,17.1,48.2,0.0,993.1,0.0,0.0,8.6,46.3,-46.3,19.94,46.3,0.0
2024-11-29T10:00,-12.1,-18.1,68,16.2,48.2,0.0,993.4,0.0,0.0,8.6,46.3,-46.3,19.94,46.3,0.0
2024-11-29T11:00,-12.3,-18.3,67,15.8,47.9,0.0,993.4,0.0,0.0,8.6,46.3,-46.3,19.94,46.3,0.0
2024-11-29T12:00,-12.6,-18.5,68,15.2,46.4,0.0,993.5,0.0,0.0,8.6,46.3,-46.3,19.94,46.3,0.0
2024-11-29T13:00,-12.7,-19.0,66,17.7,49.3,0.0,992.9,0.0,0.0,8.7,46.4,-46.4,19.94,46.4,0.0
2024-11-29T14:00,-12.7,-19.1,65,17.9,51.5,0.0,993.3,0.0,0.0,8.7,46.4,-46.4,19.94,46.4,0.0
2024-11-29T15:00,-12.4,-18.6,65,17.0,51.1,0.0,993.1,0.0,0.0,8.6,46.3,-46.3,19.94,46.3,0.0
2024-11-29T16:00,-12.3,-18.1,66,14.8,49.7,0.0,993.0,0.0,0.0,8.5,46.2,-46.2,19.94,46.2,0.0
2024-11-29T17:00,-12.0,-17.9,65,15.3,45.0,0.0,992.9,0.0,0.0,8.5,46.2,-46.2,19.94,46.2,0.0
2024-11-29T18:00,-12.1,-17.8,67,14.0,44.3,0.0,992.8,0.0,0.0,8.5,46.2,-46.2,19.94,46.2,0.0
2024-11-29T19:00,-12.1,-17.9,66,14.4,42.5,0.0,992.8,0.0,0.0,8.5,46.2,-46.2,19.94,46.2,0.0
2024-11-29T20:00,-12.6,-18.2,65,13.3,42.1,0.0,993.2,0.0,0.0,8.5,46.2,-46.2,19.94,46.2,0.0
2024-11-29T21:00,-12.4,-18.3,64,14.6,43.2,0.0,993.7,0.0,0.0,8.5,46.2,-46.2,19.94,46.2,0.0
2024-11-29T22:00,-12.0,-18.1,63,16.6,48.2,0.0,994.0,0.0,0.0,8.6,46.3,-46.3,19.94,46.3,0.0
2024-11-29T23:00,-12.3,-18.6,63,17.6,50.8,0.0,994.3,0.0,0.0,8.7,46.4,-46.4,19.94,46.4,0.0
2024-11-30T00:00,-12.3,-18.5,65,17.3,51.1,0.0,994.5,0.0,0.0,8.6,46.3,-46.3,19.94,46.3,0.0
2024-11-30T01:00,-13.8,-20.1,66,17.6,49.7,0.0,995.4,0.0,0.0,8.8,46.5,-46.5,19.94,46.5,0.0
2024-11-30T02:00,-13.8,-20.1,67,17.9,50.0,0.0,995.6,0.0,0.0,8.9,46.6,-46.6,19.94,46.6,0.0
2024-11-30T03:00,-13.6,-20.0,67,18.4,52.2,0.0,995.6,0.0,0.0,8.9,46.6,-46.6,19.94,46.6,0.0
2024-11-30T04:00,-13.5,-20.0,68,18.9,53.3,0.0,995.6,0.0,0.0,8.9,46.6,-46.6,19.94,46.6,0.0
2024-11-30T05:00,-13.6,-20.0,69,18.4,53.6,0.0,995.7,0.0,0.0,8.9,46.6,-46.6,19.94,46.6,0.0
2024-11-30T06:00,-13.3,-19.7,69,18.5,52.6,0.0,995.9,0.0,0.0,8.8,46.5,-46.5,19.94,46.5,0.0
2024-11-30T07:00,-12.8,-19.3,70,19.5,55.1,0.0,995.9,0.0,0.0,8.8,46.5,-46.5,19.94,46.5,0.0
2024-11-30T08:00,-12.4,-19.0,69,20.3,56.5,0.0,996.0,0.0,0.0,8.8,46.5,-46.5,19.94,46.5,0.0
2024-11-30T09:00,-12.3,-18.8,71,19.4,56.5,0.0,996.0,0.0,0.0,8.7,46.4,-46.4,19.94,46.4,0.0
2024-11-30T10:00,-12.0,-18.4,72,18.6,54.0,0.0,996.2,0.0,0.0,8.7,46.4,-46.4,19.94,46.4,0.0
2024-11-30T11:00,-11.8,-18.0,73,17.7,51.5,0.0,996.3,0.0,0.0,8.6,46.3,-46.3,19.94,46.3,0.0
2024-11-30T12:00,-11.5,-17.7,73,17.9,49.7,0.0,996.2,0.0,0.0,8.6,46.3,-46.3,19.94,46.3,0.0
2024-11-30T13:00,-12.1,-17.7,71,13.6,37.8,0.0,996.9,0.0,0.0,8.4,46.1,-46.1,19.94,46.1,0.0
2024-11-30T14:00,-11.8,-17.6,72,14.8,41.0,0.0,996.9,0.0,0.0,8.5,46.2,-46.2,19.94,46.2,0.0
2024-11-30T15:00,-11.5,-17.4,74,15.4,42.8,0.0,996.9,0.0,0.0,8.4,46.1,-46.1,19.94,46.1,0.0
2024-11-30T16:00,-11.5,-17.2,74,14.8,42.5,0.0,997.0,0.0,0.0,8.4,46.1,-46.1,19.94,46.1,0.0
2024-11-30T17:00,-11.3,-17.2,72,16.0,43.9,0.0,997.2,0.0,0.0,8.4,46.1,-46.1,19.94,46.1,0.0
2024-11-30T18:00,-11.8,-17.6,72,14.9,44.6,0.0,997.4,0.0,0.0,8.5,46.2,-46.2,19.94,46.2,0.0
2024-11-30T19:00,-11.7,-17.4,70,14.2,43.9,0.0,997.8,0.0,0.0,8.4,46.1,-46.1,19.94,46.1,0.0
2024-11-30T20:00,-12.1,-17.6,71,12.3,42.5,0.0,998.4,0.0,0.0,8.4,46.1,-46.1,19.94,46.1,0.0
2024-11-30T21:00,-12.6,-17.9,70,11.2,37.4,0.0,998.6,0.0,0.0,8.4,46.1,-46.1,19.94,46.1,0.0
2024-11-30T22:00,-13.9,-19.2,70,10.9,34.6,0.0,998.9,0.0,0.0,8.5,46.2,-46.2,19.94,46.2,0.0
2024-11-30T23:00,-14.7,-19.9,71,10.2,32.4,0.0,999.1,0.0,0.0,8.6,46.3,-46.3,19.94,46.3,0.0
2024-12-01T00:00,-14.7,-19.9,72,9.5,29.9,0.0,999.4,0.0,0.0,8.6,46.3,-46.3,19.94,46.3,0.0
2024-12-01T01:00,-14.8,-19.6,76,7.3,27.0,0.0,999.2,0.0,11.8,8.5,46.2,-34.4,19.94,34.4,25.5
2024-12-01T02:00,-14.9,-19.5,76,6.1,23.4,0.0,999.5,0.0,5.8,8.4,46.1,-40.3,19.94,40.3,12.6
2024-12-01T03:00,-15.6,-20.1,77,5.7,20.5,0.0,999.8,0.0,4.2,8.5,46.2,-42.0,19.94,42.0,9.1
2024-12-01T04:00,-15.9,-20.5,78,5.7,18.7,0.0,1000.2,0.0,4.2,8.5,46.2,-42.0,19.94,42.0,9.1
2024-12-01T05:00,-16.1,-20.7,78,5.7,18.0,0.0,1000.5,0.0,4.2,8.5,46.2,-42.0,19.94,42.0,9.1
2024-12-01T06:00,-16.7,-21.3,81,5.8,17.6,0.0,1000.7,0.0,4.6,8.6,46.3,-41.7,19.94,41.7,9.9
2024-12-01T07:00,-17.3,-22.0,85,6.1,16.9,0.0,1000.9,0.0,5.8,8.7,46.4,-40.6,19.94,40.6,12.5
2024-12-01T08:00,-17.7,-22.3,87,5.8,16.9,0.0,1001.3,0.0,4.6,8.7,46.4,-41.8,19.94,41.8,9.9
2024-12-01T09:00,-18.0,-22.7,88,6.0,16.6,0.0,1001.6,0.0,5.4,8.8,46.5,-41.1,19.94,41.1,11.6
2024-12-01T10:00,-18.4,-22.9,91,5.2,16.2,0.0,1001.8,0.0,2.7,8.8,46.5,-43.8,19.94,43.8,5.8
2024-12-01T11:00,-18.8,-23.3,94,5.2,15.1,0.0,1002.1,0.0,2.7,8.8,46.5,-43.8,19.94,43.8,5.8
2024-12-01T12:00,-19.2,-23.8,93,5.6,15.1,0.0,1002.0,0.0,3.9,8.9,46.6,-42.7,19.94,42.7,8.4
2024-12-01T13:00,-19.8,-24.8,85,7.6,16.6,0.0,1001.6,0.0,13.7,9.1,46.8,-33.1,19.94,33.1,29.3
2024-12-01T14:00,-20.2,-25.2,82,7.7,16.9,0.0,1001.8,0.0,14.4,9.1,46.8,-32.4,19.94,32.4,30.8
2024-12-01T15:00,-20.2,-25.2,79,7.2,16.6,0.0,1001.6,0.0,11.2,9.1,46.8,-35.6,19.94,35.6,23.9
2024-12-01T16:00,-20.2,-25.1,79,7.1,15.8,0.0,1001.4,0.0,10.6,9.1,46.8,-36.2,19.94,36.2,22.6
2024-12-01T17:00,-20.1,-25.1,80,7.3,16.9,0.0,1001.3,0.0,11.8,9.1,46.8,-35.0,19.94,35.0,25.2
2024-12-01T18:00,-20.3,-25.3,81,7.5,18.0,0.0,1001.4,0.0,13.1,9.1,46.8,-33.7,19.94,33.7,28.0
2024-12-01T19:00,-20.4,-25.4,81,7.8,18.7,0.0,1001.3,0.0,15.1,9.1,46.8,-31.7,19.94,31.7,32.3
2024-12-01T20:00,-20.7,-25.9,81,8.9,20.2,0.0,1001.5,0.0,23.7,9.3,47.0,-23.3,19.94,23.3,50.4
2024-12-01T21:00,-21.7,-26.9,81,9.2,21.2,0.0,1001.2,0.0,26.4,9.4,47.1,-20.7,19.94,20.7,56.1
2024-12-01T22:00,-21.9,-27.1,82,8.9,23.0,0.0,1001.0,0.0,23.7,9.4,47.1,-23.4,19.94,23.4,50.3
2024-12-01T23:00,-21.4,-26.5,79,8.0,23.4,0.0,1000.9,0.0,16.5,9.3,47.0,-30.5,19.94,30.5,35.1
2024-12-02T00:00,-21.1,-26.1,80,7.6,23.4,0.0,1000.6,0.0,13.7,9.2,46.9,-33.2,19.94,33.2,29.2
2024-12-02T01:00,-20.6,-25.6,80,7.4,23.8,0.0,1000.1,0.0,12.4,9.1,46.8,-34.4,19.94,34.4,26.5
2024-12-02T02:00,-20.2,-25.1,79,7.3,22.7,0.0,999.9,0.0,11.8,9.1,46.8,-35.0,19.94,35.0,25.2
2024-12-02T03:00,-20.3,-25.3,81,7.1,21.6,0.0,999.7,0.0,10.6,9.1,46.8,-36.2,19.94,36.2,22.6
2024-12-02T04:00,-20.3,-25.1,82,6.8,19.8,0.0,999.9,0.0,9.0,9.1,46.8,-37.8,19.94,37.8,19.2
2024-12-02T05:00,-20.0,-24.9,80,7.1,19.4,0.0,999.8,0.0,10.6,9.1,46.8,-36.2,19.94,36.2,22.6
2024-12-02T06:00,-20.3,-25.2,81,6.8,19.4,0.0,1000.0,0.0,9.0,9.1,46.8,-37.8,19.94,37.8,19.2
2024-12-02T07:00,-20.5,-25.3,81,6.6,19.1,0.0,1000.0,0.0,8.0,9.1,46.8,-38.8,19.94,38.8,17.1
2024-12-02T08:00,-20.7,-25.6,82,6.7,19.4,0.0,1000.1,0.0,8.5,9.1,46.8,-38.3,19.94,38.3,18.2
2024-12-02T09:00,-20.5,-25.3,81,6.2,19.1,0.0,1000.2,0.0,6.2,9.1,46.8,-40.6,19.94,40.6,13.2
2024-12-02T10:00,-20.3,-25.1,80,6.2,18.7,0.0,1000.2,0.0,6.2,9.0,46.7,-40.5,19.94,40.5,13.3
2024-12-02T11:00,-20.2,-25.1,80,6.6,18.7,0.0,1000.2,0.0,8.0,9.1,46.8,-38.8,19.94,38.8,17.1
2024-12-02T12:00,-20.0,-24.8,78,6.5,18.7,0.0,1000.1,0.0,7.5,9.0,46.7,-39.2,19.94,39.2,16.1
2024-12-02T13:00,-19.9,-24.7,79,6.1,17.3,0.0,1000.4,0.0,5.8,9.0,46.7,-40.9,19.94,40.9,12.4
2024-12-02T14:00,-20.0,-24.8,83,6.3,18.4,0.0,1000.5,0.0,6.6,9.0,46.7,-40.1,19.94,40.1,14.1
2024-12-02T15:00,-19.9,-24.7,83,6.3,18.7,0.0,1000.6,0.0,6.6,9.0,46.7,-40.1,19.94,40.1,14.1
2024-12-02T16:00,-20.6,-25.4,85,6.5,18.7,0.0,1000.7,0.0,7.5,9.1,46.8,-39.3,19.94,39.3,16.0
2024-12-02T17:00,-21.1,-26.0,85,7.1,19.1,0.0,1000.8,0.0,10.6,9.2,46.9,-36.3,19.94,36.3,22.6
2024-12-02T18:00,-21.2,-26.2,82,7.7,19.1,0.0,1001.0,0.0,14.4,9.2,46.9,-32.5,19.94,32.5,30.7
2024-12-02T19:00,-20.9,-25.8,79,7.1,19.4,0.0,1001.1,0.0,10.6,9.2,46.9,-36.3,19.94,36.3,22.6
2024-12-02T20:00,-20.4,-25.2,84,6.4,18.7,0.0,1001.6,0.0,7.0,9.1,46.8,-39.8,19.94,39.8,15.0
2024-12-02T21:00,-19.9,-24.6,81,5.7,16.9,0.0,1001.8,0.0,4.2,9.0,46.7,-42.5,19.94,42.5,9.0
2024-12-02T22:00,-19.7,-24.4,80,5.6,15.8,0.0,1002.1,0.0,3.9,8.9,46.6,-42.7,19.94,42.7,8.4
2024-12-02T23:00,-19.9,-24.6,79,6.0,14.0,0.0,1002.4,0.0,5.4,9.0,46.7,-41.3,19.94,41.3,11.6
2024-12-03T00:00,-19.9,-24.7,78,6.1,13.3,0.0,1002.3,0.0,5.8,9.0,46.7,-40.9,19.94,40.9,12.4
2024-12-03T01:00,-17.2,-21.5,75,3.2,12.6,0.0,1002.3,0.0,0.0,8.5,46.2,-46.2,19.94,46.2,0.0
2024-12-03T02:00,-16.8,-21.0,75,2.7,11.5,0.0,1002.5,0.0,0.0,8.5,46.2,-46.2,19.94,46.2,0.0
2024-12-03T03:00,-16.6,-20.6,75,1.3,10.8,0.0,1002.7,0.0,0.0,8.4,46.1,-46.1,19.94,46.1,0.0
2024-12-03T04:00,-16.1,-20.3,77,2.6,12.6,0.0,1002.9,0.0,0.0,8.4,46.1,-46.1,19.94,46.1,0.0
2024-12-03T05:00,-15.7,-20.2,82,5.8,18.0,0.0,1003.2,0.0,4.6,8.5,46.2,-41.6,19.94,41.6,10.0
2024-12-03T06:00,-15.7,-20.4,85,6.9,20.2,0.0,1003.6,0.0,9.5,8.5,46.2,-36.7,19.94,36.7,20.6
2024-12-03T07:00,-15.8,-20.5,87,6.6,20.2,0.0,1004.2,0.0,8.0,8.5,46.2,-38.2,19.94,38.2,17.3
2024-12-03T08:00,-15.5,-20.2,86,7.0,20.5,0.0,1004.7,0.0,10.1,8.5,46.2,-36.1,19.94,36.1,21.9
2024-12-03T09:00,-15.5,-20.2,87,6.7,20.9,0.0,1005.2,0.0,8.5,8.5,46.2,-37.7,19.94,37.7,18.4
2024-12-03T10:00,-15.6,-20.2,88,6.6,20.5,0.0,1005.6,0.0,8.0,8.5,46.2,-38.2,19.94,38.2,17.3
2024-12-03T11:00,-15.4,-20.1,87,6.7,20.5,0.0,1006.0,0.0,8.5,8.5,46.2,-37.7,19.94,37.7,18.4
2024-12-03T12:00,-15.0,-19.7,86,7.1,21.2,0.0,1006.0,0.0,10.6,8.5,46.2,-35.6,19.94,35.6,22.9
2024-12-03T13:00,-16.0,-21.1,81,9.7,26.3,0.0,1006.6,0.0,31.3,8.7,46.4,-15.1,19.94,15.1,67.5
2024-12-03T14:00,-14.9,-20.0,82,9.7,26.6,0.0,1007.0,0.0,31.3,8.6,46.3,-15.0,19.94,15.0,67.6
2024-12-03T15:00,-15.0,-20.1,82,9.7,27.4,0.0,1007.2,0.0,31.3,8.6,46.3,-15.0,19.94,15.0,67.6
2024-12-03T16:00,-15.1,-20.2,80,9.4,27.4,0.0,1007.4,0.0,28.3,8.6,46.3,-18.0,19.94,18.0,61.1
2024-12-03T17:00,-15.9,-20.8,80,8.4,27.0,0.0,1007.5,0.0,19.5,8.7,46.4,-26.9,19.94,26.9,42.0
2024-12-03T18:00,-16.8,-21.5,83,6.6,24.8,0.0,1007.9,0.0,8.0,8.7,46.4,-38.4,19.94,38.4,17.2
2024-12-03T19:00,-17.6,-21.9,87,3.5,21.6,0.0,1008.2,0.0,0.1,8.6,46.3,-46.2,19.94,46.2,0.2
2024-12-03T20:00,-18.5,-22.7,90,2.8,16.9,0.0,1008.5,0.0,0.0,8.6,46.3,-46.3,19.94,46.3,0.0
2024-12-03T21:00,-19.8,-24.6,89,6.5,15.8,0.0,1008.5,0.0,7.5,9.0,46.7,-39.2,19.94,39.2,16.1
2024-12-03T22:00,-20.8,-25.8,85,7.8,16.2,0.0,1008.2,0.0,15.1,9.2,46.9,-31.8,19.94,31.8,32.2
2024-12-03T23:00,-21.4,-26.6,82,8.9,16.6,0.0,1008.2,0.0,23.7,9.3,47.0,-23.3,19.94,23.3,50.4
2024-12-04T00:00,-21.6,-26.8,79,8.7,17.3,0.0,1007.9,0.0,22.0,9.3,47.0,-25.0,19.94,25.0,46.8
2024-12-04T01:00,-22.2,-27.5,70,9.2,19.1,0.0,1008.1,0.0,26.4,9.4,47.1,-20.7,19.94,20.7,56.1
2024-12-04T02:00,-21.9,-27.1,73,9.0,18.7,0.0,1007.9,0.0,24.6,9.4,47.1,-22.5,19.94,22.5,52.2
2024-12-04T03:00,-21.5,-26.8,72,8.8,18.4,0.0,1007.7,0.0,22.8,9.3,47.0,-24.2,19.94,24.2,48.5
2024-12-04T04:00,-21.4,-26.6,73,8.7,17.6,0.0,1007.3,0.0,22.0,9.3,47.0,-25.0,19.94,25.0,46.8
2024-12-04T05:00,-21.4,-26.7,77,9.2,18.0,0.0,1006.8,0.0,26.4,9.4,47.1,-20.7,19.94,20.7,56.1
2024-12-04T06:00,-19.9,-25.2,75,9.5,20.9,0.0,1005.9,0.0,29.3,9.2,46.9,-17.6,19.94,17.6,62.5
2024-12-04T07:00,-18.8,-24.2,74,10.1,25.6,0.0,1005.0,0.0,35.6,9.1,46.8,-11.2,19.94,11.2,76.1
2024-12-04T08:00,-16.7,-22.1,71,10.7,31.3,0.0,1003.9,0.0,0.0,8.9,46.6,-46.6,19.94,46.6,0.0
2024-12-04T09:00,-14.8,-20.1,72,10.9,33.5,0.0,1002.7,0.0,0.0,8.6,46.3,-46.3,19.94,46.3,0.0
2024-12-04T10:00,-13.0,-19.0,69,15.7,47.9,0.0,1001.6,0.0,0.0,8.7,46.4,-46.4,19.94,46.4,0.0
2024-12-04T11:00,-11.8,-17.3,73,13.4,51.1,0.0,1000.9,0.0,0.0,8.4,46.1,-46.1,19.94,46.1,0.0
2024-12-04T12:00,-10.7,-16.0,76,11.8,47.2,0.0,1000.9,0.0,0.0,8.2,45.9,-45.9,19.94,45.9,0.0
2024-12-04T13:00,-11.5,-16.5,78,9.9,37.1,0.0,1001.9,0.0,0.0,8.2,45.9,-45.9,19.94,45.9,0.0
2024-12-04T14:00,-11.2,-15.9,80,8.5,29.5,0.0,1002.1,0.0,0.0,8.1,45.8,-45.8,19.94,45.8,0.0
2024-12-04T15:00,-10.8,-15.3,80,6.9,22.3,0.0,1002.2,0.0,9.5,8.0,45.7,-36.2,19.94,36.2,20.8
2024-12-04T16:00,-10.5,-14.6,82,5.0,17.3,0.0,1002.7,0.0,2.2,7.9,45.6,-43.4,19.94,43.4,4.8
2024-12-04T17:00,-10.2,-13.9,83,1.5,13.7,0.0,1003.0,0.0,0.0,7.7,45.4,-45.4,19.94,45.4,0.0
2024-12-04T18:00,-10.5,-14.6,86,4.7,14.0,0.0,1004.0,0.0,1.5,7.8,45.5,-44.0,19.94,44.0,3.3
2024-12-04T19:00,-10.9,-14.9,87,4.1,14.4,0.0,1004.5,0.0,0.6,7.9,45.6,-45.0,19.94,45.0,1.3
2024-12-04T20:00,-12.5,-16.5,89,3.3,12.6,0.0,1005.3,0.0,0.0,8.0,45.7,-45.7,19.94,45.7,0.0
2024-12-04T21:00,-13.1,-17.3,87,4.9,11.2,0.0,1005.9,0.0,2.0,8.1,45.8,-43.8,19.94,43.8,4.4
2024-12-04T22:00,-14.7,-19.2,87,6.4,12.2,0.0,1006.4,0.0,7.0,8.4,46.1,-39.1,19.94,39.1,15.2
2024-12-04T23:00,-15.9,-20.7,86,7.4,14.8,0.0,1006.8,0.0,12.4,8.6,46.3,-33.9,19.94,33.9,26.8
2024-12-05T00:00,-15.8,-20.6,85,7.1,15.1,0.0,1007.1,0.0,10.6,8.6,46.3,-35.7,19.94,35.7,22.9
2024-12-05T01:00,-13.9,-18.5,84,6.7,16.6,0.0,1007.4,0.0,8.5,8.3,46.0,-37.5,19.94,37.5,18.5
2024-12-05T02:00,-15.0,-19.8,86,8.0,21.2,0.0,1007.4,0.0,16.5,8.5,46.2,-29.7,19.94,29.7,35.7
2024-12-05T03:00,-16.8,-21.9,84,9.2,25.2,0.0,1007.4,0.0,26.4,8.8,46.5,-20.1,19.94,20.1,56.8
2024-12-05T04:00,-17.6,-22.8,82,9.6,26.3,0.0,1007.8,0.0,30.3,8.9,46.6,-16.3,19.94,16.3,65.0
2024-12-05T05:00,-17.0,-22.2,83,9.6,28.1,0.0,1007.9,0.0,0.0,8.8,46.5,-46.5,19.94,46.5,0.0
2024-12-05T06:00,-15.9,-21.0,85,9.5,28.4,0.0,1007.9,0.0,0.0,8.7,46.4,-46.4,19.94,46.4,0.0
2024-12-05T07:00,-15.1,-20.1,87,9.6,30.2,0.0,1007.8,0.0,0.0,8.6,46.3,-46.3,19.94,46.3,0.0
2024-12-05T08:00,-13.5,-18.5,87,9.3,31.3,0.0,1008.0,0.0,0.0,8.4,46.1,-46.1,19.94,46.1,0.0
2024-12-05T09:00,-12.5,-17.5,86,9.8,31.7,0.0,1007.7,0.0,0.0,8.3,46.0,-46.0,19.94,46.0,0.0
2024-12-05T10:00,-12.0,-17.2,85,11.2,33.8,0.0,1007.6,0.0,0.0,8.3,46.0,-46.0,19.94,46.0,0.0
2024-12-05T11:00,-12.6,-17.8,84,11.7,34.9,0.0,1007.3,0.0,0.0,8.4,46.1,-46.1,19.94,46.1,0.0
2024-12-05T12:00,-12.1,-17.5,81,12.6,38.2,0.0,1006.9,0.0,0.0,8.4,46.1,-46.1,19.94,46.1,0.0
2024-12-05T13:00,-11.0,-16.3,82,12.2,39.2,0.0,1007.6,0.0,0.0,8.2,45.9,-45.9,19.94,45.9,0.0
2024-12-05T14:00,-11.0,-16.4,82,13.1,40.3,0.0,1007.5,0.0,0.0,8.3,46.0,-46.0,19.94,46.0,0.0
2024-12-05T15:00,-10.8,-16.2,82,13.1,40.7,0.0,1007.3,0.0,0.0,8.3,46.0,-46.0,19.94,46.0,0.0
2024-12-05T16:00,-10.9,-16.3,82,13.2,42.1,0.0,1007.2,0.0,0.0,8.3,46.0,-46.0,19.94,46.0,0.0
2024-12-05T17:00,-10.8,-16.1,83,12.9,42.5,0.0,1006.9,0.0,0.0,8.2,45.9,-45.9,19.94,45.9,0.0
2024-12-05T18:00,-10.6,-16.0,83,13.1,42.8,0.0,1006.9,0.0,0.0,8.2,45.9,-45.9,19.94,45.9,0.0
2024-12-05T19:00,-10.5,-15.8,82,12.4,42.1,0.0,1006.8,0.0,0.0,8.2,45.9,-45.9,19.94,45.9,0.0
2024-12-05T20:00,-10.4,-15.6,83,12.3,40.7,0.0,1006.9,0.0,0.0,8.2,45.9,-45.9,19.94,45.9,0.0
2024-12-05T21:00,-9.9,-14.9,83,11.0,40.3,0.0,1006.7,0.0,0.0,8.0,45.7,-45.7,19.94,45.7,0.0
2024-12-05T22:00,-9.4,-14.5,83,12.0,40.0,0.0,1006.6,0.0,0.0,8.0,45.7,-45.7,19.94,45.7,0.0
2024-12-05T23:00,-9.1,-14.4,82,13.3,43.2,0.0,1006.4,0.0,0.0,8.0,45.7,-45.7,19.94,45.7,0.0
2024-12-06T00:00,-8.6,-14.0,81,13.9,44.6,0.0,1006.2,0.0,0.0,8.0,45.7,-45.7,19.94,45.7,0.0
2024-12-06T01:00,-7.7,-12.8,82,12.4,40.3,0.0,1006.4,0.0,0.0,7.8,45.5,-45.5,19.94,45.5,0.0
2024-12-06T02:00,-7.8,-13.0,81,13.2,42.8,0.0,1006.2,0.0,0.0,7.9,45.6,-45.6,19.94,45.6,0.0
2024-12-06T03:00,-7.3,-12.6,81,14.2,44.6,0.0,1005.9,0.0,0.0,7.9,45.6,-45.6,19.94,45.6,0.0
2024-12-06T04:00,-7.1,-12.5,82,14.7,46.1,0.0,1005.7,0.0,0.0,7.8,45.5,-45.5,19.94,45.5,0.0
2024-12-06T05:00,-6.6,-11.9,83,15.2,47.5,0.0,1005.7,0.0,0.0,7.8,45.5,-45.5,19.94,45.5,0.0
2024-12-06T06:00,-6.5,-11.8,84,14.7,47.2,0.0,1005.7,0.0,0.0,7.8,45.5,-45.5,19.94,45.5,0.0
2024-12-06T07:00,-7.0,-12.2,84,14.2,46.4,0.0,1005.7,0.0,0.0,7.8,45.5,-45.5,19.94,45.5,0.0
2024-12-06T08:00,-7.9,-13.1,85,13.7,44.6,0.0,1005.9,0.0,0.0,7.9,45.6,-45.6,19.94,45.6,0.0
2024-12-06T09:00,-7.3,-12.4,85,13.0,44.3,0.0,1006.0,0.0,0.0,7.8,45.5,-45.5,19.94,45.5,0.0
2024-12-06T10:00,-7.0,-12.0,85,12.3,42.1,0.0,1005.9,0.0,0.0,7.7,45.4,-45.4,19.94,45.4,0.0
2024-12-06T11:00,-6.6,-11.5,85,12.7,40.3,0.0,1005.7,0.0,0.0,7.7,45.4,-45.4,19.94,45.4,0.0
2024-12-06T12:00,-6.9,-11.9,86,12.8,41.0,0.0,1005.4,0.0,0.0,7.7,45.4,-45.4,19.94,45.4,0.0
2024-12-06T13:00,-5.7,-10.5,85,11.8,37.4,0.0,1005.7,0.0,0.0,7.6,45.3,-45.3,19.94,45.3,0.0
2024-12-06T14:00,-5.3,-10.1,85,12.4,40.0,0.0,1005.6,0.0,0.0,7.5,45.2,-45.2,19.94,45.2,0.0
2024-12-06T15:00,-4.9,-9.7,86,12.8,41.0,0.0,1005.0,0.0,0.0,7.5,45.2,-45.2,19.94,45.2,0.0
2024-12-06T16:00,-4.5,-9.3,87,12.7,42.1,0.0,1004.8,0.0,0.0,7.4,45.1,-45.1,19.94,45.1,0.0
2024-12-06T17:00,-4.1,-8.8,88,12.4,42.1,0.0,1004.8,0.0,0.0,7.4,45.1,-45.1,19.94,45.1,0.0
2024-12-06T18:00,-3.7,-8.3,89,12.5,42.1,0.0,1004.7,0.0,0.0,7.3,45.0,-45.0,19.94,45.0,0.0
2024-12-06T19:00,-3.2,-7.8,89,12.8,42.1,0.0,1004.5,0.0,0.0,7.3,45.0,-45.0,19.94,45.0,0.0
2024-12-06T20:00,-2.9,-7.5,90,12.8,42.5,0.0,1004.5,0.0,0.0,7.2,44.9,-44.9,19.94,44.9,0.0
2024-12-06T21:00,-2.8,-7.4,90,13.1,43.6,0.0,1004.3,0.0,0.0,7.2,44.9,-44.9,19.94,44.9,0.0
2024-12-06T22:00,-2.9,-7.6,89,13.9,44.3,0.0,1004.0,0.0,0.0,7.3,45.0,-45.0,19.94,45.0,0.0
2024-12-06T23:00,-2.8,-7.6,87,14.5,45.4,0.0,1003.5,0.0,0.0,7.3,45.0,-45.0,19.94,45.0,0.0
2024-12-07T00:00,-2.8,-7.6,86,14.4,45.7,0.0,1003.0,0.0,0.0,7.3,45.0,-45.0,19.94,45.0,0.0
2024-12-07T01:00,-2.2,-6.8,86,13.4,43.6,0.0,1002.6,0.0,0.0,7.2,44.9,-44.9,19.94,44.9,0.0
2024-12-07T02:00,-2.3,-7.1,86,14.6,45.4,0.0,1002.2,0.0,0.0,7.2,44.9,-44.9,19.94,44.9,0.0
2024-12-07T03:00,-2.5,-7.5,85,15.2,47.2,0.0,1002.0,0.0,0.0,7.3,45.0,-45.0,19.94,45.0,0.0
2024-12-07T04:00,-2.8,-7.7,86,15.2,47.5,0.0,1001.7,0.0,0.0,7.3,45.0,-45.0,19.94,45.0,0.0
2024-12-07T05:00,-3.0,-7.8,86,14.5,47.2,0.0,1001.3,0.0,0.0,7.3,45.0,-45.0,19.94,45.0,0.0
2024-12-07T06:00,-3.3,-8.1,88,14.0,45.0,0.0,1001.2,0.0,0.0,7.3,45.0,-45.0,19.94,45.0,0.0
2024-12-07T07:00,-3.3,-8.0,89,13.0,43.6,0.0,1001.0,0.0,0.0,7.3,45.0,-45.0,19.94,45.0,0.0
2024-12-07T08:00,-3.6,-8.0,91,11.2,40.7,0.0,1001.1,0.0,0.0,7.3,45.0,-45.0,19.94,45.0,0.0
2024-12-07T09:00,-3.6,-7.8,91,9.9,37.1,0.0,1000.9,0.0,0.0,7.2,44.9,-44.9,19.94,44.9,0.0
2024-12-07T10:00,-3.7,-7.7,91,8.4,33.8,0.0,1000.6,0.0,0.0,7.2,44.9,-44.9,19.94,44.9,0.0
2024-12-07T11:00,-3.6,-7.4,90,7.7,29.5,0.0,1000.4,0.0,0.0,7.2,44.9,-44.9,19.94,44.9,0.0
2024-12-07T12:00,-3.5,-7.2,90,6.6,27.7,0.0,1000.1,0.0,8.0,7.1,44.8,-36.8,19.94,36.8,17.9
2024-12-07T13:00,-3.3,-6.9,89,5.4,24.5,0.0,1000.0,0.0,3.3,7.1,44.8,-41.5,19.94,41.5,7.4
2024-12-07T14:00,-3.4,-6.9,89,5.2,23.4,0.0,1000.1,0.0,2.7,7.1,44.8,-42.1,19.94,42.1,6.0
2024-12-07T15:00,-3.4,-6.9,90,4.9,23.0,0.0,999.8,0.0,2.0,7.0,44.7,-42.7,19.94,42.7,4.5
2024-12-07T16:00,-3.3,-6.7,90,4.9,23.0,0.0,999.7,0.0,2.0,7.0,44.7,-42.7,19.94,42.7,4.5
2024-12-07T17:00,-3.2,-6.5,90,4.3,22.7,0.0,999.7,0.0,0.9,7.0,44.7,-43.8,19.94,43.8,2.0
2024-12-07T18:00,-3.2,-6.5,91,4.0,20.9,0.0,999.5,0.0,0.5,7.0,44.7,-44.2,19.94,44.2,1.1
2024-12-07T19:00,-3.3,-6.7,91,4.8,19.8,0.0,999.3,0.0,1.7,7.0,44.7,-43.0,19.94,43.0,3.8
2024-12-07T20:00,-3.3,-6.8,91,5.7,21.2,0.0,999.5,0.0,4.2,7.1,44.8,-40.6,19.94,40.6,9.4
2024-12-07T21:00,-3.3,-6.8,91,5.7,21.2,0.0,999.5,0.0,4.2,7.1,44.8,-40.6,19.94,40.6,9.4
2024-12-07T22:00,-3.3,-6.9,91,6.1,20.2,0.0,999.4,0.0,5.8,7.1,44.8,-39.0,19.94,39.0,12.9
2024-12-07T23:00,-3.5,-7.1,91,5.9,20.5,0.0,999.2,0.0,5.0,7.1,44.8,-39.8,19.94,39.8,11.2
2024-12-08T00:00,-3.9,-7.4,91,5.0,20.5,0.0,999.4,0.0,2.2,7.1,44.8,-42.6,19.94,42.6,4.9
2024-12-08T01:00,-3.2,-6.6,91,4.6,21.2,0.0,999.4,0.0,1.3,7.0,44.7,-43.4,19.94,43.4,2.9
2024-12-08T02:00,-3.2,-6.7,91,5.5,19.8,0.0,999.8,0.0,3.6,7.0,44.7,-41.1,19.94,41.1,8.1
2024-12-08T03:00,-3.3,-6.8,91,5.0,20.5,0.0,1000.1,0.0,2.2,7.0,44.7,-42.5,19.94,42.5,4.9
2024-12-08T04:00,-3.9,-7.2,92,4.0,18.4,0.0,1000.6,0.0,0.5,7.1,44.8,-44.3,19.94,44.3,1.1
2024-12-08T05:00,-4.2,-7.6,92,4.2,14.8,0.0,1000.9,0.0,0.7,7.1,44.8,-44.1,19.94,44.1,1.6
2024-12-08T06:00,-4.8,-8.2,92,4.0,14.0,0.0,1001.5,0.0,0.5,7.2,44.9,-44.4,19.94,44.4,1.1
2024-12-08T07:00,-4.9,-8.2,92,2.8,12.6,0.0,1002.4,0.0,0.0,7.1,44.8,-44.8,19.94,44.8,0.0
2024-12-08T08:00,-4.8,-8.2,92,3.8,9.7,0.0,1002.9,0.0,0.3,7.2,44.9,-44.6,19.94,44.6,0.7
2024-12-08T09:00,-5.2,-8.6,91,3.3,11.9,0.0,1003.2,0.0,0.0,7.2,44.9,-44.9,19.94,44.9,0.0
2024-12-08T10:00,-6.1,-9.5,92,3.0,9.4,0.0,1003.8,0.0,0.0,7.3,45.0,-45.0,19.94,45.0,0.0
2024-12-08T11:00,-5.5,-9.2,91,4.7,10.1,0.0,1004.5,0.0,1.5,7.3,45.0,-43.5,19.94,43.5,3.3
2024-12-08T12:00,-5.6,-9.3,90,5.2,11.2,0.0,1004.4,0.0,2.7,7.3,45.0,-42.3,19.94,42.3,6.0
2024-12-08T13:00,-5.1,-8.9,88,5.8,15.5,0.0,1004.8,0.0,4.6,7.3,45.0,-40.4,19.94,40.4,10.2
2024-12-08T14:00,-4.9,-8.6,88,5.7,16.6,0.0,1005.0,0.0,4.2,7.2,44.9,-40.7,19.94,40.7,9.4
2024-12-08T15:00,-4.7,-8.7,89,7.2,20.5,0.0,1005.1,0.0,11.2,7.3,45.0,-33.8,19.94,33.8,24.9
2024-12-08T16:00,-4.5,-8.6,90,8.7,26.3,0.0,1005.6,0.0,22.0,7.3,45.0,-23.0,19.94,23.0,48.9
2024-12-08T17:00,-4.2,-8.6,83,10.6,31.7,0.0,1005.8,0.0,0.0,7.3,45.0,-45.0,19.94,45.0,0.0
2024-12-08T18:00,-4.5,-8.7,83,8.1,31.3,0.0,1005.7,0.0,0.0,7.3,45.0,-45.0,19.94,45.0,0.0
2024-12-08T19:00,-4.7,-8.7,86,7.1,25.2,0.0,1005.4,0.0,10.6,7.3,45.0,-34.4,19.94,34.4,23.6
2024-12-08T20:00,-4.8,-9.0,88,8.6,26.3,0.0,1005.4,0.0,21.1,7.3,45.0,-23.9,19.94,23.9,46.9
2024-12-08T21:00,-5.3,-9.6,86,8.7,27.7,0.0,1004.9,0.0,22.0,7.4,45.1,-23.1,19.94,23.1,48.8
2024-12-08T22:00,-6.2,-10.2,87,6.5,27.4,0.0,1004.1,0.0,7.5,7.4,45.1,-37.6,19.94,37.6,16.6
2024-12-08T23:00,-6.1,-10.4,88,8.7,24.5,0.0,1002.8,0.0,22.0,7.5,45.2,-23.2,19.94,23.2,48.7
2024-12-09T00:00,-6.0,-10.5,88,9.6,27.7,0.0,1001.8,0.0,30.3,7.5,45.2,-14.9,19.94,14.9,67.0
2024-12-09T01:00,-5.9,-10.6,85,10.7,31.0,0.0,1000.0,0.0,0.0,7.5,45.2,-45.2,19.94,45.2,0.0
2024-12-09T02:00,-6.1,-11.1,83,13.4,38.9,0.0,998.3,0.0,0.0,7.7,45.4,-45.4,19.94,45.4,0.0
2024-12-09T03:00,-6.0,-10.9,81,12.3,39.6,0.0,996.6,0.0,0.0,7.6,45.3,-45.3,19.94,45.3,0.0
2024-12-09T04:00,-6.2,-11.1,84,12.1,37.1,0.0,995.4,0.0,0.0,7.6,45.3,-45.3,19.94,45.3,0.0
2024-12-09T05:00,-6.3,-11.0,83,11.1,33.5,0.0,994.4,0.0,0.0,7.6,45.3,-45.3,19.94,45.3,0.0
2024-12-09T06:00,-6.1,-10.6,84,9.6,29.5,0.0,993.5,0.0,0.0,7.5,45.2,-45.2,19.94,45.2,0.0
2024-12-09T07:00,-5.8,-10.0,85,7.8,25.6,0.0,993.1,0.0,15.1,7.4,45.1,-30.0,19.94,30.0,33.5
2024-12-09T08:00,-5.7,-9.8,86,7.4,20.2,0.0,992.9,0.0,12.4,7.4,45.1,-32.7,19.94,32.7,27.5
2024-12-09T09:00,-5.9,-9.9,87,6.7,18.0,0.0,992.8,0.0,8.5,7.4,45.1,-36.6,19.94,36.6,18.8
2024-12-09T10:00,-5.7,-9.6,87,6.2,15.1,0.0,992.7,0.0,6.2,7.4,45.1,-38.9,19.94,38.9,13.7
2024-12-09T11:00,-5.2,-9.0,88,5.9,14.0,0.0,993.0,0.0,5.0,7.3,45.0,-40.0,19.94,40.0,11.1
2024-12-09T12:00,-5.2,-8.9,90,5.4,14.4,0.0,992.9,0.0,3.3,7.3,45.0,-41.7,19.94,41.7,7.3
2024-12-09T13:00,-4.9,-8.6,91,5.8,16.6,0.0,993.4,0.0,4.6,7.2,44.9,-40.3,19.94,40.3,10.2
2024-12-09T14:00,-4.8,-8.8,91,7.7,21.2,0.0,993.6,0.0,14.4,7.3,45.0,-30.6,19.94,30.6,32.0
2024-12-09T15:00,-4.8,-8.8,90,7.7,22.0,0.0,994.0,0.0,14.4,7.3,45.0,-30.6,19.94,30.6,32.0
2024-12-09T16:00,-4.7,-8.5,89,6.4,21.6,0.0,994.3,0.0,7.0,7.2,44.9,-37.9,19.94,37.9,15.6
2024-12-09T17:00,-4.7,-8.3,88,4.3,19.1,0.0,994.8,0.0,0.9,7.2,44.9,-44.0,19.94,44.0,2.0
2024-12-09T18:00,-4.9,-8.4,88,3.5,14.8,0.0,995.1,0.0,0.1,7.2,44.9,-44.8,19.94,44.8,0.2
2024-12-09T19:00,-5.0,-8.5,89,3.8,12.6,0.0,995.7,0.0,0.3,7.2,44.9,-44.6,19.94,44.6,0.7
2024-12-09T20:00,-5.1,-8.5,89,3.1,12.2,0.0,996.4,0.0,0.0,7.2,44.9,-44.9,19.94,44.9,0.0
2024-12-09T21:00,-5.2,-8.5,90,2.9,11.2,0.0,996.9,0.0,0.0,7.2,44.9,-44.9,19.94,44.9,0.0
2024-12-09T22:00,-5.8,-9.3,91,3.3,11.2,0.0,997.3,0.0,0.0,7.3,45.0,-45.0,19.94,45.0,0.0
2024-12-09T23:00,-5.7,-9.1,91,3.2,11.5,0.0,997.5,0.0,0.0,7.2,44.9,-44.9,19.94,44.9,0.0
2024-12-10T00:00,-5.4,-9.0,91,4.7,16.2,0.0,997.6,0.0,1.5,7.3,45.0,-43.5,19.94,43.5,3.3
2024-12-10T01:00,-5.1,-9.4,88,9.3,28.1,0.0,997.7,0.0,0.0,7.4,45.1,-45.1,19.94,45.1,0.0
2024-12-10T02:00,-5.4,-9.9,84,10.1,30.6,0.0,998.1,0.0,0.0,7.5,45.2,-45.2,19.94,45.2,0.0
2024-12-10T03:00,-6.0,-10.4,83,9.1,30.2,0.0,998.4,0.0,0.0,7.5,45.2,-45.2,19.94,45.2,0.0
2024-12-10T04:00,-6.6,-10.9,84,8.0,28.4,0.0,998.7,0.0,0.0,7.5,45.2,-45.2,19.94,45.2,0.0
2024-12-10T05:00,-6.9,-11.0,84,6.4,25.9,0.0,999.4,0.0,7.0,7.5,45.2,-38.2,19.94,38.2,15.5
2024-12-10T06:00,-7.1,-11.2,84,5.9,22.0,0.0,999.9,0.0,5.0,7.5,45.2,-40.2,19.94,40.2,11.1
2024-12-10T07:00,-7.9,-11.9,84,5.1,18.7,0.0,1000.5,0.0,2.4,7.6,45.3,-42.9,19.94,42.9,5.3
2024-12-10T08:00,-8.9,-13.0,84,5.2,15.8,0.0,1001.3,0.0,2.7,7.7,45.4,-42.7,19.94,42.7,5.9
2024-12-10T09:00,-9.5,-13.6,84,5.2,15.1,0.0,1001.9,0.0,2.7,7.8,45.5,-42.8,19.94,42.8,5.9
2024-12-10T10:00,-10.0,-14.1,84,4.9,15.1,0.0,1002.5,0.0,2.0,7.8,45.5,-43.5,19.94,43.5,4.4
2024-12-10T11:00,-10.9,-15.1,84,5.0,14.8,0.0,1002.9,0.0,2.2,7.9,45.6,-43.4,19.94,43.4,4.8
2024-12-10T12:00,-11.6,-15.6,83,3.9,13.7,0.0,1003.1,0.0,0.4,7.9,45.6,-45.2,19.94,45.2,0.9
2024-12-10T13:00,-12.4,-16.6,82,4.4,13.3,0.0,1003.1,0.0,1.0,8.0,45.7,-44.7,19.94,44.7,2.2
2024-12-10T14:00,-11.4,-15.4,79,3.6,14.0,0.0,1003.6,0.0,0.2,7.9,45.6,-45.4,19.94,45.4,0.4
2024-12-10T15:00,-10.3,-14.3,80,3.7,15.1,0.0,1004.1,0.0,0.2,7.8,45.5,-45.3,19.94,45.3,0.4
2024-12-10T16:00,-10.1,-14.2,83,4.3,16.6,0.0,1004.7,0.0,0.9,7.8,45.5,-44.6,19.94,44.6,2.0
2024-12-10T17:00,-9.8,-14.0,84,5.8,19.1,0.0,1005.1,0.0,4.6,7.8,45.5,-40.9,19.94,40.9,10.1
2024-12-10T18:00,-9.9,-14.3,82,7.0,21.6,0.0,1005.7,0.0,10.1,7.9,45.6,-35.5,19.94,35.5,22.1
2024-12-10T19:00,-10.1,-14.4,79,5.6,21.6,0.0,1006.4,0.0,3.9,7.8,45.5,-41.6,19.94,41.6,8.6
2024-12-10T20:00,-10.2,-14.4,79,5.0,16.6,0.0,1007.0,0.0,2.2,7.8,45.5,-43.3,19.94,43.3,4.8
2024-12-10T21:00,-10.7,-14.8,81,4.8,15.1,0.0,1007.5,0.0,1.7,7.9,45.6,-43.9,19.94,43.9,3.7
2024-12-10T22:00,-11.4,-15.6,81,5.1,17.6,0.0,1008.3,0.0,2.4,8.0,45.7,-43.3,19.94,43.3,5.3
2024-12-10T23:00,-11.3,-16.1,79,8.5,25.6,0.0,1009.1,0.0,20.3,8.1,45.8,-25.5,19.94,25.5,44.3
2024-12-11T00:00,-11.5,-16.5,74,9.5,30.2,0.0,1009.7,0.0,0.0,8.2,45.9,-45.9,19.94,45.9,0.0
2024-12-11T01:00,-11.7,-16.4,75,8.1,29.5,0.0,1009.5,0.0,0.0,8.1,45.8,-45.8,19.94,45.8,0.0
2024-12-11T02:00,-11.9,-16.7,74,8.0,25.2,0.0,1010.4,0.0,16.5,8.2,45.9,-29.4,19.94,29.4,35.9
2024-12-11T03:00,-12.1,-17.0,72,9.1,25.9,0.0,1011.4,0.0,25.5,8.2,45.9,-20.4,19.94,20.4,55.6
2024-12-11T04:00,-12.8,-17.8,70,9.4,27.0,0.0,1012.4,0.0,28.3,8.3,46.0,-17.7,19.94,17.7,61.5
2024-12-11T05:00,-13.1,-18.4,67,10.7,29.9,0.0,1013.3,0.0,0.0,8.4,46.1,-46.1,19.94,46.1,0.0
2024-12-11T06:00,-14.4,-19.7,63,10.5,30.2,0.0,1014.0,0.0,0.0,8.6,46.3,-46.3,19.94,46.3,0.0
2024-12-11T07:00,-15.7,-20.9,60,9.4,29.5,0.0,1014.7,0.0,0.0,8.7,46.4,-46.4,19.94,46.4,0.0
2024-12-11T08:00,-16.6,-21.8,60,9.3,27.7,0.0,1015.5,0.0,27.4,8.8,46.5,-19.1,19.94,19.1,58.9
2024-12-11T09:00,-17.0,-22.3,62,9.5,28.4,0.0,1016.1,0.0,0.0,8.8,46.5,-46.5,19.94,46.5,0.0
2024-12-11T10:00,-17.1,-22.5,69,10.9,31.7,0.0,1016.5,0.0,0.0,8.9,46.6,-46.6,19.94,46.6,0.0
2024-12-11T11:00,-17.2,-22.8,76,12.2,34.9,0.0,1016.8,0.0,0.0,9.0,46.7,-46.7,19.94,46.7,0.0
2024-12-11T12:00,-16.6,-22.1,80,11.6,34.9,0.0,1017.3,0.0,0.0,8.9,46.6,-46.6,19.94,46.6,0.0
2024-12-11T13:00,-16.5,-22.0,79,12.3,36.0,0.0,1017.4,0.0,0.0,8.9,46.6,-46.6,19.94,46.6,0.0
2024-12-11T14:00,-15.0,-20.6,77,13.3,38.5,0.0,1017.7,0.0,0.0,8.8,46.5,-46.5,19.94,46.5,0.0
2024-12-11T15:00,-14.0,-19.6,78,13.7,40.0,0.0,1018.2,0.0,0.0,8.7,46.4,-46.4,19.94,46.4,0.0
2024-12-11T16:00,-12.8,-18.6,76,15.0,42.5,0.0,1018.8,0.0,0.0,8.6,46.3,-46.3,19.94,46.3,0.0
2024-12-11T17:00,-12.4,-18.3,74,15.1,43.9,0.0,1019.1,0.0,0.0,8.5,46.2,-46.2,19.94,46.2,0.0
2024-12-11T18:00,-13.8,-19.5,73,13.8,42.8,0.0,1019.7,0.0,0.0,8.7,46.4,-46.4,19.94,46.4,0.0
2024-12-11T19:00,-15.2,-20.6,74,10.9,38.5,0.0,1020.5,0.0,0.0,8.7,46.4,-46.4,19.94,46.4,0.0
2024-12-11T20:00,-15.9,-21.2,75,10.4,33.1,0.0,1021.2,0.0,0.0,8.8,46.5,-46.5,19.94,46.5,0.0
2024-12-11T21:00,-16.1,-21.1,75,8.7,32.0,0.0,1021.8,0.0,0.0,8.7,46.4,-46.4,19.94,46.4,0.0
2024-12-11T22:00,-16.1,-21.2,76,8.7,30.2,0.0,1022.5,0.0,0.0,8.7,46.4,-46.4,19.94,46.4,0.0
2024-12-11T23:00,-15.3,-20.7,77,11.0,34.6,0.0,1023.1,0.0,0.0,8.7,46.4,-46.4,19.94,46.4,0.0
2024-12-12T00:00,-15.4,-20.9,79,12.1,37.4,0.0,1023.3,0.0,0.0,8.8,46.5,-46.5,19.94,46.5,0.0
2024-12-12T01:00,-15.8,-21.1,77,10.5,33.5,0.0,1024.3,0.0,0.0,8.7,46.4,-46.4,19.94,46.4,0.0
2024-12-12T02:00,-16.0,-21.2,79,9.9,33.1,0.0,1024.8,0.0,0.0,8.7,46.4,-46.4,19.94,46.4,0.0
2024-12-12T03:00,-16.0,-21.2,82,10.5,34.9,0.0,1024.9,0.0,0.0,8.8,46.5,-46.5,19.94,46.5,0.0
2024-12-12T04:00,-15.4,-20.8,81,11.5,36.7,0.0,1025.1,0.0,0.0,8.7,46.4,-46.4,19.94,46.4,0.0
2024-12-12T05:00,-15.1,-20.4,81,11.3,37.1,0.0,1025.3,0.0,0.0,8.7,46.4,-46.4,19.94,46.4,0.0
2024-12-12T06:00,-15.0,-20.4,82,11.4,36.4,0.0,1025.3,0.0,0.0,8.7,46.4,-46.4,19.94,46.4,0.0
2024-12-12T07:00,-14.6,-20.0,81,12.2,37.1,0.0,1025.5,0.0,0.0,8.7,46.4,-46.4,19.94,46.4,0.0
2024-12-12T08:00,-14.2,-19.6,79,11.7,36.7,0.0,1025.9,0.0,0.0,8.6,46.3,-46.3,19.94,46.3,0.0
2024-12-12T09:00,-13.9,-19.1,78,10.6,34.2,0.0,1026.3,0.0,0.0,8.5,46.2,-46.2,19.94,46.2,0.0
2024-12-12T10:00,-13.9,-19.0,78,9.7,31.0,0.0,1026.5,0.0,0.0,8.5,46.2,-46.2,19.94,46.2,0.0
2024-12-12T11:00,-14.2,-19.2,78,8.8,28.4,0.0,1026.8,0.0,0.0,8.5,46.2,-46.2,19.94,46.2,0.0
2024-12-12T12:00,-14.9,-19.8,79,8.1,26.3,0.0,1026.7,0.0,17.2,8.5,46.2,-29.0,19.94,29.0,37.2
2024-12-12T13:00,-13.7,-18.7,75,9.2,33.5,0.0,1027.1,0.0,0.0,8.4,46.1,-46.1,19.94,46.1,0.0
2024-12-12T14:00,-15.5,-20.4,78,8.1,25.9,0.0,1027.1,0.0,17.2,8.6,46.3,-29.1,19.94,29.1,37.1
2024-12-12T15:00,-16.1,-20.9,78,6.9,23.0,0.0,1027.1,0.0,9.5,8.6,46.3,-36.8,19.94,36.8,20.5
2024-12-12T16:00,-16.8,-21.4,80,5.6,19.4,0.0,1027.1,0.0,3.9,8.6,46.3,-42.4,19.94,42.4,8.4
2024-12-12T17:00,-17.2,-21.7,81,4.4,16.6,0.0,1026.9,0.0,1.0,8.6,46.3,-45.3,19.94,45.3,2.2
2024-12-12T18:00,-17.8,-22.2,84,4.2,14.0,0.0,1026.6,0.0,0.7,8.6,46.3,-45.6,19.94,45.6,1.5
2024-12-12T19:00,-18.3,-22.8,84,4.8,12.6,0.0,1026.6,0.0,1.7,8.7,46.4,-44.7,19.94,44.7,3.7
2024-12-12T20:00,-18.9,-23.5,83,5.6,13.0,0.0,1026.7,0.0,3.9,8.8,46.5,-42.6,19.94,42.6,8.4
2024-12-12T21:00,-19.8,-24.6,84,6.8,13.7,0.0,1026.7,0.0,9.0,9.0,46.7,-37.7,19.94,37.7,19.3
2024-12-12T22:00,-19.8,-24.8,83,7.8,14.8,0.0,1026.5,0.0,15.1,9.1,46.8,-31.7,19.94,31.7,32.3
2024-12-12T23:00,-19.5,-24.4,83,7.3,15.5,0.0,1026.2,0.0,11.8,9.0,46.7,-34.9,19.94,34.9,25.3
2024-12-13T00:00,-19.6,-24.5,83,7.0,15.8,0.0,1025.7,0.0,10.1,9.0,46.7,-36.6,19.94,36.6,21.6
2024-12-13T01:00,-19.0,-23.5,85,4.7,13.3,0.0,1025.3,0.0,1.5,8.8,46.5,-45.0,19.94,45.0,3.2
2024-12-13T02:00,-18.8,-23.4,81,4.8,12.6,0.0,1024.7,0.0,1.7,8.8,46.5,-44.8,19.94,44.8,3.7
2024-12-13T03:00,-19.4,-24.2,80,6.3,12.6,0.0,1024.3,0.0,6.6,8.9,46.6,-40.0,19.94,40.0,14.2
2024-12-13T04:00,-20.3,-25.3,78,8.0,15.1,0.0,1023.9,0.0,16.5,9.1,46.8,-30.3,19.94,30.3,35.3
2024-12-13T05:00,-20.8,-25.9,76,8.1,15.8,0.0,1023.5,0.0,17.2,9.2,46.9,-29.7,19.94,29.7,36.7
2024-12-13T06:00,-21.1,-26.3,75,8.3,15.1,0.0,1022.9,0.0,18.7,9.3,47.0,-28.3,19.94,28.3,39.8
2024-12-13T07:00,-21.5,-26.7,77,8.5,16.2,0.0,1022.5,0.0,20.3,9.3,47.0,-26.7,19.94,26.7,43.2
2024-12-13T08:00,-21.8,-26.9,78,8.1,15.8,0.0,1022.2,0.0,17.2,9.3,47.0,-29.8,19.94,29.8,36.6
2024-12-13T09:00,-21.6,-26.7,79,7.9,15.1,0.0,1021.6,0.0,15.7,9.3,47.0,-31.3,19.94,31.3,33.4
2024-12-13T10:00,-21.1,-26.1,79,7.8,14.8,0.0,1021.0,0.0,15.1,9.2,46.9,-31.8,19.94,31.8,32.2
2024-12-13T11:00,-20.6,-25.6,78,7.2,14.0,0.0,1020.3,0.0,11.2,9.1,46.8,-35.6,19.94,35.6,23.9
2024-12-13T12:00,-20.1,-25.0,78,6.9,12.2,0.0,1019.6,0.0,9.5,9.1,46.8,-37.3,19.94,37.3,20.3
2024-12-13T13:00,-19.9,-24.8,77,6.4,14.4,0.0,1019.0,0.0,7.0,9.0,46.7,-39.7,19.94,39.7,15.0
2024-12-13T14:00,-19.3,-23.9,77,5.2,11.5,0.0,1018.5,0.0,2.7,8.9,46.6,-43.9,19.94,43.9,5.8
2024-12-13T15:00,-19.1,-23.7,78,5.0,8.3,0.0,1017.9,0.0,2.2,8.8,46.5,-44.3,19.94,44.3,4.7
2024-12-13T16:00,-19.4,-24.1,82,6.0,10.4,0.0,1017.1,0.0,5.4,8.9,46.6,-41.2,19.94,41.2,11.6
2024-12-13T17:00,-19.8,-24.6,84,6.7,12.6,0.0,1016.2,0.0,8.5,9.0,46.7,-38.2,19.94,38.2,18.2
2024-12-13T18:00,-20.0,-24.8,83,6.6,12.6,0.0,1015.3,0.0,8.0,9.0,46.7,-38.7,19.94,38.7,17.1
2024-12-13T19:00,-20.9,-25.9,84,7.6,14.0,0.0,1014.8,0.0,13.7,9.2,46.9,-33.2,19.94,33.2,29.2
2024-12-13T20:00,-21.2,-26.2,81,7.6,14.4,0.0,1014.3,0.0,13.7,9.2,46.9,-33.2,19.94,33.2,29.2
2024-12-13T21:00,-21.4,-26.5,81,8.1,14.4,0.0,1013.7,0.0,17.2,9.3,47.0,-29.8,19.94,29.8,36.6
2024-12-13T22:00,-20.9,-26.1,81,8.5,15.5,0.0,1012.7,0.0,20.3,9.3,47.0,-26.7,19.94,26.7,43.2
2024-12-13T23:00,-20.3,-25.4,77,7.7,15.5,0.0,1011.9,0.0,14.4,9.1,46.8,-32.4,19.94,32.4,30.8
2024-12-14T00:00,-20.3,-25.3,79,7.3,14.4,0.0,1011.1,0.0,11.8,9.1,46.8,-35.0,19.94,35.0,25.2
2024-12-14T01:00,-19.4,-24.4,78,7.2,16.9,0.0,1009.9,0.0,11.2,9.0,46.7,-35.5,19.94,35.5,24.0
2024-12-14T02:00,-17.6,-22.4,75,6.5,15.5,0.0,1009.2,0.0,7.5,8.7,46.4,-38.9,19.94,38.9,16.2
2024-12-14T03:00,-17.0,-21.7,74,6.1,14.4,0.0,1008.5,0.0,5.8,8.7,46.4,-40.6,19.94,40.6,12.5
2024-12-14T04:00,-16.8,-21.5,76,5.9,13.0,0.0,1008.0,0.0,5.0,8.6,46.3,-41.3,19.94,41.3,10.8
2024-12-14T05:00,-17.2,-22.0,78,6.3,14.0,0.0,1007.3,0.0,6.6,8.7,46.4,-39.8,19.94,39.8,14.2
2024-12-14T06:00,-17.5,-22.3,78,6.3,14.4,0.0,1006.5,0.0,6.6,8.7,46.4,-39.8,19.94,39.8,14.2
2024-12-14T07:00,-17.4,-22.1,77,6.5,14.4,0.0,1006.1,0.0,7.5,8.7,46.4,-38.9,19.94,38.9,16.2
2024-12-14T08:00,-16.8,-21.6,77,6.5,15.1,0.0,1005.8,0.0,7.5,8.7,46.4,-38.9,19.94,38.9,16.2
2024-12-14T09:00,-16.0,-20.7,77,6.2,15.5,0.0,1005.4,0.0,6.2,8.5,46.2,-40.0,19.94,40.0,13.4
2024-12-14T10:00,-15.7,-20.3,78,6.1,15.8,0.0,1005.0,0.0,5.8,8.5,46.2,-40.4,19.94,40.4,12.6
2024-12-14T11:00,-15.6,-20.2,81,6.1,15.8,0.0,1004.8,0.0,5.8,8.5,46.2,-40.4,19.94,40.4,12.6
2024-12-14T12:00,-15.8,-20.5,84,6.8,16.6,0.0,1004.2,0.0,9.0,8.6,46.3,-37.3,19.94,37.3,19.4
2024-12-14T13:00,-17.6,-22.9,81,10.7,25.6,0.0,1003.8,0.0,42.6,9.0,46.7,-4.1,19.94,4.1,91.2
2024-12-14T14:00,-17.4,-22.8,79,10.9,25.9,0.0,1003.5,0.0,45.0,9.0,46.7,-1.7,19.94,1.7,96.4
2024-12-14T15:00,-15.3,-20.5,80,10.2,25.9,0.0,1003.3,0.0,36.7,8.7,46.4,-9.7,19.94,9.7,79.1
2024-12-14T16:00,-13.9,-18.8,82,8.8,24.8,0.0,1002.7,0.0,22.8,8.4,46.1,-23.3,19.94,23.3,49.5
2024-12-14T17:00,-14.6,-19.7,84,9.9,25.9,0.0,1002.0,0.0,33.4,8.6,46.3,-12.9,19.94,12.9,72.1
2024-12-14T18:00,-12.4,-17.4,82,10.1,30.6,0.0,1001.5,0.0,0.0,8.3,46.0,-46.0,19.94,46.0,0.0
2024-12-14T19:00,-10.4,-15.1,80,8.5,31.0,0.0,1001.4,0.0,0.0,8.0,45.7,-45.7,19.94,45.7,0.0
2024-12-14T20:00,-11.2,-15.9,81,8.4,29.2,0.0,1001.2,0.0,0.0,8.1,45.8,-45.8,19.94,45.8,0.0
2024-12-14T21:00,-12.3,-17.0,86,8.0,28.8,0.0,1001.0,0.0,0.0,8.2,45.9,-45.9,19.94,45.9,0.0
2024-12-14T22:00,-13.3,-18.3,91,10.0,30.6,0.0,1000.7,0.0,0.0,8.4,46.1,-46.1,19.94,46.1,0.0
2024-12-14T23:00,-13.5,-18.7,90,11.4,34.2,0.0,1000.4,0.0,0.0,8.5,46.2,-46.2,19.94,46.2,0.0
2024-12-15T00:00,-12.7,-17.9,89,11.6,35.3,0.0,1000.2,0.0,0.0,8.4,46.1,-46.1,19.94,46.1,0.0
2024-12-15T01:00,-11.9,-17.0,89,10.9,34.9,0.0,999.5,0.0,0.0,8.3,46.0,-46.0,19.94,46.0,0.0
2024-12-15T02:00,-11.0,-16.0,89,10.9,32.4,0.0,999.5,0.0,0.0,8.2,45.9,-45.9,19.94,45.9,0.0
2024-12-15T03:00,-10.8,-15.8,90,10.6,32.8,0.0,999.2,0.0,0.0,8.1,45.8,-45.8,19.94,45.8,0.0
2024-12-15T04:00,-10.9,-15.9,89,10.4,32.0,0.0,998.9,0.0,0.0,8.1,45.8,-45.8,19.94,45.8,0.0
2024-12-15T05:00,-10.7,-15.6,90,10.1,33.1,0.0,998.5,0.0,0.0,8.1,45.8,-45.8,19.94,45.8,0.0
2024-12-15T06:00,-9.4,-14.0,91,8.9,33.1,0.0,998.3,0.0,0.0,7.9,45.6,-45.6,19.94,45.6,0.0
2024-12-15T07:00,-8.8,-13.4,90,9.3,33.5,0.0,998.2,0.0,0.0,7.8,45.5,-45.5,19.94,45.5,0.0
2024-12-15T08:00,-8.6,-13.2,85,9.0,33.5,0.0,998.0,0.0,0.0,7.8,45.5,-45.5,19.94,45.5,0.0
2024-12-15T09:00,-7.9,-12.6,83,10.0,34.9,0.0,997.6,0.0,0.0,7.8,45.5,-45.5,19.94,45.5,0.0
2024-12-15T10:00,-8.7,-13.5,84,10.6,35.3,0.0,997.2,0.0,0.0,7.9,45.6,-45.6,19.94,45.6,0.0
2024-12-15T11:00,-8.3,-13.3,85,11.7,37.4,0.0,996.7,0.0,0.0,7.9,45.6,-45.6,19.94,45.6,0.0
2024-12-15T12:00,-7.8,-12.9,85,12.6,40.0,0.0,996.0,0.0,0.0,7.9,45.6,-45.6,19.94,45.6,0.0
2024-12-15T13:00,-8.4,-13.6,80,12.4,38.2,0.0,996.0,0.0,0.0,7.9,45.6,-45.6,19.94,45.6,0.0
2024-12-15T14:00,-9.7,-14.9,82,12.3,39.6,0.0,995.4,0.0,0.0,8.1,45.8,-45.8,19.94,45.8,0.0
2024-12-15T15:00,-8.5,-13.7,82,12.9,41.0,0.0,995.1,0.0,0.0,8.0,45.7,-45.7,19.94,45.7,0.0
2024-12-15T16:00,-7.2,-12.4,84,13.9,43.6,0.0,994.9,0.0,0.0,7.8,45.5,-45.5,19.94,45.5,0.0
2024-12-15T17:00,-6.8,-11.9,84,13.2,43.9,0.0,994.7,0.0,0.0,7.8,45.5,-45.5,19.94,45.5,0.0
2024-12-15T18:00,-6.7,-11.8,85,13.1,42.5,0.0,994.6,0.0,0.0,7.7,45.4,-45.4,19.94,45.4,0.0
2024-12-15T19:00,-7.1,-12.1,85,12.9,42.1,0.0,994.8,0.0,0.0,7.8,45.5,-45.5,19.94,45.5,0.0
2024-12-15T20:00,-7.2,-12.3,83,13.4,42.5,0.0,995.3,0.0,0.0,7.8,45.5,-45.5,19.94,45.5,0.0
2024-12-15T21:00,-7.8,-13.1,83,14.1,43.6,0.0,995.7,0.0,0.0,7.9,45.6,-45.6,19.94,45.6,0.0
2024-12-15T22:00,-8.5,-13.8,83,14.2,43.6,0.0,996.0,0.0,0.0,8.0,45.7,-45.7,19.94,45.7,0.0
2024-12-15T23:00,-8.9,-14.1,85,13.5,43.6,0.0,996.2,0.0,0.0,8.0,45.7,-45.7,19.94,45.7,0.0
2024-12-16T00:00,-9.1,-14.3,85,13.0,42.5,0.0,996.4,0.0,0.0,8.0,45.7,-45.7,19.94,45.7,0.0
2024-12-16T01:00,-8.0,-13.3,85,14.6,47.5,0.0,996.2,0.0,0.0,8.0,45.7,-45.7,19.94,45.7,0.0
2024-12-16T02:00,-8.0,-13.4,84,14.2,47.2,0.0,996.6,0.0,0.0,7.9,45.6,-45.6,19.94,45.6,0.0
2024-12-16T03:00,-8.3,-13.4,84,12.7,45.4,0.0,996.9,0.0,0.0,7.9,45.6,-45.6,19.94,45.6,0.0
2024-12-16T04:00,-8.1,-13.1,85,12.1,41.0,0.0,997.3,0.0,0.0,7.9,45.6,-45.6,19.94,45.6,0.0
2024-12-16T05:00,-7.9,-13.3,83,14.5,44.6,0.0,997.7,0.0,0.0,7.9,45.6,-45.6,19.94,45.6,0.0
2024-12-16T06:00,-8.1,-13.6,81,15.3,46.8,0.0,998.2,0.0,0.0,8.0,45.7,-45.7,19.94,45.7,0.0
2024-12-16T07:00,-8.3,-13.8,79,15.4,47.2,0.0,998.4,0.0,0.0,8.0,45.7,-45.7,19.94,45.7,0.0
2024-12-16T08:00,-8.6,-14.1,79,15.1,46.8,0.0,998.9,0.0,0.0,8.1,45.8,-45.8,19.94,45.8,0.0
2024-12-16T09:00,-8.7,-14.1,81,14.2,45.4,0.0,999.3,0.0,0.0,8.0,45.7,-45.7,19.94,45.7,0.0
2024-12-16T10:00,-8.9,-14.2,81,13.5,43.2,0.0,999.7,0.0,0.0,8.0,45.7,-45.7,19.94,45.7,0.0
2024-12-16T11:00,-9.2,-14.4,81,12.7,41.4,0.0,1000.0,0.0,0.0,8.0,45.7,-45.7,19.94,45.7,0.0
2024-12-16T12:00,-9.4,-14.5,81,11.7,39.6,0.0,1000.5,0.0,0.0,8.0,45.7,-45.7,19.94,45.7,0.0
2024-12-16T13:00,-8.6,-13.3,82,9.9,31.7,0.0,1000.7,0.0,0.0,7.8,45.5,-45.5,19.94,45.5,0.0
2024-12-16T14:00,-8.9,-13.8,80,10.3,33.5,0.0,1001.0,0.0,0.0,7.9,45.6,-45.6,19.94,45.6,0.0
2024-12-16T15:00,-9.9,-14.6,78,8.7,33.5,0.0,1001.3,0.0,0.0,7.9,45.6,-45.6,19.94,45.6,0.0
2024-12-16T16:00,-11.5,-15.8,79,5.1,28.4,0.0,1001.3,0.0,0.0,8.0,45.7,-45.7,19.94,45.7,0.0
2024-12-16T17:00,-13.3,-17.5,84,3.7,21.6,0.0,1001.4,0.0,0.2,8.1,45.8,-45.6,19.94,45.6,0.4
2024-12-16T18:00,-14.1,-18.4,86,4.8,18.7,0.0,1001.7,0.0,1.7,8.3,46.0,-44.3,19.94,44.3,3.7
2024-12-16T19:00,-14.9,-19.5,88,6.5,18.0,0.0,1001.8,0.0,7.5,8.4,46.1,-38.6,19.94,38.6,16.3
2024-12-16T20:00,-16.0,-20.9,88,7.8,18.0,0.0,1001.9,0.0,15.1,8.6,46.3,-31.2,19.94,31.2,32.6
2024-12-16T21:00,-16.8,-21.8,89,8.7,17.6,0.0,1002.0,0.0,22.0,8.8,46.5,-24.5,19.94,24.5,47.3
2024-12-16T22:00,-17.1,-22.2,88,9.2,16.9,0.0,1002.0,0.0,26.4,8.8,46.5,-20.1,19.94,20.1,56.8
2024-12-16T23:00,-17.0,-22.1,88,9.2,15.1,0.0,1001.9,0.0,26.4,8.8,46.5,-20.1,19.94,20.1,56.8
2024-12-17T00:00,-16.4,-21.3,87,8.0,11.9,0.0,1001.9,0.0,16.5,8.7,46.4,-29.9,19.94,29.9,35.6
2024-12-17T01:00,-14.0,-18.6,79,6.3,15.5,0.0,1001.6,0.0,6.6,8.3,46.0,-39.4,19.94,39.4,14.3
2024-12-17T02:00,-14.3,-19.0,83,6.8,14.4,0.0,1001.5,0.0,9.0,8.4,46.1,-37.1,19.94,37.1,19.5
2024-12-17T03:00,-14.5,-19.2,83,6.9,14.4,0.0,1001.3,0.0,9.5,8.4,46.1,-36.6,19.94,36.6,20.6
2024-12-17T04:00,-14.2,-18.9,81,7.6,13.7,0.0,1001.0,0.0,13.7,8.4,46.1,-32.4,19.94,32.4,29.7
2024-12-17T05:00,-12.7,-17.4,78,7.5,13.0,0.0,1000.9,0.0,13.1,8.2,45.9,-32.8,19.94,32.8,28.5
2024-12-17T06:00,-12.2,-16.7,78,5.9,12.6,0.0,1000.9,0.0,5.0,8.1,45.8,-40.8,19.94,40.8,10.9
2024-12-17T07:00,-11.7,-15.9,78,4.7,10.8,0.0,1001.2,0.0,1.5,8.0,45.7,-44.2,19.94,44.2,3.3
2024-12-17T08:00,-11.9,-16.2,81,5.7,14.4,0.0,1001.8,0.0,4.2,8.1,45.8,-41.6,19.94,41.6,9.2
2024-12-17T09:00,-12.3,-16.8,83,6.4,18.7,0.0,1002.2,0.0,7.0,8.1,45.8,-38.8,19.94,38.8,15.3
2024-12-17T10:00,-12.4,-17.0,84,6.7,21.6,0.0,1002.6,0.0,8.5,8.2,45.9,-37.4,19.94,37.4,18.5
2024-12-17T11:00,-13.4,-17.9,85,6.3,21.6,0.0,1003.0,0.0,6.6,8.3,46.0,-39.4,19.94,39.4,14.3
2024-12-17T12:00,-14.3,-18.8,86,5.6,19.1,0.0,1003.1,0.0,3.9,8.3,46.0,-42.1,19.94,42.1,8.5
2024-12-17T13:00,-11.9,-16.4,83,6.8,20.5,0.0,1003.3,0.0,9.0,8.1,45.8,-36.8,19.94,36.8,19.7
2024-12-17T14:00,-13.7,-18.3,87,6.8,19.4,0.0,1003.6,0.0,9.0,8.3,46.0,-37.0,19.94,37.0,19.6
2024-12-17T15:00,-15.5,-20.4,88,8.2,17.3,0.0,1003.7,0.0,17.9,8.6,46.3,-28.4,19.94,28.4,38.7
2024-12-17T16:00,-16.6,-21.7,81,9.7,16.9,0.0,1003.6,0.0,31.3,8.8,46.5,-15.2,19.94,15.2,67.3
2024-12-17T17:00,-15.7,-20.6,74,7.5,16.9,0.0,1003.9,0.0,13.1,8.6,46.3,-33.2,19.94,33.2,28.3
2024-12-17T18:00,-15.5,-20.0,70,4.8,14.4,0.0,1004.0,0.0,1.7,8.4,46.1,-44.4,19.94,44.4,3.7
2024-12-17T19:00,-15.3,-19.6,74,3.5,13.7,0.0,1004.2,0.0,0.1,8.3,46.0,-45.9,19.94,45.9,0.2
2024-12-17T20:00,-15.7,-19.9,78,3.4,14.4,0.0,1004.4,0.0,0.1,8.4,46.1,-46.0,19.94,46.0,0.2
2024-12-17T21:00,-16.8,-21.3,82,5.0,18.4,0.0,1004.5,0.0,2.2,8.6,46.3,-44.1,19.94,44.1,4.8
2024-12-17T22:00,-17.7,-22.5,83,6.8,20.2,0.0,1004.2,0.0,9.0,8.8,46.5,-37.5,19.94,37.5,19.4
2024-12-17T23:00,-18.6,-23.7,86,8.7,20.2,0.0,1004.0,0.0,22.0,9.0,46.7,-24.7,19.94,24.7,47.1
2024-12-18T00:00,-18.1,-23.2,84,9.0,20.2,0.0,1003.9,0.0,24.6,8.9,46.6,-22.0,19.94,22.0,52.8
2024-12-18T01:00,-16.6,-21.5,88,7.6,20.5,0.0,1003.8,0.0,13.7,8.7,46.4,-32.7,19.94,32.7,29.5
2024-12-18T02:00,-13.9,-18.2,84,5.0,21.2,0.0,1003.5,0.0,2.2,8.2,45.9,-43.7,19.94,43.7,4.8
2024-12-18T03:00,-12.5,-17.2,90,7.7,25.2,0.0,1003.1,0.0,14.4,8.2,45.9,-31.5,19.94,31.5,31.4
2024-12-18T04:00,-11.9,-16.8,84,9.4,29.2,0.0,1002.7,0.0,0.0,8.2,45.9,-45.9,19.94,45.9,0.0
2024-12-18T05:00,-12.0,-17.0,82,10.2,31.7,0.0,1002.1,0.0,0.0,8.3,46.0,-46.0,19.94,46.0,0.0
2024-12-18T06:00,-11.5,-16.8,80,12.1,35.6,0.0,1001.8,0.0,0.0,8.3,46.0,-46.0,19.94,46.0,0.0
2024-12-18T07:00,-11.0,-16.4,79,13.0,37.4,0.0,1001.3,0.0,0.0,8.3,46.0,-46.0,19.94,46.0,0.0
2024-12-18T08:00,-10.8,-16.2,79,12.9,38.2,0.0,1001.1,0.0,0.0,8.2,45.9,-45.9,19.94,45.9,0.0
2024-12-18T09:00,-10.3,-15.8,78,14.1,41.4,0.0,1001.0,0.0,0.0,8.2,45.9,-45.9,19.94,45.9,0.0
2024-12-18T10:00,-9.7,-15.5,77,16.5,46.8,0.0,1000.3,0.0,0.0,8.3,46.0,-46.0,19.94,46.0,0.0
2024-12-18T11:00,-9.4,-15.4,76,17.4,50.0,0.0,999.8,0.0,0.0,8.3,46.0,-46.0,19.94,46.0,0.0
2024-12-18T12:00,-9.4,-15.3,74,17.3,50.0,0.0,999.6,0.0,0.0,8.3,46.0,-46.0,19.94,46.0,0.0
2024-12-18T13:00,-8.3,-14.4,76,18.8,52.9,0.0,998.6,0.0,0.0,8.2,45.9,-45.9,19.94,45.9,0.0
2024-12-18T14:00,-8.4,-14.4,74,17.9,52.9,0.0,998.4,0.0,0.0,8.1,45.8,-45.8,19.94,45.8,0.0
2024-12-18T15:00,-8.9,-14.7,71,16.2,50.4,0.0,998.1,0.0,0.0,8.1,45.8,-45.8,19.94,45.8,0.0
2024-12-18T16:00,-10.0,-15.5,72,14.0,45.7,0.0,997.8,0.0,0.0,8.2,45.9,-45.9,19.94,45.9,0.0
2024-12-18T17:00,-11.5,-16.8,73,11.7,39.6,0.0,997.8,0.0,0.0,8.3,46.0,-46.0,19.94,46.0,0.0
2024-12-18T18:00,-12.0,-17.2,74,11.3,33.8,0.0,997.5,0.0,0.0,8.3,46.0,-46.0,19.94,46.0,0.0
2024-12-18T19:00,-11.6,-16.8,74,11.1,33.5,0.0,997.7,0.0,0.0,8.3,46.0,-46.0,19.94,46.0,0.0
2024-12-18T20:00,-11.6,-16.6,75,10.2,32.8,0.0,997.9,0.0,0.0,8.2,45.9,-45.9,19.94,45.9,0.0
2024-12-18T21:00,-11.5,-16.5,76,10.0,31.0,0.0,998.1,0.0,0.0,8.2,45.9,-45.9,19.94,45.9,0.0
2024-12-18T22:00,-11.4,-16.1,77,8.0,30.2,0.0,998.0,0.0,0.0,8.1,45.8,-45.8,19.94,45.8,0.0
2024-12-18T23:00,-11.4,-16.1,78,7.8,26.3,0.0,997.8,0.0,15.1,8.1,45.8,-30.7,19.94,30.7,33.0
2024-12-19T00:00,-11.4,-16.1,80,7.7,25.2,0.0,997.7,0.0,14.4,8.1,45.8,-31.4,19.94,31.4,31.4
2024-12-19T01:00,-11.2,-15.7,81,6.9,24.1,0.0,997.2,0.0,9.5,8.0,45.7,-36.2,19.94,36.2,20.8
2024-12-19T02:00,-11.0,-15.5,81,7.0,22.0,0.0,997.2,0.0,10.1,8.0,45.7,-35.6,19.94,35.6,22.1
2024-12-19T03:00,-10.8,-15.2,81,6.8,22.0,0.0,997.0,0.0,9.0,8.0,45.7,-36.7,19.94,36.7,19.7
2024-12-19T04:00,-11.0,-15.4,81,6.0,21.2,0.0,996.8,0.0,5.4,8.0,45.7,-40.3,19.94,40.3,11.8
2024-12-19T05:00,-10.9,-15.0,81,4.3,19.4,0.0,996.9,0.0,0.9,7.9,45.6,-44.7,19.94,44.7,2.0
2024-12-19T06:00,-11.3,-15.2,83,2.5,16.2,0.0,997.1,0.0,0.0,7.8,45.5,-45.5,19.94,45.5,0.0
2024-12-19T07:00,-12.4,-16.2,86,1.4,13.0,0.0,997.3,0.0,0.0,7.9,45.6,-45.6,19.94,45.6,0.0
2024-12-19T08:00,-13.6,-17.8,87,4.4,11.9,0.0,997.1,0.0,1.0,8.2,45.9,-44.9,19.94,44.9,2.2
2024-12-19T09:00,-15.2,-19.8,87,6.9,11.9,0.0,997.1,0.0,9.5,8.5,46.2,-36.7,19.94,36.7,20.6
2024-12-19T10:00,-16.7,-21.7,83,9.0,12.2,0.0,997.0,0.0,24.6,8.8,46.5,-21.9,19.94,21.9,52.9
2024-12-19T11:00,-18.1,-23.4,83,10.4,16.2,0.0,996.9,0.0,39.0,9.0,46.7,-7.7,19.94,7.7,83.5
2024-12-19T12:00,-16.7,-21.8,82,9.1,16.6,0.0,996.9,0.0,25.5,8.8,46.5,-21.0,19.94,21.0,54.8
2024-12-19T13:00,-12.9,-17.4,81,6.1,14.0,0.0,996.5,0.0,5.8,8.2,45.9,-40.1,19.94,40.1,12.6
2024-12-19T14:00,-12.6,-17.0,83,6.2,14.4,0.0,996.7,0.0,6.2,8.2,45.9,-39.7,19.94,39.7,13.5
2024-12-19T15:00,-13.0,-17.6,84,6.9,14.8,0.0,996.6,0.0,9.5,8.2,45.9,-36.4,19.94,36.4,20.7
2024-12-19T16:00,-14.6,-19.5,83,8.5,16.2,0.0,996.5,0.0,20.3,8.5,46.2,-25.9,19.94,25.9,43.9
2024-12-19T17:00,-16.0,-21.2,82,10.2,18.4,0.0,996.7,0.0,36.7,8.8,46.5,-9.8,19.94,9.8,78.9
2024-12-19T18:00,-16.5,-21.8,81,10.7,19.4,0.0,996.9,0.0,42.6,8.8,46.5,-3.9,19.94,3.9,91.6
2024-12-19T19:00,-15.7,-20.9,78,10.1,19.4,0.0,997.1,0.0,35.6,8.7,46.4,-10.8,19.94,10.8,76.7
2024-12-19T20:00,-15.3,-20.4,79,9.4,18.0,0.0,997.4,0.0,28.3,8.6,46.3,-18.0,19.94,18.0,61.1
2024-12-19T21:00,-14.4,-19.3,78,8.7,17.3,0.0,997.7,0.0,22.0,8.5,46.2,-24.2,19.94,24.2,47.6
2024-12-19T22:00,-13.2,-18.0,79,7.9,15.8,0.0,998.1,0.0,15.7,8.3,46.0,-30.3,19.94,30.3,34.1
2024-12-19T23:00,-13.3,-18.0,80,7.0,14.4,0.0,998.4,0.0,10.1,8.3,46.0,-35.9,19.94,35.9,22.0
2024-12-20T00:00,-13.9,-18.6,81,6.8,13.3,0.0,998.4,0.0,9.0,8.3,46.0,-37.0,19.94,37.0,19.6
2024-12-20T01:00,-16.1,-21.1,80,8.6,18.0,0.0,998.9,0.0,21.1,8.7,46.4,-25.3,19.94,25.3,45.5
2024-12-20T02:00,-15.5,-20.4,81,8.0,15.5,0.0,999.2,0.0,16.5,8.6,46.3,-29.8,19.94,29.8,35.6
2024-12-20T03:00,-15.3,-20.1,84,7.2,14.4,0.0,999.3,0.0,11.2,8.5,46.2,-35.0,19.94,35.0,24.2
2024-12-20T04:00,-15.5,-20.3,84,7.3,14.4,0.0,999.6,0.0,11.8,8.5,46.2,-34.4,19.94,34.4,25.5
2024-12-20T05:00,-15.4,-20.3,85,7.8,15.5,0.0,999.6,0.0,15.1,8.6,46.3,-31.2,19.94,31.2,32.6
2024-12-20T06:00,-14.6,-19.4,85,7.7,15.8,0.0,999.8,0.0,14.4,8.5,46.2,-31.8,19.94,31.8,31.2
2024-12-20T07:00,-14.1,-18.8,86,7.8,16.6,0.0,1000.2,0.0,15.1,8.4,46.1,-31.0,19.94,31.0,32.8
2024-12-20T08:00,-14.6,-19.4,88,8.0,17.3,0.0,1000.3,0.0,16.5,8.5,46.2,-29.7,19.94,29.7,35.7
2024-12-20T09:00,-15.2,-20.1,88,8.6,18.7,0.0,1000.5,0.0,21.1,8.6,46.3,-25.2,19.94,25.2,45.6
2024-12-20T10:00,-15.2,-20.1,86,8.9,19.1,0.0,1000.8,0.0,23.7,8.6,46.3,-22.6,19.94,22.6,51.2
2024-12-20T11:00,-14.6,-19.5,84,8.9,19.8,0.0,1001.0,0.0,23.7,8.5,46.2,-22.5,19.94,22.5,51.3
2024-12-20T12:00,-14.9,-20.0,85,9.7,22.0,0.0,1001.1,0.0,31.3,8.6,46.3,-15.0,19.94,15.0,67.6
2024-12-20T13:00,-16.4,-21.8,87,11.5,24.8,0.0,1001.0,0.0,52.9,8.9,46.6,6.3,21.44,0.0,100.0
2024-12-20T14:00,-16.4,-21.8,89,11.1,25.6,0.0,1001.3,0.0,47.6,8.9,46.6,1.0,21.68,0.0,100.0
2024-12-20T15:00,-16.6,-21.9,91,10.9,25.2,0.0,1001.2,0.0,45.0,8.9,46.6,-1.6,21.26,0.0,96.6
2024-12-20T16:00,-16.6,-21.8,92,10.8,24.5,0.0,1001.1,0.0,43.8,8.9,46.6,-2.8,20.52,0.0,94.0
2024-12-20T17:00,-15.6,-20.9,83,10.9,25.9,0.0,1001.2,0.0,45.0,8.7,46.4,-1.4,20.15,0.0,97.0
2024-12-20T18:00,-12.7,-17.8,72,10.0,27.0,0.0,1001.0,0.0,34.5,8.3,46.0,-11.5,19.99,10.9,75.0
2024-12-20T19:00,-12.8,-17.9,67,9.6,27.0,0.0,1000.8,0.0,30.3,8.3,46.0,-15.7,19.99,15.7,65.9
2024-12-20T20:00,-12.9,-17.9,64,9.2,26.3,0.0,1000.9,0.0,26.4,8.3,46.0,-19.6,19.99,19.6,57.4
2024-12-20T21:00,-11.9,-16.9,63,9.3,26.6,0.0,1000.9,0.0,27.4,8.2,45.9,-18.5,19.99,18.5,59.7
2024-12-20T22:00,-11.5,-16.5,66,8.9,26.3,0.0,1001.0,0.0,23.7,8.1,45.8,-22.1,19.99,22.1,51.7
2024-12-20T23:00,-12.9,-18.0,70,9.8,26.3,0.0,1001.0,0.0,32.4,8.4,46.1,-13.7,19.99,13.7,70.3
2024-12-21T00:00,-13.9,-19.1,77,10.4,29.5,0.0,1000.8,0.0,0.0,8.5,46.2,-46.2,19.99,46.2,0.0
2024-12-21T01:00,-12.6,-17.9,78,11.7,32.4,0.0,1000.3,0.0,0.0,8.4,46.1,-46.1,19.99,46.1,0.0
2024-12-21T02:00,-11.8,-17.0,78,11.6,34.6,0.0,1000.4,0.0,0.0,8.3,46.0,-46.0,19.99,46.0,0.0
2024-12-21T03:00,-11.6,-16.9,82,11.8,34.6,0.0,1000.2,0.0,0.0,8.3,46.0,-46.0,19.99,46.0,0.0
2024-12-21T04:00,-11.0,-16.2,86,12.5,35.3,0.0,1000.3,0.0,0.0,8.3,46.0,-46.0,19.99,46.0,0.0
2024-12-21T05:00,-10.2,-15.5,88,12.8,35.6,0.0,1000.3,0.0,0.0,8.2,45.9,-45.9,19.99,45.9,0.0
2024-12-21T06:00,-10.4,-15.7,89,12.8,35.3,0.0,1000.3,0.0,0.0,8.2,45.9,-45.9,19.99,45.9,0.0
2024-12-21T07:00,-11.2,-16.5,90,13.0,34.2,0.0,1000.3,0.0,0.0,8.3,46.0,-46.0,19.99,46.0,0.0
2024-12-21T08:00,-11.7,-17.1,90,12.8,33.8,0.0,1000.5,0.0,0.0,8.4,46.1,-46.1,19.99,46.1,0.0
2024-12-21T09:00,-11.5,-16.8,89,12.3,33.1,0.0,1000.7,0.0,0.0,8.3,46.0,-46.0,19.99,46.0,0.0
2024-12-21T10:00,-11.4,-16.7,89,12.7,32.8,0.0,1001.1,0.0,0.0,8.3,46.0,-46.0,19.99,46.0,0.0
2024-12-21T11:00,-11.6,-16.8,89,12.5,32.8,0.0,1001.1,0.0,0.0,8.3,46.0,-46.0,19.99,46.0,0.0
2024-12-21T12:00,-12.8,-18.1,87,12.0,32.0,0.0,1001.2,0.0,0.0,8.5,46.2,-46.2,19.99,46.2,0.0
2024-12-21T13:00,-10.1,-15.2,84,11.9,34.9,0.0,1001.5,0.0,0.0,8.1,45.8,-45.8,19.99,45.8,0.0
2024-12-21T14:00,-10.3,-15.3,83,11.1,32.8,0.0,1001.9,0.0,0.0,8.1,45.8,-45.8,19.99,45.8,0.0
2024-12-21T15:00,-10.7,-15.6,81,9.6,30.6,0.0,1002.5,0.0,0.0,8.1,45.8,-45.8,19.99,45.8,0.0
2024-12-21T16:00,-8.9,-13.5,79,8.2,25.9,0.0,1002.9,0.0,17.9,7.8,45.5,-27.6,19.99,27.6,39.3
2024-12-21T17:00,-7.9,-12.3,79,7.4,20.9,0.0,1003.4,0.0,12.4,7.7,45.4,-33.0,19.99,33.0,27.3
2024-12-21T18:00,-7.1,-11.2,79,6.2,17.6,0.0,1003.6,0.0,6.2,7.5,45.2,-39.0,19.99,39.0,13.7
2024-12-21T19:00,-6.6,-10.5,79,4.4,15.1,0.0,1004.2,0.0,1.0,7.4,45.1,-44.1,19.99,44.1,2.2
2024-12-21T20:00,-6.3,-9.9,79,3.0,12.2,0.0,1004.8,0.0,0.0,7.3,45.0,-45.0,19.99,45.0,0.0
2024-12-21T21:00,-6.2,-9.8,79,2.6,10.1,0.0,1005.3,0.0,0.0,7.3,45.0,-45.0,19.99,45.0,0.0
2024-12-21T22:00,-6.1,-9.6,80,2.1,9.4,0.0,1005.8,0.0,0.0,7.2,44.9,-44.9,19.99,44.9,0.0
2024-12-21T23:00,-6.4,-9.9,81,2.4,8.6,0.0,1006.2,0.0,0.0,7.3,45.0,-45.0,19.99,45.0,0.0
2024-12-22T00:00,-6.4,-9.8,84,2.4,8.3,0.0,1006.7,0.0,0.0,7.3,45.0,-45.0,19.99,45.0,0.0
2024-12-22T01:00,-6.4,-9.7,88,1.7,7.9,0.0,1007.3,0.0,0.0,7.3,45.0,-45.0,19.99,45.0,0.0
2024-12-22T02:00,-7.7,-11.3,93,2.9,6.5,0.0,1007.8,0.0,0.0,7.5,45.2,-45.2,19.99,45.2,0.0
2024-12-22T03:00,-8.1,-11.8,95,3.7,10.1,0.0,1008.3,0.0,0.2,7.5,45.2,-45.0,19.99,45.0,0.4
2024-12-22T04:00,-7.8,-11.5,93,3.9,11.5,0.0,1008.7,0.0,0.4,7.5,45.2,-44.8,19.99,44.8,0.9
2024-12-22T05:00,-7.2,-10.9,93,4.7,12.6,0.0,1009.1,0.0,1.5,7.5,45.2,-43.7,19.99,43.7,3.3
2024-12-22T06:00,-7.6,-11.5,93,5.3,14.8,0.0,1009.5,0.0,3.0,7.5,45.2,-42.2,19.99,42.2,6.6
2024-12-22T07:00,-7.3,-11.3,91,6.0,15.1,0.0,1010.0,0.0,5.4,7.5,45.2,-39.8,19.99,39.8,11.9
2024-12-22T08:00,-9.6,-13.9,92,7.1,15.8,0.0,1010.4,0.0,10.6,7.8,45.5,-34.9,19.99,34.9,23.3
2024-12-22T09:00,-10.5,-15.1,88,8.5,18.0,0.0,1010.9,0.0,20.3,8.0,45.7,-25.4,19.99,25.4,44.4
2024-12-22T10:00,-11.0,-15.7,86,8.8,18.7,0.0,1011.5,0.0,22.8,8.1,45.8,-23.0,19.99,23.0,49.8
2024-12-22T11:00,-11.3,-15.9,87,8.1,18.0,0.0,1011.9,0.0,17.2,8.1,45.8,-28.6,19.99,28.6,37.6
2024-12-22T12:00,-10.2,-14.5,86,6.8,15.8,0.0,1012.4,0.0,9.0,7.9,45.6,-36.6,19.99,36.6,19.7
2024-12-22T13:00,-8.3,-12.0,88,3.7,7.6,0.0,1013.0,0.0,0.2,7.6,45.3,-45.1,19.99,45.1,0.4
2024-12-22T14:00,-8.6,-12.4,89,4.3,8.6,0.0,1013.4,0.0,0.9,7.6,45.3,-44.4,19.99,44.4,2.0
2024-12-22T15:00,-10.4,-14.5,91,5.0,9.4,0.0,1013.8,0.0,2.2,7.8,45.5,-43.3,19.99,43.3,4.8
2024-12-22T16:00,-12.5,-17.0,89,6.9,12.6,0.0,1014.2,0.0,9.5,8.2,45.9,-36.4,19.99,36.4,20.7
2024-12-22T17:00,-14.6,-19.6,85,9.1,17.3,0.0,1014.7,0.0,25.5,8.5,46.2,-20.7,19.99,20.7,55.2
2024-12-22T18:00,-15.8,-20.9,84,9.9,18.7,0.0,1014.7,0.0,33.4,8.7,46.4,-13.0,19.99,13.0,72.0
2024-12-22T19:00,-16.1,-21.3,84,10.1,19.1,0.0,1015.0,0.0,35.6,8.8,46.5,-10.9,19.99,10.9,76.6
2024-12-22T20:00,-16.2,-21.4,83,10.1,20.2,0.0,1015.2,0.0,35.6,8.8,46.5,-10.9,19.99,10.9,76.6
2024-12-22T21:00,-16.3,-21.5,80,9.7,20.2,0.0,1015.7,0.0,31.3,8.8,46.5,-15.2,19.99,15.2,67.3
2024-12-22T22:00,-16.8,-21.9,83,9.6,19.4,0.0,1015.9,0.0,30.3,8.8,46.5,-16.2,19.99,16.2,65.2
2024-12-22T23:00,-17.2,-22.4,84,9.7,19.1,0.0,1016.2,0.0,31.3,8.9,46.6,-15.3,19.99,15.3,67.2
2024-12-23T00:00,-17.5,-22.7,85,9.6,19.1,0.0,1016.4,0.0,30.3,8.9,46.6,-16.3,19.99,16.3,65.0
2024-12-23T01:00,-16.6,-21.7,84,9.8,21.6,0.0,1016.9,0.0,32.4,8.8,46.5,-14.1,19.99,14.1,69.7
2024-12-23T02:00,-16.8,-22.0,84,9.9,20.2,0.0,1017.1,0.0,33.4,8.8,46.5,-13.1,19.99,13.1,71.8
2024-12-23T03:00,-17.1,-22.3,83,10.2,20.5,0.0,1017.3,0.0,36.7,8.9,46.6,-9.9,19.99,9.9,78.8
2024-12-23T04:00,-17.2,-22.5,83,10.2,21.2,0.0,1017.2,0.0,36.7,8.9,46.6,-9.9,19.99,9.9,78.8
2024-12-23T05:00,-17.2,-22.5,84,10.4,21.6,0.0,1017.2,0.0,39.0,8.9,46.6,-7.6,19.99,7.6,83.7
2024-12-23T06:00,-17.1,-22.5,93,11.1,23.4,0.0,1017.2,0.0,47.6,8.9,46.6,1.0,20.23,0.0,100.0
2024-12-23T07:00,-17.8,-23.3,83,11.6,24.8,0.0,1017.2,0.0,54.3,9.1,46.8,7.5,22.01,0.0,100.0
2024-12-23T08:00,-17.7,-23.1,84,11.6,25.6,0.0,1017.3,0.0,54.3,9.0,46.7,7.6,23.82,0.0,100.0
2024-12-23T09:00,-17.3,-22.7,84,11.3,26.3,0.0,1017.3,0.0,50.2,9.0,46.7,3.5,24.65,0.0,100.0
2024-12-23T10:00,-16.3,-21.6,84,10.5,26.6,0.0,1017.3,0.0,40.2,8.8,46.5,-6.3,23.0,0.0,86.5
2024-12-23T11:00,-14.9,-19.9,85,9.4,26.3,0.0,1017.4,0.0,28.3,8.6,46.3,-18.0,19.85,6.0,61.1
2024-12-23T12:00,-13.8,-18.7,87,8.8,25.6,0.0,1017.3,0.0,22.8,8.4,46.1,-23.3,19.85,23.3,49.5
2024-12-23T13:00,-13.3,-18.4,87,10.8,26.6,0.0,1017.5,0.0,43.8,8.5,46.2,-2.4,19.85,2.4,94.8
2024-12-23T14:00,-13.4,-18.7,86,11.5,27.7,0.0,1017.3,0.0,52.9,8.5,46.2,6.7,21.44,0.0,100.0
2024-12-23T15:00,-14.1,-19.5,86,12.1,29.5,0.0,1016.8,0.0,0.0,8.6,46.3,-46.3,19.93,40.5,0.0
2024-12-23T16:00,-14.9,-20.3,85,12.2,30.2,0.0,1016.4,0.0,0.0,8.7,46.4,-46.4,19.93,46.4,0.0
2024-12-23T17:00,-15.0,-20.4,85,11.9,30.6,0.0,1016.1,0.0,0.0,8.7,46.4,-46.4,19.93,46.4,0.0
2024-12-23T18:00,-14.7,-20.1,85,11.6,31.7,0.0,1015.5,0.0,0.0,8.7,46.4,-46.4,19.93,46.4,0.0
2024-12-23T19:00,-14.0,-19.2,86,11.2,33.1,0.0,1015.1,0.0,0.0,8.6,46.3,-46.3,19.93,46.3,0.0
2024-12-23T20:00,-13.1,-18.0,88,9.3,33.1,0.0,1015.0,0.0,0.0,8.4,46.1,-46.1,19.93,46.1,0.0
2024-12-23T21:00,-12.2,-16.6,89,6.4,31.7,0.0,1014.9,0.0,0.0,8.1,45.8,-45.8,19.93,45.8,0.0
2024-12-23T22:00,-12.1,-16.5,90,6.6,28.4,0.0,1014.6,0.0,0.0,8.1,45.8,-45.8,19.93,45.8,0.0
2024-12-23T23:00,-11.5,-16.0,90,7.0,31.0,0.0,1013.9,0.0,0.0,8.1,45.8,-45.8,19.93,45.8,0.0
2024-12-24T00:00,-11.1,-15.5,90,6.4,31.0,0.0,1013.3,0.0,0.0,8.0,45.7,-45.7,19.93,45.7,0.0
2024-12-24T01:00,-9.9,-14.7,88,9.5,35.6,0.0,1013.2,0.0,0.0,8.0,45.7,-45.7,19.93,45.7,0.0
2024-12-24T02:00,-9.1,-14.1,89,11.8,43.6,0.0,1012.1,0.0,0.0,8.0,45.7,-45.7,19.93,45.7,0.0
2024-12-24T03:00,-8.1,-13.2,89,13.4,48.6,0.0,1011.2,0.0,0.0,7.9,45.6,-45.6,19.93,45.6,0.0
2024-12-24T04:00,-7.5,-12.7,89,14.6,52.9,0.0,1010.5,0.0,0.0,7.9,45.6,-45.6,19.93,45.6,0.0
2024-12-24T05:00,-7.0,-12.3,89,15.0,54.7,0.0,1009.7,0.0,0.0,7.8,45.5,-45.5,19.93,45.5,0.0
2024-12-24T06:00,-6.6,-12.1,89,16.2,57.6,0.0,1008.9,0.0,0.0,7.8,45.5,-45.5,19.93,45.5,0.0
2024-12-24T07:00,-6.5,-12.2,90,18.3,61.9,0.0,1008.2,0.0,0.0,7.9,45.6,-45.6,19.93,45.6,0.0
2024-12-24T08:00,-6.2,-12.0,89,18.8,64.4,0.0,1007.8,0.0,0.0,7.9,45.6,-45.6,19.93,45.6,0.0
2024-12-24T09:00,-5.9,-11.7,90,19.2,65.5,0.0,1007.4,0.0,0.0,7.9,45.6,-45.6,19.93,45.6,0.0
2024-12-24T10:00,-5.6,-11.4,89,18.9,65.9,0.0,1006.7,0.0,0.0,7.8,45.5,-45.5,19.93,45.5,0.0
2024-12-24T11:00,-5.4,-11.1,88,18.8,64.8,0.0,1006.3,0.0,0.0,7.8,45.5,-45.5,19.93,45.5,0.0
2024-12-24T12:00,-5.3,-11.3,89,21.2,68.0,0.0,1005.4,0.0,0.0,7.9,45.6,-45.6,19.93,45.6,0.0
2024-12-24T13:00,-6.0,-12.0,89,21.0,69.8,0.0,1005.1,0.0,0.0,7.9,45.6,-45.6,19.93,45.6,0.0
2024-12-24T14:00,-6.1,-12.5,88,23.0,76.3,0.0,1004.2,0.0,0.0,8.0,45.7,-45.7,19.93,45.7,0.0
2024-12-24T15:00,-6.2,-12.7,88,23.6,79.9,0.0,1003.5,0.0,0.0,8.1,45.8,-45.8,19.93,45.8,0.0
2024-12-24T16:00,-6.0,-12.6,86,24.5,82.1,0.0,1002.9,0.0,0.0,8.1,45.8,-45.8,19.93,45.8,0.0
2024-12-24T17:00,-5.7,-12.2,84,23.7,78.8,0.0,1002.4,0.0,0.0,8.0,45.7,-45.7,19.93,45.7,0.0
2024-12-24T18:00,-5.5,-12.1,84,24.8,77.0,0.0,1001.4,0.0,0.0,8.0,45.7,-45.7,19.93,45.7,0.0
2024-12-24T19:00,-5.3,-11.9,85,24.6,77.8,0.0,1000.1,0.0,0.0,8.0,45.7,-45.7,19.93,45.7,0.0
2024-12-24T20:00,-4.9,-11.4,86,24.1,78.1,0.0,999.6,0.0,0.0,7.9,45.6,-45.6,19.93,45.6,0.0
2024-12-24T21:00,-4.4,-10.7,85,23.6,77.0,0.0,999.1,0.0,0.0,7.8,45.5,-45.5,19.93,45.5,0.0
2024-12-24T22:00,-4.0,-10.3,84,23.4,75.2,0.0,998.1,0.0,0.0,7.7,45.4,-45.4,19.93,45.4,0.0
2024-12-24T23:00,-3.7,-9.8,84,22.2,74.9,0.0,996.9,0.0,0.0,7.7,45.4,-45.4,19.93,45.4,0.0
2024-12-25T00:00,-3.4,-9.5,85,22.3,74.2,0.0,995.6,0.0,0.0,7.6,45.3,-45.3,19.93,45.3,0.0
2024-12-25T01:00,-2.9,-9.3,85,24.7,78.5,0.0,994.5,0.0,0.0,7.6,45.3,-45.3,19.93,45.3,0.0
2024-12-25T02:00,-2.8,-9.3,83,25.9,82.4,0.0,993.3,0.0,0.0,7.7,45.4,-45.4,19.93,45.4,0.0
2024-12-25T03:00,-2.6,-9.3,84,26.9,84.6,0.0,992.0,0.0,0.0,7.7,45.4,-45.4,19.93,45.4,0.0
2024-12-25T04:00,-2.2,-8.7,85,25.8,86.4,0.0,990.8,0.0,0.0,7.6,45.3,-45.3,19.93,45.3,0.0
2024-12-25T05:00,-2.0,-8.2,87,24.0,83.2,0.0,989.9,0.0,0.0,7.5,45.2,-45.2,19.93,45.2,0.0
2024-12-25T06:00,-2.0,-8.0,87,23.4,78.8,0.0,989.0,0.0,0.0,7.5,45.2,-45.2,19.93,45.2,0.0
2024-12-25T07:00,-1.6,-7.8,84,24.4,78.1,0.0,988.0,0.0,0.0,7.4,45.1,-45.1,19.93,45.1,0.0
2024-12-25T08:00,-1.2,-7.2,81,22.6,78.1,0.0,987.5,0.0,0.0,7.3,45.0,-45.0,19.93,45.0,0.0
2024-12-25T09:00,-1.1,-7.2,81,23.4,74.9,0.0,986.9,0.0,0.0,7.3,45.0,-45.0,19.93,45.0,0.0
2024-12-25T10:00,-1.0,-7.1,81,23.4,75.2,0.0,986.4,0.0,0.0,7.3,45.0,-45.0,19.93,45.0,0.0
2024-12-25T11:00,-0.9,-6.8,81,22.3,75.2,0.0,986.0,0.0,0.0,7.3,45.0,-45.0,19.93,45.0,0.0
2024-12-25T12:00,-1.1,-6.9,81,21.7,72.7,0.0,985.6,0.0,0.0,7.3,45.0,-45.0,19.93,45.0,0.0
2024-12-25T13:00,-1.4,-7.3,81,22.6,72.4,0.0,985.4,0.0,0.0,7.4,45.1,-45.1,19.93,45.1,0.0
2024-12-25T14:00,-1.5,-7.2,81,20.9,71.6,0.0,985.0,0.0,0.0,7.3,45.0,-45.0,19.93,45.0,0.0
2024-12-25T15:00,-1.6,-7.4,82,20.9,68.0,0.0,984.5,0.0,0.0,7.3,45.0,-45.0,19.93,45.0,0.0
2024-12-25T16:00,-1.6,-7.3,82,20.2,67.3,0.0,984.1,0.0,0.0,7.3,45.0,-45.0,19.93,45.0,0.0
2024-12-25T17:00,-1.8,-7.2,82,18.7,64.8,0.0,983.6,0.0,0.0,7.3,45.0,-45.0,19.93,45.0,0.0
2024-12-25T18:00,-1.9,-7.1,83,17.1,60.5,0.0,982.9,0.0,0.0,7.3,45.0,-45.0,19.93,45.0,0.0
2024-12-25T19:00,-1.5,-6.4,84,15.7,56.5,0.0,982.4,0.0,0.0,7.2,44.9,-44.9,19.93,44.9,0.0
2024-12-25T20:00,-1.3,-6.0,85,14.2,52.9,0.0,982.1,0.0,0.0,7.1,44.8,-44.8,19.93,44.8,0.0
2024-12-25T21:00,-1.2,-5.5,85,12.4,49.0,0.0,981.9,0.0,0.0,7.0,44.7,-44.7,19.93,44.7,0.0
2024-12-25T22:00,-1.0,-5.5,85,13.2,47.9,0.0,981.7,0.0,0.0,7.0,44.7,-44.7,19.93,44.7,0.0
2024-12-25T23:00,-0.9,-5.9,84,16.4,53.6,0.0,981.6,0.0,0.0,7.1,44.8,-44.8,19.93,44.8,0.0
2024-12-26T00:00,-0.9,-6.2,83,18.6,58.7,0.0,981.3,0.0,0.0,7.2,44.9,-44.9,19.93,44.9,0.0
2024-12-26T01:00,-1.1,-6.3,83,18.0,56.5,0.0,981.4,0.0,0.0,7.2,44.9,-44.9,19.93,44.9,0.0
2024-12-26T02:00,-1.3,-6.7,82,18.8,60.8,0.0,981.1,0.0,0.0,7.2,44.9,-44.9,19.93,44.9,0.0
2024-12-26T03:00,-1.4,-7.0,82,19.8,63.7,0.0,980.8,0.0,0.0,7.3,45.0,-45.0,19.93,45.0,0.0
2024-12-26T04:00,-1.5,-6.9,84,19.4,62.3,0.0,981.0,0.0,0.0,7.3,45.0,-45.0,19.93,45.0,0.0
2024-12-26T05:00,-1.7,-6.7,87,16.0,60.1,0.0,981.2,0.0,0.0,7.2,44.9,-44.9,19.93,44.9,0.0
2024-12-26T06:00,-1.9,-6.5,86,13.0,52.2,0.0,981.2,0.0,0.0,7.1,44.8,-44.8,19.93,44.8,0.0
2024-12-26T07:00,-2.4,-7.3,86,15.5,49.3,0.0,981.1,0.0,0.0,7.3,45.0,-45.0,19.93,45.0,0.0
2024-12-26T08:00,-2.7,-7.7,86,15.8,52.6,0.0,980.6,0.0,0.0,7.3,45.0,-45.0,19.93,45.0,0.0
2024-12-26T09:00,-3.0,-7.5,87,12.5,51.1,0.0,980.6,0.0,0.0,7.3,45.0,-45.0,19.93,45.0,0.0
2024-12-26T10:00,-3.2,-7.5,90,11.3,43.6,0.0,980.7,0.0,0.0,7.2,44.9,-44.9,19.93,44.9,0.0
2024-12-26T11:00,-2.9,-7.0,92,9.9,39.6,0.0,980.7,0.0,0.0,7.2,44.9,-44.9,19.93,44.9,0.0
2024-12-26T12:00,-2.8,-6.9,91,9.5,37.1,0.0,980.3,0.0,0.0,7.1,44.8,-44.8,19.93,44.8,0.0
2024-12-26T13:00,-2.8,-6.3,90,6.0,35.3,0.0,980.7,0.0,0.0,7.0,44.7,-44.7,19.93,44.7,0.0
2024-12-26T14:00,-3.0,-6.6,91,6.1,24.1,0.0,980.7,0.0,5.8,7.0,44.7,-38.9,19.93,38.9,13.0
2024-12-26T15:00,-2.8,-6.3,92,5.9,23.8,0.0,980.7,0.0,5.0,7.0,44.7,-39.7,19.93,39.7,11.2
2024-12-26T16:00,-3.5,-7.0,93,5.9,23.8,0.0,980.8,0.0,5.0,7.1,44.8,-39.8,19.93,39.8,11.2
2024-12-26T17:00,-3.3,-7.2,91,8.1,26.6,0.0,980.7,0.0,17.2,7.1,44.8,-27.6,19.93,27.6,38.4
2024-12-26T18:00,-3.5,-7.5,92,8.7,29.2,0.0,981.0,0.0,0.0,7.2,44.9,-44.9,19.93,44.9,0.0
2024-12-26T19:00,-3.5,-7.2,91,6.6,29.2,0.0,981.0,0.0,0.0,7.1,44.8,-44.8,19.93,44.8,0.0
2024-12-26T20:00,-3.7,-7.2,89,5.3,24.5,0.0,980.9,0.0,3.0,7.1,44.8,-41.8,19.93,41.8,6.7
2024-12-26T21:00,-4.4,-7.8,90,4.1,19.4,0.0,980.9,0.0,0.6,7.1,44.8,-44.2,19.93,44.2,1.3
2024-12-26T22:00,-4.9,-8.3,91,3.9,15.8,0.0,981.4,0.0,0.4,7.2,44.9,-44.5,19.93,44.5,0.9
2024-12-26T23:00,-4.4,-7.8,91,3.7,14.8,0.0,981.5,0.0,0.2,7.1,44.8,-44.6,19.93,44.6,0.4
2024-12-27T00:00,-4.4,-7.9,91,4.7,16.9,0.0,981.3,0.0,1.5,7.2,44.9,-43.4,19.93,43.4,3.3
2024-12-27T01:00,-5.2,-8.6,91,3.6,17.3,0.0,982.0,0.0,0.2,7.2,44.9,-44.7,19.93,44.7,0.4
2024-12-27T02:00,-4.8,-8.2,90,3.1,17.6,0.0,982.3,0.0,0.0,7.1,44.8,-44.8,19.93,44.8,0.0
2024-12-27T03:00,-5.1,-8.5,91,3.4,18.0,0.0,982.6,0.0,0.1,7.2,44.9,-44.8,19.93,44.8,0.2
2024-12-27T04:00,-5.5,-8.9,92,3.3,19.1,0.0,983.3,0.0,0.0,7.2,44.9,-44.9,19.93,44.9,0.0
2024-12-27T05:00,-5.0,-8.4,90,3.7,18.7,0.0,984.1,0.0,0.2,7.2,44.9,-44.7,19.93,44.7,0.4
2024-12-27T06:00,-5.0,-8.7,89,5.3,19.8,0.0,984.9,0.0,3.0,7.2,44.9,-41.9,19.93,41.9,6.7
2024-12-27T07:00,-5.1,-8.8,87,5.1,19.8,0.0,985.7,0.0,2.4,7.2,44.9,-42.5,19.93,42.5,5.3
2024-12-27T08:00,-5.1,-8.6,87,4.0,19.1,0.0,986.7,0.0,0.5,7.2,44.9,-44.4,19.93,44.4,1.1
2024-12-27T09:00,-5.3,-8.7,89,3.1,15.5,0.0,987.6,0.0,0.0,7.2,44.9,-44.9,19.93,44.9,0.0
2024-12-27T10:00,-7.4,-11.0,94,3.2,12.2,0.0,988.3,0.0,0.0,7.4,45.1,-45.1,19.93,45.1,0.0
2024-12-27T11:00,-8.8,-12.9,95,6.3,12.2,0.0,989.1,0.0,6.6,7.7,45.4,-38.8,19.93,38.8,14.5
2024-12-27T12:00,-11.1,-15.8,90,8.7,13.7,0.0,989.7,0.0,22.0,8.1,45.8,-23.8,19.93,23.8,48.0
2024-12-27T13:00,-7.2,-11.2,90,6.2,13.7,0.0,990.2,0.0,6.2,7.5,45.2,-39.0,19.93,39.0,13.7
2024-12-27T14:00,-7.4,-11.4,88,5.7,11.9,0.0,991.0,0.0,4.2,7.5,45.2,-41.0,19.93,41.0,9.3
2024-12-27T15:00,-8.2,-12.4,89,6.9,11.5,0.0,991.5,0.0,9.5,7.7,45.4,-35.9,19.93,35.9,20.9
2024-12-27T16:00,-6.8,-10.9,87,6.3,13.3,0.0,992.0,0.0,6.6,7.5,45.2,-38.6,19.93,38.6,14.6
2024-12-27T17:00,-5.7,-9.2,87,2.9,13.3,0.0,992.7,0.0,0.0,7.2,44.9,-44.9,19.93,44.9,0.0
2024-12-27T18:00,-5.1,-8.2,91,1.5,11.2,0.0,993.3,0.0,0.0,7.1,44.8,-44.8,19.93,44.8,0.0
2024-12-27T19:00,-5.8,-9.2,96,3.1,13.0,0.0,993.9,0.0,0.0,7.3,45.0,-45.0,19.93,45.0,0.0
2024-12-27T20:00,-6.6,-9.9,96,1.7,13.3,0.0,994.6,0.0,0.0,7.3,45.0,-45.0,19.93,45.0,0.0
2024-12-27T21:00,-7.7,-11.5,94,4.5,14.0,0.0,995.1,0.0,1.2,7.5,45.2,-44.0,19.93,44.0,2.7
2024-12-27T22:00,-9.5,-13.7,92,6.8,15.5,0.0,995.5,0.0,9.0,7.8,45.5,-36.5,19.93,36.5,19.8
2024-12-27T23:00,-10.1,-14.3,92,6.1,15.8,0.0,995.7,0.0,5.8,7.9,45.6,-39.8,19.93,39.8,12.7
2024-12-28T00:00,-10.4,-14.5,91,5.2,14.8,0.0,995.9,0.0,2.7,7.9,45.6,-42.9,19.93,42.9,5.9
2024-12-28T01:00,-9.8,-13.8,89,4.8,15.5,0.0,996.0,0.0,1.7,7.8,45.5,-43.8,19.93,43.8,3.7
2024-12-28T02:00,-10.8,-14.8,89,4.6,11.9,0.0,996.2,0.0,1.3,7.9,45.6,-44.3,19.93,44.3,2.9
2024-12-28T03:00,-11.2,-15.5,88,6.0,12.2,0.0,996.4,0.0,5.4,8.0,45.7,-40.3,19.93,40.3,11.8
2024-12-28T04:00,-10.3,-14.5,87,5.8,13.3,0.0,996.7,0.0,4.6,7.9,45.6,-41.0,19.93,41.0,10.1
2024-12-28T05:00,-9.4,-13.5,86,5.4,13.3,0.0,997.2,0.0,3.3,7.8,45.5,-42.2,19.93,42.2,7.3
2024-12-28T06:00,-8.9,-12.9,86,4.7,13.3,0.0,997.4,0.0,1.5,7.7,45.4,-43.9,19.93,43.9,3.3
2024-12-28T07:00,-8.8,-12.6,86,3.9,12.2,0.0,997.3,0.0,0.4,7.6,45.3,-44.9,19.93,44.9,0.9
2024-12-28T08:00,-8.9,-12.8,86,3.8,10.8,0.0,997.6,0.0,0.3,7.6,45.3,-45.0,19.93,45.0,0.7
2024-12-28T09:00,-9.8,-13.7,86,3.4,10.4,0.0,997.6,0.0,0.1,7.7,45.4,-45.3,19.93,45.3,0.2
2024-12-28T10:00,-10.5,-14.6,86,4.5,11.9,0.0,997.7,0.0,1.2,7.8,45.5,-44.3,19.93,44.3,2.6
2024-12-28T11:00,-12.0,-16.3,86,5.5,14.0,0.0,997.5,0.0,3.6,8.1,45.8,-42.2,19.93,42.2,7.9
2024-12-28T12:00,-12.9,-17.3,87,5.9,15.1,0.0,997.1,0.0,5.0,8.2,45.9,-40.9,19.93,40.9,10.9
2024-12-28T13:00,-10.6,-15.1,82,6.9,20.5,0.0,997.2,0.0,9.5,8.0,45.7,-36.2,19.93,36.2,20.8
2024-12-28T14:00,-10.4,-15.1,82,8.3,24.1,0.0,996.9,0.0,18.7,8.0,45.7,-27.0,19.93,27.0,40.9
2024-12-28T15:00,-10.4,-15.2,81,9.4,26.3,0.0,996.5,0.0,28.3,8.0,45.7,-17.4,19.93,17.4,61.9
2024-12-28T16:00,-11.3,-16.0,82,8.3,25.9,0.0,996.2,0.0,18.7,8.1,45.8,-27.1,19.93,27.1,40.8
2024-12-28T17:00,-12.5,-17.1,83,6.7,23.8,0.0,996.5,0.0,8.5,8.2,45.9,-37.4,19.93,37.4,18.5
2024-12-28T18:00,-11.8,-16.5,82,8.0,24.1,0.0,996.3,0.0,16.5,8.1,45.8,-29.3,19.93,29.3,36.0
2024-12-28T19:00,-12.4,-17.4,81,10.0,27.7,0.0,996.1,0.0,34.5,8.3,46.0,-11.5,19.93,11.5,75.0
2024-12-28T20:00,-13.3,-18.3,80,9.0,26.6,0.0,996.0,0.0,24.6,8.4,46.1,-21.5,19.93,21.5,53.4
2024-12-28T21:00,-15.7,-20.4,80,7.1,24.8,0.0,995.6,0.0,10.6,8.6,46.3,-35.7,19.93,35.7,22.9
2024-12-28T22:00,-17.1,-21.9,83,6.9,22.0,0.0,995.5,0.0,9.5,8.7,46.4,-36.9,19.93,36.9,20.5
2024-12-28T23:00,-18.0,-22.8,83,6.7,22.0,0.0,994.9,0.0,8.5,8.8,46.5,-38.0,19.93,38.0,18.3
2024-12-29T00:00,-18.9,-23.6,83,6.1,21.6,0.0,994.4,0.0,5.8,8.9,46.6,-40.8,19.93,40.8,12.4
2024-12-29T01:00,-18.5,-23.4,79,7.3,25.6,0.0,993.0,0.0,11.8,8.9,46.6,-34.8,19.93,34.8,25.3
2024-12-29T02:00,-18.8,-23.8,74,8.2,27.7,0.0,992.3,0.0,17.9,9.0,46.7,-28.8,19.93,28.8,38.3
2024-12-29T03:00,-18.6,-23.7,70,8.5,28.8,0.0,992.1,0.0,0.0,9.0,46.7,-46.7,19.93,46.7,0.0
2024-12-29T04:00,-18.9,-24.1,66,8.7,29.5,0.0,992.3,0.0,0.0,9.0,46.7,-46.7,19.93,46.7,0.0
2024-12-29T05:00,-18.4,-23.6,64,9.0,31.3,0.0,992.4,0.0,0.0,9.0,46.7,-46.7,19.93,46.7,0.0
2024-12-29T06:00,-18.4,-23.7,65,9.7,33.1,0.0,992.4,0.0,0.0,9.0,46.7,-46.7,19.93,46.7,0.0
2024-12-29T07:00,-18.5,-23.8,67,9.4,33.1,0.0,992.6,0.0,0.0,9.0,46.7,-46.7,19.93,46.7,0.0
2024-12-29T08:00,-18.1,-23.4,68,9.3,31.3,0.0,992.9,0.0,0.0,9.0,46.7,-46.7,19.93,46.7,0.0
2024-12-29T09:00,-18.1,-23.4,70,10.2,32.0,0.0,992.9,0.0,0.0,9.0,46.7,-46.7,19.93,46.7,0.0
2024-12-29T10:00,-18.1,-23.4,70,9.7,32.0,0.0,992.9,0.0,0.0,9.0,46.7,-46.7,19.93,46.7,0.0
2024-12-29T11:00,-18.6,-23.8,70,9.0,29.9,0.0,992.8,0.0,0.0,9.0,46.7,-46.7,19.93,46.7,0.0
2024-12-29T12:00,-19.3,-24.5,72,8.8,28.8,0.0,992.5,0.0,0.0,9.1,46.8,-46.8,19.93,46.8,0.0
2024-12-29T13:00,-19.1,-24.3,72,8.6,30.2,0.0,992.3,0.0,0.0,9.0,46.7,-46.7,19.93,46.7,0.0
2024-12-29T14:00,-19.5,-24.6,72,8.2,27.4,0.0,992.4,0.0,17.9,9.1,46.8,-28.9,19.93,28.9,38.2
2024-12-29T15:00,-20.0,-24.9,74,6.9,25.9,0.0,992.4,0.0,9.5,9.1,46.8,-37.3,19.93,37.3,20.3
2024-12-29T16:00,-20.2,-25.1,72,6.9,23.8,0.0,992.5,0.0,9.5,9.1,46.8,-37.3,19.93,37.3,20.3
2024-12-29T17:00,-20.6,-25.5,72,7.0,24.1,0.0,992.5,0.0,10.1,9.1,46.8,-36.7,19.93,36.7,21.6
2024-12-29T18:00,-20.9,-25.8,73,7.0,24.5,0.0,992.5,0.0,10.1,9.2,46.9,-36.8,19.93,36.8,21.5
2024-12-29T19:00,-21.2,-26.1,74,6.6,24.5,0.0,992.7,0.0,8.0,9.2,46.9,-38.9,19.93,38.9,17.1
2024-12-29T20:00,-21.7,-26.6,76,6.8,23.4,0.0,993.1,0.0,9.0,9.2,46.9,-37.9,19.93,37.9,19.2
2024-12-29T21:00,-21.8,-26.8,76,6.8,22.7,0.0,993.3,0.0,9.0,9.3,47.0,-38.0,19.93,38.0,19.1
2024-12-29T22:00,-21.6,-26.5,75,6.1,22.3,0.0,993.6,0.0,5.8,9.2,46.9,-41.1,19.93,41.1,12.4
2024-12-29T23:00,-21.6,-26.5,75,6.1,20.9,0.0,993.8,0.0,5.8,9.2,46.9,-41.1,19.93,41.1,12.4
2024-12-30T00:00,-21.6,-26.4,76,6.4,21.2,0.0,993.6,0.0,7.0,9.2,46.9,-39.9,19.93,39.9,14.9
2024-12-30T01:00,-21.8,-26.8,78,7.1,21.6,0.0,993.4,0.0,10.6,9.3,47.0,-36.4,19.93,36.4,22.6
2024-12-30T02:00,-21.6,-26.5,78,6.3,21.2,0.0,993.2,0.0,6.6,9.2,46.9,-40.3,19.93,40.3,14.1
2024-12-30T03:00,-21.6,-26.5,80,6.2,20.9,0.0,993.1,0.0,6.2,9.2,46.9,-40.7,19.93,40.7,13.2
2024-12-30T04:00,-22.0,-26.8,82,5.8,20.9,0.0,993.1,0.0,4.6,9.2,46.9,-42.3,19.93,42.3,9.8
2024-12-30T05:00,-22.2,-27.1,81,6.4,19.1,0.0,993.5,0.0,7.0,9.3,47.0,-40.0,19.93,40.0,14.9
2024-12-30T06:00,-22.2,-27.1,78,6.7,18.4,0.0,993.7,0.0,8.5,9.3,47.0,-38.5,19.93,38.5,18.1
2024-12-30T07:00,-21.9,-26.8,75,7.0,19.4,0.0,994.0,0.0,10.1,9.3,47.0,-36.9,19.93,36.9,21.5
2024-12-30T08:00,-21.7,-26.7,74,7.2,20.9,0.0,994.3,0.0,11.2,9.3,47.0,-35.8,19.93,35.8,23.8
2024-12-30T09:00,-21.7,-26.8,74,7.4,21.6,0.0,994.5,0.0,12.4,9.3,47.0,-34.6,19.93,34.6,26.4
2024-12-30T10:00,-21.6,-26.6,74,6.8,22.0,0.0,994.7,0.0,9.0,9.2,46.9,-37.9,19.93,37.9,19.2
2024-12-30T11:00,-21.7,-26.7,74,7.0,20.9,0.0,994.9,0.0,10.1,9.3,47.0,-36.9,19.93,36.9,21.5
2024-12-30T12:00,-21.8,-26.8,75,7.0,20.5,0.0,995.1,0.0,10.1,9.3,47.0,-36.9,19.93,36.9,21.5
2024-12-30T13:00,-21.9,-27.0,76,7.9,23.8,0.0,995.2,0.0,15.7,9.3,47.0,-31.3,19.93,31.3,33.4
2024-12-30T14:00,-21.6,-26.6,75,7.5,23.8,0.0,995.2,0.0,13.1,9.3,47.0,-33.9,19.93,33.9,27.9
2024-12-30T15:00,-21.7,-26.7,76,7.6,22.7,0.0,995.5,0.0,13.7,9.3,47.0,-33.3,19.93,33.3,29.1
2024-12-30T16:00,-21.5,-26.5,75,7.0,21.6,0.0,995.8,0.0,10.1,9.2,46.9,-36.8,19.93,36.8,21.5
2024-12-30T17:00,-21.7,-26.7,75,7.4,19.8,0.0,996.1,0.0,12.4,9.3,47.0,-34.6,19.93,34.6,26.4
2024-12-30T18:00,-21.7,-26.7,74,7.1,19.1,0.0,996.2,0.0,10.6,9.3,47.0,-36.4,19.93,36.4,22.6
2024-12-30T19:00,-21.5,-26.5,73,7.2,17.3,0.0,996.7,0.0,11.2,9.2,46.9,-35.7,19.93,35.7,23.9
2024-12-30T20:00,-21.5,-26.5,73,7.4,17.3,0.0,997.3,0.0,12.4,9.3,47.0,-34.6,19.93,34.6,26.4
2024-12-30T21:00,-21.5,-26.5,74,7.4,17.3,0.0,997.7,0.0,12.4,9.3,47.0,-34.6,19.93,34.6,26.4
2024-12-30T22:00,-21.6,-26.7,75,7.5,16.9,0.0,997.8,0.0,13.1,9.3,47.0,-33.9,19.93,33.9,27.9
2024-12-30T23:00,-21.8,-26.8,76,7.4,16.9,0.0,997.8,0.0,12.4,9.3,47.0,-34.6,19.93,34.6,26.4
2024-12-31T00:00,-21.7,-26.8,77,7.6,16.2,0.0,998.0,0.0,13.7,9.3,47.0,-33.3,19.93,33.3,29.1
2024-12-31T01:00,-20.6,-25.6,72,6.9,14.8,0.0,998.1,0.0,9.5,9.1,46.8,-37.3,19.93,37.3,20.3
2024-12-31T02:00,-21.0,-26.0,74,6.9,14.8,0.0,998.4,0.0,9.5,9.2,46.9,-37.4,19.93,37.4,20.3
2024-12-31T03:00,-20.9,-25.8,74,6.7,14.8,0.0,998.4,0.0,8.5,9.1,46.8,-38.3,19.93,38.3,18.2
2024-12-31T04:00,-20.9,-25.8,74,6.6,14.4,0.0,998.8,0.0,8.0,9.1,46.8,-38.8,19.93,38.8,17.1
2024-12-31T05:00,-21.0,-26.0,75,7.2,15.8,0.0,999.1,0.0,11.2,9.2,46.9,-35.7,19.93,35.7,23.9
2024-12-31T06:00,-21.2,-26.2,75,7.7,17.6,0.0,999.4,0.0,14.4,9.2,46.9,-32.5,19.93,32.5,30.7
2024-12-31T07:00,-21.4,-26.4,75,7.7,18.4,0.0,999.6,0.0,14.4,9.3,47.0,-32.6,19.93,32.6,30.6
2024-12-31T08:00,-21.1,-26.2,73,7.4,19.8,0.0,1000.0,0.0,12.4,9.2,46.9,-34.5,19.93,34.5,26.4
2024-12-31T09:00,-20.9,-25.9,73,7.2,20.9,0.0,999.9,0.0,11.2,9.2,46.9,-35.7,19.93,35.7,23.9
2024-12-31T10:00,-20.6,-25.5,74,6.5,20.9,0.0,1000.2,0.0,7.5,9.1,46.8,-39.3,19.93,39.3,16.0
2024-12-31T11:00,-20.5,-25.3,75,6.5,20.2,0.0,1000.4,0.0,7.5,9.1,46.8,-39.3,19.93,39.3,16.0
2024-12-31T12:00,-20.3,-25.2,75,6.5,19.1,0.0,1000.4,0.0,7.5,9.1,46.8,-39.3,19.93,39.3,16.0
2024-12-31T13:00,-20.7,-25.6,76,6.6,16.9,0.0,1000.5,0.0,8.0,9.1,46.8,-38.8,19.93,38.8,17.1
2024-12-31T14:00,-20.6,-25.5,75,6.4,15.8,0.0,1000.6,0.0,7.0,9.1,46.8,-39.8,19.93,39.8,15.0
2024-12-31T15:00,-20.7,-25.6,76,6.5,15.8,0.0,1000.5,0.0,7.5,9.1,46.8,-39.3,19.93,39.3,16.0
2024-12-31T16:00,-20.7,-25.6,76,6.4,15.8,0.0,1000.4,0.0,7.0,9.1,46.8,-39.8,19.93,39.8,15.0
2024-12-31T17:00,-20.8,-25.7,77,6.6,15.8,0.0,1000.2,0.0,8.0,9.1,46.8,-38.8,19.93,38.8,17.1
2024-12-31T18:00,-20.9,-25.9,77,7.4,17.3,0.0,1000.1,0.0,12.4,9.2,46.9,-34.5,19.93,34.5,26.4
2024-12-31T19:00,-20.9,-25.9,77,7.3,17.3,0.0,999.8,0.0,11.8,9.2,46.9,-35.1,19.93,35.1,25.2
2024-12-31T20:00,-20.6,-25.6,76,6.9,16.6,0.0,999.8,0.0,9.5,9.1,46.8,-37.3,19.93,37.3,20.3
2024-12-31T21:00,-20.5,-25.5,75,7.6,16.9,0.0,999.3,0.0,13.7,9.1,46.8,-33.1,19.93,33.1,29.3
2024-12-31T22:00,-20.2,-25.1,74,6.3,16.6,0.0,999.0,0.0,6.6,9.0,46.7,-40.1,19.93,40.1,14.1
2024-12-31T23:00,-19.8,-24.5,72,5.3,13.7,0.0,998.8,0.0,3.0,8.9,46.6,-43.6,19.93,43.6,6.4
